anchor_idx,positive_idx,anchor,positive,anchor_smiles,positive_smiles,type,morgan_similarity,maccs_similarity,same_scaffold,scaffold,scaffold_size,scaffold_specificity,relation_score,rank_within_type,contrastive_weight,pair_min,pair_max
2981,2964,M02981,M02964,CCCCCCCCCCCCCC(=O)OC12CC(C)C3(O)C(C4OC4(CO)C(O)C4(O)C(=O)C(C)=CC43)C1C2(C)C,CCCCCCCCCCCC(=O)OC12CC(C)C3(O)C(C4OC4(CO)C(O)C4(O)C(=O)C(C)=CC43)C1C2(C)C,strong,1.0,1.0,1,O=C1C=CC2C1CC1OC1C1C3CC3CCC21,3,0.9088491513636503,0.9863273727045475,1,0.9863273727045475,2964,2981
3037,2981,M03037,M02981,CCCCCCCCCCCCCCCC(=O)OC12CC(C)C3(O)C(C4OC4(CO)C(O)C4(O)C(=O)C(C)=CC43)C1C2(C)C,CCCCCCCCCCCCCC(=O)OC12CC(C)C3(O)C(C4OC4(CO)C(O)C4(O)C(=O)C(C)=CC43)C1C2(C)C,strong,1.0,1.0,1,O=C1C=CC2C1CC1OC1C1C3CC3CCC21,3,0.9088491513636503,0.9863273727045475,2,0.9863273727045475,2981,3037
3037,2964,M03037,M02964,CCCCCCCCCCCCCCCC(=O)OC12CC(C)C3(O)C(C4OC4(CO)C(O)C4(O)C(=O)C(C)=CC43)C1C2(C)C,CCCCCCCCCCCC(=O)OC12CC(C)C3(O)C(C4OC4(CO)C(O)C4(O)C(=O)C(C)=CC43)C1C2(C)C,strong,1.0,1.0,1,O=C1C=CC2C1CC1OC1C1C3CC3CCC21,3,0.9088491513636503,0.9863273727045475,1,0.9863273727045475,2964,3037
1558,2146,M01558,M02146,CC(C)=CCCC(C)=CCCC(C)=CCCC(C)=CCCC(C)=CCCC(C)=CCCC(C)=CCC1=C(C)C(=O)c2ccccc2C1=O,CC(C)=CCCC(C)=CCCC(C)=CCCC(C)=CCCC(C)=CCCC(C)=CCC1=C(C)C(=O)c2ccccc2C1=O,strong,1.0,1.0,1,O=C1C=CC(=O)c2ccccc21,4,0.8795051323147839,0.9819257698472176,1,0.9819257698472176,1558,2146
1762,1809,M01762,M01809,CCCCCCCCCCCCCC=CC(O)C(COC1OC(CO)C(OC2OC(CO)C(O)C(O)C2O)C(O)C1O)NC(=O)CCCCCCCCCCCCCCC,CCCCCCCCCCCCCC=CC(O)C(COC1OC(CO)C(OC2OC(CO)C(O)C(O)C2O)C(O)C1O)NC(=O)CCCCCCCCCCCCCCCCCCCCC,strong,1.0,1.0,1,C1CCC(OC2CCCOC2)OC1,5,0.8555293230024756,0.9783293984503714,1,0.9783293984503714,1762,1809
1762,1810,M01762,M01810,CCCCCCCCCCCCCC=CC(O)C(COC1OC(CO)C(OC2OC(CO)C(O)C(O)C2O)C(O)C1O)NC(=O)CCCCCCCCCCCCCCC,CCCCCCCCCCCCCC=CC(O)C(COC1OC(CO)C(OC2OC(CO)C(O)C(O)C2O)C(O)C1O)NC(=O)CCCCCCCCCCCCCCCCCCCCCCC,strong,1.0,1.0,1,C1CCC(OC2CCCOC2)OC1,5,0.8555293230024756,0.9783293984503714,2,0.9783293984503714,1762,1810
1810,1809,M01810,M01809,CCCCCCCCCCCCCC=CC(O)C(COC1OC(CO)C(OC2OC(CO)C(O)C(O)C2O)C(O)C1O)NC(=O)CCCCCCCCCCCCCCCCCCCCCCC,CCCCCCCCCCCCCC=CC(O)C(COC1OC(CO)C(OC2OC(CO)C(O)C(O)C2O)C(O)C1O)NC(=O)CCCCCCCCCCCCCCCCCCCCC,strong,1.0,1.0,1,C1CCC(OC2CCCOC2)OC1,5,0.8555293230024756,0.9783293984503714,2,0.9783293984503714,1809,1810
1412,1888,M01412,M01888,NC(=O)c1ccc[n+](C2OC(COP(=O)(O)OP(=O)([O-])OCC3OC(n4cnc5c(N)ncnc54)C(O)C3O)C(O)C2O)c1,NC(=O)c1ccc[n+](C2OC(COP(=O)([O-])OP(=O)(O)OCC3OC(n4cnc5c(N)ncnc54)C(O)C3O)C(O)C2O)c1,strong,1.0,1.0,1,O=[PH](OCC1CCC(n2cnc3cncnc32)O1)O[PH](=O)OCC1CCC([n+]2ccccc2)O1,6,0.8352580650673657,0.9752887097601048,1,0.9752887097601048,1412,1888
3263,1638,M03263,M01638,NC(=O)c1ccc[n+](C2OC(COP(=O)([O-])OP(=O)(O)OCC3OC(n4cnc5c(N)ncnc54)C(OP(=O)(O)O)C3O)C(O)C2O)c1,NC(=O)c1ccc[n+](C2OC(COP(=O)(O)OP(=O)([O-])OCC3OC(n4cnc5c(N)ncnc54)C(OP(=O)(O)O)C3O)C(O)C2O)c1,strong,1.0,1.0,1,O=[PH](OCC1CCC(n2cnc3cncnc32)O1)O[PH](=O)OCC1CCC([n+]2ccccc2)O1,6,0.8352580650673657,0.9752887097601048,1,0.9752887097601048,1638,3263
3138,3140,M03138,M03140,CCCCCCCCCCCCOC1OC(C)C(OC2OC(C)C(OC(C)=O)C(OC3OC(C)C(OC(C)=O)C(OC4OC(C)C(OC(C)=O)C(OC(C)=O)C4O)C3OC(C)=O)C2O)C(O)C1O,CCCCCCCCCCCCOC1OC(C)C(OC2OC(C)C(OC(C)=O)C(OC3OC(C)C(OC(C)=O)C(OC4OC(C)C(OC(C)=O)C(O)C4O)C3OC(C)=O)C2O)C(O)C1O,strong,0.9583333333333334,1.0,1,C1CCC(OC2CCOC(OC3CCOC(OC4CCCOC4)C3)C2)OC1,2,0.9466801716388252,0.9670020257458237,1,0.9670020257458237,3138,3140
3652,3651,M03652,M03651,CCCCCCCC(C)(C)c1ccc(C2CCCC(O)C2)c(O)c1,CCCCCCC(C)(C)c1ccc(C2CCCC(O)C2)c(O)c1,strong,1.0,1.0,1,c1ccc(C2CCCCC2)cc1,10,0.7758207207981391,0.9663731081197209,1,0.9663731081197209,3651,3652
2721,2719,M02721,M02719,Cc1ccc(OP(=O)(Oc2ccccc2)Oc2ccc(C)cc2)cc1,Cc1ccc(OP(=O)(Oc2ccccc2)Oc2ccccc2)cc1,strong,1.0,0.96,1,O=P(Oc1ccccc1)(Oc1ccccc1)Oc1ccccc1,6,0.8352580650673657,0.9652887097601048,1,0.9652887097601048,2719,2721
3151,3153,M03151,M03153,CCCCCCCCCCCC1CCCC(C)N1,CCCCCCCCCCCCCC1CCCC(C)N1,strong,1.0,1.0,1,C1CCNCC1,15,0.7265474540909509,0.9589821181136426,1,0.9589821181136426,3151,3153
3153,3155,M03153,M03155,CCCCCCCCCCCCCC1CCCC(C)N1,CCCCCCCCCCCCCCCC1CCCC(C)N1,strong,1.0,1.0,1,C1CCNCC1,15,0.7265474540909509,0.9589821181136426,2,0.9589821181136426,3153,3155
3151,3155,M03151,M03155,CCCCCCCCCCCC1CCCC(C)N1,CCCCCCCCCCCCCCCC1CCCC(C)N1,strong,1.0,1.0,1,C1CCNCC1,15,0.7265474540909509,0.9589821181136426,2,0.9589821181136426,3151,3155
1742,1743,M01742,M01743,CCCCCCCCCCCCCCCC(=O)OCC(O)COP(=O)(O)OC1C(O)C(O)C(O)C(O)C1O,CCCCCCCCCCCCCCCCCC(=O)OCC(O)COP(=O)(O)OC1C(O)C(O)C(O)C(O)C1O,strong,1.0,1.0,1,C1CCCCC1,21,0.6846698721617894,0.9527004808242684,1,0.9527004808242684,1742,1743
3941,3816,M03941,M03816,OCCOCCN1CCN(C(c2ccccc2)c2ccc(Cl)cc2)CC1,OCCOCCOCCN1CCN(C(c2ccccc2)c2ccc(Cl)cc2)CC1,strong,0.975609756097561,0.9777777777777777,1,c1ccc(C(c2ccccc2)N2CCNCC2)cc1,7,0.8176983027273006,0.9524650435120761,1,0.9524650435120761,3816,3941
2108,2099,M02108,M02099,CCCCCCCCCCCCCCCC[n+]1cccc(S(=O)(=O)[O-])c1,CCCCCCC[n+]1cccc(S(=O)(=O)[O-])c1,strong,1.0,1.0,1,c1cc[nH+]cc1,25,0.6627017793637848,0.9494052669045677,2,0.9494052669045677,2099,2108
2107,2100,M02107,M02100,CCCCCCCCCCCCCCC[n+]1cccc(S(=O)(=O)[O-])c1,CCCCCCCC[n+]1cccc(S(=O)(=O)[O-])c1,strong,1.0,1.0,1,c1cc[nH+]cc1,25,0.6627017793637848,0.9494052669045677,3,0.9494052669045677,2100,2107
2107,2099,M02107,M02099,CCCCCCCCCCCCCCC[n+]1cccc(S(=O)(=O)[O-])c1,CCCCCCC[n+]1cccc(S(=O)(=O)[O-])c1,strong,1.0,1.0,1,c1cc[nH+]cc1,25,0.6627017793637848,0.9494052669045677,2,0.9494052669045677,2099,2107
2110,2099,M02110,M02099,CCCCCCCCCCCCCCCCCC[n+]1cccc(S(=O)(=O)[O-])c1,CCCCCCC[n+]1cccc(S(=O)(=O)[O-])c1,strong,1.0,1.0,1,c1cc[nH+]cc1,25,0.6627017793637848,0.9494052669045677,2,0.9494052669045677,2099,2110
2107,2098,M02107,M02098,CCCCCCCCCCCCCCC[n+]1cccc(S(=O)(=O)[O-])c1,CCCCCC[n+]1cccc(S(=O)(=O)[O-])c1,strong,1.0,1.0,1,c1cc[nH+]cc1,25,0.6627017793637848,0.9494052669045677,1,0.9494052669045677,2098,2107
2106,2100,M02106,M02100,CCCCCCCCCCCCCC[n+]1cccc(S(=O)(=O)[O-])c1,CCCCCCCC[n+]1cccc(S(=O)(=O)[O-])c1,strong,1.0,1.0,1,c1cc[nH+]cc1,25,0.6627017793637848,0.9494052669045677,3,0.9494052669045677,2100,2106
2110,2098,M02110,M02098,CCCCCCCCCCCCCCCCCC[n+]1cccc(S(=O)(=O)[O-])c1,CCCCCC[n+]1cccc(S(=O)(=O)[O-])c1,strong,1.0,1.0,1,c1cc[nH+]cc1,25,0.6627017793637848,0.9494052669045677,1,0.9494052669045677,2098,2110
2109,2100,M02109,M02100,CCCCCCCCCCCCCCCCC[n+]1cccc(S(=O)(=O)[O-])c1,CCCCCCCC[n+]1cccc(S(=O)(=O)[O-])c1,strong,1.0,1.0,1,c1cc[nH+]cc1,25,0.6627017793637848,0.9494052669045677,3,0.9494052669045677,2100,2109
2109,2098,M02109,M02098,CCCCCCCCCCCCCCCCC[n+]1cccc(S(=O)(=O)[O-])c1,CCCCCC[n+]1cccc(S(=O)(=O)[O-])c1,strong,1.0,1.0,1,c1cc[nH+]cc1,25,0.6627017793637848,0.9494052669045677,1,0.9494052669045677,2098,2109
2106,2099,M02106,M02099,CCCCCCCCCCCCCC[n+]1cccc(S(=O)(=O)[O-])c1,CCCCCCC[n+]1cccc(S(=O)(=O)[O-])c1,strong,1.0,1.0,1,c1cc[nH+]cc1,25,0.6627017793637848,0.9494052669045677,2,0.9494052669045677,2099,2106
2106,2098,M02106,M02098,CCCCCCCCCCCCCC[n+]1cccc(S(=O)(=O)[O-])c1,CCCCCC[n+]1cccc(S(=O)(=O)[O-])c1,strong,1.0,1.0,1,c1cc[nH+]cc1,25,0.6627017793637848,0.9494052669045677,1,0.9494052669045677,2098,2106
2105,2100,M02105,M02100,CCCCCCCCCCCCC[n+]1cccc(S(=O)(=O)[O-])c1,CCCCCCCC[n+]1cccc(S(=O)(=O)[O-])c1,strong,1.0,1.0,1,c1cc[nH+]cc1,25,0.6627017793637848,0.9494052669045677,3,0.9494052669045677,2100,2105
2108,2100,M02108,M02100,CCCCCCCCCCCCCCCC[n+]1cccc(S(=O)(=O)[O-])c1,CCCCCCCC[n+]1cccc(S(=O)(=O)[O-])c1,strong,1.0,1.0,1,c1cc[nH+]cc1,25,0.6627017793637848,0.9494052669045677,3,0.9494052669045677,2100,2108
2108,2098,M02108,M02098,CCCCCCCCCCCCCCCC[n+]1cccc(S(=O)(=O)[O-])c1,CCCCCC[n+]1cccc(S(=O)(=O)[O-])c1,strong,1.0,1.0,1,c1cc[nH+]cc1,25,0.6627017793637848,0.9494052669045677,1,0.9494052669045677,2098,2108
2109,2099,M02109,M02099,CCCCCCCCCCCCCCCCC[n+]1cccc(S(=O)(=O)[O-])c1,CCCCCCC[n+]1cccc(S(=O)(=O)[O-])c1,strong,1.0,1.0,1,c1cc[nH+]cc1,25,0.6627017793637848,0.9494052669045677,2,0.9494052669045677,2099,2109
2105,2099,M02105,M02099,CCCCCCCCCCCCC[n+]1cccc(S(=O)(=O)[O-])c1,CCCCCCC[n+]1cccc(S(=O)(=O)[O-])c1,strong,1.0,1.0,1,c1cc[nH+]cc1,25,0.6627017793637848,0.9494052669045677,2,0.9494052669045677,2099,2105
2101,2100,M02101,M02100,CCCCCCCCC[n+]1cccc(S(=O)(=O)[O-])c1,CCCCCCCC[n+]1cccc(S(=O)(=O)[O-])c1,strong,1.0,1.0,1,c1cc[nH+]cc1,25,0.6627017793637848,0.9494052669045677,3,0.9494052669045677,2100,2101
2098,2099,M02098,M02099,CCCCCC[n+]1cccc(S(=O)(=O)[O-])c1,CCCCCCC[n+]1cccc(S(=O)(=O)[O-])c1,strong,1.0,1.0,1,c1cc[nH+]cc1,25,0.6627017793637848,0.9494052669045677,1,0.9494052669045677,2098,2099
2099,2100,M02099,M02100,CCCCCCC[n+]1cccc(S(=O)(=O)[O-])c1,CCCCCCCC[n+]1cccc(S(=O)(=O)[O-])c1,strong,1.0,1.0,1,c1cc[nH+]cc1,25,0.6627017793637848,0.9494052669045677,2,0.9494052669045677,2099,2100
2099,2101,M02099,M02101,CCCCCCC[n+]1cccc(S(=O)(=O)[O-])c1,CCCCCCCCC[n+]1cccc(S(=O)(=O)[O-])c1,strong,1.0,1.0,1,c1cc[nH+]cc1,25,0.6627017793637848,0.9494052669045677,3,0.9494052669045677,2099,2101
2100,2098,M02100,M02098,CCCCCCCC[n+]1cccc(S(=O)(=O)[O-])c1,CCCCCC[n+]1cccc(S(=O)(=O)[O-])c1,strong,1.0,1.0,1,c1cc[nH+]cc1,25,0.6627017793637848,0.9494052669045677,1,0.9494052669045677,2098,2100
2101,2098,M02101,M02098,CCCCCCCCC[n+]1cccc(S(=O)(=O)[O-])c1,CCCCCC[n+]1cccc(S(=O)(=O)[O-])c1,strong,1.0,1.0,1,c1cc[nH+]cc1,25,0.6627017793637848,0.9494052669045677,1,0.9494052669045677,2098,2101
2102,2098,M02102,M02098,CCCCCCCCCC[n+]1cccc(S(=O)(=O)[O-])c1,CCCCCC[n+]1cccc(S(=O)(=O)[O-])c1,strong,1.0,1.0,1,c1cc[nH+]cc1,25,0.6627017793637848,0.9494052669045677,1,0.9494052669045677,2098,2102
2105,2098,M02105,M02098,CCCCCCCCCCCCC[n+]1cccc(S(=O)(=O)[O-])c1,CCCCCC[n+]1cccc(S(=O)(=O)[O-])c1,strong,1.0,1.0,1,c1cc[nH+]cc1,25,0.6627017793637848,0.9494052669045677,1,0.9494052669045677,2098,2105
2102,2099,M02102,M02099,CCCCCCCCCC[n+]1cccc(S(=O)(=O)[O-])c1,CCCCCCC[n+]1cccc(S(=O)(=O)[O-])c1,strong,1.0,1.0,1,c1cc[nH+]cc1,25,0.6627017793637848,0.9494052669045677,2,0.9494052669045677,2099,2102
2102,2100,M02102,M02100,CCCCCCCCCC[n+]1cccc(S(=O)(=O)[O-])c1,CCCCCCCC[n+]1cccc(S(=O)(=O)[O-])c1,strong,1.0,1.0,1,c1cc[nH+]cc1,25,0.6627017793637848,0.9494052669045677,3,0.9494052669045677,2100,2102
2103,2098,M02103,M02098,CCCCCCCCCCC[n+]1cccc(S(=O)(=O)[O-])c1,CCCCCC[n+]1cccc(S(=O)(=O)[O-])c1,strong,1.0,1.0,1,c1cc[nH+]cc1,25,0.6627017793637848,0.9494052669045677,1,0.9494052669045677,2098,2103
2103,2099,M02103,M02099,CCCCCCCCCCC[n+]1cccc(S(=O)(=O)[O-])c1,CCCCCCC[n+]1cccc(S(=O)(=O)[O-])c1,strong,1.0,1.0,1,c1cc[nH+]cc1,25,0.6627017793637848,0.9494052669045677,2,0.9494052669045677,2099,2103
2103,2100,M02103,M02100,CCCCCCCCCCC[n+]1cccc(S(=O)(=O)[O-])c1,CCCCCCCC[n+]1cccc(S(=O)(=O)[O-])c1,strong,1.0,1.0,1,c1cc[nH+]cc1,25,0.6627017793637848,0.9494052669045677,3,0.9494052669045677,2100,2103
2104,2098,M02104,M02098,CCCCCCCCCCCC[n+]1cccc(S(=O)(=O)[O-])c1,CCCCCC[n+]1cccc(S(=O)(=O)[O-])c1,strong,1.0,1.0,1,c1cc[nH+]cc1,25,0.6627017793637848,0.9494052669045677,1,0.9494052669045677,2098,2104
2104,2099,M02104,M02099,CCCCCCCCCCCC[n+]1cccc(S(=O)(=O)[O-])c1,CCCCCCC[n+]1cccc(S(=O)(=O)[O-])c1,strong,1.0,1.0,1,c1cc[nH+]cc1,25,0.6627017793637848,0.9494052669045677,2,0.9494052669045677,2099,2104
2104,2100,M02104,M02100,CCCCCCCCCCCC[n+]1cccc(S(=O)(=O)[O-])c1,CCCCCCCC[n+]1cccc(S(=O)(=O)[O-])c1,strong,1.0,1.0,1,c1cc[nH+]cc1,25,0.6627017793637848,0.9494052669045677,3,0.9494052669045677,2100,2104
2110,2100,M02110,M02100,CCCCCCCCCCCCCCCCCC[n+]1cccc(S(=O)(=O)[O-])c1,CCCCCCCC[n+]1cccc(S(=O)(=O)[O-])c1,strong,1.0,1.0,1,c1cc[nH+]cc1,25,0.6627017793637848,0.9494052669045677,3,0.9494052669045677,2100,2110
2111,2098,M02111,M02098,CCCCCCCCCCCCCCCCCCC[n+]1cccc(S(=O)(=O)[O-])c1,CCCCCC[n+]1cccc(S(=O)(=O)[O-])c1,strong,1.0,1.0,1,c1cc[nH+]cc1,25,0.6627017793637848,0.9494052669045677,1,0.9494052669045677,2098,2111
2111,2099,M02111,M02099,CCCCCCCCCCCCCCCCCCC[n+]1cccc(S(=O)(=O)[O-])c1,CCCCCCC[n+]1cccc(S(=O)(=O)[O-])c1,strong,1.0,1.0,1,c1cc[nH+]cc1,25,0.6627017793637848,0.9494052669045677,2,0.9494052669045677,2099,2111
2112,2100,M02112,M02100,CCCCCCCCCCCCCCCCCCCC[n+]1cccc(S(=O)(=O)[O-])c1,CCCCCCCC[n+]1cccc(S(=O)(=O)[O-])c1,strong,1.0,1.0,1,c1cc[nH+]cc1,25,0.6627017793637848,0.9494052669045677,3,0.9494052669045677,2100,2112
2111,2100,M02111,M02100,CCCCCCCCCCCCCCCCCCC[n+]1cccc(S(=O)(=O)[O-])c1,CCCCCCCC[n+]1cccc(S(=O)(=O)[O-])c1,strong,1.0,1.0,1,c1cc[nH+]cc1,25,0.6627017793637848,0.9494052669045677,3,0.9494052669045677,2100,2111
2112,2098,M02112,M02098,CCCCCCCCCCCCCCCCCCCC[n+]1cccc(S(=O)(=O)[O-])c1,CCCCCC[n+]1cccc(S(=O)(=O)[O-])c1,strong,1.0,1.0,1,c1cc[nH+]cc1,25,0.6627017793637848,0.9494052669045677,1,0.9494052669045677,2098,2112
2112,2099,M02112,M02099,CCCCCCCCCCCCCCCCCCCC[n+]1cccc(S(=O)(=O)[O-])c1,CCCCCCC[n+]1cccc(S(=O)(=O)[O-])c1,strong,1.0,1.0,1,c1cc[nH+]cc1,25,0.6627017793637848,0.9494052669045677,2,0.9494052669045677,2099,2112
1613,1614,M01613,M01614,Nc1nc2c(ncn2C2CC(O)C(COP(=O)(O)OP(=O)(O)O)O2)c(=O)[nH]1,Nc1nc2c(ncn2C2CC(O)C(COP(=O)(O)OP(=O)(O)OP(=O)(O)O)O2)c(=O)[nH]1,strong,0.9824561403508771,1.0,1,O=c1[nH]cnc2c1ncn2C1CCCO1,16,0.7185751418868361,0.9472599554935517,1,0.9472599554935517,1613,1614
1618,1577,M01618,M01577,Nc1nc2c(ncn2C2OC(COP(=O)(O)OP(=O)(O)OP(=O)(O)O)C(O)C2O)c(=O)[nH]1,Nc1nc2c(ncn2C2OC(COP(=O)(O)OP(=O)(O)O)C(O)C2O)c(=O)[nH]1,strong,0.9821428571428571,1.0,1,O=c1[nH]cnc2c1ncn2C1CCCO1,16,0.7185751418868361,0.9470719855687396,1,0.9470719855687396,1577,1618
332,948,M00332,M00948,COc1cc(-c2[o+]c3cc(O)cc(O)c3cc2OC2OC(CO)C(O)C(O)C2O)cc(O)c1O,COc1cc(-c2[o+]c3cc(O)cc(O)c3cc2OC2OC(CO)C(O)C(O)C2O)cc(OC)c1O,strong,0.9622641509433962,0.9761904761904762,1,c1ccc(-c2[o+]c3ccccc3cc2OC2CCCCO2)cc1,8,0.802209494641301,0.9417375338098519,1,0.9417375338098519,332,948
3028,3027,M03028,M03027,COc1c(O)c(C(=O)C2CC=C(CCC=C(C)C)CC2c2ccccc2)c(OC)c(OC)c1OC,COc1c(O)c(OC)c(C(=O)C2CC=C(CCC=C(C)C)CC2c2ccccc2)c(O)c1OC,strong,0.9259259259259259,0.9736842105263158,1,O=C(c1ccccc1)C1CC=CCC1c1ccccc1,2,0.9466801716388252,0.9409786339329583,1,0.9409786339329583,3027,3028
3987,3986,M03987,M03986,CCCCCCCn1cc(C(=O)c2cccc3ccccc23)c2ccccc21,CCCCCCn1cc(C(=O)c2cccc3ccccc23)c2ccccc21,strong,1.0,1.0,1,O=C(c1cccc2ccccc12)c1c[nH]c2ccccc12,39,0.6060525864057348,0.9409078879608602,1,0.9409078879608602,3986,3987
1268,1270,M01268,M01270,O=C(O)C1OC(Oc2ccc3c(c2)oc(=O)c2cc(O)ccc23)C(O)C(O)C1O,O=C(O)C1OC(Oc2ccc3c(c2)oc(=O)c2ccc(O)cc23)C(O)C(O)C1O,strong,0.9183673469387755,1.0,1,O=c1oc2cc(OC3CCCCO3)ccc2c2ccccc12,3,0.9088491513636503,0.9373477808678128,1,0.9373477808678128,1268,1270
1533,1608,M01533,M01608,Nc1ncnc2c1ncn2C1OC(COP(=O)(O)OP(=O)(O)O)C(O)C1O,Nc1ncnc2c1ncn2C1OC(COP(=O)(O)OP(=O)(O)OP(=O)(O)O)C(O)C1O,strong,0.9807692307692307,1.0,1,c1ncc2ncn(C3CCCO3)c2n1,26,0.6577388176437765,0.9371223611081049,1,0.9371223611081049,1533,1608
3128,3116,M03128,M03116,COc1cc(CC(COC(C)=O)C(COC(=O)C=Cc2ccc(O)c(O)c2)Cc2ccc(O)c(OC)c2)ccc1O,COc1cc(C=CC(=O)OCC(Cc2ccc(O)c(OC)c2)C(COC(C)=O)Cc2ccc(O)c(OC)c2)ccc1O,strong,0.92,0.9714285714285714,1,O=C(C=Cc1ccccc1)OCC(CCc1ccccc1)Cc1ccccc1,2,0.9466801716388252,0.9368591686029667,1,0.9368591686029667,3116,3128
1535,1553,M01535,M01553,Nc1ccn(C2OC(COP(=O)(O)OP(=O)(O)O)C(O)C2O)c(=O)n1,Nc1ccn(C2OC(COP(=O)(O)OP(=O)(O)OP(=O)(O)O)C(O)C2O)c(=O)n1,strong,0.96,1.0,1,O=c1ncccn1C1CCCO1,15,0.7265474540909509,0.9349821181136426,1,0.9349821181136426,1535,1553
657,655,M00657,M00655,CCC1OC(=O)C(C)C(OC2CC(C)(OC)C(O)C(C)O2)C(C)C(OC2OC(C)CC(N(C)C)C2O)C(C)(OC)CC(C)C(=O)C(C)C(O)C1(C)O,CCC1OC(=O)C(C)C(OC2CC(C)(OC)C(O)C(C)O2)C(C)C(OC2OC(C)CC(N(C)C)C2O)C(C)(O)CC(C)C(=O)C(C)C(O)C1(C)O,strong,0.922077922077922,0.9811320754716981,1,O=C1CCCCOC(=O)CC(OC2CCCCO2)CC(OC2CCCCO2)CCC1,3,0.9088491513636503,0.9348571448192253,1,0.9348571448192253,655,657
3123,3105,M03123,M03105,CC1OC(OC2C(OC3CCC4(C)C(CCC5(C)C4CC=C4C6CC(C)(C)CCC6(C(=O)O)CCC45C)C3(C)C)OCC(OC3OC(CO)C(O)C(O)C3O)C2O)C(O)C(OC2OCC(O)C(O)C2O)C1O,CC1OC(OC2C(OC3CCC4(C)C(CCC5(C)C4CC=C4C6CC(C)(C)CCC6(C(=O)O)CCC45C)C3(C)CO)OCC(OC3OC(CO)C(O)C(O)C3O)C2O)C(O)C(OC2OCC(O)C(O)C2O)C1O,strong,0.8936170212765957,1.0,1,C1=C2C3CCCCC3CCC2C2CCC3CC(OC4OCC(OC5CCCCO5)CC4OC4CC(OC5CCCCO5)CCO4)CCC3C2C1,2,0.9466801716388252,0.9281722385117812,1,0.9281722385117812,3105,3123
3337,3334,M03337,M03334,CCCc1nn(C)c2c(=O)[nH]c(-c3cc(C(=O)CN4CCN(C)CC4)ccc3OCC)nc12,CCCc1nn(C)c2c(=O)[nH]c(-c3cc(C(=O)CN4CCN(CC)CC4)ccc3OCC)nc12,strong,0.9090909090909091,1.0,1,O=C(CN1CCNCC1)c1cccc(-c2nc3cn[nH]c3c(=O)[nH]2)c1,4,0.8795051323147839,0.927380315301763,1,0.927380315301763,3334,3337
2097,2098,M02097,M02098,CCCCC[n+]1cccc(S(=O)(=O)[O-])c1,CCCCCC[n+]1cccc(S(=O)(=O)[O-])c1,strong,0.96875,0.9803921568627451,1,c1cc[nH+]cc1,25,0.6627017793637848,0.925753306120254,1,0.925753306120254,2097,2098
2097,2100,M02097,M02100,CCCCC[n+]1cccc(S(=O)(=O)[O-])c1,CCCCCCCC[n+]1cccc(S(=O)(=O)[O-])c1,strong,0.96875,0.9803921568627451,1,c1cc[nH+]cc1,25,0.6627017793637848,0.925753306120254,3,0.925753306120254,2097,2100
2097,2099,M02097,M02099,CCCCC[n+]1cccc(S(=O)(=O)[O-])c1,CCCCCCC[n+]1cccc(S(=O)(=O)[O-])c1,strong,0.96875,0.9803921568627451,1,c1cc[nH+]cc1,25,0.6627017793637848,0.925753306120254,2,0.925753306120254,2097,2099
564,565,M00564,M00565,COc1cc(C=CC(=O)OC2COC(OC3C(c4c(O)cc5oc(-c6ccc(O)cc6)cc(=O)c5c4O)OC(CO)C(O)C3O)C(O)C2O)cc(OC)c1O,COc1cc(-c2cc(=O)c3c(O)c(C4OC(CO)C(O)C(O)C4OC4OCC(OC(=O)C=Cc5cc(OC)c(O)c(OC)c5)C(O)C4O)c(O)cc3o2)ccc1O,strong,0.896551724137931,0.9782608695652174,1,O=C(C=Cc1ccccc1)OC1CCC(OC2CCCOC2c2ccc3oc(-c4ccccc4)cc(=O)c3c2)OC1,2,0.9466801716388252,0.9244982776198867,1,0.9244982776198867,564,565
3971,2067,M03971,M02067,COC1CC(OC2C(C)OC(OC3C(C)=CCC4CC(CC5(CCC(C)C(C(C)C)O5)O4)OC(=O)C4C=C(C)C(O)C5OCC(=CC=CC3C)C45O)CC2OC)OC(C)C1O,CCC(C)C1OC2(CCC1C)CC1CC(CC=C(C)C(OC3CC(OC)C(OC4CC(OC)C(O)C(C)O4)C(C)O3)C(C)C=CC=C3COC4C(O)C(C)=CC(C(=O)O1)C34O)O2,strong,0.9108910891089109,0.9433962264150944,1,O=C1OC2CC(CC=CC(OC3CCC(OC4CCCCO4)CO3)CC=CC=C3COC4CC=CC1C34)OC1(CCCCO1)C2,2,0.9466801716388252,0.924385735814944,1,0.924385735814944,2067,3971
569,572,M00569,M00572,COc1cc(C=CC(=O)OCC2OC(Oc3cc4oc(-c5ccc(O)cc5)cc(=O)c4c(O)c3C3OC(CO)C(O)C(O)C3O)C(O)C(O)C2O)ccc1O,COc1cc(C=CC(=O)OCC2OC(Oc3cc4oc(-c5ccc(O)c(O)c5)cc(=O)c4c(O)c3C3OC(CO)C(O)C(O)C3O)C(O)C(O)C2O)ccc1O,strong,0.9047619047619048,1.0,1,O=C(C=Cc1ccccc1)OCC1CCCC(Oc2cc3oc(-c4ccccc4)cc(=O)c3cc2C2CCCCO2)O1,5,0.8555293230024756,0.9211865413075142,1,0.9211865413075142,569,572
1488,1638,M01488,M01638,NC(=O)c1ccc[n+](C2OC(COP(=O)(O)OP(=O)(O)OCC3OC(n4cnc5c(N)ncnc54)C(OP(=O)(O)O)C3O)C(O)C2O)c1,NC(=O)c1ccc[n+](C2OC(COP(=O)(O)OP(=O)([O-])OCC3OC(n4cnc5c(N)ncnc54)C(OP(=O)(O)O)C3O)C(O)C2O)c1,strong,0.9146341463414634,0.9861111111111112,1,O=[PH](OCC1CCC(n2cnc3cncnc32)O1)O[PH](=O)OCC1CCC([n+]2ccccc2)O1,6,0.8352580650673657,0.9205969753427607,1,0.9205969753427607,1488,1638
1488,3263,M01488,M03263,NC(=O)c1ccc[n+](C2OC(COP(=O)(O)OP(=O)(O)OCC3OC(n4cnc5c(N)ncnc54)C(OP(=O)(O)O)C3O)C(O)C2O)c1,NC(=O)c1ccc[n+](C2OC(COP(=O)([O-])OP(=O)(O)OCC3OC(n4cnc5c(N)ncnc54)C(OP(=O)(O)O)C3O)C(O)C2O)c1,strong,0.9146341463414634,0.9861111111111112,1,O=[PH](OCC1CCC(n2cnc3cncnc32)O1)O[PH](=O)OCC1CCC([n+]2ccccc2)O1,6,0.8352580650673657,0.9205969753427607,2,0.9205969753427607,1488,3263
998,1893,M00998,M01893,C[N+](C)(C)CCOP(=O)(O)OP(=O)([O-])OCC1OC(n2ccc(N)nc2=O)C(O)C1O,C[N+](C)(C)CCOP(=O)([O-])OP(=O)(O)OCC1OC(n2ccc(N)nc2=O)C(O)C1O,strong,0.9354838709677419,1.0,1,O=c1ncccn1C1CCCO1,15,0.7265474540909509,0.9202724406942878,1,0.9202724406942878,998,1893
3994,3984,M03994,M03984,O=C(c1cccc2ccccc12)c1cn(CCCCO)c2ccccc12,O=C(c1cccc2ccccc12)c1cn(CCCCCO)c2ccccc12,strong,0.975,0.975609756097561,1,O=C(c1cccc2ccccc12)c1c[nH]c2ccccc12,39,0.6060525864057348,0.9198103269852504,1,0.9198103269852504,3984,3994
3974,3986,M03974,M03986,CCCCCn1cc(C(=O)c2cccc3ccccc23)c2ccccc21,CCCCCCn1cc(C(=O)c2cccc3ccccc23)c2ccccc21,strong,0.975609756097561,0.9722222222222222,1,O=C(c1cccc2ccccc12)c1c[nH]c2ccccc12,39,0.6060525864057348,0.9193292971749524,1,0.9193292971749524,3974,3986
3974,3987,M03974,M03987,CCCCCn1cc(C(=O)c2cccc3ccccc23)c2ccccc21,CCCCCCCn1cc(C(=O)c2cccc3ccccc23)c2ccccc21,strong,0.975609756097561,0.9722222222222222,1,O=C(c1cccc2ccccc12)c1c[nH]c2ccccc12,39,0.6060525864057348,0.9193292971749524,2,0.9193292971749524,3974,3987
3192,4188,M03192,M04188,CCC(C(=O)O)C1CCC(C)C(C(C)C(O)C(C)C(=O)C(CC)C2OC3(C=CC(O)C4(CCC(C)(C5CCC(O)(CC)C(C)O5)O4)O3)C(C)CC2C)O1,CCC(C(=O)O)C1OC(C(C)C(O)C(C)C(=O)C(CC)C2OC3(C=CC(O)C4(CCC(C)(C5CCC(O)(CC)C(C)O5)O4)O3)C(C)CC2C)C(C)CC1C,strong,0.872093023255814,1.0,1,O=C(CCCC1CCCCO1)CC1CCCC2(C=CCC3(CCC(C4CCCCO4)O3)O2)O1,2,0.9466801716388252,0.9152578396993121,1,0.9152578396993121,3192,4188
3173,3183,M03173,M03183,O=C1c2c(O)cc(O)c(C3C(=O)c4c(O)cc(O)cc4OC3c3ccc(O)cc3)c2OC(c2ccc(O)cc2)C1O,O=C1c2c(O)cc(O)c(C3C(=O)c4c(O)cc(O)cc4OC3c3ccc(O)cc3)c2OC(c2ccc(O)c(O)c2)C1O,strong,0.9019607843137255,0.967741935483871,1,O=C1CC(c2ccccc2)Oc2c1cccc2C1C(=O)c2ccccc2OC1c1ccccc1,4,0.8795051323147839,0.9150377243064206,1,0.9150377243064206,3173,3183
569,568,M00569,M00568,COc1cc(C=CC(=O)OCC2OC(Oc3cc4oc(-c5ccc(O)cc5)cc(=O)c4c(O)c3C3OC(CO)C(O)C(O)C3O)C(O)C(O)C2O)ccc1O,COc1cc(C=CC(=O)OCC2OC(Oc3cc4oc(-c5ccc(O)cc5)cc(=O)c4c(O)c3C3OC(CO)C(O)C(O)C3O)C(O)C(O)C2O)cc(OC)c1O,strong,0.9024390243902439,0.9777777777777777,1,O=C(C=Cc1ccccc1)OCC1CCCC(Oc2cc3oc(-c4ccccc4)cc(=O)c3cc2C2CCCCO2)O1,5,0.8555293230024756,0.9142372575289621,2,0.9142372575289621,568,569
331,1132,M00331,M01132,COc1cc(-c2[o+]c3cc(O)cc(O)c3cc2O)cc(O)c1O,COc1cc(-c2[o+]c3cc(O)cc(O)c3cc2O)cc(OC)c1O,strong,0.9166666666666666,0.9393939393939394,1,c1ccc(-c2ccc3ccccc3[o+]2)cc1,5,0.8555293230024756,0.9131778832988562,1,0.9131778832988562,331,1132
4354,4447,M04354,M04447,CCCOc1ccc(S(=O)(=O)N2CCN(CC)CC2)cc1-c1nc(=S)c2c([nH]1)c(CCC)nn2C,CCCc1nn(C)c2c(=S)nc(-c3cc(S(=O)(=O)N4CCN(CC)CC4)ccc3OCC)[nH]c12,strong,0.8955223880597015,0.9882352941176471,1,O=S(=O)(c1cccc(-c2nc(=S)c3[nH]ncc3[nH]2)c1)N1CCNCC1,5,0.8555293230024756,0.912701654815604,1,0.912701654815604,4354,4447
3007,3008,M03007,M03008,COc1cc2c3cc1Oc1c(cccc1OC)CC1c4c(cc(OC)c(OC)c4Oc4cccc(c4)CC3N(C)CC2)CCN1C,COc1cc2c3cc1Oc1c(cccc1OC)CC1c4c(cc(O)c(OC)c4Oc4cccc(c4)CC3N(C)CC2)CCN1C,strong,0.8823529411764706,0.9615384615384616,1,c1cc2cc(c1)Oc1cccc3c1C(Cc1ccccc1Oc1ccc4c(c1)C(C2)NCC4)NCC3,2,0.9466801716388252,0.9117984058363215,1,0.9117984058363215,3007,3008
2054,3432,M02054,M03432,CCC(C)C1OC2(C=CC1C)CC1CC(CC=C(C)C(OC3CC(OC)C(OC4CC(OC)C(O)C(C)O4)C(C)O3)C(C)C=CC=C3COC4C(O)C(C)=CC(C(=O)O1)C34O)O2,COC1CC(OC2C(C)OC(OC3C(C)=CCC4CC(CC5(C=CC(C)C(C(C)C)O5)O4)OC(=O)C4C=C(C)C(O)C5OCC(=CC=CC3C)C45O)CC2OC)OC(C)C1O,strong,0.9081632653061225,0.92,1,O=C1OC2CC(CC=CC(OC3CCC(OC4CCCCO4)CO3)CC=CC=C3COC4CC=CC1C34)OC1(C=CCCO1)C2,3,0.9088491513636503,0.911225331888221,1,0.911225331888221,2054,3432
577,581,M00577,M00581,CC1OC(OC2C(Oc3cc4oc(-c5ccc(O)cc5)cc(=O)c4c(O)c3C3OC(CO)C(O)C(O)C3O)OC(CO)C(O)C2O)C(O)C(O)C1O,CC1OC(OC2C(Oc3cc4oc(-c5ccc(O)c(O)c5)cc(=O)c4c(O)c3C3OC(CO)C(O)C(O)C3O)OC(CO)C(O)C2O)C(O)C(O)C1O,strong,0.863013698630137,1.0,1,O=c1cc(-c2ccccc2)oc2cc(OC3OCCCC3OC3CCCCO3)c(C3CCCCO3)cc12,2,0.9466801716388252,0.9098102449239059,1,0.9098102449239059,577,581
572,573,M00572,M00573,COc1cc(C=CC(=O)OCC2OC(Oc3cc4oc(-c5ccc(O)c(O)c5)cc(=O)c4c(O)c3C3OC(CO)C(O)C(O)C3O)C(O)C(O)C2O)ccc1O,COc1cc(-c2cc(=O)c3c(O)c(C4OC(CO)C(O)C(O)C4O)c(OC4OC(COC(=O)C=Cc5cc(OC)c(O)c(OC)c5)C(O)C(O)C4O)cc3o2)ccc1O,strong,0.9036144578313253,0.9565217391304348,1,O=C(C=Cc1ccccc1)OCC1CCCC(Oc2cc3oc(-c4ccccc4)cc(=O)c3cc2C2CCCCO2)O1,5,0.8555293230024756,0.9096285079317752,2,0.9096285079317752,572,573
1150,1149,M01150,M01149,COc1ccc(C2CC(=O)c3c(O)cc(OC4OC(COC5OC(C)C(O)C(O)C5O)C(O)C(O)C4O)cc3O2)cc1,CC1OC(OCC2OC(Oc3cc(O)c4c(c3)OC(c3ccc(O)cc3)CC4=O)C(O)C(O)C2O)C(O)C(O)C1O,strong,0.8923076923076924,0.9512195121951219,1,O=C1CC(c2ccccc2)Oc2cc(OC3CCCC(COC4CCCCO4)O3)ccc21,3,0.9088491513636503,0.9095168661379434,1,0.9095168661379434,1149,1150
3066,3055,M03066,M03055,COc1cc2c(cc1O)CC1NCCc3cc(O)c(OC)c-2c31,COc1cc2c(cc1O)CC1NCCc3cc(OC)c(OC)c-2c31,strong,0.8888888888888888,0.9767441860465116,1,c1ccc2c(c1)CC1NCCc3cccc-2c31,4,0.8795051323147839,0.9094451496921788,1,0.9094451496921788,3055,3066
1250,1247,M01250,M01247,CS(=O)CCCCC(=NOS(=O)(=O)O)SC1OC(CO)C(O)C(O)C1O,CS(=O)CCCC(=NOS(=O)(=O)O)SC1OC(CO)C(O)C(O)C1O,strong,0.9387755102040817,0.9857142857142858,1,C1CCOCC1,25,0.6627017793637848,0.9090991444555881,1,0.9090991444555881,1247,1250
2847,4495,M02847,M04495,CCC(=C(c1ccc(O)cc1)c1ccc(OCCN(C)C)cc1)c1ccccc1,CCC(=C(c1ccccc1)c1ccc(OCCN(C)C)cc1)c1ccccc1,strong,0.8974358974358975,0.9512195121951219,1,C(=C(c1ccccc1)c1ccccc1)c1ccccc1,4,0.8795051323147839,0.9081921863575365,1,0.9081921863575365,2847,4495
19,38,M00019,M00038,CC1OC(OCC2OC(Oc3c(-c4ccc(O)cc4)oc4cc(O)cc(O)c4c3=O)C(O)C(O)C2O)C(O)C(O)C1O,CC1OC(OCC2OC(Oc3c(-c4ccc(O)c(O)c4)oc4cc(O)cc(O)c4c3=O)C(O)C(O)C2O)C(O)C(O)C1O,strong,0.875,1.0,1,O=c1c(OC2CCCC(COC3CCCCO3)O2)c(-c2ccccc2)oc2ccccc12,4,0.8795051323147839,0.9069257698472176,1,0.9069257698472176,19,38
3259,1572,M03259,M01572,CCCCCCCCCCCCCCCC(=O)OC1CCC2(C)C(=CCC3C2CCC2(C)C(C(C)CCCC(C)C)CCC32)C1,CCCCCCCCC=CCCCCCCCC(=O)OC1CCC2(C)C(=CCC3C2CCC2(C)C(C(C)CCCC(C)C)CCC32)C1,strong,0.9130434782608695,1.0,1,C1=C2CCCCC2C2CCC3CCCC3C2C1,16,0.7185751418868361,0.9056123582395471,1,0.9056123582395471,1572,3259
4447,4453,M04447,M04453,CCCc1nn(C)c2c(=S)nc(-c3cc(S(=O)(=O)N4CCN(CC)CC4)ccc3OCC)[nH]c12,CCCc1nn(C)c2c(=S)nc(-c3cc(S(=O)(=O)N4CCN(C)CC4)ccc3OCC)[nH]c12,strong,0.8787878787878788,1.0,1,O=S(=O)(c1cccc(-c2nc(=S)c3[nH]ncc3[nH]2)c1)N1CCNCC1,5,0.8555293230024756,0.9056021257230986,2,0.9056021257230986,4447,4453
3936,4444,M03936,M04444,CCCc1nn(C)c2c(=O)[nH]c(-c3cc(S(=O)(=O)N4CCN(CC)CC4)ccc3OCC)nc12,CCCc1nn(C)c2c(=O)[nH]c(-c3cc(S(=O)(=O)N4CCN(C)CC4)ccc3OCC)nc12,strong,0.8787878787878788,1.0,1,O=c1[nH]c(-c2cccc(S(=O)(=O)N3CCNCC3)c2)nc2cn[nH]c12,5,0.8555293230024756,0.9056021257230986,1,0.9056021257230986,3936,4444
1,51,M00001,M00051,O=C(OC1Cc2c(O)cc(O)cc2OC1c1ccc(O)c(O)c1)c1cc(O)c(O)c(O)c1,O=C(OC1Cc2c(O)cc(O)cc2OC1c1cc(O)c(O)c(O)c1)c1cc(O)c(O)c(O)c1,strong,0.8541666666666666,1.0,1,O=C(OC1Cc2ccccc2OC1c1ccccc1)c1ccccc1,2,0.9466801716388252,0.9045020257458237,1,0.9045020257458237,1,51
1183,1323,M01183,M01323,COc1ccc(CCC(=O)O)cc1OC1OC(C(=O)O)C(O)C(O)C1O,COc1cc(CCC(=O)O)ccc1OC1OC(C(=O)O)C(O)C(O)C1O,strong,0.9148936170212766,1.0,1,c1ccc(OC2CCCCO2)cc1,22,0.6788243374826469,0.900759820835163,1,0.900759820835163,1183,1323
3906,771,M03906,M00771,COc1ccc(CCN(C)CCCC(C#N)(c2cc(OC)c(OC)c(OC)c2)C(C)C)cc1OC,COc1ccc(CCN(C)CCCC(C#N)(c2ccc(OC)c(OC)c2)C(C)C)cc1OC,strong,0.8653846153846154,0.9782608695652174,1,c1ccc(CCCCNCCc2ccccc2)cc1,3,0.9088491513636503,0.9001233593266211,1,0.9001233593266211,771,3906
568,573,M00568,M00573,COc1cc(C=CC(=O)OCC2OC(Oc3cc4oc(-c5ccc(O)cc5)cc(=O)c4c(O)c3C3OC(CO)C(O)C(O)C3O)C(O)C(O)C2O)cc(OC)c1O,COc1cc(-c2cc(=O)c3c(O)c(C4OC(CO)C(O)C(O)C4O)c(OC4OC(COC(=O)C=Cc5cc(OC)c(O)c(OC)c5)C(O)C(O)C4O)cc3o2)ccc1O,strong,0.8780487804878049,0.9782608695652174,1,O=C(C=Cc1ccccc1)OCC1CCCC(Oc2cc3oc(-c4ccccc4)cc(=O)c3cc2C2CCCCO2)O1,5,0.8555293230024756,0.8997238841343587,2,0.8997238841343587,568,573
1181,1190,M01181,M01190,COc1cc(C=CC(=O)O)ccc1OC1OC(C(=O)O)C(O)C(O)C1O,COc1ccc(C=CC(=O)O)cc1OC1OC(C(=O)O)C(O)C(O)C1O,strong,0.9130434782608695,1.0,1,c1ccc(OC2CCCCO2)cc1,22,0.6788243374826469,0.8996497375789188,1,0.8996497375789188,1181,1190
1412,3263,M01412,M03263,NC(=O)c1ccc[n+](C2OC(COP(=O)(O)OP(=O)([O-])OCC3OC(n4cnc5c(N)ncnc54)C(O)C3O)C(O)C2O)c1,NC(=O)c1ccc[n+](C2OC(COP(=O)([O-])OP(=O)(O)OCC3OC(n4cnc5c(N)ncnc54)C(OP(=O)(O)O)C3O)C(O)C2O)c1,strong,0.8795180722891566,0.9859154929577465,1,O=[PH](OCC1CCC(n2cnc3cncnc32)O1)O[PH](=O)OCC1CCC([n+]2ccccc2)O1,6,0.8352580650673657,0.8994784263730354,3,0.8994784263730354,1412,3263
1412,1638,M01412,M01638,NC(=O)c1ccc[n+](C2OC(COP(=O)(O)OP(=O)([O-])OCC3OC(n4cnc5c(N)ncnc54)C(O)C3O)C(O)C2O)c1,NC(=O)c1ccc[n+](C2OC(COP(=O)(O)OP(=O)([O-])OCC3OC(n4cnc5c(N)ncnc54)C(OP(=O)(O)O)C3O)C(O)C2O)c1,strong,0.8795180722891566,0.9859154929577465,1,O=[PH](OCC1CCC(n2cnc3cncnc32)O1)O[PH](=O)OCC1CCC([n+]2ccccc2)O1,6,0.8352580650673657,0.8994784263730354,2,0.8994784263730354,1412,1638
1888,1638,M01888,M01638,NC(=O)c1ccc[n+](C2OC(COP(=O)([O-])OP(=O)(O)OCC3OC(n4cnc5c(N)ncnc54)C(O)C3O)C(O)C2O)c1,NC(=O)c1ccc[n+](C2OC(COP(=O)(O)OP(=O)([O-])OCC3OC(n4cnc5c(N)ncnc54)C(OP(=O)(O)O)C3O)C(O)C2O)c1,strong,0.8795180722891566,0.9859154929577465,1,O=[PH](OCC1CCC(n2cnc3cncnc32)O1)O[PH](=O)OCC1CCC([n+]2ccccc2)O1,6,0.8352580650673657,0.8994784263730354,2,0.8994784263730354,1638,1888
1888,3263,M01888,M03263,NC(=O)c1ccc[n+](C2OC(COP(=O)([O-])OP(=O)(O)OCC3OC(n4cnc5c(N)ncnc54)C(O)C3O)C(O)C2O)c1,NC(=O)c1ccc[n+](C2OC(COP(=O)([O-])OP(=O)(O)OCC3OC(n4cnc5c(N)ncnc54)C(OP(=O)(O)O)C3O)C(O)C2O)c1,strong,0.8795180722891566,0.9859154929577465,1,O=[PH](OCC1CCC(n2cnc3cncnc32)O1)O[PH](=O)OCC1CCC([n+]2ccccc2)O1,6,0.8352580650673657,0.8994784263730354,3,0.8994784263730354,1888,3263
3145,3147,M03145,M03147,COc1ccc(C(=O)C(c2coc3cc(O)ccc3c2=O)C(c2ccc(O)cc2)c2ccc(O)cc2)c(OC)c1,COc1ccc(C(=O)C(c2coc3cc(O)ccc3c2=O)C(c2ccc(O)cc2)c2ccc(O)cc2)c(O)c1,strong,0.8571428571428571,0.9666666666666667,1,O=C(c1ccccc1)C(c1coc2ccccc2c1=O)C(c1ccccc1)c1ccccc1,2,0.9466801716388252,0.8979544066982047,1,0.8979544066982047,3145,3147
3071,3020,M03071,M03020,C=C1COC(=O)C12CC1(C)C(C)CCC(OC(=O)C=CSC)C1C2OC(=O)C(C)=CC,C=C1COC(=O)C12CC1(C)C(C)CCC(OC(=O)C=CSC)C1C2OC(C)=O,strong,0.8524590163934426,1.0,1,C=C1COC(=O)C12CC1CCCCC1C2,3,0.9088491513636503,0.8978027825406131,1,0.8978027825406131,3020,3071
167,179,M00167,M00179,CC1OC(OCC2OC(Oc3cc4c(O)cc(O)cc4[o+]c3-c3ccc(O)c(O)c3)C(O)C(O)C2O)C(O)C(O)C1O,CC1OC(OCC2OC(Oc3cc4c(O)cc(O)cc4[o+]c3-c3cc(O)c(O)c(O)c3)C(O)C(O)C2O)C(O)C(O)C1O,strong,0.8412698412698413,1.0,1,c1ccc(-c2[o+]c3ccccc3cc2OC2CCCC(COC3CCCCO3)O2)cc1,2,0.9466801716388252,0.8967639305077285,1,0.8967639305077285,167,179
569,573,M00569,M00573,COc1cc(C=CC(=O)OCC2OC(Oc3cc4oc(-c5ccc(O)cc5)cc(=O)c4c(O)c3C3OC(CO)C(O)C(O)C3O)C(O)C(O)C2O)ccc1O,COc1cc(-c2cc(=O)c3c(O)c(C4OC(CO)C(O)C(O)C4O)c(OC4OC(COC(=O)C=Cc5cc(OC)c(O)c(OC)c5)C(O)C(O)C4O)cc3o2)ccc1O,strong,0.8809523809523809,0.9565217391304348,1,O=C(C=Cc1ccccc1)OCC1CCCC(Oc2cc3oc(-c4ccccc4)cc(=O)c3cc2C2CCCCO2)O1,5,0.8555293230024756,0.8960312618044086,3,0.8960312618044086,569,573
755,4042,M00755,M04042,CCCC1CC(C(=O)NC(C(C)Cl)C2OC(SC)C(O)C(O)C2O)N(C)C1,CCCC1CC(C(=O)NC(C(C)O)C2OC(SC)C(O)C(O)C2O)N(C)C1,strong,0.8571428571428571,0.953125,1,O=C(NCC1CCCCO1)C1CCCN1,2,0.9466801716388252,0.894568990031538,1,0.894568990031538,755,4042
582,579,M00582,M00579,O=c1cc(-c2ccc(O)cc2)oc2c(C3OC(CO)C(O)C(O)C3O)c(O)c(C3OC(CO)C(O)C(O)C3O)c(O)c12,O=c1cc(-c2ccc(O)cc2)oc2c(C3OCC(O)C(O)C3O)c(O)c(C3OC(CO)C(O)C(O)C3O)c(O)c12,strong,0.8545454545454545,0.9743589743589743,1,O=c1cc(-c2ccccc2)oc2c(C3CCCCO3)cc(C3CCCCO3)cc12,3,0.9088491513636503,0.8926443890215638,1,0.8926443890215638,579,582
1150,950,M01150,M00950,COc1ccc(C2CC(=O)c3c(O)cc(OC4OC(COC5OC(C)C(O)C(O)C5O)C(O)C(O)C4O)cc3O2)cc1,COc1ccc(C2CC(=O)c3c(O)cc(OC4OC(COC5OC(C)C(O)C(O)C5O)C(O)C(O)C4O)cc3O2)cc1O,strong,0.8428571428571429,1.0,1,O=C1CC(c2ccccc2)Oc2cc(OC3CCCC(COC4CCCCO4)O3)ccc21,3,0.9088491513636503,0.8920416584188332,2,0.8920416584188332,950,1150
3999,3985,M03999,M03985,O=C(O)CCCn1cc(C(=O)c2cccc3ccccc23)c2ccccc21,O=C(O)CCCCn1cc(C(=O)c2cccc3ccccc23)c2ccccc21,strong,0.9285714285714286,0.975,1,O=C(c1cccc2ccccc12)c1c[nH]c2ccccc12,39,0.6060525864057348,0.8918007451037174,1,0.8918007451037174,3985,3999
2639,4417,M02639,M04417,CCCCN1CCCCC1C(=O)Nc1c(C)cccc1C,CCCN1CCCCC1C(=O)Nc1c(C)cccc1C,strong,0.8604651162790697,0.9565217391304348,1,O=C(Nc1ccccc1)C1CCCCN1,3,0.9088491513636503,0.8917368772545982,1,0.8917368772545982,2639,4417
3997,3981,M03997,M03981,CCCCn1cc(C(=O)c2cccc3ccccc23)c2ccc(O)cc21,CCCCCn1cc(C(=O)c2cccc3ccccc23)c2ccc(O)cc21,strong,0.9361702127659575,0.9512195121951219,1,O=C(c1cccc2ccccc12)c1c[nH]c2ccccc12,39,0.6060525864057348,0.8904148936692152,1,0.8904148936692152,3981,3997
3980,3996,M03980,M03996,CCCCCn1cc(C(=O)c2cccc3ccccc23)c2cc(O)ccc21,CCCCn1cc(C(=O)c2cccc3ccccc23)c2cc(O)ccc21,strong,0.9361702127659575,0.9512195121951219,1,O=C(c1cccc2ccccc12)c1c[nH]c2ccccc12,39,0.6060525864057348,0.8904148936692152,1,0.8904148936692152,3980,3996
2054,3785,M02054,M03785,CCC(C)C1OC2(C=CC1C)CC1CC(CC=C(C)C(OC3CC(OC)C(OC4CC(OC)C(O)C(C)O4)C(C)O3)C(C)C=CC=C3COC4C(O)C(C)=CC(C(=O)O1)C34O)O2,CCC(C)C1OC2(C=CC1C)CC1CC(CC=C(C)C(OC3CC(OC)C(OC4CC(OC)C(NC)C(C)O4)C(C)O3)C(C)C=CC=C3COC4C(O)C(C)=CC(C(=O)O1)C34O)O2,strong,0.8846153846153846,0.8909090909090909,1,O=C1OC2CC(CC=CC(OC3CCC(OC4CCCCO4)CO3)CC=CC=C3COC4CC=CC1C34)OC1(C=CCCO1)C2,3,0.9088491513636503,0.8898238762010511,2,0.8898238762010511,2054,3785
3995,3979,M03995,M03979,CCCCn1cc(C(=O)c2cccc3ccccc23)c2c(O)cccc21,CCCCCn1cc(C(=O)c2cccc3ccccc23)c2c(O)cccc21,strong,0.9347826086956522,0.9512195121951219,1,O=C(c1cccc2ccccc12)c1c[nH]c2ccccc12,39,0.6060525864057348,0.889582331227032,1,0.889582331227032,3979,3995
3992,3978,M03992,M03978,CCCCn1c(O)c(C(=O)c2cccc3ccccc23)c2ccccc21,CCCCCn1c(O)c(C(=O)c2cccc3ccccc23)c2ccccc21,strong,0.9302325581395349,0.9591836734693877,1,O=C(c1cccc2ccccc12)c1c[nH]c2ccccc12,39,0.6060525864057348,0.8888433412119281,1,0.8888433412119281,3978,3992
3149,3146,M03149,M03146,O=C1CC(c2ccc(O)cc2)Oc2cc3c(c(O)c21)C(C(=O)c1ccc(O)cc1O)C(c1ccc(O)cc1)O3,COc1ccc(C2Oc3cc4c(c(O)c3C2C(=O)c2ccc(O)cc2O)C(=O)CC(c2ccc(O)cc2)O4)cc1,strong,0.8620689655172413,0.9166666666666666,1,O=C1CC(c2ccccc2)Oc2cc3c(cc21)C(C(=O)c1ccccc1)C(c1ccccc1)O3,2,0.9466801716388252,0.8884100717228351,1,0.8884100717228351,3146,3149
3152,3154,M03152,M03154,CCCCCCCCCCCC=CCCC1CCCC(C)N1,CCCCCCCCCC=CCCCCC1CCCC(C)N1,strong,0.8823529411764706,1.0,1,C1CCNCC1,15,0.7265474540909509,0.888393882819525,1,0.888393882819525,3152,3154
3998,3982,M03998,M03982,CCCCn1cc(C(=O)c2cccc3ccccc23)c2cccc(O)c21,CCCCCn1cc(C(=O)c2cccc3ccccc23)c2cccc(O)c21,strong,0.9318181818181818,0.9534883720930233,1,O=C(c1cccc2ccccc12)c1c[nH]c2ccccc12,39,0.6060525864057348,0.8883708900750251,1,0.8883708900750251,3982,3998
1230,320,M01230,M00320,O=c1cc(-c2ccc(O)cc2)oc2c(C3OC(CO)C(O)C(O)C3O)c(O)cc(O)c12,O=c1cc(-c2ccc(O)c(O)c2)oc2c(C3OC(CO)C(O)C(O)C3O)c(O)cc(O)c12,strong,0.8269230769230769,1.0,1,O=c1cc(-c2ccccc2)oc2c(C3CCCCO3)cccc12,2,0.9466801716388252,0.8881558718996699,1,0.8881558718996699,320,1230
3336,3337,M03336,M03337,CCCc1nn(C)c2c(=O)[nH]c(-c3cc(C(=O)CN4CCN(CCO)CC4)ccc3OCC)nc12,CCCc1nn(C)c2c(=O)[nH]c(-c3cc(C(=O)CN4CCN(C)CC4)ccc3OCC)nc12,strong,0.8823529411764706,0.9066666666666666,1,O=C(CN1CCNCC1)c1cccc(-c2nc3cn[nH]c3c(=O)[nH]2)c1,4,0.8795051323147839,0.8880042012197666,2,0.8880042012197666,3336,3337
3334,3336,M03334,M03336,CCCc1nn(C)c2c(=O)[nH]c(-c3cc(C(=O)CN4CCN(CC)CC4)ccc3OCC)nc12,CCCc1nn(C)c2c(=O)[nH]c(-c3cc(C(=O)CN4CCN(CCO)CC4)ccc3OCC)nc12,strong,0.8823529411764706,0.9066666666666666,1,O=C(CN1CCNCC1)c1cccc(-c2nc3cn[nH]c3c(=O)[nH]2)c1,4,0.8795051323147839,0.8880042012197666,2,0.8880042012197666,3334,3336
579,578,M00579,M00578,O=c1cc(-c2ccc(O)cc2)oc2c(C3OCC(O)C(O)C3O)c(O)c(C3OC(CO)C(O)C(O)C3O)c(O)c12,O=c1cc(-c2ccc(O)c(O)c2)oc2c(C3OC(CO)C(O)C(O)C3O)c(O)c(C3OCC(O)C(O)C3O)c(O)c12,strong,0.8360655737704918,1.0,1,O=c1cc(-c2ccccc2)oc2c(C3CCCCO3)cc(C3CCCCO3)cc12,3,0.9088491513636503,0.8879667169668426,2,0.8879667169668426,578,579
1896,1519,M01896,M01519,Cc1ncc(C[n+]2csc(CCOP(=O)([O-])O)c2C)c(N)n1,Cc1ncc(C[n+]2csc(CCOP(=O)(O)O)c2C)c(N)n1,strong,0.8490566037735849,0.9846153846153847,1,c1ncc(C[n+]2ccsc2)cn1,4,0.8795051323147839,0.8875135782652147,1,0.8875135782652147,1519,1896
4614,4612,M04614,M04612,CCCc1nc(C)c2c(=O)[nH]c(-c3cc(S(=O)(=O)N4CCN(CCO)CC4)ccc3OCC)nn12,CCCc1nc(C)c2c(=O)[nH]c(-c3cc(S(=O)(=O)N4CCN(CC)CC4)ccc3OCC)nn12,strong,0.8571428571428571,0.9230769230769231,1,O=c1[nH]c(-c2cccc(S(=O)(=O)N3CCNCC3)c2)nn2cncc12,2,0.9466801716388252,0.8870569708007688,1,0.8870569708007688,4612,4614
20,126,M00020,M00126,O=c1cc(-c2ccc(O)c(O)c2)oc2cc(OC3OC(CO)C(O)C(O)C3O)cc(O)c12,O=c1cc(-c2ccc(O)cc2)oc2cc(OC3OC(CO)C(O)C(O)C3O)cc(O)c12,strong,0.8518518518518519,0.9743589743589743,1,O=c1cc(-c2ccccc2)oc2cc(OC3CCCCO3)ccc12,4,0.8795051323147839,0.8866266245480723,1,0.8866266245480723,20,126
3567,3568,M03567,M03568,CC1=C(C(=O)O)N2C(=O)C(NC(=O)C(N)c3ccc(O)cc3)C2SC1,CC1=C(C(=O)O)N2C(=O)C(NC(=O)C(N)c3ccccc3)C2SC1,strong,0.8461538461538461,0.9642857142857143,1,O=C(Cc1ccccc1)NC1C(=O)N2C=CCSC12,3,0.9088491513636503,0.8850911089682838,1,0.8850911089682838,3567,3568
3178,3108,M03178,M03108,C=C1C(O)CC2C(C)(C(=O)O)CCCC2(C)C1CC1C(C)=CCC2C(=O)C(OC)=CC(=O)C21c1cc(=O)c2c(O)cc(O)cc2o1,C=C1C(O)CC2C(C)(C)CCCC2(C)C1CC1C(C)=CCC2C(=O)C(OC)=CC(=O)C21c1cc(=O)c2c(O)cc(O)cc2o1,strong,0.8620689655172413,0.9433962264150944,1,C=C1CCC2CCCCC2C1CC1C=CCC2C(=O)C=CC(=O)C12c1cc(=O)c2ccccc2o1,4,0.8795051323147839,0.885016205761336,1,0.885016205761336,3108,3178
324,165,M00324,M00165,OCC1OC(Oc2cc3c(OC4OC(CO)C(O)C(O)C4O)cc(O)cc3[o+]c2-c2ccc(O)cc2)C(O)C(O)C1O,OCC1OC(Oc2cc3c(OC4OC(CO)C(O)C(O)C4O)cc(O)cc3[o+]c2-c2ccc(O)c(O)c2)C(O)C(O)C1O,strong,0.8301886792452831,1.0,1,c1ccc(-c2[o+]c3cccc(OC4CCCCO4)c3cc2OC2CCCCO2)cc1,3,0.9088491513636503,0.8844405802517173,1,0.8844405802517173,165,324
4001,3991,M04001,M03991,CCCCCn1cc(C(=O)c2ccc(C)c3ccccc23)c2ccccc21,CCCCn1cc(C(=O)c2ccc(C)c3ccccc23)c2ccccc21,strong,0.9285714285714286,0.9444444444444444,1,O=C(c1cccc2ccccc12)c1c[nH]c2ccccc12,39,0.6060525864057348,0.8841618562148286,1,0.8841618562148286,3991,4001
50,26,M00050,M00026,COc1cc(-c2oc3cc(=O)cc4oc(C)cc(c2OC2OC(CO)C(O)C(O)C2O)c43)cc(OC)c1O,COc1cc(-c2oc3cc(=O)cc4oc(O)cc(c2OC2OC(CO)C(O)C(O)C2O)c43)cc(OC)c1O,strong,0.8524590163934426,0.9767441860465116,1,O=c1cc2occc3c(OC4CCCCO4)c(-c4ccccc4)oc(c1)c23,5,0.8555293230024756,0.8839908547980648,1,0.8839908547980648,26,50
2758,672,M02758,M00672,CCC1COC(Cn2cncn2)(c2ccc(Cl)cc2Cl)O1,CCCC1COC(Cn2cncn2)(c2ccc(Cl)cc2Cl)O1,strong,0.8653846153846154,0.9107142857142857,1,c1ccc(C2(Cn3cncn3)OCCO2)cc1,3,0.9088491513636503,0.8832367133638882,1,0.8832367133638882,672,2758
2096,2097,M02096,M02097,CCCC[n+]1cccc(S(=O)(=O)[O-])c1,CCCCC[n+]1cccc(S(=O)(=O)[O-])c1,strong,0.90625,0.96,1,c1cc[nH+]cc1,25,0.6627017793637848,0.8831552669045677,1,0.8831552669045677,2096,2097
3115,3113,M03115,M03113,CC1CC2(NCCS2)C2(O)OC3CC4(C=O)C(CCC5C4CCC4(C)C(C6=CC(=O)OC6)CC(O)C54O)CC3OC2O1,CC1CC2(NCCS2)C2(O)OC3CC4(C=O)C(CCC5C4CCC4(C)C(C6=CC(=O)OC6)CCC54O)CC3OC2O1,strong,0.8181818181818182,1.0,1,O=C1C=C(C2CCC3C2CCC2C4CC5OC6C(OCCC67NCCS7)OC5CC4CCC23)CO1,2,0.9466801716388252,0.8829111166549147,1,0.8829111166549147,3113,3115
3974,3989,M03974,M03989,CCCCCn1cc(C(=O)c2cccc3ccccc23)c2ccccc21,CCCCn1cc(C(=O)c2cccc3ccccc23)c2ccccc21,strong,0.926829268292683,0.9428571428571428,1,O=C(c1cccc2ccccc12)c1c[nH]c2ccccc12,39,0.6060525864057348,0.8827197346507558,3,0.8827197346507558,3974,3989
3177,3108,M03177,M03108,C=C1C(O)CC2C(C)(CO)CCCC2(C)C1CC1C(C)=CCC2C(=O)C(OC)=CC(=O)C21c1cc(=O)c2c(O)cc(O)cc2o1,C=C1C(O)CC2C(C)(C)CCCC2(C)C1CC1C(C)=CCC2C(=O)C(OC)=CC(=O)C21c1cc(=O)c2c(O)cc(O)cc2o1,strong,0.872093023255814,0.9090909090909091,1,C=C1CCC2CCCCC2C1CC1C=CCC2C(=O)C=CC(=O)C12c1cc(=O)c2ccccc2o1,4,0.8795051323147839,0.8824543110734332,1,0.8824543110734332,3108,3177
3578,2036,M03578,M02036,CON=C(C(=O)O)c1ccccc1CON=C(C)c1cccc(C(F)(F)F)c1,CON=C(C(=O)OC)c1ccccc1CON=C(C)c1cccc(C(F)(F)F)c1,strong,0.8363636363636363,0.9534883720930233,1,C(=NOCc1ccccc1)c1ccccc1,2,0.9466801716388252,0.8821923005872613,1,0.8821923005872613,2036,3578
3067,3078,M03067,M03078,CC(C)(O)C=CC(=O)C(C)(O)C1C(O)CC2(C)C3CC=C4C(CC(=O)C(O)C4(C)C)C3(C)C(=O)CC12C,CC(=O)OC(C)(C)C=CC(=O)C(C)(O)C1C(O)CC2(C)C3CC=C4C(CC(=O)C(O)C4(C)C)C3(C)C(=O)CC12C,strong,0.835820895522388,0.9534883720930233,1,O=C1CCC2=CCC3C4CCCC4CC(=O)C3C2C1,2,0.9466801716388252,0.8818666560825124,1,0.8818666560825124,3067,3078
2307,2737,M02307,M02737,CCCCCCCCOC(=O)c1ccccc1C(=O)OCCCCCCCC,CCCCCCCOC(=O)c1ccccc1C(=O)OCCCCCCC,strong,1.0,1.0,1,c1ccccc1,802,0.21161295934610674,0.881741943901916,3,0.881741943901916,2307,2737
2743,2605,M02743,M02605,CCCCCCCCCOC(=O)c1ccccc1C(=O)OCCCCCCCCC,CCCCCCOC(=O)c1ccccc1C(=O)OCCCCCC,strong,1.0,1.0,1,c1ccccc1,802,0.21161295934610674,0.881741943901916,2,0.881741943901916,2605,2743
2764,2735,M02764,M02735,CCCCCCCCCCOC(=O)c1ccccc1C(=O)OCCCCCCCCCC,CCCCCCCCCCCCOC(=O)c1ccccc1C(=O)OCCCCCCCCCCCC,strong,1.0,1.0,1,c1ccccc1,802,0.21161295934610674,0.881741943901916,3,0.881741943901916,2735,2764
2764,2605,M02764,M02605,CCCCCCCCCCOC(=O)c1ccccc1C(=O)OCCCCCCCCCC,CCCCCCOC(=O)c1ccccc1C(=O)OCCCCCC,strong,1.0,1.0,1,c1ccccc1,802,0.21161295934610674,0.881741943901916,2,0.881741943901916,2605,2764
2538,2774,M02538,M02774,CCCCCCCCCc1ccc(O)cc1,CCCCCCCCc1ccc(O)cc1,strong,1.0,1.0,1,c1ccccc1,802,0.21161295934610674,0.881741943901916,1,0.881741943901916,2538,2774
2764,2307,M02764,M02307,CCCCCCCCCCOC(=O)c1ccccc1C(=O)OCCCCCCCCCC,CCCCCCCCOC(=O)c1ccccc1C(=O)OCCCCCCCC,strong,1.0,1.0,1,c1ccccc1,802,0.21161295934610674,0.881741943901916,1,0.881741943901916,2307,2764
2743,2735,M02743,M02735,CCCCCCCCCOC(=O)c1ccccc1C(=O)OCCCCCCCCC,CCCCCCCCCCCCOC(=O)c1ccccc1C(=O)OCCCCCCCCCCCC,strong,1.0,1.0,1,c1ccccc1,802,0.21161295934610674,0.881741943901916,3,0.881741943901916,2735,2743
2605,2735,M02605,M02735,CCCCCCOC(=O)c1ccccc1C(=O)OCCCCCC,CCCCCCCCCCCCOC(=O)c1ccccc1C(=O)OCCCCCCCCCCCC,strong,1.0,1.0,1,c1ccccc1,802,0.21161295934610674,0.881741943901916,2,0.881741943901916,2605,2735
2743,2307,M02743,M02307,CCCCCCCCCOC(=O)c1ccccc1C(=O)OCCCCCCCCC,CCCCCCCCOC(=O)c1ccccc1C(=O)OCCCCCCCC,strong,1.0,1.0,1,c1ccccc1,802,0.21161295934610674,0.881741943901916,1,0.881741943901916,2307,2743
2605,2737,M02605,M02737,CCCCCCOC(=O)c1ccccc1C(=O)OCCCCCC,CCCCCCCOC(=O)c1ccccc1C(=O)OCCCCCCC,strong,1.0,1.0,1,c1ccccc1,802,0.21161295934610674,0.881741943901916,3,0.881741943901916,2605,2737
2740,2741,M02740,M02741,CC(C)CCCCCCCOC(=O)c1ccccc1C(=O)OCCCCCCCC(C)C,CC(C)CCCCCCOC(=O)c1ccccc1C(=O)OCCCCCCC(C)C,strong,1.0,1.0,1,c1ccccc1,802,0.21161295934610674,0.881741943901916,1,0.881741943901916,2740,2741
2739,2735,M02739,M02735,CCCCCCCCCCCOC(=O)c1ccccc1C(=O)OCCCCCCCCCCC,CCCCCCCCCCCCOC(=O)c1ccccc1C(=O)OCCCCCCCCCCCC,strong,1.0,1.0,1,c1ccccc1,802,0.21161295934610674,0.881741943901916,3,0.881741943901916,2735,2739
2739,2605,M02739,M02605,CCCCCCCCCCCOC(=O)c1ccccc1C(=O)OCCCCCCCCCCC,CCCCCCOC(=O)c1ccccc1C(=O)OCCCCCC,strong,1.0,1.0,1,c1ccccc1,802,0.21161295934610674,0.881741943901916,2,0.881741943901916,2605,2739
2739,2307,M02739,M02307,CCCCCCCCCCCOC(=O)c1ccccc1C(=O)OCCCCCCCCCCC,CCCCCCCCOC(=O)c1ccccc1C(=O)OCCCCCCCC,strong,1.0,1.0,1,c1ccccc1,802,0.21161295934610674,0.881741943901916,1,0.881741943901916,2307,2739
2737,2735,M02737,M02735,CCCCCCCOC(=O)c1ccccc1C(=O)OCCCCCCC,CCCCCCCCCCCCOC(=O)c1ccccc1C(=O)OCCCCCCCCCCCC,strong,1.0,1.0,1,c1ccccc1,802,0.21161295934610674,0.881741943901916,3,0.881741943901916,2735,2737
2735,2307,M02735,M02307,CCCCCCCCCCCCOC(=O)c1ccccc1C(=O)OCCCCCCCCCCCC,CCCCCCCCOC(=O)c1ccccc1C(=O)OCCCCCCCC,strong,1.0,1.0,1,c1ccccc1,802,0.21161295934610674,0.881741943901916,1,0.881741943901916,2307,2735
2605,2307,M02605,M02307,CCCCCCOC(=O)c1ccccc1C(=O)OCCCCCC,CCCCCCCCOC(=O)c1ccccc1C(=O)OCCCCCCCC,strong,1.0,1.0,1,c1ccccc1,802,0.21161295934610674,0.881741943901916,1,0.881741943901916,2307,2605
4223,2285,M04223,M02285,CCCCCCCCc1ccc(OCCOCCO)cc1,CCCCCCCCCc1ccc(OCCOCCO)cc1,strong,1.0,1.0,1,c1ccccc1,802,0.21161295934610674,0.881741943901916,1,0.881741943901916,2285,4223
4815,4812,M04815,M04812,CCCCCCCCCC(CCCCC)c1ccc(S(=O)(=O)O)cc1,CCCCCCC(CCCCC)c1ccc(S(=O)(=O)O)cc1,strong,1.0,1.0,1,c1ccccc1,802,0.21161295934610674,0.881741943901916,1,0.881741943901916,4812,4815
4687,4682,M04687,M04682,CCCCCCCCCCCCCC[N+](C)(C)Cc1ccccc1,CCCCCCCCCCCCCCCC[N+](C)(C)Cc1ccccc1,strong,1.0,1.0,1,c1ccccc1,802,0.21161295934610674,0.881741943901916,2,0.881741943901916,4682,4687
4814,4813,M04814,M04813,CCCCCCCCC(CCCCC)c1ccc(S(=O)(=O)O)cc1,CCCCCCCC(CCCCC)c1ccc(S(=O)(=O)O)cc1,strong,1.0,1.0,1,c1ccccc1,802,0.21161295934610674,0.881741943901916,2,0.881741943901916,4813,4814
4812,4813,M04812,M04813,CCCCCCC(CCCCC)c1ccc(S(=O)(=O)O)cc1,CCCCCCCC(CCCCC)c1ccc(S(=O)(=O)O)cc1,strong,1.0,1.0,1,c1ccccc1,802,0.21161295934610674,0.881741943901916,1,0.881741943901916,4812,4813
4812,4814,M04812,M04814,CCCCCCC(CCCCC)c1ccc(S(=O)(=O)O)cc1,CCCCCCCCC(CCCCC)c1ccc(S(=O)(=O)O)cc1,strong,1.0,1.0,1,c1ccccc1,802,0.21161295934610674,0.881741943901916,2,0.881741943901916,4812,4814
4816,4813,M04816,M04813,CCCCCCCCCCC(CCCCC)c1ccc(S(=O)(=O)O)cc1,CCCCCCCC(CCCCC)c1ccc(S(=O)(=O)O)cc1,strong,1.0,1.0,1,c1ccccc1,802,0.21161295934610674,0.881741943901916,2,0.881741943901916,4813,4816
4816,4812,M04816,M04812,CCCCCCCCCCC(CCCCC)c1ccc(S(=O)(=O)O)cc1,CCCCCCC(CCCCC)c1ccc(S(=O)(=O)O)cc1,strong,1.0,1.0,1,c1ccccc1,802,0.21161295934610674,0.881741943901916,1,0.881741943901916,4812,4816
4682,3466,M04682,M03466,CCCCCCCCCCCCCCCC[N+](C)(C)Cc1ccccc1,CCCCCCCCCCCC[N+](C)(C)Cc1ccccc1,strong,1.0,1.0,1,c1ccccc1,802,0.21161295934610674,0.881741943901916,1,0.881741943901916,3466,4682
4815,4814,M04815,M04814,CCCCCCCCCC(CCCCC)c1ccc(S(=O)(=O)O)cc1,CCCCCCCCC(CCCCC)c1ccc(S(=O)(=O)O)cc1,strong,1.0,1.0,1,c1ccccc1,802,0.21161295934610674,0.881741943901916,3,0.881741943901916,4814,4815
4815,4813,M04815,M04813,CCCCCCCCCC(CCCCC)c1ccc(S(=O)(=O)O)cc1,CCCCCCCC(CCCCC)c1ccc(S(=O)(=O)O)cc1,strong,1.0,1.0,1,c1ccccc1,802,0.21161295934610674,0.881741943901916,2,0.881741943901916,4813,4815
3466,4687,M03466,M04687,CCCCCCCCCCCC[N+](C)(C)Cc1ccccc1,CCCCCCCCCCCCCC[N+](C)(C)Cc1ccccc1,strong,1.0,1.0,1,c1ccccc1,802,0.21161295934610674,0.881741943901916,2,0.881741943901916,3466,4687
4816,4814,M04816,M04814,CCCCCCCCCCC(CCCCC)c1ccc(S(=O)(=O)O)cc1,CCCCCCCCC(CCCCC)c1ccc(S(=O)(=O)O)cc1,strong,1.0,1.0,1,c1ccccc1,802,0.21161295934610674,0.881741943901916,3,0.881741943901916,4814,4816
1126,1125,M01126,M01125,CCCCCCCCCCCCCCCCCCCCCCCCCc1cc(O)cc(O)c1,CCCCCCCCCCCCCCCCCc1cc(O)cc(O)c1,strong,1.0,1.0,1,c1ccccc1,802,0.21161295934610674,0.881741943901916,1,0.881741943901916,1125,1126
4216,4224,M04216,M04224,CCCCCCCCCc1ccc(OCCO)cc1,CCCCCCCCc1ccc(OCCO)cc1,strong,1.0,1.0,1,c1ccccc1,802,0.21161295934610674,0.881741943901916,1,0.881741943901916,4216,4224
16,38,M00016,M00038,COc1cc(-c2oc3cc(O)cc(O)c3c(=O)c2OC2OC(COC3OC(C)C(O)C(O)C3O)C(O)C(O)C2O)ccc1O,CC1OC(OCC2OC(Oc3c(-c4ccc(O)c(O)c4)oc4cc(O)cc(O)c4c3=O)C(O)C(O)C2O)C(O)C(O)C1O,strong,0.8529411764705882,0.9512195121951219,1,O=c1c(OC2CCCC(COC3CCCCO3)O2)c(-c2ccccc2)oc2ccccc12,4,0.8795051323147839,0.881495353778351,1,0.881495353778351,16,38
951,44,M00951,M00044,COc1ccc(C2CC(=O)c3c(O)cc(OC4OC(CO)C(O)C(O)C4OC4OC(C)C(O)C(O)C4O)cc3O2)cc1O,CC1OC(OC2C(Oc3cc(O)c4c(c3)OC(c3ccc(O)cc3)CC4=O)OC(CO)C(O)C2O)C(O)C(O)C1O,strong,0.8356164383561644,0.9523809523809523,1,O=C1CC(c2ccccc2)Oc2cc(OC3OCCCC3OC3CCCCO3)ccc21,2,0.9466801716388252,0.8814671268547604,1,0.8814671268547604,44,951
4450,3936,M04450,M03936,CCCc1nn(C)c2c(=O)[nH]c(-c3cc(S(=O)(=O)N4CCN(CCO)CC4)ccc3OCC)nc12,CCCc1nn(C)c2c(=O)[nH]c(-c3cc(S(=O)(=O)N4CCN(CC)CC4)ccc3OCC)nc12,strong,0.8695652173913043,0.9239130434782609,1,O=c1[nH]c(-c2cccc(S(=O)(=O)N3CCNCC3)c2)nc2cn[nH]c12,5,0.8555293230024756,0.8810467897547192,1,0.8810467897547192,3936,4450
249,376,M00249,M00376,COc1cc(-c2oc3cc(O)cc(O)c3c(=O)c2O)cc(O)c1O,COc1cc(-c2oc3cc(O)cc(O)c3c(=O)c2O)cc(OC)c1O,strong,0.9230769230769231,0.9393939393939394,1,O=c1cc(-c2ccccc2)oc2ccccc12,37,0.6127978022039184,0.8806143090252265,1,0.8806143090252265,249,376
3165,3162,M03165,M03162,CC(C)=CCC1CC2(CC=C(C)C)C(=O)C(C(=O)C(C)C)=C(O)OC2=C(C(CC(=O)O)c2ccccc2)C1(C)C,CCC(C)C(=O)C1=C(O)OC2=C(C(CC(=O)O)c3ccccc3)C(C)(C)C(CC=C(C)C)CC2(CC=C(C)C)C1=O,strong,0.8656716417910447,0.9534883720930233,1,O=C1C=COC2=C(Cc3ccccc3)CCCC12,7,0.8176983027273006,0.8804298235069776,1,0.8804298235069776,3162,3165
332,180,M00332,M00180,COc1cc(-c2[o+]c3cc(O)cc(O)c3cc2OC2OC(CO)C(O)C(O)C2O)cc(O)c1O,OCC1OC(Oc2cc3c(O)cc(O)cc3[o+]c2-c2cc(O)c(O)c(O)c2)C(O)C(O)C1O,strong,0.8703703703703703,0.9512195121951219,1,c1ccc(-c2[o+]c3ccccc3cc2OC2CCCCO2)cc1,8,0.802209494641301,0.8803585244671978,2,0.8803585244671978,180,332
568,563,M00568,M00563,COc1cc(C=CC(=O)OCC2OC(Oc3cc4oc(-c5ccc(O)cc5)cc(=O)c4c(O)c3C3OC(CO)C(O)C(O)C3O)C(O)C(O)C2O)cc(OC)c1O,COc1cc(O)c(O)cc1C=CC(=O)OCC1OC(Oc2cc3oc(-c4ccc(O)cc4)cc(=O)c3c(O)c2C2OC(CO)C(O)C(O)C2O)C(O)C(O)C1O,strong,0.8452380952380952,0.9777777777777777,1,O=C(C=Cc1ccccc1)OCC1CCCC(Oc2cc3oc(-c4ccccc4)cc(=O)c3cc2C2CCCCO2)O1,5,0.8555293230024756,0.8799167000376729,3,0.8799167000376729,563,568
4452,4444,M04452,M04444,CCCc1nn(C)c2c(=O)[nH]c(-c3cc(S(=O)(=O)N4CCNCC4)ccc3OCC)nc12,CCCc1nn(C)c2c(=O)[nH]c(-c3cc(S(=O)(=O)N4CCN(C)CC4)ccc3OCC)nc12,strong,0.8636363636363636,0.9333333333333333,1,O=c1[nH]c(-c2cccc(S(=O)(=O)N3CCNCC3)c2)nc2cn[nH]c12,5,0.8555293230024756,0.8798445499655227,1,0.8798445499655227,4444,4452
163,325,M00163,M00325,OCC1OC(Oc2cc3c(O)cc(O)cc3[o+]c2-c2ccc(O)c(O)c2)C(O)C(O)C1O,OCC1OC(Oc2cc3c(O)cc(O)cc3[o+]c2-c2ccc(O)cc2)C(O)C(O)C1O,strong,0.8490566037735849,1.0,1,c1ccc(-c2[o+]c3ccccc3cc2OC2CCCCO2)cc1,8,0.802209494641301,0.8797653864603461,1,0.8797653864603461,163,325
1109,1283,M01109,M01283,O=c1oc2cc(O)ccc2c2ccc(O)cc12,O=c1oc2cc(O)ccc2c2cc(O)ccc12,strong,0.8518518518518519,1.0,1,O=c1oc2ccccc2c2ccccc12,9,0.7883542836784342,0.8793642536628762,1,0.8793642536628762,1109,1283
3053,3074,M03053,M03074,C=C(C(=O)C(O)C(C)C1C(OC(C)=O)CC2(C)C3CCC4C(C)C(=O)C=CC45CC35CCC12C)C(C)CO,C=C(C(=O)C(OC(C)=O)C(C)C1C(OC(C)=O)CC2(C)C3CCC4C(C)C(=O)C=CC45CC35CCC12C)C(C)CO,strong,0.8441558441558441,0.9777777777777777,1,O=C1C=CC23CC24CCC2CCCC2C4CCC3C1,5,0.8555293230024756,0.8792673493883223,1,0.8792673493883223,3053,3074
3158,3157,M03158,M03157,CCCC(CC(=O)O)C1=C2OC(O)=C(C(=O)CC(C)C)C(=O)C2(CC=C(C)C)CC(CC=C(C)C)C1(C)C,CCCC(CC(=O)O)C1=C2OC(O)=C(C(=O)C(C)CC)C(=O)C2(CC=C(C)C)CC(CC=C(C)C)C1(C)C,strong,0.8115942028985508,1.0,1,O=C1C=COC2=CCCCC12,2,0.9466801716388252,0.8789585474849543,1,0.8789585474849543,3157,3158
2075,4456,M02075,M04456,CCC1CCCC(OC2CCC(N(C)C)C(C)O2)C(C)C(=O)C2=CC3C(C=CC4CC(OC5OC(C)C(OC)C(OC)C5OC)CC43)C2CC(=O)O1,CCC1CCCC(OC2CCC(N(C)C)C(C)O2)C(C)C(=O)C2=CC3C(C=C(C)C4CC(OC5OC(C)C(OC)C(OC)C5OC)CC43)C2CC(=O)O1,strong,0.8202247191011236,1.0,1,O=C1CC2C(=CC3C2C=CC2CC(OC4CCCCO4)CC23)C(=O)CC(OC2CCCCO2)CCCCO1,3,0.9088491513636503,0.8784622041652217,1,0.8784622041652217,2075,4456
4447,4451,M04447,M04451,CCCc1nn(C)c2c(=S)nc(-c3cc(S(=O)(=O)N4CCN(CC)CC4)ccc3OCC)[nH]c12,CCCc1nn(C)c2c(=S)nc(-c3cc(S(=O)(=O)N4CCN(CCO)CC4)ccc3OCC)[nH]c12,strong,0.8695652173913043,0.9120879120879121,1,O=S(=O)(c1cccc(-c2nc(=S)c3[nH]ncc3[nH]2)c1)N1CCNCC1,5,0.8555293230024756,0.8780905069071319,3,0.8780905069071319,4447,4451
3114,3112,M03114,M03112,CC1CC2(N=CCS2)C2(O)OC3CC4(C=O)C(CCC5C4CCC4(C)C(C6=CC(=O)OC6)CCC54O)CC3OC2O1,CC1CC2(N=CCS2)C2(O)OC3CC4(C=O)C(CCC5C4CCC4(C)C(C6=CC(=O)OC6)CC(O)C54O)CC3OC2O1,strong,0.8160919540229885,0.9838709677419355,1,O=C1C=C(C2CCC3C2CCC2C4CC5OC6C(OCCC67N=CCS7)OC5CC4CCC23)CO1,2,0.9466801716388252,0.8776249400951007,1,0.8776249400951007,3112,3114
350,18,M00350,M00018,O=c1c(OC2OC(CO)C(O)C(O)C2O)c(-c2ccc(O)c(O)c2)oc2cc(O)cc(O)c12,O=c1c(OC2OC(CO)C(O)C(O)C2O)c(-c2ccc(O)cc2)oc2cc(O)cc(O)c12,strong,0.8571428571428571,1.0,1,O=c1c(OC2CCCCO2)c(-c2ccccc2)oc2ccccc12,12,0.7538526280001345,0.8773636084857344,1,0.8773636084857344,18,350
245,34,M00245,M00034,O=C(O)C1OC(Oc2c(-c3ccc(O)cc3)oc3cc(O)cc(O)c3c2=O)C(O)C(O)C1O,O=C(O)C1OC(Oc2c(-c3ccc(O)c(O)c3)oc3cc(O)cc(O)c3c2=O)C(O)C(O)C1O,strong,0.8571428571428571,1.0,1,O=c1c(OC2CCCCO2)c(-c2ccccc2)oc2ccccc12,12,0.7538526280001345,0.8773636084857344,1,0.8773636084857344,34,245
3588,3844,M03588,M03844,O=S(=O)(Oc1ccc(Cl)cc1)c1ccc(Cl)cc1,O=S(=O)(Oc1ccc(Cl)cc1)c1ccccc1,strong,0.8076923076923077,1.0,1,O=S(=O)(Oc1ccccc1)c1ccccc1,2,0.9466801716388252,0.8766174103612084,1,0.8766174103612084,3588,3844
3195,1081,M03195,M01081,CC1(C)SC2C(NC(=O)C(N)c3ccccc3)C(=O)N2C1C(=O)O,CC1(C)SC2C(NC(=O)C(N)c3ccc(O)cc3)C(=O)N2C1C(=O)O,strong,0.84,0.9622641509433962,1,O=C(Cc1ccccc1)NC1C(=O)N2CCSC12,4,0.8795051323147839,0.8764918075830667,1,0.8764918075830667,1081,3195
597,843,M00597,M00843,COC=C(C(=O)OC)c1ccccc1Oc1cc(Oc2ccccc2C#N)ncn1,COC=C(C(=O)O)c1ccccc1Oc1cc(Oc2ccccc2C#N)ncn1,strong,0.8269230769230769,0.9523809523809523,1,c1ccc(Oc2cc(Oc3ccccc3)ncn2)cc1,2,0.9466801716388252,0.876251109994908,1,0.876251109994908,597,843
3177,3178,M03177,M03178,C=C1C(O)CC2C(C)(CO)CCCC2(C)C1CC1C(C)=CCC2C(=O)C(OC)=CC(=O)C21c1cc(=O)c2c(O)cc(O)cc2o1,C=C1C(O)CC2C(C)(C(=O)O)CCCC2(C)C1CC1C(C)=CCC2C(=O)C(OC)=CC(=O)C21c1cc(=O)c2c(O)cc(O)cc2o1,strong,0.8539325842696629,0.9272727272727272,1,C=C1CCC2CCCCC2C1CC1C=CCC2C(=O)C=CC(=O)C12c1cc(=O)c2ccccc2o1,4,0.8795051323147839,0.8761035022271971,2,0.8761035022271971,3177,3178
1244,210,M01244,M00210,COc1ccc(-c2coc3cc(O)cc(O)c3c2=O)cc1,COc1ccc(-c2coc3cc(OC)cc(O)c3c2=O)cc1,strong,0.875,0.9032258064516129,1,O=c1c(-c2ccccc2)coc2ccccc12,6,0.8352580650673657,0.8760951613730081,1,0.8760951613730081,210,1244
2966,3031,M02966,M03031,CCN1CC2(COC(=O)c3ccccc3NC(=O)CCC(=O)O)CCC(OC)C34C5CC6C(OC)CC(O)(C5C6OC)C(O)(C(OC)C23)C14,CCN1CC2(COC(=O)c3ccccc3NC(=O)C(C)CC(=O)O)CCC(OC)C34C5CC6C(OC)CC(O)(C5C6OC)C(O)(C(OC)C23)C14,strong,0.8279569892473119,0.971830985915493,1,O=C(OCC12CCCC34C5CC6CCC(C5C6)C(CC13)C4NC2)c1ccccc1,3,0.9088491513636503,0.8760593127318079,1,0.8760593127318079,2966,3031
3048,3044,M03048,M03044,CC(=O)OC(C)(C)C=CC(=O)C(C)(O)C1C(O)CC2(C)C3CC=C4C(C=C(O)C(=O)C4(C)C)C3(C)C(=O)CC12C,CC(C)(O)C=CC(=O)C(C)(O)C1C(O)CC2(C)C3CC=C4C(C=C(O)C(=O)C4(C)C)C3(C)C(=O)CC12C,strong,0.8260869565217391,0.9523809523809523,1,O=C1C=CC2C(=CCC3C4CCCC4CC(=O)C23)C1,2,0.9466801716388252,0.8757494377541053,1,0.8757494377541053,3044,3048
563,569,M00563,M00569,COc1cc(O)c(O)cc1C=CC(=O)OCC1OC(Oc2cc3oc(-c4ccc(O)cc4)cc(=O)c3c(O)c2C2OC(CO)C(O)C(O)C2O)C(O)C(O)C1O,COc1cc(C=CC(=O)OCC2OC(Oc3cc4oc(-c5ccc(O)cc5)cc(=O)c4c(O)c3C3OC(CO)C(O)C(O)C3O)C(O)C(O)C2O)ccc1O,strong,0.8275862068965517,1.0,1,O=C(C=Cc1ccccc1)OCC1CCCC(Oc2cc3oc(-c4ccccc4)cc(=O)c3cc2C2CCCCO2)O1,5,0.8555293230024756,0.8748811225883024,2,0.8748811225883024,563,569
3107,3108,M03107,M03108,C=C1C(O)CC2C(C)(C)CC(O)CC2(C)C1CC1C(C)=CCC2C(=O)C(OC)=CC(=O)C21c1cc(=O)c2c(O)cc(O)cc2o1,C=C1C(O)CC2C(C)(C)CCCC2(C)C1CC1C(C)=CCC2C(=O)C(OC)=CC(=O)C21c1cc(=O)c2c(O)cc(O)cc2o1,strong,0.8372093023255814,0.9607843137254902,1,C=C1CCC2CCCCC2C1CC1C=CCC2C(=O)C=CC(=O)C12c1cc(=O)c2ccccc2o1,4,0.8795051323147839,0.8744474296739391,1,0.8744474296739391,3107,3108
3069,3049,M03069,M03049,CC(C)=CCCC1(C)C=Cc2c(O)c3c(c(CC=C(C)C)c2O1)OC12C(=CC4CC1C(C)(C)OC2(CC=C(C)C(=O)O)C4=O)C3=O,CC(C)=CCc1c2c(c(O)c3c1OC14C(=CC5CC1C(C)(C)OC4(CC=C(C)C(=O)O)C5=O)C3=O)C=CC(C)(C)O2,strong,0.8375,0.94,1,O=C1C2=CC3CC4COC(C3=O)C24Oc2cc3c(cc21)C=CCO3,3,0.9088491513636503,0.8738273727045475,1,0.8738273727045475,3049,3069
3096,3035,M03096,M03035,C=C(C(=O)C(O)C(C)C1C(OC(C)=O)CC2(C)C3CCC4C(C)C(=O)C=CC45CC35CCC12C)C(C)C,C=C(C(=O)C(OC(C)=O)C(C)C1C(OC(C)=O)CC2(C)C3CCC4C(C)C(=O)C=CC45CC35CCC12C)C(C)C,strong,0.8356164383561644,0.975609756097561,1,O=C1C=CC23CC24CCC2CCCC2C4CCC3C1,5,0.8555293230024756,0.8736017004884602,1,0.8736017004884602,3035,3096
84,1613,M00084,M01613,Nc1nc2c(ncn2C2CC(O)C(COP(=O)(O)O)O2)c(=O)[nH]1,Nc1nc2c(ncn2C2CC(O)C(COP(=O)(O)OP(=O)(O)O)O2)c(=O)[nH]1,strong,0.8620689655172413,0.9863013698630136,1,O=c1[nH]cnc2c1ncn2C1CCCO1,16,0.7185751418868361,0.8716029930591236,1,0.8716029930591236,84,1613
3927,4055,M03927,M04055,COC(C)C(O)(C(=O)OCC1=CC[N+]2([O-])CCC(O)C12)C(C)C,CC(C)C(O)(C(=O)OCC1=CC[N+]2([O-])CCC(O)C12)C(C)O,strong,0.8113207547169812,0.9692307692307692,1,C1=CC2CCC[NH+]2C1,2,0.9466801716388252,0.8711021708837048,1,0.8711021708837048,3927,4055
1008,1577,M01008,M01577,Nc1nc2c(ncn2C2OC(COP(=O)(O)O)C(O)C2O)c(=O)[nH]1,Nc1nc2c(ncn2C2OC(COP(=O)(O)OP(=O)(O)O)C(O)C2O)c(=O)[nH]1,strong,0.8596491228070176,0.9859154929577465,1,O=c1[nH]cnc2c1ncn2C1CCCO1,16,0.7185751418868361,0.8700546182066725,1,0.8700546182066725,1008,1577
357,1253,M00357,M01253,CC1OC(OCC2OC(Oc3c(-c4ccc(O)cc4)oc4cc(OC5OC(C)C(O)C(O)C5O)cc(O)c4c3=O)C(O)C(O)C2O)C(O)C(O)C1O,CC1OC(OCC2OC(Oc3c(-c4ccc(O)c(O)c4)oc4cc(OC5OC(CO)C(O)C(O)C5O)cc(O)c4c3=O)C(O)C(O)C2O)C(O)C(O)C1O,strong,0.8260869565217391,0.9285714285714286,1,O=c1c(OC2CCCC(COC3CCCCO3)O2)c(-c2ccccc2)oc2cc(OC3CCCCO3)ccc12,2,0.9466801716388252,0.8697970568017244,1,0.8697970568017244,357,1253
950,1149,M00950,M01149,COc1ccc(C2CC(=O)c3c(O)cc(OC4OC(COC5OC(C)C(O)C(O)C5O)C(O)C(O)C4O)cc3O2)cc1O,CC1OC(OCC2OC(Oc3cc(O)c4c(c3)OC(c3ccc(O)cc3)CC4=O)C(O)C(O)C2O)C(O)C(O)C1O,strong,0.8260869565217391,0.9512195121951219,1,O=C1CC(c2ccccc2)Oc2cc(OC3CCCC(COC4CCCCO4)O3)ccc21,3,0.9088491513636503,0.8697844246663715,2,0.8697844246663715,950,1149
328,948,M00328,M00948,COc1cc(-c2[o+]c3cc(O)cc(O)c3cc2OC2OC(CO)C(O)C(O)C2O)ccc1O,COc1cc(-c2[o+]c3cc(O)cc(O)c3cc2OC2OC(CO)C(O)C(O)C2O)cc(OC)c1O,strong,0.8421052631578947,0.9761904761904762,1,c1ccc(-c2[o+]c3ccccc3cc2OC2CCCCO2)cc1,8,0.802209494641301,0.869642201138551,1,0.869642201138551,328,948
327,165,M00327,M00165,COc1cc(-c2[o+]c3cc(O)cc(OC4OC(CO)C(O)C(O)C4O)c3cc2OC2OC(CO)C(O)C(O)C2O)ccc1O,OCC1OC(Oc2cc3c(OC4OC(CO)C(O)C(O)C4O)cc(O)cc3[o+]c2-c2ccc(O)c(O)c2)C(O)C(O)C1O,strong,0.8245614035087719,0.9523809523809523,1,c1ccc(-c2[o+]c3cccc(OC4CCCCO4)c3cc2OC2CCCCO2)cc1,3,0.9088491513636503,0.8691594529050488,1,0.8691594529050488,165,327
1209,1268,M01209,M01268,O=C(O)C1OC(Oc2ccc3c(c2)oc(=O)c2ccccc23)C(O)C(O)C1O,O=C(O)C1OC(Oc2ccc3c(c2)oc(=O)c2cc(O)ccc23)C(O)C(O)C1O,strong,0.803921568627451,1.0,1,O=c1oc2cc(OC3CCCCO3)ccc2c2ccccc12,3,0.9088491513636503,0.8686803138810182,1,0.8686803138810182,1209,1268
1209,1270,M01209,M01270,O=C(O)C1OC(Oc2ccc3c(c2)oc(=O)c2ccccc23)C(O)C(O)C1O,O=C(O)C1OC(Oc2ccc3c(c2)oc(=O)c2ccc(O)cc23)C(O)C(O)C1O,strong,0.803921568627451,1.0,1,O=c1oc2cc(OC3CCCCO3)ccc2c2ccccc12,3,0.9088491513636503,0.8686803138810182,2,0.8686803138810182,1209,1270
1511,1723,M01511,M01723,C[S+](CCC(N)C(=O)[O-])CC1OC(n2cnc3c(N)ncnc32)C(O)C1O,C[S+](CCC(N)C(=O)O)CC1OC(n2cnc3c(N)ncnc32)C(O)C1O,strong,0.8666666666666667,1.0,1,c1ncc2ncn(C3CCCO3)c2n1,26,0.6577388176437765,0.8686608226465665,1,0.8686608226465665,1511,1723
377,15,M00377,M00015,COc1cc(-c2oc3cc(O)cc(O)c3c(=O)c2OC2OC(CO)C(O)C(O)C2O)cc(OC)c1O,COc1cc(-c2oc3cc(O)cc(O)c3c(=O)c2OC2OC(CO)C(O)C(O)C2O)ccc1O,strong,0.8524590163934426,0.9761904761904762,1,O=c1c(OC2CCCCO2)c(-c2ccccc2)oc2ccccc12,12,0.7538526280001345,0.8686009230837048,1,0.8686009230837048,15,377
3907,3592,M03907,M03592,CCCc1nn(C)c2c(=O)[nH]c(-c3cc(C(C)=O)ccc3OCC)nc12,CCCc1nn(C)c2c(=O)[nH]c(-c3cc(C(=O)CCl)ccc3OCC)nc12,strong,0.819672131147541,0.9384615384615385,1,O=c1[nH]c(-c2ccccc2)nc2cn[nH]c12,2,0.9466801716388252,0.8684206890497329,1,0.8684206890497329,3592,3907
3847,3852,M03847,M03852,CCC(=O)N(c1ccccc1)C1CCN(CCc2ccccc2)CC1,CCC(=O)N(c1ccc(F)cc1)C1CCN(CCc2ccccc2)CC1,strong,0.8478260869565217,0.9024390243902439,1,c1ccc(CCN2CCC(Nc3ccccc3)CC2)cc1,4,0.8795051323147839,0.8662311781186915,1,0.8662311781186915,3847,3852
1629,313,M01629,M00313,NC(=O)c1ccc[n+](C2OC(COP(=O)([O-])O)C(O)C2O)c1,O=C(O)c1ccc[n+](C2OC(COP(=O)([O-])O)C(O)C2O)c1,strong,0.8235294117647058,0.9193548387096774,1,c1cc[n+](C2CCCO2)cc1,2,0.9466801716388252,0.8659583824820666,1,0.8659583824820666,313,1629
1845,1680,M01845,M01680,CC(CCC(=O)O)C1CCC2C3C(=O)CC4CC(O)CCC4(C)C3CC(O)C12C,CC(CCC(=O)O)C1CCC2C3C(=O)CC4CC(O)CCC4(C)C3CCC12C,medium,0.7894736842105263,1.0,1,O=C1CC2CCCCC2C2CCC3CCCC3C12,2,0.9466801716388252,0.8656862362721395,1,0.8656862362721395,1680,1845
2491,2465,M02491,M02465,O=S(=O)(O)c1ccc2[nH]c(-c3ccccc3)nc2c1,O=S(=O)(O)c1ccc2nc(-c3ccccc3)[nH]c2c1,medium,0.7894736842105263,1.0,1,c1ccc(-c2nc3ccccc3[nH]2)cc1,2,0.9466801716388252,0.8656862362721395,1,0.8656862362721395,2465,2491
4054,3926,M04054,M03926,CC(C)C(O)(C(=O)OCC1=CCN2CCC(O)C12)C(C)O,COC(C)C(O)(C(=O)OCC1=CCN2CCC(O)C12)C(C)C,strong,0.803921568627451,0.9642857142857143,1,C1=CC2CCCN2C1,2,0.9466801716388252,0.8654263954937229,1,0.8654263954937229,3926,4054
583,566,M00583,M00566,O=c1cc(-c2ccc(O)cc2)oc2cc(O)c(C3OC(CO)C(O)C(O)C3OC3OCC(O)C(O)C3O)c(O)c12,COc1cc(-c2cc(=O)c3c(O)c(C4OC(CO)C(O)C(O)C4OC4OCC(O)C(O)C4O)c(O)cc3o2)ccc1O,strong,0.8082191780821918,0.9534883720930233,1,O=c1cc(-c2ccccc2)oc2ccc(C3OCCCC3OC3CCCCO3)cc12,2,0.9466801716388252,0.8653056256183946,1,0.8653056256183946,566,583
3035,3074,M03035,M03074,C=C(C(=O)C(OC(C)=O)C(C)C1C(OC(C)=O)CC2(C)C3CCC4C(C)C(=O)C=CC45CC35CCC12C)C(C)C,C=C(C(=O)C(OC(C)=O)C(C)C1C(OC(C)=O)CC2(C)C3CCC4C(C)C(=O)C=CC45CC35CCC12C)C(C)CO,strong,0.8666666666666667,0.8666666666666667,1,O=C1C=CC23CC24CCC2CCCC2C4CCC3C1,5,0.8555293230024756,0.8649960651170381,2,0.8649960651170381,3035,3074
807,4581,M00807,M04581,CC1CC2C3CCC4=CC(=O)C=CC4(C)C3(F)C(O)CC2(C)C1(O)C(=O)CO,CC12C=CC(=O)C=C1CCC1C3CC(O)C(O)(C(=O)CO)C3(C)CC(O)C12F,strong,0.8596491228070176,0.9607843137254902,1,O=C1C=CC2C(=C1)CCC1C3CCCC3CCC21,15,0.7265474540909509,0.8649676702292257,1,0.8649676702292257,807,4581
4373,4371,M04373,M04371,CCC=CCC1=C(C)C(OC(=O)C2C(C=C(C)C(=O)OC)C2(C)C)CC1=O,CC=CCC1=C(C)C(OC(=O)C2C(C=C(C)C(=O)OC)C2(C)C)CC1=O,strong,0.8363636363636363,0.9705882352941176,1,O=C1C=CC(OC(=O)C2CC2)C1,8,0.802209494641301,0.8647966648379063,1,0.8647966648379063,4371,4373
3936,4452,M03936,M04452,CCCc1nn(C)c2c(=O)[nH]c(-c3cc(S(=O)(=O)N4CCN(CC)CC4)ccc3OCC)nc12,CCCc1nn(C)c2c(=O)[nH]c(-c3cc(S(=O)(=O)N4CCNCC4)ccc3OCC)nc12,strong,0.8382352941176471,0.9333333333333333,1,O=c1[nH]c(-c2cccc(S(=O)(=O)N3CCNCC3)c2)nc2cn[nH]c12,5,0.8555293230024756,0.8646039082542929,3,0.8646039082542929,3936,4452
19,16,M00019,M00016,CC1OC(OCC2OC(Oc3c(-c4ccc(O)cc4)oc4cc(O)cc(O)c4c3=O)C(O)C(O)C2O)C(O)C(O)C1O,COc1cc(-c2oc3cc(O)cc(O)c3c(=O)c2OC2OC(COC3OC(C)C(O)C(O)C3O)C(O)C(O)C2O)ccc1O,strong,0.8235294117647058,0.9512195121951219,1,O=c1c(OC2CCCC(COC3CCCCO3)O2)c(-c2ccccc2)oc2ccccc12,4,0.8795051323147839,0.8638482949548216,2,0.8638482949548216,16,19
4450,4444,M04450,M04444,CCCc1nn(C)c2c(=O)[nH]c(-c3cc(S(=O)(=O)N4CCN(CCO)CC4)ccc3OCC)nc12,CCCc1nn(C)c2c(=O)[nH]c(-c3cc(S(=O)(=O)N4CCN(C)CC4)ccc3OCC)nc12,strong,0.8405797101449275,0.9239130434782609,1,O=c1[nH]c(-c2cccc(S(=O)(=O)N3CCNCC3)c2)nc2cn[nH]c12,5,0.8555293230024756,0.863655485406893,2,0.863655485406893,4444,4450
1520,1519,M01520,M01519,Cc1ncc(C[n+]2csc(CCOP(=O)([O-])OP(=O)(O)O)c2C)c(N)n1,Cc1ncc(C[n+]2csc(CCOP(=O)(O)O)c2C)c(N)n1,strong,0.8214285714285714,0.9552238805970149,1,c1ncc(C[n+]2ccsc2)cn1,4,0.8795051323147839,0.8635888828536141,1,0.8635888828536141,1519,1520
4075,4077,M04075,M04077,CCC(C(=O)c1ccc2c(c1)OCO2)N1CCCC1,CCCC(C(=O)c1ccc2c(c1)OCO2)N1CCCC1,strong,0.813953488372093,0.9555555555555556,1,O=C(CN1CCCC1)c1ccc2c(c1)OCO2,3,0.9088491513636503,0.8635883546166923,1,0.8635883546166923,4075,4077
3096,3053,M03096,M03053,C=C(C(=O)C(O)C(C)C1C(OC(C)=O)CC2(C)C3CCC4C(C)C(=O)C=CC45CC35CCC12C)C(C)C,C=C(C(=O)C(O)C(C)C1C(OC(C)=O)CC2(C)C3CCC4C(C)C(=O)C=CC45CC35CCC12C)C(C)CO,strong,0.863013698630137,0.8695652173913043,1,O=C1C=CC23CC24CCC2CCCC2C4CCC3C1,5,0.8555293230024756,0.8635289219762796,2,0.8635289219762796,3053,3096
1204,1324,M01204,M01324,O=C1CCC(Cc2ccc(O)c(OS(=O)(=O)O)c2)O1,O=C1CCC(Cc2ccc(OS(=O)(=O)O)c(O)c2)O1,strong,0.8222222222222222,0.9795918367346939,1,O=C1CCC(Cc2ccccc2)O1,6,0.8352580650673657,0.8635200022771116,1,0.8635200022771116,1204,1324
3156,3163,M03156,M03163,COC(=O)CC(C1=C2OC(O)=C(C(=O)CC(C)C)C(=O)C2(CC=C(C)C)CC(CC=C(C)C)C1(C)C)c1ccccc1,CC(C)=CCC1CC2(CC=C(C)C)C(=O)C(C(=O)CC(C)C)=C(O)OC2=C(C(CC(=O)O)c2ccccc2)C1(C)C,strong,0.855072463768116,0.9111111111111111,1,O=C1C=COC2=C(Cc3ccccc3)CCCC12,7,0.8176983027273006,0.8634760014477424,1,0.8634760014477424,3156,3163
4369,3367,M04369,M03367,C=CC=CCC1=C(C)C(OC(=O)C2C(C=C(C)C(=O)OC)C2(C)C)CC1=O,C=CCC1=C(C)C(OC(=O)C2C(C=C(C)C(=O)OC)C2(C)C)CC1=O,strong,0.8214285714285714,1.0,1,O=C1C=CC(OC(=O)C2CC2)C1,8,0.802209494641301,0.863188567053338,1,0.863188567053338,3367,4369
4809,4810,M04809,M04810,CCCCCC(CCC)c1ccc(S(=O)(=O)O)cc1,CCCCCCC(CCC)c1ccc(S(=O)(=O)O)cc1,strong,0.96875,1.0,1,c1ccccc1,802,0.21161295934610674,0.8629919439019159,1,0.8629919439019159,4809,4810
3989,3987,M03989,M03987,CCCCn1cc(C(=O)c2cccc3ccccc23)c2ccccc21,CCCCCCCn1cc(C(=O)c2cccc3ccccc23)c2ccccc21,strong,0.9047619047619048,0.9166666666666666,1,O=C(c1cccc2ccccc12)c1c[nH]c2ccccc12,39,0.6060525864057348,0.8629316974846697,3,0.8629316974846697,3987,3989
3989,3986,M03989,M03986,CCCCn1cc(C(=O)c2cccc3ccccc23)c2ccccc21,CCCCCCn1cc(C(=O)c2cccc3ccccc23)c2ccccc21,strong,0.9047619047619048,0.9166666666666666,1,O=C(c1cccc2ccccc12)c1c[nH]c2ccccc12,39,0.6060525864057348,0.8629316974846697,2,0.8629316974846697,3986,3989
1614,84,M01614,M00084,Nc1nc2c(ncn2C2CC(O)C(COP(=O)(O)OP(=O)(O)OP(=O)(O)O)O2)c(=O)[nH]1,Nc1nc2c(ncn2C2CC(O)C(COP(=O)(O)O)O2)c(=O)[nH]1,strong,0.847457627118644,0.9863013698630136,1,O=c1[nH]cnc2c1ncn2C1CCCO1,16,0.7185751418868361,0.8628361900199653,2,0.8628361900199653,84,1614
3163,3165,M03163,M03165,CC(C)=CCC1CC2(CC=C(C)C)C(=O)C(C(=O)CC(C)C)=C(O)OC2=C(C(CC(=O)O)c2ccccc2)C1(C)C,CC(C)=CCC1CC2(CC=C(C)C)C(=O)C(C(=O)C(C)C)=C(O)OC2=C(C(CC(=O)O)c2ccccc2)C1(C)C,strong,0.835820895522388,0.9534883720930233,1,O=C1C=COC2=C(Cc3ccccc3)CCCC12,7,0.8176983027273006,0.8625193757457836,2,0.8625193757457836,3163,3165
4811,4812,M04811,M04812,CCCCCCC(CCCC)c1ccc(S(=O)(=O)O)cc1,CCCCCCC(CCCCC)c1ccc(S(=O)(=O)O)cc1,strong,0.967741935483871,1.0,1,c1ccccc1,802,0.21161295934610674,0.8623871051922386,1,0.8623871051922386,4811,4812
4811,4814,M04811,M04814,CCCCCCC(CCCC)c1ccc(S(=O)(=O)O)cc1,CCCCCCCCC(CCCCC)c1ccc(S(=O)(=O)O)cc1,strong,0.967741935483871,1.0,1,c1ccccc1,802,0.21161295934610674,0.8623871051922386,3,0.8623871051922386,4811,4814
4811,4813,M04811,M04813,CCCCCCC(CCCC)c1ccc(S(=O)(=O)O)cc1,CCCCCCCC(CCCCC)c1ccc(S(=O)(=O)O)cc1,strong,0.967741935483871,1.0,1,c1ccccc1,802,0.21161295934610674,0.8623871051922386,2,0.8623871051922386,4811,4813
3357,2851,M03357,M02851,CCCSc1ccc2nc(NC(=O)OC)[nH]c2c1,CCCSc1ccc2[nH]c(NC(=O)OC)nc2c1,strong,0.8260869565217391,1.0,1,c1ccc2[nH]cnc2c1,10,0.7758207207981391,0.8620252820327644,1,0.8620252820327644,2851,3357
2096,2099,M02096,M02099,CCCC[n+]1cccc(S(=O)(=O)[O-])c1,CCCCCCC[n+]1cccc(S(=O)(=O)[O-])c1,strong,0.8787878787878788,0.9411764705882353,1,c1cc[nH+]cc1,25,0.6627017793637848,0.8619721118243537,3,0.8619721118243537,2096,2099
2096,2098,M02096,M02098,CCCC[n+]1cccc(S(=O)(=O)[O-])c1,CCCCCC[n+]1cccc(S(=O)(=O)[O-])c1,strong,0.8787878787878788,0.9411764705882353,1,c1cc[nH+]cc1,25,0.6627017793637848,0.8619721118243537,2,0.8619721118243537,2096,2098
1896,1520,M01896,M01520,Cc1ncc(C[n+]2csc(CCOP(=O)([O-])O)c2C)c(N)n1,Cc1ncc(C[n+]2csc(CCOP(=O)([O-])OP(=O)(O)O)c2C)c(N)n1,strong,0.8245614035087719,0.9402985074626866,1,c1ncc(C[n+]2ccsc2)cn1,4,0.8795051323147839,0.8617372388181523,2,0.8617372388181523,1520,1896
2829,2721,M02829,M02721,Cc1ccc(OP(=O)(Oc2ccc(C)cc2)Oc2ccc(C)cc2)cc1,Cc1ccc(OP(=O)(Oc2ccccc2)Oc2ccc(C)cc2)cc1,strong,0.8260869565217391,0.9615384615384616,1,O=P(Oc1ccccc1)(Oc1ccccc1)Oc1ccccc1,6,0.8352580650673657,0.8613254990577637,1,0.8613254990577637,2721,2829
1432,1645,M01432,M01645,Nc1ccn(C2CC(O)C(COP(=O)(O)O)O2)c(=O)n1,Nc1ccn(C2CC(O)C(COP(=O)(O)OP(=O)(O)O)O2)c(=O)n1,strong,0.8431372549019608,0.9855072463768116,1,O=c1ncccn1C1CCCO1,15,0.7265474540909509,0.861241282649022,1,0.861241282649022,1432,1645
1618,1008,M01618,M01008,Nc1nc2c(ncn2C2OC(COP(=O)(O)OP(=O)(O)OP(=O)(O)O)C(O)C2O)c(=O)[nH]1,Nc1nc2c(ncn2C2OC(COP(=O)(O)O)C(O)C2O)c(=O)[nH]1,strong,0.8448275862068966,0.9859154929577465,1,O=c1[nH]cnc2c1ncn2C1CCCO1,16,0.7185751418868361,0.8611616962466,2,0.8611616962466,1008,1618
572,568,M00572,M00568,COc1cc(C=CC(=O)OCC2OC(Oc3cc4oc(-c5ccc(O)c(O)c5)cc(=O)c4c(O)c3C3OC(CO)C(O)C(O)C3O)C(O)C(O)C2O)ccc1O,COc1cc(C=CC(=O)OCC2OC(Oc3cc4oc(-c5ccc(O)cc5)cc(=O)c4c(O)c3C3OC(CO)C(O)C(O)C3O)C(O)C(O)C2O)cc(OC)c1O,strong,0.813953488372093,0.9777777777777777,1,O=C(C=Cc1ccccc1)OCC1CCCC(Oc2cc3oc(-c4ccccc4)cc(=O)c3cc2C2CCCCO2)O1,5,0.8555293230024756,0.8611459359180715,3,0.8611459359180715,568,572
2294,781,M02294,M00781,Cc1cccc(C(=O)O)c1N(Cn1cccn1)C(=O)C(=O)O,Cc1cccc(C)c1N(Cn1cccn1)C(=O)C(=O)O,strong,0.8372093023255814,0.9433962264150944,1,c1ccc(NCn2cccn2)cc1,7,0.8176983027273006,0.8608293834082176,1,0.8608293834082176,781,2294
4451,4453,M04451,M04453,CCCc1nn(C)c2c(=S)nc(-c3cc(S(=O)(=O)N4CCN(CCO)CC4)ccc3OCC)[nH]c12,CCCc1nn(C)c2c(=S)nc(-c3cc(S(=O)(=O)N4CCN(C)CC4)ccc3OCC)[nH]c12,strong,0.8405797101449275,0.9120879120879121,1,O=S(=O)(c1cccc(-c2nc(=S)c3[nH]ncc3[nH]2)c1)N1CCNCC1,5,0.8555293230024756,0.8606992025593059,2,0.8606992025593059,4451,4453
3993,3983,M03993,M03983,CC(O)CCn1cc(C(=O)c2cccc3ccccc23)c2ccccc21,CC(O)CCCn1cc(C(=O)c2cccc3ccccc23)c2ccccc21,strong,0.8863636363636364,0.95,1,O=C(c1cccc2ccccc12)c1c[nH]c2ccccc12,39,0.6060525864057348,0.860226069779042,1,0.860226069779042,3983,3993
3650,1702,M03650,M01702,CC(=O)CC(c1ccc(Cl)cc1)c1c(O)c2ccccc2oc1=O,CC(=O)CC(c1ccccc1)c1c(O)c2ccccc2oc1=O,strong,0.8372093023255814,0.8857142857142857,1,O=c1oc2ccccc2cc1Cc1ccccc1,3,0.9088491513636503,0.8600815255284678,1,0.8600815255284678,1702,3650
73,26,M00073,M00026,COc1cc(-c2oc3cc(=O)cc4oc(C(=O)O)cc(c2OC2OC(CO)C(O)C(O)C2O)c43)cc(OC)c1O,COc1cc(-c2oc3cc(=O)cc4oc(O)cc(c2OC2OC(CO)C(O)C(O)C2O)c43)cc(OC)c1O,strong,0.8125,0.9767441860465116,1,O=c1cc2occc3c(OC4CCCCO4)c(-c4ccccc4)oc(c1)c23,5,0.8555293230024756,0.8600154449619992,1,0.8600154449619992,26,73
4729,4722,M04729,M04722,N#CC(c1ccc(Cl)cc1)c1c(Cl)cc(-n2ncc(=O)[nH]c2=O)cc1Cl,N#CC(c1ccc(Cl)cc1)c1ccc(-n2ncc(=O)[nH]c2=O)cc1Cl,medium,0.78,1.0,1,O=c1cnn(-c2ccc(Cc3ccccc3)cc2)c(=O)[nH]1,2,0.9466801716388252,0.8600020257458237,1,0.8600020257458237,4722,4729
669,2548,M00669,M02548,COc1ccc2c(c1)c(CC(=O)O)c(C)n2C(=O)c1ccc(Cl)cc1,COc1ccc2c(c1)c(CC(=O)OCC(=O)O)c(C)n2C(=O)c1ccc(Cl)cc1,strong,0.8113207547169812,0.9245283018867925,1,O=C(c1ccccc1)n1ccc2ccccc21,2,0.9466801716388252,0.8599265540477106,1,0.8599265540477106,669,2548
303,3111,M00303,M03111,CC1OC(Oc2c(-c3cc(O)c(O)c(O)c3)oc3cc(O)cc(O)c3c2=O)C(O)C(O)C1O,COc1c(O)cc(-c2oc3cc(O)cc(O)c3c(=O)c2OC2OC(C)C(O)C(O)C2O)cc1O,strong,0.8518518518518519,0.9428571428571428,1,O=c1c(OC2CCCCO2)c(-c2ccccc2)oc2ccccc12,12,0.7538526280001345,0.859903291025417,1,0.859903291025417,303,3111
5,7,M00005,M00007,OCC1OC(Oc2cc(O)cc(C=Cc3ccc(O)c(O)c3)c2)C(O)C(O)C1O,OCC1OC(Oc2cc(O)cc(C=Cc3ccc(O)cc3)c2)C(O)C(O)C1O,strong,0.8085106382978723,0.9714285714285714,1,C(=Cc1cccc(OC2CCCCO2)c1)c1ccccc1,4,0.8795051323147839,0.8598892956830838,1,0.8598892956830838,5,7
1535,1637,M01535,M01637,Nc1ccn(C2OC(COP(=O)(O)OP(=O)(O)O)C(O)C2O)c(=O)n1,Nc1ccn(C2OC(COP(=O)(O)O)C(O)C2O)c(=O)n1,strong,0.84,0.9852941176470589,1,O=c1ncccn1C1CCCO1,15,0.7265474540909509,0.8593056475254074,2,0.8593056475254074,1535,1637
163,180,M00163,M00180,OCC1OC(Oc2cc3c(O)cc(O)cc3[o+]c2-c2ccc(O)c(O)c2)C(O)C(O)C1O,OCC1OC(Oc2cc3c(O)cc(O)cc3[o+]c2-c2cc(O)c(O)c(O)c2)C(O)C(O)C1O,strong,0.8148148148148148,1.0,1,c1ccc(-c2[o+]c3ccccc3cc2OC2CCCCO2)cc1,8,0.802209494641301,0.859220313085084,2,0.859220313085084,163,180
3928,2248,M03928,M02248,COP(=O)(OC)OC1=C(Cl)C2CC=CC12,COP(=O)(OC)OC1=C(Cl)C2C=CCC12,medium,0.7777777777777778,1.0,1,C1=CC2C=CC2C1,2,0.9466801716388252,0.8586686924124904,1,0.8586686924124904,2248,3928
332,328,M00332,M00328,COc1cc(-c2[o+]c3cc(O)cc(O)c3cc2OC2OC(CO)C(O)C(O)C2O)cc(O)c1O,COc1cc(-c2[o+]c3cc(O)cc(O)c3cc2OC2OC(CO)C(O)C(O)C2O)ccc1O,strong,0.8135593220338984,1.0,1,c1ccc(-c2[o+]c3ccccc3cc2OC2CCCCO2)cc1,8,0.802209494641301,0.8584670174165342,3,0.8584670174165342,328,332
1171,1173,M01171,M01173,C=C1C(=O)OC2C3C(COC(=O)C(=O)O)=CC(=O)C3=C(C)CC(OC(=O)Cc3ccc(O)cc3)C12,C=C1C(=O)OC2C3C(CO)=CC(=O)C3=C(C)CC(OC(=O)Cc3ccc(O)cc3)C12,strong,0.8059701492537313,0.9285714285714286,1,C=C1C(=O)OC2C3C=CC(=O)C3=CCC(OC(=O)Cc3ccccc3)C12,2,0.9466801716388252,0.8577269724409197,1,0.8577269724409197,1171,1173
3160,3161,M03160,M03161,CCC(C)C(=O)C1=C(O)OC2=C(C(CC(=O)O)c3ccccc3)C(C)(C)C(CCC(C)(C)O)CC2(CC=C(C)C)C1=O,CCC(C)C(=O)C1=C(O)OC2=C(C(CC(=O)O)c3ccccc3)C(C)(C)C(CCC(C)(C)NC(C)=O)CC2(CC=C(C)C)C1=O,strong,0.868421052631579,0.8545454545454545,1,O=C1C=COC2=C(Cc3ccccc3)CCCC12,7,0.8176983027273006,0.857343740624406,1,0.857343740624406,3160,3161
180,325,M00180,M00325,OCC1OC(Oc2cc3c(O)cc(O)cc3[o+]c2-c2cc(O)c(O)c(O)c2)C(O)C(O)C1O,OCC1OC(Oc2cc3c(O)cc(O)cc3[o+]c2-c2ccc(O)cc2)C(O)C(O)C1O,strong,0.8113207547169812,1.0,1,c1ccc(-c2[o+]c3ccccc3cc2OC2CCCCO2)cc1,8,0.802209494641301,0.8571238770263838,3,0.8571238770263838,180,325
2768,4175,M02768,M04175,O=C1NC(=O)C(c2ccccc2)(c2ccccc2)N1,Cc1ccc(C2(c3ccccc3)NC(=O)NC2=O)cc1,medium,0.7857142857142857,0.9743589743589743,1,O=C1NC(=O)C(c2ccccc2)(c2ccccc2)N1,2,0.9466801716388252,0.8570203407641388,1,0.8570203407641388,2768,4175
109,415,M00109,M00415,Nc1ncnc2c1ncn2C1OC(CO)C(O)C1OP(=O)(O)O,Nc1ncnc2c1ncn2C1OC(CO)C(OP(=O)(O)O)C1O,strong,0.8653846153846154,0.9552238805970149,1,c1ncc2ncn(C3CCCO3)c2n1,26,0.6577388176437765,0.8566975620265895,1,0.8566975620265895,109,415
4372,4370,M04372,M04370,CCC=CCC1=C(C)C(OC(=O)C2C(C=C(C)C)C2(C)C)CC1=O,CC=CCC1=C(C)C(OC(=O)C2C(C=C(C)C)C2(C)C)CC1=O,strong,0.8235294117647058,0.96875,1,O=C1C=CC(OC(=O)C2CC2)C1,8,0.802209494641301,0.8566365712550187,1,0.8566365712550187,4370,4372
1304,1299,M01304,M01299,O=c1cc(-c2ccc(OS(=O)(=O)O)c(O)c2)oc2cc(O)cc(O)c12,O=c1cc(-c2ccc(OS(=O)(=O)O)c(O)c2)oc2cc(OS(=O)(=O)O)cc(O)c12,strong,0.8666666666666667,0.9787234042553191,1,O=c1cc(-c2ccccc2)oc2ccccc12,37,0.6127978022039184,0.8566005213944176,1,0.8566005213944176,1299,1304
74,26,M00074,M00026,COc1cc(-c2oc3cc(=O)cc4occc(c2OC2OC(CO)C(O)C(O)C2O)c43)cc(OC)c1O,COc1cc(-c2oc3cc(=O)cc4oc(O)cc(c2OC2OC(CO)C(O)C(O)C2O)c43)cc(OC)c1O,medium,0.796875,1.0,1,O=c1cc2occc3c(OC4CCCCO4)c(-c4ccccc4)oc(c1)c23,5,0.8555293230024756,0.8564543984503712,1,0.8564543984503712,26,74
3393,632,M03393,M00632,CCC(C)(C)c1ccc(CC(C)CN2CC(C)OC(C)C2)cc1,CC(Cc1ccc(C(C)(C)C)cc1)CN1CC(C)OC(C)C1,medium,0.7857142857142857,0.9714285714285714,1,c1ccc(CCCN2CCOCC2)cc1,2,0.9466801716388252,0.8562877400315381,1,0.8562877400315381,632,3393
1619,1012,M01619,M01012,O=c1[nH]cnc2c1ncn2C1OC(COP(=O)(O)OP(=O)(O)OP(=O)(O)O)C(O)C1O,O=c1[nH]cnc2c1ncn2C1OC(COP(=O)(O)O)C(O)C1O,strong,0.8363636363636363,0.9852941176470589,1,O=c1[nH]cnc2c1ncn2C1CCCO1,16,0.7185751418868361,0.8559279825129719,1,0.8559279825129719,1012,1619
312,1412,M00312,M01412,Nc1ncnc2c1ncn2C1OC(COP(=O)(O)OP(=O)(O)OCC2OC([n+]3cccc(C(=O)O)c3)C(O)C2O)C(O)C1O,NC(=O)c1ccc[n+](C2OC(COP(=O)(O)OP(=O)([O-])OCC3OC(n4cnc5c(N)ncnc54)C(O)C3O)C(O)C2O)c1,strong,0.8125,0.9722222222222222,1,O=[PH](OCC1CCC(n2cnc3cncnc32)O1)O[PH](=O)OCC1CCC([n+]2ccccc2)O1,6,0.8352580650673657,0.8558442653156604,1,0.8558442653156604,312,1412
312,1888,M00312,M01888,Nc1ncnc2c1ncn2C1OC(COP(=O)(O)OP(=O)(O)OCC2OC([n+]3cccc(C(=O)O)c3)C(O)C2O)C(O)C1O,NC(=O)c1ccc[n+](C2OC(COP(=O)([O-])OP(=O)(O)OCC3OC(n4cnc5c(N)ncnc54)C(O)C3O)C(O)C2O)c1,strong,0.8125,0.9722222222222222,1,O=[PH](OCC1CCC(n2cnc3cncnc32)O1)O[PH](=O)OCC1CCC([n+]2ccccc2)O1,6,0.8352580650673657,0.8558442653156604,2,0.8558442653156604,312,1888
4368,3366,M04368,M03366,C=CC=CCC1=C(C)C(OC(=O)C2C(C=C(C)C)C2(C)C)CC1=O,C=CCC1=C(C)C(OC(=O)C2C(C=C(C)C)C2(C)C)CC1=O,strong,0.8076923076923077,1.0,1,O=C1C=CC(OC(=O)C2CC2)C1,8,0.802209494641301,0.8549468088115798,1,0.8549468088115798,3366,4368
4296,4764,M04296,M04764,CCCCC1C(=O)N(c2ccccc2)N(c2ccccc2)C1=O,CCCCC1C(=O)N(c2ccccc2)N(c2ccc(O)cc2)C1=O,strong,0.8235294117647058,0.8979591836734694,1,O=C1CC(=O)N(c2ccccc2)N1c1ccccc1,3,0.9088491513636503,0.8549348156817383,1,0.8549348156817383,4296,4764
584,570,M00584,M00570,COc1cc(C=CC(=O)OCC2OC(Oc3cc(O)c4c(=O)cc(-c5cc(OC)c(O)c(OC)c5)oc4c3)C(O)C(O)C2O)cc(OC)c1O,COc1cc(-c2cc(=O)c3c(O)cc(OC4OC(COC(=O)C=Cc5ccc(O)cc5)C(O)C(O)C4O)cc3o2)ccc1O,medium,0.7894736842105263,0.9545454545454546,1,O=C(C=Cc1ccccc1)OCC1CCCC(Oc2ccc3c(=O)cc(-c4ccccc4)oc3c2)O1,2,0.9466801716388252,0.8543225999085032,1,0.8543225999085032,570,584
303,352,M00303,M00352,CC1OC(Oc2c(-c3cc(O)c(O)c(O)c3)oc3cc(O)cc(O)c3c2=O)C(O)C(O)C1O,CC1OC(Oc2c(-c3ccc(O)c(O)c3)oc3cc(O)cc(O)c3c2=O)C(O)C(O)C1O,strong,0.8181818181818182,1.0,1,O=c1c(OC2CCCCO2)c(-c2ccccc2)oc2ccccc12,12,0.7538526280001345,0.8539869851091111,2,0.8539869851091111,303,352
3672,3673,M03672,M03673,CC1(C)C(C=C(Cl)C(F)(F)F)C1C(=O)OC(C#N)c1cccc(Oc2ccccc2)c1,CC1(C)C(C=C(Cl)Cl)C1C(=O)OC(C#N)c1cccc(Oc2ccccc2)c1,strong,0.8421052631578947,0.9117647058823529,1,O=C(OCc1cccc(Oc2ccccc2)c1)C1CC1,8,0.802209494641301,0.8535357585615201,1,0.8535357585615201,3672,3673
1235,14,M01235,M00014,COc1cc(C2CC(=O)c3c(O)cc(O)cc3O2)ccc1O,COc1ccc(C2CC(=O)c3c(O)cc(O)cc3O2)cc1O,strong,0.8260869565217391,1.0,1,O=C1CC(c2ccccc2)Oc2ccccc21,16,0.7185751418868361,0.8534384451960689,1,0.8534384451960689,14,1235
1947,2252,M01947,M02252,OC(c1ccc(Cl)cc1)(c1cncnc1)c1ccccc1Cl,OC(c1ccc(F)cc1)(c1cncnc1)c1ccccc1Cl,medium,0.7837837837837838,0.9642857142857143,1,c1ccc(C(c2ccccc2)c2cncnc2)cc1,2,0.9466801716388252,0.8533437245875226,1,0.8533437245875226,1947,2252
328,163,M00328,M00163,COc1cc(-c2[o+]c3cc(O)cc(O)c3cc2OC2OC(CO)C(O)C(O)C2O)ccc1O,OCC1OC(Oc2cc3c(O)cc(O)cc3[o+]c2-c2ccc(O)c(O)c2)C(O)C(O)C1O,strong,0.8245614035087719,0.9512195121951219,1,c1ccc(-c2[o+]c3ccccc3cc2OC2CCCCO2)cc1,8,0.802209494641301,0.8528731443502388,3,0.8528731443502388,163,328
1551,1561,M01551,M01561,O=c1ccn(C2OC(COP(=O)(O)OP(=O)(O)OC3OC(CO)C(O)C(O)C3O)C(O)C2O)c(=O)[nH]1,O=C(O)C1OC(OP(=O)(O)OP(=O)(O)OCC2OC(n3ccc(=O)[nH]c3=O)C(O)C2O)C(O)C(O)C1O,medium,0.796875,0.9705882352941176,1,O=c1ccn(C2CCC(CO[PH](=O)O[PH](=O)OC3CCCCO3)O2)c(=O)[nH]1,4,0.8795051323147839,0.852697828670747,1,0.852697828670747,1551,1561
3172,3167,M03172,M03167,COc1ccc(-c2oc3cc(OC)c(OC)c(O)c3c(=O)c2OC)cc1O,COc1ccc(-c2oc3cc(O)c(OC)c(O)c3c(=O)c2OC)cc1O,strong,0.8636363636363636,0.9696969696969697,1,O=c1cc(-c2ccccc2)oc2ccccc12,37,0.6127978022039184,0.8525257309366484,1,0.8525257309366484,3167,3172
948,180,M00948,M00180,COc1cc(-c2[o+]c3cc(O)cc(O)c3cc2OC2OC(CO)C(O)C(O)C2O)cc(OC)c1O,OCC1OC(Oc2cc3c(O)cc(O)cc3[o+]c2-c2cc(O)c(O)c(O)c2)C(O)C(O)C1O,strong,0.8333333333333334,0.9285714285714286,1,c1ccc(-c2[o+]c3ccccc3cc2OC2CCCCO2)cc1,8,0.802209494641301,0.8524742813390523,3,0.8524742813390523,180,948
4450,4452,M04450,M04452,CCCc1nn(C)c2c(=O)[nH]c(-c3cc(S(=O)(=O)N4CCN(CCO)CC4)ccc3OCC)nc12,CCCc1nn(C)c2c(=O)[nH]c(-c3cc(S(=O)(=O)N4CCNCC4)ccc3OCC)nc12,strong,0.8028169014084507,0.967032967032967,1,O=c1[nH]c(-c2cccc(S(=O)(=O)N3CCNCC3)c2)nc2cn[nH]c12,5,0.8555293230024756,0.8517777810536835,3,0.8517777810536835,4450,4452
2829,2719,M02829,M02719,Cc1ccc(OP(=O)(Oc2ccc(C)cc2)Oc2ccc(C)cc2)cc1,Cc1ccc(OP(=O)(Oc2ccccc2)Oc2ccccc2)cc1,strong,0.8260869565217391,0.9230769230769231,1,O=P(Oc1ccccc1)(Oc1ccccc1)Oc1ccccc1,6,0.8352580650673657,0.8517101144423791,2,0.8517101144423791,2719,2829
160,150,M00160,M00150,O=C(C=Cc1ccc(O)c(O)c1)OC1C(O)CC(O)(C(=O)O)CC1O,O=C(C=Cc1ccc(O)c(O)c1)OC1CC(O)(C(=O)O)CC(O)C1O,medium,0.7755102040816326,1.0,1,O=C(C=Cc1ccccc1)OC1CCCCC1,3,0.9088491513636503,0.8516334951535272,1,0.8516334951535272,150,160
3599,3601,M03599,M03601,CN(C)CCN1c2ccccc2Sc2ccc(Cl)cc21,CN(C)CCCN1c2ccccc2Sc2ccc(Cl)cc21,strong,0.85,0.9347826086956522,1,c1ccc2c(c1)Nc1ccccc1S2,16,0.7185751418868361,0.8514819234569385,1,0.8514819234569385,3599,3601
4008,4013,M04008,M04013,CCCCCn1cc(C(=O)Cc2ccc(OC)cc2)c2ccccc21,CCCCCn1cc(C(=O)Cc2cccc(OC)c2)c2ccccc21,medium,0.7884615384615384,1.0,1,O=C(Cc1ccccc1)c1c[nH]c2ccccc12,5,0.8555293230024756,0.8514063215272945,1,0.8514063215272945,4008,4013
2606,2307,M02606,M02307,CCCCCOC(=O)c1ccccc1C(=O)OCCCCC,CCCCCCCCOC(=O)c1ccccc1C(=O)OCCCCCCCC,strong,0.9629629629629629,0.9655172413793104,1,c1ccccc1,802,0.21161295934610674,0.8508990320245213,1,0.8508990320245213,2307,2606
2606,2605,M02606,M02605,CCCCCOC(=O)c1ccccc1C(=O)OCCCCC,CCCCCCOC(=O)c1ccccc1C(=O)OCCCCCC,strong,0.9629629629629629,0.9655172413793104,1,c1ccccc1,802,0.21161295934610674,0.8508990320245213,2,0.8508990320245213,2605,2606
2606,2735,M02606,M02735,CCCCCOC(=O)c1ccccc1C(=O)OCCCCC,CCCCCCCCCCCCOC(=O)c1ccccc1C(=O)OCCCCCCCCCCCC,strong,0.9629629629629629,0.9655172413793104,1,c1ccccc1,802,0.21161295934610674,0.8508990320245213,3,0.8508990320245213,2606,2735
1533,110,M01533,M00110,Nc1ncnc2c1ncn2C1OC(COP(=O)(O)OP(=O)(O)O)C(O)C1O,Nc1ncnc2c1ncn2C1OC(COP(=O)(O)O)C(O)C1O,strong,0.8490566037735849,0.9705882352941176,1,c1ncc2ncn(C3CCCO3)c2n1,26,0.6577388176437765,0.8507418437342469,2,0.8507418437342469,110,1533
3000,3001,M03000,M03001,COc1cc2c3c(c1OC)Oc1ccc(cc1)CC1c4c(cc(OC)c(OC)c4Oc4ccc(cc4)CC3N(C)CC2)CCN1C,COc1cc2c3c(c1O)Oc1ccc(cc1)CC1c4c(cc(OC)c(O)c4Oc4ccc(cc4)CC3N(C)CC2)CCN1C,medium,0.78,0.9615384615384616,1,c1cc2c3c(c1)Oc1ccc(cc1)CC1NCCc4cccc(c41)Oc1ccc(cc1)CC3NCC2,2,0.9466801716388252,0.8503866411304392,1,0.8503866411304392,3000,3001
4240,4424,M04240,M04424,CC[N+]1(C)C2CC(OC(=O)C(CO)c3ccccc3)CC1C1OC12,C[N+]1(C)C2CC(OC(=O)C(CO)c3ccccc3)CC1C1OC12,strong,0.8125,0.8833333333333333,1,O=C(Cc1ccccc1)OC1CC2[NH2+]C(C1)C1OC21,2,0.9466801716388252,0.850335359079157,1,0.850335359079157,4240,4424
885,879,M00885,M00879,CN1C2CCC1C(C(=O)O)C(OC(=O)c1ccccc1)C2,COC(=O)C1C(OC(=O)c2ccccc2)CC2CCC1N2C,strong,0.8,0.9347826086956522,1,O=C(OC1CC2CCC(C1)N2)c1ccccc1,3,0.9088491513636503,0.8500230248784606,1,0.8500230248784606,879,885
1769,437,M01769,M00437,CCCCCCCCCCCCCCCCCC(=O)OCC(O)COP(=O)([O-])OCC[N+](C)(C)C,CCCCCCCCCCCCCC(=O)OCC(O)COP(=O)([O-])OCC[N+](C)(C)C,strong,1.0,1.0,0,,0,0.0,0.85,1,0.85,437,1769
1770,437,M01770,M00437,CCCCCCCCCCCCCCCCCCC(=O)OCC(O)COP(=O)([O-])OCC[N+](C)(C)C,CCCCCCCCCCCCCC(=O)OCC(O)COP(=O)([O-])OCC[N+](C)(C)C,strong,1.0,1.0,0,,0,0.0,0.85,1,0.85,437,1770
1769,438,M01769,M00438,CCCCCCCCCCCCCCCCCC(=O)OCC(O)COP(=O)([O-])OCC[N+](C)(C)C,CCCCCCCCCCCCCCCC(=O)OCC(O)COP(=O)([O-])OCC[N+](C)(C)C,strong,1.0,1.0,0,,0,0.0,0.85,2,0.85,438,1769
1769,1767,M01769,M01767,CCCCCCCCCCCCCCCCCC(=O)OCC(O)COP(=O)([O-])OCC[N+](C)(C)C,CCCCCCCCCCCCCCC(=O)OCC(O)COP(=O)([O-])OCC[N+](C)(C)C,strong,1.0,1.0,0,,0,0.0,0.85,3,0.85,1767,1769
1774,463,M01774,M00463,CCCCCCCCCCCCCCCCCCOCC(O)COP(=O)([O-])OCC[N+](C)(C)C,CCCCCCCCCCCCCCCCOCC(O)COP(=O)([O-])OCC[N+](C)(C)C,strong,1.0,1.0,0,,0,0.0,0.85,1,0.85,463,1774
1772,438,M01772,M00438,CCCCCCCCCCCCCCCCCCCCCC(=O)OCC(O)COP(=O)([O-])OCC[N+](C)(C)C,CCCCCCCCCCCCCCCC(=O)OCC(O)COP(=O)([O-])OCC[N+](C)(C)C,strong,1.0,1.0,0,,0,0.0,0.85,2,0.85,438,1772
1774,1775,M01774,M01775,CCCCCCCCCCCCCCCCCCOCC(O)COP(=O)([O-])OCC[N+](C)(C)C,CCCCCCCCCCCCCCCCCCCCOCC(O)COP(=O)([O-])OCC[N+](C)(C)C,strong,1.0,1.0,0,,0,0.0,0.85,2,0.85,1774,1775
1773,1767,M01773,M01767,CCCCCCCCCCCCCCCCCCCCCCCC(=O)OCC(O)COP(=O)([O-])OCC[N+](C)(C)C,CCCCCCCCCCCCCCC(=O)OCC(O)COP(=O)([O-])OCC[N+](C)(C)C,strong,1.0,1.0,0,,0,0.0,0.85,3,0.85,1767,1773
1772,1767,M01772,M01767,CCCCCCCCCCCCCCCCCCCCCC(=O)OCC(O)COP(=O)([O-])OCC[N+](C)(C)C,CCCCCCCCCCCCCCC(=O)OCC(O)COP(=O)([O-])OCC[N+](C)(C)C,strong,1.0,1.0,0,,0,0.0,0.85,3,0.85,1767,1772
1770,438,M01770,M00438,CCCCCCCCCCCCCCCCCCC(=O)OCC(O)COP(=O)([O-])OCC[N+](C)(C)C,CCCCCCCCCCCCCCCC(=O)OCC(O)COP(=O)([O-])OCC[N+](C)(C)C,strong,1.0,1.0,0,,0,0.0,0.85,2,0.85,438,1770
1770,1767,M01770,M01767,CCCCCCCCCCCCCCCCCCC(=O)OCC(O)COP(=O)([O-])OCC[N+](C)(C)C,CCCCCCCCCCCCCCC(=O)OCC(O)COP(=O)([O-])OCC[N+](C)(C)C,strong,1.0,1.0,0,,0,0.0,0.85,3,0.85,1767,1770
1771,437,M01771,M00437,CCCCCCCCCCCCCCCCCCCC(=O)OCC(O)COP(=O)([O-])OCC[N+](C)(C)C,CCCCCCCCCCCCCC(=O)OCC(O)COP(=O)([O-])OCC[N+](C)(C)C,strong,1.0,1.0,0,,0,0.0,0.85,1,0.85,437,1771
1773,438,M01773,M00438,CCCCCCCCCCCCCCCCCCCCCCCC(=O)OCC(O)COP(=O)([O-])OCC[N+](C)(C)C,CCCCCCCCCCCCCCCC(=O)OCC(O)COP(=O)([O-])OCC[N+](C)(C)C,strong,1.0,1.0,0,,0,0.0,0.85,2,0.85,438,1773
1771,438,M01771,M00438,CCCCCCCCCCCCCCCCCCCC(=O)OCC(O)COP(=O)([O-])OCC[N+](C)(C)C,CCCCCCCCCCCCCCCC(=O)OCC(O)COP(=O)([O-])OCC[N+](C)(C)C,strong,1.0,1.0,0,,0,0.0,0.85,2,0.85,438,1771
1772,437,M01772,M00437,CCCCCCCCCCCCCCCCCCCCCC(=O)OCC(O)COP(=O)([O-])OCC[N+](C)(C)C,CCCCCCCCCCCCCC(=O)OCC(O)COP(=O)([O-])OCC[N+](C)(C)C,strong,1.0,1.0,0,,0,0.0,0.85,1,0.85,437,1772
1773,437,M01773,M00437,CCCCCCCCCCCCCCCCCCCCCCCC(=O)OCC(O)COP(=O)([O-])OCC[N+](C)(C)C,CCCCCCCCCCCCCC(=O)OCC(O)COP(=O)([O-])OCC[N+](C)(C)C,strong,1.0,1.0,0,,0,0.0,0.85,1,0.85,437,1773
1771,1767,M01771,M01767,CCCCCCCCCCCCCCCCCCCC(=O)OCC(O)COP(=O)([O-])OCC[N+](C)(C)C,CCCCCCCCCCCCCCC(=O)OCC(O)COP(=O)([O-])OCC[N+](C)(C)C,strong,1.0,1.0,0,,0,0.0,0.85,3,0.85,1767,1771
1766,1765,M01766,M01765,CCCCCCCCCCCCCCCCCC(=O)OC(CO)COP(=O)([O-])OCC[N+](C)(C)C,CCCCCCCCCCCCCCCC(=O)OC(CO)COP(=O)([O-])OCC[N+](C)(C)C,strong,1.0,1.0,0,,0,0.0,0.85,2,0.85,1765,1766
1768,1767,M01768,M01767,CCCCCCCCCCCCCCCCC(=O)OCC(O)COP(=O)([O-])OCC[N+](C)(C)C,CCCCCCCCCCCCCCC(=O)OCC(O)COP(=O)([O-])OCC[N+](C)(C)C,strong,1.0,1.0,0,,0,0.0,0.85,3,0.85,1767,1768
1758,485,M01758,M00485,CCCCCCCCCCCCCC=CC(O)C(CO)NC(=O)CCCCCCCCCCCCCCCCCCCCC,CCCCCCCCCCCCCC=CC(O)C(CO)NC(=O)CCCCCCCCCCCCCCCCC,strong,1.0,1.0,0,,0,0.0,0.85,1,0.85,485,1758
1757,1745,M01757,M01745,CCCCCCCCCCCCCC=CC(O)C(CO)NC(=O)CCCCCCCCCCCCCCCCCCC,CCCCCCCCCCCCCC=CC(O)C(CO)NC(=O)CCCCCCCCCCCCCCCCCCCCCCCCC,strong,1.0,1.0,0,,0,0.0,0.85,2,0.85,1745,1757
1757,485,M01757,M00485,CCCCCCCCCCCCCC=CC(O)C(CO)NC(=O)CCCCCCCCCCCCCCCCCCC,CCCCCCCCCCCCCC=CC(O)C(CO)NC(=O)CCCCCCCCCCCCCCCCC,strong,1.0,1.0,0,,0,0.0,0.85,1,0.85,485,1757
1756,1753,M01756,M01753,CCCCCCCCCCCCCC=CC(O)C(CO)NC(=O)CCCCCCCCCCCCCCC,CCCCCCCCCCCC=CC(O)C(CO)NC(=O)CCCCCCCCCCCCCCCCCCC,strong,1.0,1.0,0,,0,0.0,0.85,3,0.85,1753,1756
834,835,M00834,M00835,O=C(O)C(F)(F)C(F)(F)C(F)(F)C(F)(F)C(F)(F)F,O=C(O)C(F)(F)C(F)(F)C(F)(F)C(F)(F)C(F)(F)C(F)(F)F,strong,1.0,1.0,0,,0,0.0,0.85,1,0.85,834,835
834,836,M00834,M00836,O=C(O)C(F)(F)C(F)(F)C(F)(F)C(F)(F)C(F)(F)F,O=C(O)C(F)(F)C(F)(F)C(F)(F)C(F)(F)C(F)(F)C(F)(F)C(F)(F)F,strong,1.0,1.0,0,,0,0.0,0.85,2,0.85,834,836
834,837,M00834,M00837,O=C(O)C(F)(F)C(F)(F)C(F)(F)C(F)(F)C(F)(F)F,O=C(O)C(F)(F)C(F)(F)C(F)(F)C(F)(F)C(F)(F)C(F)(F)C(F)(F)C(F)(F)F,strong,1.0,1.0,0,,0,0.0,0.85,3,0.85,834,837
835,836,M00835,M00836,O=C(O)C(F)(F)C(F)(F)C(F)(F)C(F)(F)C(F)(F)C(F)(F)F,O=C(O)C(F)(F)C(F)(F)C(F)(F)C(F)(F)C(F)(F)C(F)(F)C(F)(F)F,strong,1.0,1.0,0,,0,0.0,0.85,2,0.85,835,836
835,837,M00835,M00837,O=C(O)C(F)(F)C(F)(F)C(F)(F)C(F)(F)C(F)(F)C(F)(F)F,O=C(O)C(F)(F)C(F)(F)C(F)(F)C(F)(F)C(F)(F)C(F)(F)C(F)(F)C(F)(F)F,strong,1.0,1.0,0,,0,0.0,0.85,3,0.85,835,837
836,837,M00836,M00837,O=C(O)C(F)(F)C(F)(F)C(F)(F)C(F)(F)C(F)(F)C(F)(F)C(F)(F)F,O=C(O)C(F)(F)C(F)(F)C(F)(F)C(F)(F)C(F)(F)C(F)(F)C(F)(F)C(F)(F)F,strong,1.0,1.0,0,,0,0.0,0.85,3,0.85,836,837
838,834,M00838,M00834,O=C(O)C(F)(F)C(F)(F)C(F)(F)C(F)(F)C(F)(F)C(F)(F)C(F)(F)C(F)(F)C(F)(F)F,O=C(O)C(F)(F)C(F)(F)C(F)(F)C(F)(F)C(F)(F)F,strong,1.0,1.0,0,,0,0.0,0.85,1,0.85,834,838
838,835,M00838,M00835,O=C(O)C(F)(F)C(F)(F)C(F)(F)C(F)(F)C(F)(F)C(F)(F)C(F)(F)C(F)(F)C(F)(F)F,O=C(O)C(F)(F)C(F)(F)C(F)(F)C(F)(F)C(F)(F)C(F)(F)F,strong,1.0,1.0,0,,0,0.0,0.85,2,0.85,835,838
838,836,M00838,M00836,O=C(O)C(F)(F)C(F)(F)C(F)(F)C(F)(F)C(F)(F)C(F)(F)C(F)(F)C(F)(F)C(F)(F)F,O=C(O)C(F)(F)C(F)(F)C(F)(F)C(F)(F)C(F)(F)C(F)(F)C(F)(F)F,strong,1.0,1.0,0,,0,0.0,0.85,3,0.85,836,838
839,834,M00839,M00834,O=C(O)C(F)(F)C(F)(F)C(F)(F)C(F)(F)C(F)(F)C(F)(F)C(F)(F)C(F)(F)C(F)(F)C(F)(F)F,O=C(O)C(F)(F)C(F)(F)C(F)(F)C(F)(F)C(F)(F)F,strong,1.0,1.0,0,,0,0.0,0.85,1,0.85,834,839
839,835,M00839,M00835,O=C(O)C(F)(F)C(F)(F)C(F)(F)C(F)(F)C(F)(F)C(F)(F)C(F)(F)C(F)(F)C(F)(F)C(F)(F)F,O=C(O)C(F)(F)C(F)(F)C(F)(F)C(F)(F)C(F)(F)C(F)(F)F,strong,1.0,1.0,0,,0,0.0,0.85,2,0.85,835,839
839,836,M00839,M00836,O=C(O)C(F)(F)C(F)(F)C(F)(F)C(F)(F)C(F)(F)C(F)(F)C(F)(F)C(F)(F)C(F)(F)C(F)(F)F,O=C(O)C(F)(F)C(F)(F)C(F)(F)C(F)(F)C(F)(F)C(F)(F)C(F)(F)F,strong,1.0,1.0,0,,0,0.0,0.85,3,0.85,836,839
1757,1753,M01757,M01753,CCCCCCCCCCCCCC=CC(O)C(CO)NC(=O)CCCCCCCCCCCCCCCCCCC,CCCCCCCCCCCC=CC(O)C(CO)NC(=O)CCCCCCCCCCCCCCCCCCC,strong,1.0,1.0,0,,0,0.0,0.85,3,0.85,1753,1757
1758,1745,M01758,M01745,CCCCCCCCCCCCCC=CC(O)C(CO)NC(=O)CCCCCCCCCCCCCCCCCCCCC,CCCCCCCCCCCCCC=CC(O)C(CO)NC(=O)CCCCCCCCCCCCCCCCCCCCCCCCC,strong,1.0,1.0,0,,0,0.0,0.85,2,0.85,1745,1758
1768,438,M01768,M00438,CCCCCCCCCCCCCCCCC(=O)OCC(O)COP(=O)([O-])OCC[N+](C)(C)C,CCCCCCCCCCCCCCCC(=O)OCC(O)COP(=O)([O-])OCC[N+](C)(C)C,strong,1.0,1.0,0,,0,0.0,0.85,2,0.85,438,1768
1758,1753,M01758,M01753,CCCCCCCCCCCCCC=CC(O)C(CO)NC(=O)CCCCCCCCCCCCCCCCCCCCC,CCCCCCCCCCCC=CC(O)C(CO)NC(=O)CCCCCCCCCCCCCCCCCCC,strong,1.0,1.0,0,,0,0.0,0.85,3,0.85,1753,1758
4800,4791,M04800,M04791,CCCCCCCCCCCCCCOCCOCCOS(=O)(=O)O,CCCCCCCCCCCCOCCOCCOS(=O)(=O)O,strong,1.0,1.0,0,,0,0.0,0.85,2,0.85,4791,4800
1768,437,M01768,M00437,CCCCCCCCCCCCCCCCC(=O)OCC(O)COP(=O)([O-])OCC[N+](C)(C)C,CCCCCCCCCCCCCC(=O)OCC(O)COP(=O)([O-])OCC[N+](C)(C)C,strong,1.0,1.0,0,,0,0.0,0.85,1,0.85,437,1768
1767,438,M01767,M00438,CCCCCCCCCCCCCCC(=O)OCC(O)COP(=O)([O-])OCC[N+](C)(C)C,CCCCCCCCCCCCCCCC(=O)OCC(O)COP(=O)([O-])OCC[N+](C)(C)C,strong,1.0,1.0,0,,0,0.0,0.85,2,0.85,438,1767
1767,437,M01767,M00437,CCCCCCCCCCCCCCC(=O)OCC(O)COP(=O)([O-])OCC[N+](C)(C)C,CCCCCCCCCCCCCC(=O)OCC(O)COP(=O)([O-])OCC[N+](C)(C)C,strong,1.0,1.0,0,,0,0.0,0.85,1,0.85,437,1767
4800,4790,M04800,M04790,CCCCCCCCCCCCCCOCCOCCOS(=O)(=O)O,CCCCCCCCCCCCOCCOS(=O)(=O)O,strong,1.0,1.0,0,,0,0.0,0.85,1,0.85,4790,4800
1766,1764,M01766,M01764,CCCCCCCCCCCCCCCCCC(=O)OC(CO)COP(=O)([O-])OCC[N+](C)(C)C,CCCCCCCCCCCCCC(=O)OC(CO)COP(=O)([O-])OCC[N+](C)(C)C,strong,1.0,1.0,0,,0,0.0,0.85,1,0.85,1764,1766
1765,1764,M01765,M01764,CCCCCCCCCCCCCCCC(=O)OC(CO)COP(=O)([O-])OCC[N+](C)(C)C,CCCCCCCCCCCCCC(=O)OC(CO)COP(=O)([O-])OCC[N+](C)(C)C,strong,1.0,1.0,0,,0,0.0,0.85,1,0.85,1764,1765
1763,1739,M01763,M01739,CCCCCCCCCCCCCCCC(=O)OCC(O)COP(=O)(O)O,CCCCCCCCCCCCCCCCCC(=O)OCC(O)COP(=O)(O)O,strong,1.0,1.0,0,,0,0.0,0.85,1,0.85,1739,1763
4800,4792,M04800,M04792,CCCCCCCCCCCCCCOCCOCCOS(=O)(=O)O,CCCCCCCCCCCCOCCOCCOCCOS(=O)(=O)O,strong,1.0,1.0,0,,0,0.0,0.85,3,0.85,4792,4800
4801,4790,M04801,M04790,CCCCCCCCCCCCCCOCCOCCOCCOS(=O)(=O)O,CCCCCCCCCCCCOCCOS(=O)(=O)O,strong,1.0,1.0,0,,0,0.0,0.85,1,0.85,4790,4801
1761,1574,M01761,M01574,CCCCCCCCCCCCCCCCCC(=O)OCC(CO)OC(=O)CCCCCCCCCCCCCCC,CCCCCCCCCCCCCCCC(=O)OCC(CO)OC(=O)CCCCCCCCCCCCCCC,strong,1.0,1.0,0,,0,0.0,0.85,1,0.85,1574,1761
1760,1753,M01760,M01753,CCCCCCCCCCCCCC=CC(O)C(CO)NC(=O)CCCCCCCCCCCCCCCCCCCCCCCC,CCCCCCCCCCCC=CC(O)C(CO)NC(=O)CCCCCCCCCCCCCCCCCCC,strong,1.0,1.0,0,,0,0.0,0.85,3,0.85,1753,1760
1760,1745,M01760,M01745,CCCCCCCCCCCCCC=CC(O)C(CO)NC(=O)CCCCCCCCCCCCCCCCCCCCCCCC,CCCCCCCCCCCCCC=CC(O)C(CO)NC(=O)CCCCCCCCCCCCCCCCCCCCCCCCC,strong,1.0,1.0,0,,0,0.0,0.85,2,0.85,1745,1760
1760,485,M01760,M00485,CCCCCCCCCCCCCC=CC(O)C(CO)NC(=O)CCCCCCCCCCCCCCCCCCCCCCCC,CCCCCCCCCCCCCC=CC(O)C(CO)NC(=O)CCCCCCCCCCCCCCCCC,strong,1.0,1.0,0,,0,0.0,0.85,1,0.85,485,1760
1759,1753,M01759,M01753,CCCCCCCCCCCCCC=CC(O)C(CO)NC(=O)CCCCCCCCCCCCCCCCCCCCCCC,CCCCCCCCCCCC=CC(O)C(CO)NC(=O)CCCCCCCCCCCCCCCCCCC,strong,1.0,1.0,0,,0,0.0,0.85,3,0.85,1753,1759
1759,1745,M01759,M01745,CCCCCCCCCCCCCC=CC(O)C(CO)NC(=O)CCCCCCCCCCCCCCCCCCCCCCC,CCCCCCCCCCCCCC=CC(O)C(CO)NC(=O)CCCCCCCCCCCCCCCCCCCCCCCCC,strong,1.0,1.0,0,,0,0.0,0.85,2,0.85,1745,1759
1759,485,M01759,M00485,CCCCCCCCCCCCCC=CC(O)C(CO)NC(=O)CCCCCCCCCCCCCCCCCCCCCCC,CCCCCCCCCCCCCC=CC(O)C(CO)NC(=O)CCCCCCCCCCCCCCCCC,strong,1.0,1.0,0,,0,0.0,0.85,1,0.85,485,1759
1775,463,M01775,M00463,CCCCCCCCCCCCCCCCCCCCOCC(O)COP(=O)([O-])OCC[N+](C)(C)C,CCCCCCCCCCCCCCCCOCC(O)COP(=O)([O-])OCC[N+](C)(C)C,strong,1.0,1.0,0,,0,0.0,0.85,1,0.85,463,1775
1782,1783,M01782,M01783,CCCCCCCCCCCCCCCCOCC(COP(=O)([O-])OCC[N+](C)(C)C)OC(=O)CCCCCCCCCCCCCCC,CCCCCCCCCCCCCCCCCCOCC(COP(=O)([O-])OCC[N+](C)(C)C)OC(=O)CCCCCCCCCCCCCCC,strong,1.0,1.0,0,,0,0.0,0.85,1,0.85,1782,1783
1804,1784,M01804,M01784,CCCCCCCCCCCCCCC=CC(O)C(COP(=O)([O-])OCC[N+](C)(C)C)NC(=O)CCCCCCCCCCCCCCCCC,CCCCCCCCCCCC=CC(O)C(COP(=O)([O-])OCC[N+](C)(C)C)NC(=O)CCCCCCCCCCCCCCCCCCC,strong,1.0,1.0,0,,0,0.0,0.85,3,0.85,1784,1804
1804,468,M01804,M00468,CCCCCCCCCCCCCCC=CC(O)C(COP(=O)([O-])OCC[N+](C)(C)C)NC(=O)CCCCCCCCCCCCCCCCC,CCCCCCCCCCCCCC=CC(O)C(COP(=O)([O-])OCC[N+](C)(C)C)NC(=O)CCCCCCCCCCCCCC,strong,1.0,1.0,0,,0,0.0,0.85,1,0.85,468,1804
1803,1784,M01803,M01784,CCCCCCCCCCCC=CC(O)C(COP(=O)([O-])OCC[N+](C)(C)C)NC(=O)CCCCCCCCCCCCCCCCCCCCCC,CCCCCCCCCCCC=CC(O)C(COP(=O)([O-])OCC[N+](C)(C)C)NC(=O)CCCCCCCCCCCCCCCCCCC,strong,1.0,1.0,0,,0,0.0,0.85,3,0.85,1784,1803
1803,1591,M01803,M01591,CCCCCCCCCCCC=CC(O)C(COP(=O)([O-])OCC[N+](C)(C)C)NC(=O)CCCCCCCCCCCCCCCCCCCCCC,CCCCCCCCCCCCCC=CC(O)C(COP(=O)([O-])OCC[N+](C)(C)C)NC(=O)CCCCCCCCCCCCCCCCC,strong,1.0,1.0,0,,0,0.0,0.85,2,0.85,1591,1803
1803,468,M01803,M00468,CCCCCCCCCCCC=CC(O)C(COP(=O)([O-])OCC[N+](C)(C)C)NC(=O)CCCCCCCCCCCCCCCCCCCCCC,CCCCCCCCCCCCCC=CC(O)C(COP(=O)([O-])OCC[N+](C)(C)C)NC(=O)CCCCCCCCCCCCCC,strong,1.0,1.0,0,,0,0.0,0.85,1,0.85,468,1803
1802,1801,M01802,M01801,CCCCCCCCCCCCCCCCOCC(COP(=O)([O-])OCC[N+](C)(C)C)OC(=O)CCCCCCCCCCCCCC,CCCCCCCCCCCCCCCCOCC(COP(=O)([O-])OCC[N+](C)(C)C)OC(=O)CCCCCCCCCCCCC,strong,1.0,1.0,0,,0,0.0,0.85,3,0.85,1801,1802
1802,1783,M01802,M01783,CCCCCCCCCCCCCCCCOCC(COP(=O)([O-])OCC[N+](C)(C)C)OC(=O)CCCCCCCCCCCCCC,CCCCCCCCCCCCCCCCCCOCC(COP(=O)([O-])OCC[N+](C)(C)C)OC(=O)CCCCCCCCCCCCCCC,strong,1.0,1.0,0,,0,0.0,0.85,2,0.85,1783,1802
1802,1782,M01802,M01782,CCCCCCCCCCCCCCCCOCC(COP(=O)([O-])OCC[N+](C)(C)C)OC(=O)CCCCCCCCCCCCCC,CCCCCCCCCCCCCCCCOCC(COP(=O)([O-])OCC[N+](C)(C)C)OC(=O)CCCCCCCCCCCCCCC,strong,1.0,1.0,0,,0,0.0,0.85,1,0.85,1782,1802
1801,1783,M01801,M01783,CCCCCCCCCCCCCCCCOCC(COP(=O)([O-])OCC[N+](C)(C)C)OC(=O)CCCCCCCCCCCCC,CCCCCCCCCCCCCCCCCCOCC(COP(=O)([O-])OCC[N+](C)(C)C)OC(=O)CCCCCCCCCCCCCCC,strong,1.0,1.0,0,,0,0.0,0.85,2,0.85,1783,1801
1801,1782,M01801,M01782,CCCCCCCCCCCCCCCCOCC(COP(=O)([O-])OCC[N+](C)(C)C)OC(=O)CCCCCCCCCCCCC,CCCCCCCCCCCCCCCCOCC(COP(=O)([O-])OCC[N+](C)(C)C)OC(=O)CCCCCCCCCCCCCCC,strong,1.0,1.0,0,,0,0.0,0.85,1,0.85,1782,1801
1800,1781,M01800,M01781,CCCCCCCCCCCCCCCCC(=O)OC(COC(=O)CCCCCCCCCCCCCCC)COP(=O)([O-])OCC[N+](C)(C)C,CCCCCCCCCCCCCCCCCC(=O)OCC(COP(=O)([O-])OCC[N+](C)(C)C)OC(=O)CCCCCCCCCCCCCCCCC,strong,1.0,1.0,0,,0,0.0,0.85,3,0.85,1781,1800
1800,1780,M01800,M01780,CCCCCCCCCCCCCCCCC(=O)OC(COC(=O)CCCCCCCCCCCCCCC)COP(=O)([O-])OCC[N+](C)(C)C,CCCCCCCCCCCCCCCC(=O)OCC(COP(=O)([O-])OCC[N+](C)(C)C)OC(=O)CCCCCCCCCCCCCCC,strong,1.0,1.0,0,,0,0.0,0.85,2,0.85,1780,1800
1800,1537,M01800,M01537,CCCCCCCCCCCCCCCCC(=O)OC(COC(=O)CCCCCCCCCCCCCCC)COP(=O)([O-])OCC[N+](C)(C)C,CCCCCCCCCC(=O)OCC(COP(=O)([O-])OCC[N+](C)(C)C)OC(=O)CCCCCCCCC,strong,1.0,1.0,0,,0,0.0,0.85,1,0.85,1537,1800
1799,1781,M01799,M01781,CCCCCCCCCCCCCCCC(=O)OCC(COP(=O)([O-])OCC[N+](C)(C)C)OC(=O)CCCCCCCCCCCCCC,CCCCCCCCCCCCCCCCCC(=O)OCC(COP(=O)([O-])OCC[N+](C)(C)C)OC(=O)CCCCCCCCCCCCCCCCC,strong,1.0,1.0,0,,0,0.0,0.85,3,0.85,1781,1799
1799,1780,M01799,M01780,CCCCCCCCCCCCCCCC(=O)OCC(COP(=O)([O-])OCC[N+](C)(C)C)OC(=O)CCCCCCCCCCCCCC,CCCCCCCCCCCCCCCC(=O)OCC(COP(=O)([O-])OCC[N+](C)(C)C)OC(=O)CCCCCCCCCCCCCCC,strong,1.0,1.0,0,,0,0.0,0.85,2,0.85,1780,1799
1799,1537,M01799,M01537,CCCCCCCCCCCCCCCC(=O)OCC(COP(=O)([O-])OCC[N+](C)(C)C)OC(=O)CCCCCCCCCCCCCC,CCCCCCCCCC(=O)OCC(COP(=O)([O-])OCC[N+](C)(C)C)OC(=O)CCCCCCCCC,strong,1.0,1.0,0,,0,0.0,0.85,1,0.85,1537,1799
1797,1796,M01797,M01796,CCCCCCCCCCCCCCCCCCCCCCCC(=O)NC(CO)C(O)CCCCCCCCCCCCCCC,CCCCCCCCCCCCCCCCCCCCCC(=O)NC(CO)C(O)CCCCCCCCCCCCCCC,strong,1.0,1.0,0,,0,0.0,0.85,1,0.85,1796,1797
1795,1690,M01795,M01690,CCCCCCCCCCCCCCCCCCCC(=O)OC(CC(=O)[O-])C[N+](C)(C)C,CCCCCCCCCC(=O)OC(CC(=O)[O-])C[N+](C)(C)C,strong,1.0,1.0,0,,0,0.0,0.85,3,0.85,1690,1795
1804,1591,M01804,M01591,CCCCCCCCCCCCCCC=CC(O)C(COP(=O)([O-])OCC[N+](C)(C)C)NC(=O)CCCCCCCCCCCCCCCCC,CCCCCCCCCCCCCC=CC(O)C(COP(=O)([O-])OCC[N+](C)(C)C)NC(=O)CCCCCCCCCCCCCCCCC,strong,1.0,1.0,0,,0,0.0,0.85,2,0.85,1591,1804
4799,4790,M04799,M04790,CCCCCCCCCCCCCCOCCOS(=O)(=O)O,CCCCCCCCCCCCOCCOS(=O)(=O)O,strong,1.0,1.0,0,,0,0.0,0.85,1,0.85,4790,4799
1776,1777,M01776,M01777,CCCCCCCCCCCCCCC=COCC(O)COP(=O)([O-])OCC[N+](C)(C)C,CCCCCCCCCCCCCCCCC=COCC(O)COP(=O)([O-])OCC[N+](C)(C)C,strong,1.0,1.0,0,,0,0.0,0.85,1,0.85,1776,1777
4798,4792,M04798,M04792,CCCCCCCCCCCCOCCOCCOCCOCCOCCOCCOCCOCCOCCOS(=O)(=O)O,CCCCCCCCCCCCOCCOCCOCCOS(=O)(=O)O,strong,1.0,1.0,0,,0,0.0,0.85,3,0.85,4792,4798
4795,4790,M04795,M04790,CCCCCCCCCCCCOCCOCCOCCOCCOCCOCCOS(=O)(=O)O,CCCCCCCCCCCCOCCOS(=O)(=O)O,strong,1.0,1.0,0,,0,0.0,0.85,1,0.85,4790,4795
4795,4791,M04795,M04791,CCCCCCCCCCCCOCCOCCOCCOCCOCCOCCOS(=O)(=O)O,CCCCCCCCCCCCOCCOCCOS(=O)(=O)O,strong,1.0,1.0,0,,0,0.0,0.85,2,0.85,4791,4795
4795,4792,M04795,M04792,CCCCCCCCCCCCOCCOCCOCCOCCOCCOCCOS(=O)(=O)O,CCCCCCCCCCCCOCCOCCOCCOS(=O)(=O)O,strong,1.0,1.0,0,,0,0.0,0.85,3,0.85,4792,4795
4796,4790,M04796,M04790,CCCCCCCCCCCCOCCOCCOCCOCCOCCOCCOCCOS(=O)(=O)O,CCCCCCCCCCCCOCCOS(=O)(=O)O,strong,1.0,1.0,0,,0,0.0,0.85,1,0.85,4790,4796
4796,4791,M04796,M04791,CCCCCCCCCCCCOCCOCCOCCOCCOCCOCCOCCOS(=O)(=O)O,CCCCCCCCCCCCOCCOCCOS(=O)(=O)O,strong,1.0,1.0,0,,0,0.0,0.85,2,0.85,4791,4796
4796,4792,M04796,M04792,CCCCCCCCCCCCOCCOCCOCCOCCOCCOCCOCCOS(=O)(=O)O,CCCCCCCCCCCCOCCOCCOCCOS(=O)(=O)O,strong,1.0,1.0,0,,0,0.0,0.85,3,0.85,4792,4796
4797,4790,M04797,M04790,CCCCCCCCCCCCOCCOCCOCCOCCOCCOCCOCCOCCOS(=O)(=O)O,CCCCCCCCCCCCOCCOS(=O)(=O)O,strong,1.0,1.0,0,,0,0.0,0.85,1,0.85,4790,4797
4797,4791,M04797,M04791,CCCCCCCCCCCCOCCOCCOCCOCCOCCOCCOCCOCCOS(=O)(=O)O,CCCCCCCCCCCCOCCOCCOS(=O)(=O)O,strong,1.0,1.0,0,,0,0.0,0.85,2,0.85,4791,4797
4797,4792,M04797,M04792,CCCCCCCCCCCCOCCOCCOCCOCCOCCOCCOCCOCCOS(=O)(=O)O,CCCCCCCCCCCCOCCOCCOCCOS(=O)(=O)O,strong,1.0,1.0,0,,0,0.0,0.85,3,0.85,4792,4797
1881,2124,M01881,M02124,C=CCCCCCCCC(=O)O,C=CCCCCCCCCC(=O)O,strong,1.0,1.0,0,,0,0.0,0.85,1,0.85,1881,2124
1877,2172,M01877,M02172,CC(C)CCCCCCCCCCCCC(=O)O,CC(C)CCCCCCCCCCCCCCC(=O)O,strong,1.0,1.0,0,,0,0.0,0.85,3,0.85,1877,2172
1877,2170,M01877,M02170,CC(C)CCCCCCCCCCCCC(=O)O,CC(C)CCCCCCCCCCC(=O)O,strong,1.0,1.0,0,,0,0.0,0.85,2,0.85,1877,2170
1877,2120,M01877,M02120,CC(C)CCCCCCCCCCCCC(=O)O,CC(C)CCCCCCCCCCCCCC(=O)O,strong,1.0,1.0,0,,0,0.0,0.85,1,0.85,1877,2120
1876,1871,M01876,M01871,CCCCCCCCCCCC=CC(=O)OC(CC(=O)[O-])C[N+](C)(C)C,CCCCCCCCCC=CC(=O)OC(CC(=O)[O-])C[N+](C)(C)C,strong,1.0,1.0,0,,0,0.0,0.85,1,0.85,1871,1876
1875,1874,M01875,M01874,CCCCCCCCCCCCCC(O)CC(=O)OC(CC(=O)[O-])C[N+](C)(C)C,CCCCCCCCCC(O)CC(=O)OC(CC(=O)[O-])C[N+](C)(C)C,strong,1.0,1.0,0,,0,0.0,0.85,1,0.85,1874,1875
4798,4790,M04798,M04790,CCCCCCCCCCCCOCCOCCOCCOCCOCCOCCOCCOCCOCCOS(=O)(=O)O,CCCCCCCCCCCCOCCOS(=O)(=O)O,strong,1.0,1.0,0,,0,0.0,0.85,1,0.85,4790,4798
4798,4791,M04798,M04791,CCCCCCCCCCCCOCCOCCOCCOCCOCCOCCOCCOCCOCCOS(=O)(=O)O,CCCCCCCCCCCCOCCOCCOS(=O)(=O)O,strong,1.0,1.0,0,,0,0.0,0.85,2,0.85,4791,4798
1795,1466,M01795,M01466,CCCCCCCCCCCCCCCCCCCC(=O)OC(CC(=O)[O-])C[N+](C)(C)C,CCCCCCCCCCCC(=O)OC(CC(=O)[O-])C[N+](C)(C)C,strong,1.0,1.0,0,,0,0.0,0.85,2,0.85,1466,1795
1795,482,M01795,M00482,CCCCCCCCCCCCCCCCCCCC(=O)OC(CC(=O)[O-])C[N+](C)(C)C,CCCCCCCCCCCCCCCC(=O)OC(CC(=O)[O-])C[N+](C)(C)C,strong,1.0,1.0,0,,0,0.0,0.85,1,0.85,482,1795
1793,1784,M01793,M01784,CCCCCCCCCCCCCCC=CC(O)C(COP(=O)([O-])OCC[N+](C)(C)C)NC(=O)CCCCCCCCCCCCCCC,CCCCCCCCCCCC=CC(O)C(COP(=O)([O-])OCC[N+](C)(C)C)NC(=O)CCCCCCCCCCCCCCCCCCC,strong,1.0,1.0,0,,0,0.0,0.85,3,0.85,1784,1793
1793,1591,M01793,M01591,CCCCCCCCCCCCCCC=CC(O)C(COP(=O)([O-])OCC[N+](C)(C)C)NC(=O)CCCCCCCCCCCCCCC,CCCCCCCCCCCCCC=CC(O)C(COP(=O)([O-])OCC[N+](C)(C)C)NC(=O)CCCCCCCCCCCCCCCCC,strong,1.0,1.0,0,,0,0.0,0.85,2,0.85,1591,1793
1785,468,M01785,M00468,CCCCCCCCCCCC=CC(O)C(COP(=O)([O-])OCC[N+](C)(C)C)NC(=O)CCCCCCCCCCCCCCCCCCCCC,CCCCCCCCCCCCCC=CC(O)C(COP(=O)([O-])OCC[N+](C)(C)C)NC(=O)CCCCCCCCCCCCCC,strong,1.0,1.0,0,,0,0.0,0.85,1,0.85,468,1785
1784,1785,M01784,M01785,CCCCCCCCCCCC=CC(O)C(COP(=O)([O-])OCC[N+](C)(C)C)NC(=O)CCCCCCCCCCCCCCCCCCC,CCCCCCCCCCCC=CC(O)C(COP(=O)([O-])OCC[N+](C)(C)C)NC(=O)CCCCCCCCCCCCCCCCCCCCC,strong,1.0,1.0,0,,0,0.0,0.85,3,0.85,1784,1785
1784,1591,M01784,M01591,CCCCCCCCCCCC=CC(O)C(COP(=O)([O-])OCC[N+](C)(C)C)NC(=O)CCCCCCCCCCCCCCCCCCC,CCCCCCCCCCCCCC=CC(O)C(COP(=O)([O-])OCC[N+](C)(C)C)NC(=O)CCCCCCCCCCCCCCCCC,strong,1.0,1.0,0,,0,0.0,0.85,2,0.85,1591,1784
1784,468,M01784,M00468,CCCCCCCCCCCC=CC(O)C(COP(=O)([O-])OCC[N+](C)(C)C)NC(=O)CCCCCCCCCCCCCCCCCCC,CCCCCCCCCCCCCC=CC(O)C(COP(=O)([O-])OCC[N+](C)(C)C)NC(=O)CCCCCCCCCCCCCC,strong,1.0,1.0,0,,0,0.0,0.85,1,0.85,468,1784
841,4847,M00841,M04847,O=C(O)C=C(F)C(F)(F)C(F)(F)C(F)(F)C(F)(F)C(F)(F)F,O=C(O)C=C(F)C(F)(F)C(F)(F)C(F)(F)C(F)(F)C(F)(F)C(F)(F)C(F)(F)C(F)(F)C(F)(F)F,strong,1.0,1.0,0,,0,0.0,0.85,2,0.85,841,4847
1781,1780,M01781,M01780,CCCCCCCCCCCCCCCCCC(=O)OCC(COP(=O)([O-])OCC[N+](C)(C)C)OC(=O)CCCCCCCCCCCCCCCCC,CCCCCCCCCCCCCCCC(=O)OCC(COP(=O)([O-])OCC[N+](C)(C)C)OC(=O)CCCCCCCCCCCCCCC,strong,1.0,1.0,0,,0,0.0,0.85,2,0.85,1780,1781
1781,1537,M01781,M01537,CCCCCCCCCCCCCCCCCC(=O)OCC(COP(=O)([O-])OCC[N+](C)(C)C)OC(=O)CCCCCCCCCCCCCCCCC,CCCCCCCCCC(=O)OCC(COP(=O)([O-])OCC[N+](C)(C)C)OC(=O)CCCCCCCCC,strong,1.0,1.0,0,,0,0.0,0.85,1,0.85,1537,1781
4799,4792,M04799,M04792,CCCCCCCCCCCCCCOCCOS(=O)(=O)O,CCCCCCCCCCCCOCCOCCOCCOS(=O)(=O)O,strong,1.0,1.0,0,,0,0.0,0.85,3,0.85,4792,4799
1780,1537,M01780,M01537,CCCCCCCCCCCCCCCC(=O)OCC(COP(=O)([O-])OCC[N+](C)(C)C)OC(=O)CCCCCCCCCCCCCCC,CCCCCCCCCC(=O)OCC(COP(=O)([O-])OCC[N+](C)(C)C)OC(=O)CCCCCCCCC,strong,1.0,1.0,0,,0,0.0,0.85,1,0.85,1537,1780
1778,465,M01778,M00465,CCCCCCCCCCCCCCCC(=O)OCC(O)COP(=O)(O)OCCN,CCCCCCCCCCCCCCCCCC(=O)OCC(O)COP(=O)(O)OCCN,strong,1.0,1.0,0,,0,0.0,0.85,1,0.85,465,1778
1785,1591,M01785,M01591,CCCCCCCCCCCC=CC(O)C(COP(=O)([O-])OCC[N+](C)(C)C)NC(=O)CCCCCCCCCCCCCCCCCCCCC,CCCCCCCCCCCCCC=CC(O)C(COP(=O)([O-])OCC[N+](C)(C)C)NC(=O)CCCCCCCCCCCCCCCCC,strong,1.0,1.0,0,,0,0.0,0.85,2,0.85,1591,1785
4799,4791,M04799,M04791,CCCCCCCCCCCCCCOCCOS(=O)(=O)O,CCCCCCCCCCCCOCCOCCOS(=O)(=O)O,strong,1.0,1.0,0,,0,0.0,0.85,2,0.85,4791,4799
1790,1591,M01790,M01591,CCCCCCCCCCCCCC=CC(O)C(COP(=O)([O-])OCC[N+](C)(C)C)NC(=O)CCCCCCCCCCCCCCCCCCCCC,CCCCCCCCCCCCCC=CC(O)C(COP(=O)([O-])OCC[N+](C)(C)C)NC(=O)CCCCCCCCCCCCCCCCC,strong,1.0,1.0,0,,0,0.0,0.85,2,0.85,1591,1790
1793,468,M01793,M00468,CCCCCCCCCCCCCCC=CC(O)C(COP(=O)([O-])OCC[N+](C)(C)C)NC(=O)CCCCCCCCCCCCCCC,CCCCCCCCCCCCCC=CC(O)C(COP(=O)([O-])OCC[N+](C)(C)C)NC(=O)CCCCCCCCCCCCCC,strong,1.0,1.0,0,,0,0.0,0.85,1,0.85,468,1793
1792,1784,M01792,M01784,CCCCCCCCCCCCCC=CC(O)C(COP(=O)([O-])OCC[N+](C)(C)C)NC(=O)CCCCCCCCCCCCCCCCCCCCCCC,CCCCCCCCCCCC=CC(O)C(COP(=O)([O-])OCC[N+](C)(C)C)NC(=O)CCCCCCCCCCCCCCCCCCC,strong,1.0,1.0,0,,0,0.0,0.85,3,0.85,1784,1792
1792,1591,M01792,M01591,CCCCCCCCCCCCCC=CC(O)C(COP(=O)([O-])OCC[N+](C)(C)C)NC(=O)CCCCCCCCCCCCCCCCCCCCCCC,CCCCCCCCCCCCCC=CC(O)C(COP(=O)([O-])OCC[N+](C)(C)C)NC(=O)CCCCCCCCCCCCCCCCC,strong,1.0,1.0,0,,0,0.0,0.85,2,0.85,1591,1792
1792,468,M01792,M00468,CCCCCCCCCCCCCC=CC(O)C(COP(=O)([O-])OCC[N+](C)(C)C)NC(=O)CCCCCCCCCCCCCCCCCCCCCCC,CCCCCCCCCCCCCC=CC(O)C(COP(=O)([O-])OCC[N+](C)(C)C)NC(=O)CCCCCCCCCCCCCC,strong,1.0,1.0,0,,0,0.0,0.85,1,0.85,468,1792
1791,1784,M01791,M01784,CCCCCCCCCCCCCC=CC(O)C(COP(=O)([O-])OCC[N+](C)(C)C)NC(=O)CCCCCCCCCCCCCCCCCCCCCC,CCCCCCCCCCCC=CC(O)C(COP(=O)([O-])OCC[N+](C)(C)C)NC(=O)CCCCCCCCCCCCCCCCCCC,strong,1.0,1.0,0,,0,0.0,0.85,3,0.85,1784,1791
1791,1591,M01791,M01591,CCCCCCCCCCCCCC=CC(O)C(COP(=O)([O-])OCC[N+](C)(C)C)NC(=O)CCCCCCCCCCCCCCCCCCCCCC,CCCCCCCCCCCCCC=CC(O)C(COP(=O)([O-])OCC[N+](C)(C)C)NC(=O)CCCCCCCCCCCCCCCCC,strong,1.0,1.0,0,,0,0.0,0.85,2,0.85,1591,1791
1791,468,M01791,M00468,CCCCCCCCCCCCCC=CC(O)C(COP(=O)([O-])OCC[N+](C)(C)C)NC(=O)CCCCCCCCCCCCCCCCCCCCCC,CCCCCCCCCCCCCC=CC(O)C(COP(=O)([O-])OCC[N+](C)(C)C)NC(=O)CCCCCCCCCCCCCC,strong,1.0,1.0,0,,0,0.0,0.85,1,0.85,468,1791
1790,1784,M01790,M01784,CCCCCCCCCCCCCC=CC(O)C(COP(=O)([O-])OCC[N+](C)(C)C)NC(=O)CCCCCCCCCCCCCCCCCCCCC,CCCCCCCCCCCC=CC(O)C(COP(=O)([O-])OCC[N+](C)(C)C)NC(=O)CCCCCCCCCCCCCCCCCCC,strong,1.0,1.0,0,,0,0.0,0.85,3,0.85,1784,1790
1790,468,M01790,M00468,CCCCCCCCCCCCCC=CC(O)C(COP(=O)([O-])OCC[N+](C)(C)C)NC(=O)CCCCCCCCCCCCCCCCCCCCC,CCCCCCCCCCCCCC=CC(O)C(COP(=O)([O-])OCC[N+](C)(C)C)NC(=O)CCCCCCCCCCCCCC,strong,1.0,1.0,0,,0,0.0,0.85,1,0.85,468,1790
1786,468,M01786,M00468,CCCCCCCCCCCC=CC(O)C(COP(=O)([O-])OCC[N+](C)(C)C)NC(=O)CCCCCCCCCCCCCCCCCCCCCCC,CCCCCCCCCCCCCC=CC(O)C(COP(=O)([O-])OCC[N+](C)(C)C)NC(=O)CCCCCCCCCCCCCC,strong,1.0,1.0,0,,0,0.0,0.85,1,0.85,468,1786
1789,1784,M01789,M01784,CCCCCCCCCCCCCC=CC(O)C(COP(=O)([O-])OCC[N+](C)(C)C)NC(=O)CCCCCCCCCCCCCCCCCCC,CCCCCCCCCCCC=CC(O)C(COP(=O)([O-])OCC[N+](C)(C)C)NC(=O)CCCCCCCCCCCCCCCCCCC,strong,1.0,1.0,0,,0,0.0,0.85,3,0.85,1784,1789
1789,1591,M01789,M01591,CCCCCCCCCCCCCC=CC(O)C(COP(=O)([O-])OCC[N+](C)(C)C)NC(=O)CCCCCCCCCCCCCCCCCCC,CCCCCCCCCCCCCC=CC(O)C(COP(=O)([O-])OCC[N+](C)(C)C)NC(=O)CCCCCCCCCCCCCCCCC,strong,1.0,1.0,0,,0,0.0,0.85,2,0.85,1591,1789
1789,468,M01789,M00468,CCCCCCCCCCCCCC=CC(O)C(COP(=O)([O-])OCC[N+](C)(C)C)NC(=O)CCCCCCCCCCCCCCCCCCC,CCCCCCCCCCCCCC=CC(O)C(COP(=O)([O-])OCC[N+](C)(C)C)NC(=O)CCCCCCCCCCCCCC,strong,1.0,1.0,0,,0,0.0,0.85,1,0.85,468,1789
1788,1784,M01788,M01784,CCCCCCCCCCCCCC=CC(O)C(COP(=O)([O-])OCC[N+](C)(C)C)NC(=O)CCCCCCCCCCCCCCC,CCCCCCCCCCCC=CC(O)C(COP(=O)([O-])OCC[N+](C)(C)C)NC(=O)CCCCCCCCCCCCCCCCCCC,strong,1.0,1.0,0,,0,0.0,0.85,3,0.85,1784,1788
1788,1591,M01788,M01591,CCCCCCCCCCCCCC=CC(O)C(COP(=O)([O-])OCC[N+](C)(C)C)NC(=O)CCCCCCCCCCCCCCC,CCCCCCCCCCCCCC=CC(O)C(COP(=O)([O-])OCC[N+](C)(C)C)NC(=O)CCCCCCCCCCCCCCCCC,strong,1.0,1.0,0,,0,0.0,0.85,2,0.85,1591,1788
1788,468,M01788,M00468,CCCCCCCCCCCCCC=CC(O)C(COP(=O)([O-])OCC[N+](C)(C)C)NC(=O)CCCCCCCCCCCCCCC,CCCCCCCCCCCCCC=CC(O)C(COP(=O)([O-])OCC[N+](C)(C)C)NC(=O)CCCCCCCCCCCCCC,strong,1.0,1.0,0,,0,0.0,0.85,1,0.85,468,1788
1786,1784,M01786,M01784,CCCCCCCCCCCC=CC(O)C(COP(=O)([O-])OCC[N+](C)(C)C)NC(=O)CCCCCCCCCCCCCCCCCCCCCCC,CCCCCCCCCCCC=CC(O)C(COP(=O)([O-])OCC[N+](C)(C)C)NC(=O)CCCCCCCCCCCCCCCCCCC,strong,1.0,1.0,0,,0,0.0,0.85,3,0.85,1784,1786
1786,1591,M01786,M01591,CCCCCCCCCCCC=CC(O)C(COP(=O)([O-])OCC[N+](C)(C)C)NC(=O)CCCCCCCCCCCCCCCCCCCCCCC,CCCCCCCCCCCCCC=CC(O)C(COP(=O)([O-])OCC[N+](C)(C)C)NC(=O)CCCCCCCCCCCCCCCCC,strong,1.0,1.0,0,,0,0.0,0.85,2,0.85,1591,1786
841,842,M00841,M00842,O=C(O)C=C(F)C(F)(F)C(F)(F)C(F)(F)C(F)(F)C(F)(F)F,O=C(O)C=C(F)C(F)(F)C(F)(F)C(F)(F)C(F)(F)C(F)(F)C(F)(F)C(F)(F)F,strong,1.0,1.0,0,,0,0.0,0.85,1,0.85,841,842
1752,482,M01752,M00482,CCCCCCCCCCCCCCCCCCCCCCCCCC(=O)OC(CC(=O)[O-])C[N+](C)(C)C,CCCCCCCCCCCCCCCC(=O)OC(CC(=O)[O-])C[N+](C)(C)C,strong,1.0,1.0,0,,0,0.0,0.85,1,0.85,482,1752
1518,1494,M01518,M01494,CCCCCCCCCCCCCCCCCC(=O)[O-],CCCCCCCCC(=O)[O-],strong,1.0,1.0,0,,0,0.0,0.85,3,0.85,1494,1518
1059,4856,M01059,M04856,OCCOCCOCCOCCOCCOCCO,OCCOCCOCCOCCO,strong,1.0,1.0,0,,0,0.0,0.85,1,0.85,1059,4856
4821,4770,M04821,M04770,O=S(=O)(O)C(F)(F)C(F)(F)C(F)(F)C(F)(F)C(F)(F)C(F)(F)C(F)(F)C(F)(F)C(F)(F)F,O=S(=O)(O)C(F)(F)C(F)(F)C(F)(F)C(F)(F)C(F)(F)C(F)(F)F,strong,1.0,1.0,0,,0,0.0,0.85,3,0.85,4770,4821
4826,834,M04826,M00834,O=C(O)C(F)(F)C(F)(F)C(F)(F)C(F)(F)C(F)(F)C(F)(F)C(F)(F)C(F)(F)C(F)(F)C(F)(F)C(F)(F)C(F)(F)C(F)(F)C(F)(F)C(F)(F)C(F)(F)C(F)(F)F,O=C(O)C(F)(F)C(F)(F)C(F)(F)C(F)(F)C(F)(F)F,strong,1.0,1.0,0,,0,0.0,0.85,1,0.85,834,4826
4826,835,M04826,M00835,O=C(O)C(F)(F)C(F)(F)C(F)(F)C(F)(F)C(F)(F)C(F)(F)C(F)(F)C(F)(F)C(F)(F)C(F)(F)C(F)(F)C(F)(F)C(F)(F)C(F)(F)C(F)(F)C(F)(F)C(F)(F)F,O=C(O)C(F)(F)C(F)(F)C(F)(F)C(F)(F)C(F)(F)C(F)(F)F,strong,1.0,1.0,0,,0,0.0,0.85,2,0.85,835,4826
4826,836,M04826,M00836,O=C(O)C(F)(F)C(F)(F)C(F)(F)C(F)(F)C(F)(F)C(F)(F)C(F)(F)C(F)(F)C(F)(F)C(F)(F)C(F)(F)C(F)(F)C(F)(F)C(F)(F)C(F)(F)C(F)(F)C(F)(F)F,O=C(O)C(F)(F)C(F)(F)C(F)(F)C(F)(F)C(F)(F)C(F)(F)C(F)(F)F,strong,1.0,1.0,0,,0,0.0,0.85,3,0.85,836,4826
4827,834,M04827,M00834,O=C(O)C(F)(F)C(F)(F)C(F)(F)C(F)(F)C(F)(F)C(F)(F)C(F)(F)C(F)(F)C(F)(F)C(F)(F)C(F)(F)C(F)(F)C(F)(F)C(F)(F)C(F)(F)F,O=C(O)C(F)(F)C(F)(F)C(F)(F)C(F)(F)C(F)(F)F,strong,1.0,1.0,0,,0,0.0,0.85,1,0.85,834,4827
4827,835,M04827,M00835,O=C(O)C(F)(F)C(F)(F)C(F)(F)C(F)(F)C(F)(F)C(F)(F)C(F)(F)C(F)(F)C(F)(F)C(F)(F)C(F)(F)C(F)(F)C(F)(F)C(F)(F)C(F)(F)F,O=C(O)C(F)(F)C(F)(F)C(F)(F)C(F)(F)C(F)(F)C(F)(F)F,strong,1.0,1.0,0,,0,0.0,0.85,2,0.85,835,4827
4827,836,M04827,M00836,O=C(O)C(F)(F)C(F)(F)C(F)(F)C(F)(F)C(F)(F)C(F)(F)C(F)(F)C(F)(F)C(F)(F)C(F)(F)C(F)(F)C(F)(F)C(F)(F)C(F)(F)C(F)(F)F,O=C(O)C(F)(F)C(F)(F)C(F)(F)C(F)(F)C(F)(F)C(F)(F)C(F)(F)F,strong,1.0,1.0,0,,0,0.0,0.85,3,0.85,836,4827
1518,1465,M01518,M01465,CCCCCCCCCCCCCCCCCC(=O)[O-],CCCCCCCCCCCC(=O)[O-],strong,1.0,1.0,0,,0,0.0,0.85,2,0.85,1465,1518
842,4847,M00842,M04847,O=C(O)C=C(F)C(F)(F)C(F)(F)C(F)(F)C(F)(F)C(F)(F)C(F)(F)C(F)(F)F,O=C(O)C=C(F)C(F)(F)C(F)(F)C(F)(F)C(F)(F)C(F)(F)C(F)(F)C(F)(F)C(F)(F)C(F)(F)F,strong,1.0,1.0,0,,0,0.0,0.85,2,0.85,842,4847
4837,4838,M04837,M04838,O=P(O)(O)C(F)(F)C(F)(F)C(F)(F)C(F)(F)C(F)(F)C(F)(F)F,O=P(O)(O)C(F)(F)C(F)(F)C(F)(F)C(F)(F)C(F)(F)C(F)(F)C(F)(F)C(F)(F)F,strong,1.0,1.0,0,,0,0.0,0.85,1,0.85,4837,4838
1518,1415,M01518,M01415,CCCCCCCCCCCCCCCCCC(=O)[O-],CCCCCCCC(=O)[O-],strong,1.0,1.0,0,,0,0.0,0.85,1,0.85,1415,1518
1513,1401,M01513,M01401,O=C(O)CCCCCCCCC(=O)O,O=C(O)CCCCCC(=O)O,strong,1.0,1.0,0,,0,0.0,0.85,3,0.85,1401,1513
1513,524,M01513,M00524,O=C(O)CCCCCCCCC(=O)O,O=C(O)CCCCCCC(=O)O,strong,1.0,1.0,0,,0,0.0,0.85,2,0.85,524,1513
1513,519,M01513,M00519,O=C(O)CCCCCCCCC(=O)O,O=C(O)CCCCCCCC(=O)O,strong,1.0,1.0,0,,0,0.0,0.85,1,0.85,519,1513
4837,4839,M04837,M04839,O=P(O)(O)C(F)(F)C(F)(F)C(F)(F)C(F)(F)C(F)(F)C(F)(F)F,O=P(O)(O)C(F)(F)C(F)(F)C(F)(F)C(F)(F)C(F)(F)C(F)(F)C(F)(F)C(F)(F)C(F)(F)C(F)(F)F,strong,1.0,1.0,0,,0,0.0,0.85,2,0.85,4837,4839
1498,1355,M01498,M01355,O=C(O)CCCCCCCCCCCO,O=C(O)CCCCCCCCCO,strong,1.0,1.0,0,,0,0.0,0.85,1,0.85,1355,1498
1494,1465,M01494,M01465,CCCCCCCCC(=O)[O-],CCCCCCCCCCCC(=O)[O-],strong,1.0,1.0,0,,0,0.0,0.85,2,0.85,1465,1494
4821,4769,M04821,M04769,O=S(=O)(O)C(F)(F)C(F)(F)C(F)(F)C(F)(F)C(F)(F)C(F)(F)C(F)(F)C(F)(F)C(F)(F)F,O=S(=O)(O)C(F)(F)C(F)(F)C(F)(F)C(F)(F)C(F)(F)C(F)(F)C(F)(F)F,strong,1.0,1.0,0,,0,0.0,0.85,2,0.85,4769,4821
4821,2495,M04821,M02495,O=S(=O)(O)C(F)(F)C(F)(F)C(F)(F)C(F)(F)C(F)(F)C(F)(F)C(F)(F)C(F)(F)C(F)(F)F,O=S(=O)(O)C(F)(F)C(F)(F)C(F)(F)C(F)(F)C(F)(F)C(F)(F)C(F)(F)C(F)(F)F,strong,1.0,1.0,0,,0,0.0,0.85,1,0.85,2495,4821
1596,1465,M01596,M01465,CCCCCCCCCCCCCCCCCCCC(=O)[O-],CCCCCCCCCCCC(=O)[O-],strong,1.0,1.0,0,,0,0.0,0.85,2,0.85,1465,1596
1596,1415,M01596,M01415,CCCCCCCCCCCCCCCCCCCC(=O)[O-],CCCCCCCC(=O)[O-],strong,1.0,1.0,0,,0,0.0,0.85,1,0.85,1415,1596
1591,468,M01591,M00468,CCCCCCCCCCCCCC=CC(O)C(COP(=O)([O-])OCC[N+](C)(C)C)NC(=O)CCCCCCCCCCCCCCCCC,CCCCCCCCCCCCCC=CC(O)C(COP(=O)([O-])OCC[N+](C)(C)C)NC(=O)CCCCCCCCCCCCCC,strong,1.0,1.0,0,,0,0.0,0.85,1,0.85,468,1591
1589,1599,M01589,M01599,CCCCCCCCCCCC=CCCCCC(=O)[O-],CCCCCCCCC=CCCCCCCCCCCCC(=O)[O-],strong,1.0,1.0,0,,0,0.0,0.85,3,0.85,1589,1599
1589,1598,M01589,M01598,CCCCCCCCCCCC=CCCCCC(=O)[O-],CCCCCCCCC=CCCCCCCCC(=O)[O-],strong,1.0,1.0,0,,0,0.0,0.85,2,0.85,1589,1598
1589,1586,M01589,M01586,CCCCCCCCCCCC=CCCCCC(=O)[O-],CCCCCCCCC=CCCCCCCCCCCCCCC(=O)[O-],strong,1.0,1.0,0,,0,0.0,0.85,1,0.85,1586,1589
1586,1599,M01586,M01599,CCCCCCCCC=CCCCCCCCCCCCCCC(=O)[O-],CCCCCCCCC=CCCCCCCCCCCCC(=O)[O-],strong,1.0,1.0,0,,0,0.0,0.85,3,0.85,1586,1599
1586,1598,M01586,M01598,CCCCCCCCC=CCCCCCCCCCCCCCC(=O)[O-],CCCCCCCCC=CCCCCCCCC(=O)[O-],strong,1.0,1.0,0,,0,0.0,0.85,2,0.85,1586,1598
4817,4818,M04817,M04818,O=S(=O)([O-])C(F)(F)C(F)(F)OC(F)(F)C(F)(F)C(F)(F)C(F)(F)C(F)(F)C(F)(F)Cl,O=S(=O)([O-])C(F)(F)C(F)(F)OC(F)(F)C(F)(F)C(F)(F)C(F)(F)C(F)(F)C(F)(F)C(F)(F)C(F)(F)Cl,strong,1.0,1.0,0,,0,0.0,0.85,1,0.85,4817,4818
1576,514,M01576,M00514,CCCCCCCCCCCCCC(=O)OCC(COC(=O)CCCCCCCCCCCCC)OC(=O)CCCCCCCCCCCCC,CCCCCCCCCCCCCCCCC(=O)OCC(COC(=O)CCCCCCCCCCCCCCCC)OC(=O)CCCCCCCCCCCCCCCC,strong,1.0,1.0,0,,0,0.0,0.85,3,0.85,514,1576
1576,501,M01576,M00501,CCCCCCCCCCCCCC(=O)OCC(COC(=O)CCCCCCCCCCCCC)OC(=O)CCCCCCCCCCCCC,CCCCCCCCCCCCCCCCCC(=O)OCC(COC(=O)CCCCCCCCCCCCCCCCC)OC(=O)CCCCCCCCCCCCCCCCC,strong,1.0,1.0,0,,0,0.0,0.85,2,0.85,501,1576
1576,499,M01576,M00499,CCCCCCCCCCCCCC(=O)OCC(COC(=O)CCCCCCCCCCCCC)OC(=O)CCCCCCCCCCCCC,CCCCCCCCCCCCCCCC(=O)OCC(COC(=O)CCCCCCCCCCCCCCC)OC(=O)CCCCCCCCCCCCCCC,strong,1.0,1.0,0,,0,0.0,0.85,1,0.85,499,1576
1575,1748,M01575,M01748,CCCCCCCCCCCCCCCC(=O)OCC(COP(=O)(O)OCCN)OC(=O)CCCCCCCCCCCCCCC,CCCCCCCCCCCCCCCCCC(=O)OCC(COP(=O)(O)OCCN)OC(=O)CCCCCCCCCCCCCCC,strong,1.0,1.0,0,,0,0.0,0.85,1,0.85,1575,1748
4820,2519,M04820,M02519,O=S(=O)(O)CCC(F)(F)C(F)(F)C(F)(F)C(F)(F)C(F)(F)C(F)(F)C(F)(F)C(F)(F)F,O=S(=O)(O)CCC(F)(F)C(F)(F)C(F)(F)C(F)(F)C(F)(F)C(F)(F)F,strong,1.0,1.0,0,,0,0.0,0.85,1,0.85,2519,4820
1494,1415,M01494,M01415,CCCCCCCCC(=O)[O-],CCCCCCCC(=O)[O-],strong,1.0,1.0,0,,0,0.0,0.85,1,0.85,1415,1494
4838,4839,M04838,M04839,O=P(O)(O)C(F)(F)C(F)(F)C(F)(F)C(F)(F)C(F)(F)C(F)(F)C(F)(F)C(F)(F)F,O=P(O)(O)C(F)(F)C(F)(F)C(F)(F)C(F)(F)C(F)(F)C(F)(F)C(F)(F)C(F)(F)C(F)(F)C(F)(F)F,strong,1.0,1.0,0,,0,0.0,0.85,2,0.85,4838,4839
4843,4841,M04843,M04841,O=P(O)(C(F)(F)C(F)(F)C(F)(F)C(F)(F)C(F)(F)C(F)(F)C(F)(F)C(F)(F)F)C(F)(F)C(F)(F)C(F)(F)C(F)(F)C(F)(F)C(F)(F)C(F)(F)C(F)(F)F,O=P(O)(C(F)(F)C(F)(F)C(F)(F)C(F)(F)C(F)(F)C(F)(F)F)C(F)(F)C(F)(F)C(F)(F)C(F)(F)C(F)(F)C(F)(F)F,strong,1.0,1.0,0,,0,0.0,0.85,1,0.85,4841,4843
1306,1302,M01306,M01302,COc1cc(C2Oc3ccc(C4Oc5cc(O)cc(O)c5C(=O)C4O)cc3OC2CO)ccc1O,COc1cc(C2Oc3cc(C4Oc5cc(O)cc(O)c5C(=O)C4O)ccc3OC2CO)ccc1O,strong,1.0,1.0,0,,0,0.0,0.85,1,0.85,1302,1306
4844,4845,M04844,M04845,O=C(O)CC(F)(F)C(F)(F)C(F)(F)C(F)(F)C(F)(F)C(F)(F)C(F)(F)C(F)(F)F,O=C(O)CC(F)(F)C(F)(F)C(F)(F)C(F)(F)C(F)(F)C(F)(F)F,strong,1.0,1.0,0,,0,0.0,0.85,1,0.85,4844,4845
4844,4846,M04844,M04846,O=C(O)CC(F)(F)C(F)(F)C(F)(F)C(F)(F)C(F)(F)C(F)(F)C(F)(F)C(F)(F)F,O=C(O)CC(F)(F)C(F)(F)C(F)(F)C(F)(F)C(F)(F)C(F)(F)C(F)(F)C(F)(F)C(F)(F)C(F)(F)F,strong,1.0,1.0,0,,0,0.0,0.85,2,0.85,4844,4846
4845,4846,M04845,M04846,O=C(O)CC(F)(F)C(F)(F)C(F)(F)C(F)(F)C(F)(F)C(F)(F)F,O=C(O)CC(F)(F)C(F)(F)C(F)(F)C(F)(F)C(F)(F)C(F)(F)C(F)(F)C(F)(F)C(F)(F)C(F)(F)F,strong,1.0,1.0,0,,0,0.0,0.85,2,0.85,4845,4846
4848,4849,M04848,M04849,OCCC(F)(F)C(F)(F)C(F)(F)C(F)(F)C(F)(F)C(F)(F)C(F)(F)C(F)(F)C(F)(F)C(F)(F)F,OCCC(F)(F)C(F)(F)C(F)(F)C(F)(F)C(F)(F)C(F)(F)F,strong,1.0,1.0,0,,0,0.0,0.85,1,0.85,4848,4849
4848,4851,M04848,M04851,OCCC(F)(F)C(F)(F)C(F)(F)C(F)(F)C(F)(F)C(F)(F)C(F)(F)C(F)(F)C(F)(F)C(F)(F)F,OCCC(F)(F)C(F)(F)C(F)(F)C(F)(F)C(F)(F)C(F)(F)C(F)(F)C(F)(F)F,strong,1.0,1.0,0,,0,0.0,0.85,2,0.85,4848,4851
4849,4851,M04849,M04851,OCCC(F)(F)C(F)(F)C(F)(F)C(F)(F)C(F)(F)C(F)(F)F,OCCC(F)(F)C(F)(F)C(F)(F)C(F)(F)C(F)(F)C(F)(F)C(F)(F)C(F)(F)F,strong,1.0,1.0,0,,0,0.0,0.85,2,0.85,4849,4851
4853,4855,M04853,M04855,O=C(O)CCC(F)(F)C(F)(F)C(F)(F)C(F)(F)C(F)(F)C(F)(F)C(F)(F)F,O=C(O)CCC(F)(F)C(F)(F)C(F)(F)C(F)(F)C(F)(F)F,strong,1.0,1.0,0,,0,0.0,0.85,1,0.85,4853,4855
4843,4842,M04843,M04842,O=P(O)(C(F)(F)C(F)(F)C(F)(F)C(F)(F)C(F)(F)C(F)(F)C(F)(F)C(F)(F)F)C(F)(F)C(F)(F)C(F)(F)C(F)(F)C(F)(F)C(F)(F)C(F)(F)C(F)(F)F,O=P(O)(C(F)(F)C(F)(F)C(F)(F)C(F)(F)C(F)(F)C(F)(F)F)C(F)(F)C(F)(F)C(F)(F)C(F)(F)C(F)(F)C(F)(F)C(F)(F)C(F)(F)F,strong,1.0,1.0,0,,0,0.0,0.85,2,0.85,4842,4843
1466,1698,M01466,M01698,CCCCCCCCCCCC(=O)OC(CC(=O)[O-])C[N+](C)(C)C,CCCCCCCC(=O)OC(CC(=O)[O-])C[N+](C)(C)C,strong,1.0,1.0,0,,0,0.0,0.85,3,0.85,1466,1698
1401,519,M01401,M00519,O=C(O)CCCCCC(=O)O,O=C(O)CCCCCCCC(=O)O,strong,1.0,1.0,0,,0,0.0,0.85,1,0.85,519,1401
1466,1690,M01466,M01690,CCCCCCCCCCCC(=O)OC(CC(=O)[O-])C[N+](C)(C)C,CCCCCCCCCC(=O)OC(CC(=O)[O-])C[N+](C)(C)C,strong,1.0,1.0,0,,0,0.0,0.85,2,0.85,1466,1690
1466,482,M01466,M00482,CCCCCCCCCCCC(=O)OC(CC(=O)[O-])C[N+](C)(C)C,CCCCCCCCCCCCCCCC(=O)OC(CC(=O)[O-])C[N+](C)(C)C,strong,1.0,1.0,0,,0,0.0,0.85,1,0.85,482,1466
1465,1415,M01465,M01415,CCCCCCCCCCCC(=O)[O-],CCCCCCCC(=O)[O-],strong,1.0,1.0,0,,0,0.0,0.85,1,0.85,1415,1465
1454,2667,M01454,M02667,CCCCCCCCCCCCCC(=O)OCC(O)CO,CCCCCCCCCCCCCCCCCC(=O)OCC(O)CO,strong,1.0,1.0,0,,0,0.0,0.85,2,0.85,1454,2667
1454,2666,M01454,M02666,CCCCCCCCCCCCCC(=O)OCC(O)CO,CCCCCCCCCCCCCCCC(=O)OCC(O)CO,strong,1.0,1.0,0,,0,0.0,0.85,1,0.85,1454,2666
4841,4842,M04841,M04842,O=P(O)(C(F)(F)C(F)(F)C(F)(F)C(F)(F)C(F)(F)C(F)(F)F)C(F)(F)C(F)(F)C(F)(F)C(F)(F)C(F)(F)C(F)(F)F,O=P(O)(C(F)(F)C(F)(F)C(F)(F)C(F)(F)C(F)(F)C(F)(F)F)C(F)(F)C(F)(F)C(F)(F)C(F)(F)C(F)(F)C(F)(F)C(F)(F)C(F)(F)F,strong,1.0,1.0,0,,0,0.0,0.85,1,0.85,4841,4842
1425,1627,M01425,M01627,NC(CSSCC(N)C(=O)O)C(=O)O,N[C@@H](CSSC[C@H](N)C(=O)O)C(=O)O,strong,1.0,1.0,0,,0,0.0,0.85,1,0.85,1425,1627
1401,524,M01401,M00524,O=C(O)CCCCCC(=O)O,O=C(O)CCCCCCC(=O)O,strong,1.0,1.0,0,,0,0.0,0.85,2,0.85,524,1401
1596,1494,M01596,M01494,CCCCCCCCCCCCCCCCCCCC(=O)[O-],CCCCCCCCC(=O)[O-],strong,1.0,1.0,0,,0,0.0,0.85,3,0.85,1494,1596
1597,1415,M01597,M01415,CCCCCCCCCC(=O)[O-],CCCCCCCC(=O)[O-],strong,1.0,1.0,0,,0,0.0,0.85,1,0.85,1415,1597
1597,1465,M01597,M01465,CCCCCCCCCC(=O)[O-],CCCCCCCCCCCC(=O)[O-],strong,1.0,1.0,0,,0,0.0,0.85,2,0.85,1465,1597
866,4688,M00866,M04688,CCCCCCCCCC[N+](C)(C)[O-],CCCCCCCCCCCCCC[N+](C)(C)[O-],strong,1.0,1.0,0,,0,0.0,0.85,2,0.85,866,4688
1745,1754,M01745,M01754,CCCCCCCCCCCCCC=CC(O)C(CO)NC(=O)CCCCCCCCCCCCCCCCCCCCCCCCC,CCCCCCCCCCCC=CC(O)C(CO)NC(=O)CCCCCCCCCCCCCCCCCCCCC,strong,1.0,1.0,0,,0,0.0,0.85,3,0.85,1745,1754
1745,1753,M01745,M01753,CCCCCCCCCCCCCC=CC(O)C(CO)NC(=O)CCCCCCCCCCCCCCCCCCCCCCCCC,CCCCCCCCCCCC=CC(O)C(CO)NC(=O)CCCCCCCCCCCCCCCCCCC,strong,1.0,1.0,0,,0,0.0,0.85,2,0.85,1745,1753
1745,485,M01745,M00485,CCCCCCCCCCCCCC=CC(O)C(CO)NC(=O)CCCCCCCCCCCCCCCCCCCCCCCCC,CCCCCCCCCCCCCC=CC(O)C(CO)NC(=O)CCCCCCCCCCCCCCCCC,strong,1.0,1.0,0,,0,0.0,0.85,1,0.85,485,1745
4801,4792,M04801,M04792,CCCCCCCCCCCCCCOCCOCCOCCOS(=O)(=O)O,CCCCCCCCCCCCOCCOCCOCCOS(=O)(=O)O,strong,1.0,1.0,0,,0,0.0,0.85,3,0.85,4792,4801
4802,4790,M04802,M04790,CCCCCCCCCCCCCCOCCOCCOCCOCCOS(=O)(=O)O,CCCCCCCCCCCCOCCOS(=O)(=O)O,strong,1.0,1.0,0,,0,0.0,0.85,1,0.85,4790,4802
1738,1737,M01738,M01737,CCCCCCCCCCCCCCCCCC(=O)OC(CO)COP(=O)(O)O,CCCCCCCCCCCCCCCC(=O)OC(CO)COP(=O)(O)O,strong,1.0,1.0,0,,0,0.0,0.85,1,0.85,1737,1738
1736,307,M01736,M00307,CCCCCCCCCCCCCCCCCCCCCCCCCC(=O)O,CCCCCCC(=O)O,strong,1.0,1.0,0,,0,0.0,0.85,3,0.85,307,1736
1736,176,M01736,M00176,CCCCCCCCCCCCCCCCCCCCCCCCCC(=O)O,CCCCCCCCCC(=O)O,strong,1.0,1.0,0,,0,0.0,0.85,2,0.85,176,1736
1736,133,M01736,M00133,CCCCCCCCCCCCCCCCCCCCCCCCCC(=O)O,CCCCCCCCCCCCCCCCCCCCCC(=O)O,strong,1.0,1.0,0,,0,0.0,0.85,1,0.85,133,1736
4802,4791,M04802,M04791,CCCCCCCCCCCCCCOCCOCCOCCOCCOS(=O)(=O)O,CCCCCCCCCCCCOCCOCCOS(=O)(=O)O,strong,1.0,1.0,0,,0,0.0,0.85,2,0.85,4791,4802
1718,1690,M01718,M01690,CCCCCCCCCCCCCC(=O)OC(CC(=O)[O-])C[N+](C)(C)C,CCCCCCCCCC(=O)OC(CC(=O)[O-])C[N+](C)(C)C,strong,1.0,1.0,0,,0,0.0,0.85,3,0.85,1690,1718
1718,1466,M01718,M01466,CCCCCCCCCCCCCC(=O)OC(CC(=O)[O-])C[N+](C)(C)C,CCCCCCCCCCCC(=O)OC(CC(=O)[O-])C[N+](C)(C)C,strong,1.0,1.0,0,,0,0.0,0.85,2,0.85,1466,1718
1718,482,M01718,M00482,CCCCCCCCCCCCCC(=O)OC(CC(=O)[O-])C[N+](C)(C)C,CCCCCCCCCCCCCCCC(=O)OC(CC(=O)[O-])C[N+](C)(C)C,strong,1.0,1.0,0,,0,0.0,0.85,1,0.85,482,1718
4802,4792,M04802,M04792,CCCCCCCCCCCCCCOCCOCCOCCOCCOS(=O)(=O)O,CCCCCCCCCCCCOCCOCCOCCOS(=O)(=O)O,strong,1.0,1.0,0,,0,0.0,0.85,3,0.85,4792,4802
911,912,M00911,M00912,O=P(O)(OCCC(F)(F)C(F)(F)C(F)(F)C(F)(F)C(F)(F)C(F)(F)F)OCCC(F)(F)C(F)(F)C(F)(F)C(F)(F)C(F)(F)C(F)(F)F,O=P(O)(OCCC(F)(F)C(F)(F)C(F)(F)C(F)(F)C(F)(F)C(F)(F)C(F)(F)C(F)(F)F)OCCC(F)(F)C(F)(F)C(F)(F)C(F)(F)C(F)(F)C(F)(F)C(F)(F)C(F)(F)F,strong,1.0,1.0,0,,0,0.0,0.85,1,0.85,911,912
913,914,M00913,M00914,O=P(O)(O)OCCC(F)(F)C(F)(F)C(F)(F)C(F)(F)C(F)(F)C(F)(F)F,O=P(O)(O)OCCC(F)(F)C(F)(F)C(F)(F)C(F)(F)C(F)(F)C(F)(F)C(F)(F)C(F)(F)F,strong,1.0,1.0,0,,0,0.0,0.85,1,0.85,913,914
1746,1747,M01746,M01747,CCCC=CCCCCCCCCC=CC(O)C(CO)NC(=O)CCCCCCCCCCCCCCCCC,CCCC=CCCCCCCCCC=CC(O)C(CO)NC(=O)CCCCCCCCCCCCCCCCCCC,strong,1.0,1.0,0,,0,0.0,0.85,1,0.85,1746,1747
866,2784,M00866,M02784,CCCCCCCCCC[N+](C)(C)[O-],CCCCCCCCCCCC[N+](C)(C)[O-],strong,1.0,1.0,0,,0,0.0,0.85,1,0.85,866,2784
1699,1690,M01699,M01690,CCCCCCCCCCCCCCCCCC(=O)OC(CC(=O)[O-])C[N+](C)(C)C,CCCCCCCCCC(=O)OC(CC(=O)[O-])C[N+](C)(C)C,strong,1.0,1.0,0,,0,0.0,0.85,3,0.85,1690,1699
4801,4791,M04801,M04791,CCCCCCCCCCCCCCOCCOCCOCCOS(=O)(=O)O,CCCCCCCCCCCCOCCOCCOS(=O)(=O)O,strong,1.0,1.0,0,,0,0.0,0.85,2,0.85,4791,4801
1756,1745,M01756,M01745,CCCCCCCCCCCCCC=CC(O)C(CO)NC(=O)CCCCCCCCCCCCCCC,CCCCCCCCCCCCCC=CC(O)C(CO)NC(=O)CCCCCCCCCCCCCCCCCCCCCCCCC,strong,1.0,1.0,0,,0,0.0,0.85,2,0.85,1745,1756
1756,485,M01756,M00485,CCCCCCCCCCCCCC=CC(O)C(CO)NC(=O)CCCCCCCCCCCCCCC,CCCCCCCCCCCCCC=CC(O)C(CO)NC(=O)CCCCCCCCCCCCCCCCC,strong,1.0,1.0,0,,0,0.0,0.85,1,0.85,485,1756
1755,1753,M01755,M01753,CCCCCCCCCCCC=CC(O)C(CO)NC(=O)CCCCCCCCCCCCCCCCCCCCCCC,CCCCCCCCCCCC=CC(O)C(CO)NC(=O)CCCCCCCCCCCCCCCCCCC,strong,1.0,1.0,0,,0,0.0,0.85,3,0.85,1753,1755
1755,1745,M01755,M01745,CCCCCCCCCCCC=CC(O)C(CO)NC(=O)CCCCCCCCCCCCCCCCCCCCCCC,CCCCCCCCCCCCCC=CC(O)C(CO)NC(=O)CCCCCCCCCCCCCCCCCCCCCCCCC,strong,1.0,1.0,0,,0,0.0,0.85,2,0.85,1745,1755
1755,485,M01755,M00485,CCCCCCCCCCCC=CC(O)C(CO)NC(=O)CCCCCCCCCCCCCCCCCCCCCCC,CCCCCCCCCCCCCC=CC(O)C(CO)NC(=O)CCCCCCCCCCCCCCCCC,strong,1.0,1.0,0,,0,0.0,0.85,1,0.85,485,1755
1754,1753,M01754,M01753,CCCCCCCCCCCC=CC(O)C(CO)NC(=O)CCCCCCCCCCCCCCCCCCCCC,CCCCCCCCCCCC=CC(O)C(CO)NC(=O)CCCCCCCCCCCCCCCCCCC,strong,1.0,1.0,0,,0,0.0,0.85,3,0.85,1753,1754
1754,485,M01754,M00485,CCCCCCCCCCCC=CC(O)C(CO)NC(=O)CCCCCCCCCCCCCCCCCCCCC,CCCCCCCCCCCCCC=CC(O)C(CO)NC(=O)CCCCCCCCCCCCCCCCC,strong,1.0,1.0,0,,0,0.0,0.85,1,0.85,485,1754
1753,485,M01753,M00485,CCCCCCCCCCCC=CC(O)C(CO)NC(=O)CCCCCCCCCCCCCCCCCCC,CCCCCCCCCCCCCC=CC(O)C(CO)NC(=O)CCCCCCCCCCCCCCCCC,strong,1.0,1.0,0,,0,0.0,0.85,1,0.85,485,1753
1752,1690,M01752,M01690,CCCCCCCCCCCCCCCCCCCCCCCCCC(=O)OC(CC(=O)[O-])C[N+](C)(C)C,CCCCCCCCCC(=O)OC(CC(=O)[O-])C[N+](C)(C)C,strong,1.0,1.0,0,,0,0.0,0.85,3,0.85,1690,1752
1752,1466,M01752,M01466,CCCCCCCCCCCCCCCCCCCCCCCCCC(=O)OC(CC(=O)[O-])C[N+](C)(C)C,CCCCCCCCCCCC(=O)OC(CC(=O)[O-])C[N+](C)(C)C,strong,1.0,1.0,0,,0,0.0,0.85,2,0.85,1466,1752
4794,4791,M04794,M04791,CCCCCCCCCCCCOCCOCCOCCOCCOCCOS(=O)(=O)O,CCCCCCCCCCCCOCCOCCOS(=O)(=O)O,strong,1.0,1.0,0,,0,0.0,0.85,2,0.85,4791,4794
1751,1690,M01751,M01690,CCCCCCCCCCCCCCCCCCCCCCCC(=O)OC(CC(=O)[O-])C[N+](C)(C)C,CCCCCCCCCC(=O)OC(CC(=O)[O-])C[N+](C)(C)C,strong,1.0,1.0,0,,0,0.0,0.85,3,0.85,1690,1751
1751,1466,M01751,M01466,CCCCCCCCCCCCCCCCCCCCCCCC(=O)OC(CC(=O)[O-])C[N+](C)(C)C,CCCCCCCCCCCC(=O)OC(CC(=O)[O-])C[N+](C)(C)C,strong,1.0,1.0,0,,0,0.0,0.85,2,0.85,1466,1751
1751,482,M01751,M00482,CCCCCCCCCCCCCCCCCCCCCCCC(=O)OC(CC(=O)[O-])C[N+](C)(C)C,CCCCCCCCCCCCCCCC(=O)OC(CC(=O)[O-])C[N+](C)(C)C,strong,1.0,1.0,0,,0,0.0,0.85,1,0.85,482,1751
1699,1466,M01699,M01466,CCCCCCCCCCCCCCCCCC(=O)OC(CC(=O)[O-])C[N+](C)(C)C,CCCCCCCCCCCC(=O)OC(CC(=O)[O-])C[N+](C)(C)C,strong,1.0,1.0,0,,0,0.0,0.85,2,0.85,1466,1699
1597,1494,M01597,M01494,CCCCCCCCCC(=O)[O-],CCCCCCCCC(=O)[O-],strong,1.0,1.0,0,,0,0.0,0.85,3,0.85,1494,1597
4806,4791,M04806,M04791,CCCCCCCCCCCCCCOCCOCCOCCOCCOCCOCCOCCOCCOS(=O)(=O)O,CCCCCCCCCCCCOCCOCCOS(=O)(=O)O,strong,1.0,1.0,0,,0,0.0,0.85,2,0.85,4791,4806
4807,4790,M04807,M04790,CCCCCCCCCCCCCCOCCOCCOCCOCCOCCOCCOCCOCCOCCOS(=O)(=O)O,CCCCCCCCCCCCOCCOS(=O)(=O)O,strong,1.0,1.0,0,,0,0.0,0.85,1,0.85,4790,4807
4807,4791,M04807,M04791,CCCCCCCCCCCCCCOCCOCCOCCOCCOCCOCCOCCOCCOCCOS(=O)(=O)O,CCCCCCCCCCCCOCCOCCOS(=O)(=O)O,strong,1.0,1.0,0,,0,0.0,0.85,2,0.85,4791,4807
1604,1494,M01604,M01494,CCCCCCCCCCCCCCCCCCCCCCC(=O)[O-],CCCCCCCCC(=O)[O-],strong,1.0,1.0,0,,0,0.0,0.85,3,0.85,1494,1604
1604,1465,M01604,M01465,CCCCCCCCCCCCCCCCCCCCCCC(=O)[O-],CCCCCCCCCCCC(=O)[O-],strong,1.0,1.0,0,,0,0.0,0.85,2,0.85,1465,1604
1604,1415,M01604,M01415,CCCCCCCCCCCCCCCCCCCCCCC(=O)[O-],CCCCCCCC(=O)[O-],strong,1.0,1.0,0,,0,0.0,0.85,1,0.85,1415,1604
1603,1598,M01603,M01598,CCCCCCC=CCCCCCCCC(=O)[O-],CCCCCCCCC=CCCCCCCCC(=O)[O-],strong,1.0,1.0,0,,0,0.0,0.85,3,0.85,1598,1603
993,1689,M00993,M01689,CN(C)C(N)=NCCCC(N)C(=O)O,CN(C)C(N)=NCCC[C@H](N)C(=O)O,strong,1.0,1.0,0,,0,0.0,0.85,1,0.85,993,1689
1603,1589,M01603,M01589,CCCCCCC=CCCCCCCCC(=O)[O-],CCCCCCCCCCCC=CCCCCC(=O)[O-],strong,1.0,1.0,0,,0,0.0,0.85,2,0.85,1589,1603
1603,1586,M01603,M01586,CCCCCCC=CCCCCCCCC(=O)[O-],CCCCCCCCC=CCCCCCCCCCCCCCC(=O)[O-],strong,1.0,1.0,0,,0,0.0,0.85,1,0.85,1586,1603
1600,1494,M01600,M01494,CCCCCCCCCCCCCCCCC(=O)[O-],CCCCCCCCC(=O)[O-],strong,1.0,1.0,0,,0,0.0,0.85,3,0.85,1494,1600
4807,4792,M04807,M04792,CCCCCCCCCCCCCCOCCOCCOCCOCCOCCOCCOCCOCCOCCOS(=O)(=O)O,CCCCCCCCCCCCOCCOCCOCCOS(=O)(=O)O,strong,1.0,1.0,0,,0,0.0,0.85,3,0.85,4792,4807
1600,1465,M01600,M01465,CCCCCCCCCCCCCCCCC(=O)[O-],CCCCCCCCCCCC(=O)[O-],strong,1.0,1.0,0,,0,0.0,0.85,2,0.85,1465,1600
1600,1415,M01600,M01415,CCCCCCCCCCCCCCCCC(=O)[O-],CCCCCCCC(=O)[O-],strong,1.0,1.0,0,,0,0.0,0.85,1,0.85,1415,1600
1599,1598,M01599,M01598,CCCCCCCCC=CCCCCCCCCCCCC(=O)[O-],CCCCCCCCC=CCCCCCCCC(=O)[O-],strong,1.0,1.0,0,,0,0.0,0.85,3,0.85,1598,1599
4806,4792,M04806,M04792,CCCCCCCCCCCCCCOCCOCCOCCOCCOCCOCCOCCOCCOS(=O)(=O)O,CCCCCCCCCCCCOCCOCCOCCOS(=O)(=O)O,strong,1.0,1.0,0,,0,0.0,0.85,3,0.85,4792,4806
4806,4790,M04806,M04790,CCCCCCCCCCCCCCOCCOCCOCCOCCOCCOCCOCCOCCOS(=O)(=O)O,CCCCCCCCCCCCOCCOS(=O)(=O)O,strong,1.0,1.0,0,,0,0.0,0.85,1,0.85,4790,4806
1699,482,M01699,M00482,CCCCCCCCCCCCCCCCCC(=O)OC(CC(=O)[O-])C[N+](C)(C)C,CCCCCCCCCCCCCCCC(=O)OC(CC(=O)[O-])C[N+](C)(C)C,strong,1.0,1.0,0,,0,0.0,0.85,1,0.85,482,1699
1698,1690,M01698,M01690,CCCCCCCC(=O)OC(CC(=O)[O-])C[N+](C)(C)C,CCCCCCCCCC(=O)OC(CC(=O)[O-])C[N+](C)(C)C,strong,1.0,1.0,0,,0,0.0,0.85,3,0.85,1690,1698
1698,482,M01698,M00482,CCCCCCCC(=O)OC(CC(=O)[O-])C[N+](C)(C)C,CCCCCCCCCCCCCCCC(=O)OC(CC(=O)[O-])C[N+](C)(C)C,strong,1.0,1.0,0,,0,0.0,0.85,1,0.85,482,1698
1690,482,M01690,M00482,CCCCCCCCCC(=O)OC(CC(=O)[O-])C[N+](C)(C)C,CCCCCCCCCCCCCCCC(=O)OC(CC(=O)[O-])C[N+](C)(C)C,strong,1.0,1.0,0,,0,0.0,0.85,1,0.85,482,1690
1661,307,M01661,M00307,CCCCCCCCCCCC(=O)O,CCCCCCC(=O)O,strong,1.0,1.0,0,,0,0.0,0.85,3,0.85,307,1661
1661,176,M01661,M00176,CCCCCCCCCCCC(=O)O,CCCCCCCCCC(=O)O,strong,1.0,1.0,0,,0,0.0,0.85,2,0.85,176,1661
1661,133,M01661,M00133,CCCCCCCCCCCC(=O)O,CCCCCCCCCCCCCCCCCCCCCC(=O)O,strong,1.0,1.0,0,,0,0.0,0.85,1,0.85,133,1661
4803,4790,M04803,M04790,CCCCCCCCCCCCCCOCCOCCOCCOCCOCCOS(=O)(=O)O,CCCCCCCCCCCCOCCOS(=O)(=O)O,strong,1.0,1.0,0,,0,0.0,0.85,1,0.85,4790,4803
4803,4791,M04803,M04791,CCCCCCCCCCCCCCOCCOCCOCCOCCOCCOS(=O)(=O)O,CCCCCCCCCCCCOCCOCCOS(=O)(=O)O,strong,1.0,1.0,0,,0,0.0,0.85,2,0.85,4791,4803
4803,4792,M04803,M04792,CCCCCCCCCCCCCCOCCOCCOCCOCCOCCOS(=O)(=O)O,CCCCCCCCCCCCOCCOCCOCCOS(=O)(=O)O,strong,1.0,1.0,0,,0,0.0,0.85,3,0.85,4792,4803
4804,4790,M04804,M04790,CCCCCCCCCCCCCCOCCOCCOCCOCCOCCOCCOS(=O)(=O)O,CCCCCCCCCCCCOCCOS(=O)(=O)O,strong,1.0,1.0,0,,0,0.0,0.85,1,0.85,4790,4804
4804,4791,M04804,M04791,CCCCCCCCCCCCCCOCCOCCOCCOCCOCCOCCOS(=O)(=O)O,CCCCCCCCCCCCOCCOCCOS(=O)(=O)O,strong,1.0,1.0,0,,0,0.0,0.85,2,0.85,4791,4804
4804,4792,M04804,M04792,CCCCCCCCCCCCCCOCCOCCOCCOCCOCCOCCOS(=O)(=O)O,CCCCCCCCCCCCOCCOCCOCCOS(=O)(=O)O,strong,1.0,1.0,0,,0,0.0,0.85,3,0.85,4792,4804
4805,4790,M04805,M04790,CCCCCCCCCCCCCCOCCOCCOCCOCCOCCOCCOCCOS(=O)(=O)O,CCCCCCCCCCCCOCCOS(=O)(=O)O,strong,1.0,1.0,0,,0,0.0,0.85,1,0.85,4790,4805
4805,4791,M04805,M04791,CCCCCCCCCCCCCCOCCOCCOCCOCCOCCOCCOCCOS(=O)(=O)O,CCCCCCCCCCCCOCCOCCOS(=O)(=O)O,strong,1.0,1.0,0,,0,0.0,0.85,2,0.85,4791,4805
4805,4792,M04805,M04792,CCCCCCCCCCCCCCOCCOCCOCCOCCOCCOCCOCCOS(=O)(=O)O,CCCCCCCCCCCCOCCOCCOCCOS(=O)(=O)O,strong,1.0,1.0,0,,0,0.0,0.85,3,0.85,4792,4805
4794,4792,M04794,M04792,CCCCCCCCCCCCOCCOCCOCCOCCOCCOS(=O)(=O)O,CCCCCCCCCCCCOCCOCCOCCOS(=O)(=O)O,strong,1.0,1.0,0,,0,0.0,0.85,3,0.85,4792,4794
3252,307,M03252,M00307,CCCCCCCCCCCCCCCCCCCCCCCCC(=O)O,CCCCCCC(=O)O,strong,1.0,1.0,0,,0,0.0,0.85,3,0.85,307,3252
4794,4790,M04794,M04790,CCCCCCCCCCCCOCCOCCOCCOCCOCCOS(=O)(=O)O,CCCCCCCCCCCCOCCOS(=O)(=O)O,strong,1.0,1.0,0,,0,0.0,0.85,1,0.85,4790,4794
292,284,M00292,M00284,CCCCCCCCCCCCCCCCCCC(=O)OC,CCCCCCCCCCCCCCCCCCCCCC(=O)OC,strong,1.0,1.0,0,,0,0.0,0.85,2,0.85,284,292
471,248,M00471,M00248,CCCCCCCCC=CCCCCCCCC(=O)OCC(COP(=O)([O-])OCC[N+](C)(C)C)OC(=O)CCCCCCCC=CCCCCCCCC,CCCCCCCCC=CCCCCCCCC(=O)OC(COC(=O)CCCCCCCCCCCCCCC)COP(=O)([O-])OCC[N+](C)(C)C,strong,1.0,1.0,0,,0,0.0,0.85,1,0.85,248,471
294,283,M00294,M00283,CCCCCCCCCCCCCCCC(=O)OC,CCCCCCCCCCCCCCCCCCCC(=O)OC,strong,1.0,1.0,0,,0,0.0,0.85,1,0.85,283,294
293,295,M00293,M00295,CCCCCCCCC=CCCCCCCCC(=O)OC,CCCCCCC=CCCCCCCCC(=O)OC,strong,1.0,1.0,0,,0,0.0,0.85,2,0.85,293,295
293,286,M00293,M00286,CCCCCCCCC=CCCCCCCCC(=O)OC,CCCCCCCCC=CCCCCCCCCCC(=O)OC,strong,1.0,1.0,0,,0,0.0,0.85,1,0.85,286,293
292,285,M00292,M00285,CCCCCCCCCCCCCCCCCCC(=O)OC,CCCCCCCC(=O)OC,strong,1.0,1.0,0,,0,0.0,0.85,3,0.85,285,292
2962,2688,M02962,M02688,CCCCOCCOCCOCCO,CCCCOCCOCCOCCOCCO,strong,1.0,1.0,0,,0,0.0,0.85,1,0.85,2688,2962
2853,2348,M02853,M02348,COCCOCCOCCOCCOC,COCCOCCOCCOC,strong,1.0,1.0,0,,0,0.0,0.85,1,0.85,2348,2853
474,475,M00474,M00475,CCCCCCC=CCCCCCCCC(=O)OCC(O)CO,CCCCCCCCC=CCCCCCCCC(=O)OCC(O)CO,strong,1.0,1.0,0,,0,0.0,0.85,1,0.85,474,475
314,176,M00314,M00176,CCCCCCCCC(=O)O,CCCCCCCCCC(=O)O,strong,1.0,1.0,0,,0,0.0,0.85,2,0.85,176,314
292,283,M00292,M00283,CCCCCCCCCCCCCCCCCCC(=O)OC,CCCCCCCCCCCCCCCCCCCC(=O)OC,strong,1.0,1.0,0,,0,0.0,0.85,1,0.85,283,292
291,285,M00291,M00285,CCCCCCCCCCCCCC(=O)OC,CCCCCCCC(=O)OC,strong,1.0,1.0,0,,0,0.0,0.85,3,0.85,285,291
478,133,M00478,M00133,CCCCCCCCCCCCCCCCCCCC(=O)O,CCCCCCCCCCCCCCCCCCCCCC(=O)O,strong,1.0,1.0,0,,0,0.0,0.85,1,0.85,133,478
478,176,M00478,M00176,CCCCCCCCCCCCCCCCCCCC(=O)O,CCCCCCCCCC(=O)O,strong,1.0,1.0,0,,0,0.0,0.85,2,0.85,176,478
478,307,M00478,M00307,CCCCCCCCCCCCCCCCCCCC(=O)O,CCCCCCC(=O)O,strong,1.0,1.0,0,,0,0.0,0.85,3,0.85,307,478
2784,4688,M02784,M04688,CCCCCCCCCCCC[N+](C)(C)[O-],CCCCCCCCCCCCCC[N+](C)(C)[O-],strong,1.0,1.0,0,,0,0.0,0.85,2,0.85,2784,4688
291,284,M00291,M00284,CCCCCCCCCCCCCC(=O)OC,CCCCCCCCCCCCCCCCCCCCCC(=O)OC,strong,1.0,1.0,0,,0,0.0,0.85,2,0.85,284,291
294,284,M00294,M00284,CCCCCCCCCCCCCCCC(=O)OC,CCCCCCCCCCCCCCCCCCCCCC(=O)OC,strong,1.0,1.0,0,,0,0.0,0.85,2,0.85,284,294
314,133,M00314,M00133,CCCCCCCCC(=O)O,CCCCCCCCCCCCCCCCCCCCCC(=O)O,strong,1.0,1.0,0,,0,0.0,0.85,1,0.85,133,314
461,458,M00461,M00458,CCC=CCC=CCC=CCC=CCC=CCC=CCCC(=O)OC(COC(=O)CCCCCCCCCCCCCCCCC)COP(=O)([O-])OCC[N+](C)(C)C,CCC=CCC=CCC=CCC=CCC=CCC=CCCC(=O)OC(COC(=O)CCCCCCCCCCCCCCC)COP(=O)([O-])OCC[N+](C)(C)C,strong,1.0,1.0,0,,0,0.0,0.85,1,0.85,458,461
307,314,M00307,M00314,CCCCCCC(=O)O,CCCCCCCCC(=O)O,strong,1.0,1.0,0,,0,0.0,0.85,3,0.85,307,314
462,448,M00462,M00448,CCCCCC=CCC=CCC=CCC=CCCCCCC(=O)OCC(COP(=O)([O-])OCC[N+](C)(C)C)OC(=O)CCCCC=CCC=CCC=CCCCCC,CCCCCC=CCC=CCCCCCCCCCC(=O)OC(COC(=O)CCCCCCCCCCCCC)COP(=O)([O-])OCC[N+](C)(C)C,strong,1.0,1.0,0,,0,0.0,0.85,1,0.85,448,462
462,455,M00462,M00455,CCCCCC=CCC=CCC=CCC=CCCCCCC(=O)OCC(COP(=O)([O-])OCC[N+](C)(C)C)OC(=O)CCCCC=CCC=CCC=CCCCCC,CCCCCC=CCC=CCC=CCCCCC(=O)OCC(COP(=O)([O-])OCC[N+](C)(C)C)OC(=O)CCCCCCCCCCCCCCCCCCC,strong,1.0,1.0,0,,0,0.0,0.85,2,0.85,455,462
462,456,M00462,M00456,CCCCCC=CCC=CCC=CCC=CCCCCCC(=O)OCC(COP(=O)([O-])OCC[N+](C)(C)C)OC(=O)CCCCC=CCC=CCC=CCCCCC,CCCCCC=CCC=CCC=CCC=CCCCCCC(=O)OC(COC(=O)CCCCCCCCCCCCCCC)COP(=O)([O-])OCC[N+](C)(C)C,strong,1.0,1.0,0,,0,0.0,0.85,3,0.85,456,462
307,176,M00307,M00176,CCCCCCC(=O)O,CCCCCCCCCC(=O)O,strong,1.0,1.0,0,,0,0.0,0.85,2,0.85,176,307
307,133,M00307,M00133,CCCCCCC(=O)O,CCCCCCCCCCCCCCCCCCCCCC(=O)O,strong,1.0,1.0,0,,0,0.0,0.85,1,0.85,133,307
296,285,M00296,M00285,CCCCCCCCCCCCCCCCCC(=O)OC,CCCCCCCC(=O)OC,strong,1.0,1.0,0,,0,0.0,0.85,3,0.85,285,296
296,284,M00296,M00284,CCCCCCCCCCCCCCCCCC(=O)OC,CCCCCCCCCCCCCCCCCCCCCC(=O)OC,strong,1.0,1.0,0,,0,0.0,0.85,2,0.85,284,296
296,283,M00296,M00283,CCCCCCCCCCCCCCCCCC(=O)OC,CCCCCCCCCCCCCCCCCCCC(=O)OC,strong,1.0,1.0,0,,0,0.0,0.85,1,0.85,283,296
295,286,M00295,M00286,CCCCCCC=CCCCCCCCC(=O)OC,CCCCCCCCC=CCCCCCCCCCC(=O)OC,strong,1.0,1.0,0,,0,0.0,0.85,1,0.85,286,295
294,285,M00294,M00285,CCCCCCCCCCCCCCCC(=O)OC,CCCCCCCC(=O)OC,strong,1.0,1.0,0,,0,0.0,0.85,3,0.85,285,294
291,283,M00291,M00283,CCCCCCCCCCCCCC(=O)OC,CCCCCCCCCCCCCCCCCCCC(=O)OC,strong,1.0,1.0,0,,0,0.0,0.85,1,0.85,283,291
285,283,M00285,M00283,CCCCCCCC(=O)OC,CCCCCCCCCCCCCCCCCCCC(=O)OC,strong,1.0,1.0,0,,0,0.0,0.85,1,0.85,283,285
284,285,M00284,M00285,CCCCCCCCCCCCCCCCCCCCCC(=O)OC,CCCCCCCC(=O)OC,strong,1.0,1.0,0,,0,0.0,0.85,2,0.85,284,285
284,283,M00284,M00283,CCCCCCCCCCCCCCCCCCCCCC(=O)OC,CCCCCCCCCCCCCCCCCCCC(=O)OC,strong,1.0,1.0,0,,0,0.0,0.85,1,0.85,283,284
283,287,M00283,M00287,CCCCCCCCCCCCCCCCCCCC(=O)OC,CCCCCCCCCCCCCCCCCCCCC(=O)OC,strong,1.0,1.0,0,,0,0.0,0.85,3,0.85,283,287
262,3258,M00262,M03258,CCC=CCC=CCC=CCCCCCCCC(=O)O,CCC=CCC=CCC=CCC=CCC=CCCCCCC(=O)O,strong,1.0,1.0,0,,0,0.0,0.85,2,0.85,262,3258
2696,2695,M02696,M02695,CCCCCCCCSCCOCCO,CCCCCCCCCCSCCOCCO,strong,1.0,1.0,0,,0,0.0,0.85,1,0.85,2695,2696
2694,2585,M02694,M02585,CCCCCCCCCCCCCCCC(=O)NCCO,CCCCCCCCCCCC(=O)NCCO,strong,1.0,1.0,0,,0,0.0,0.85,1,0.85,2585,2694
498,500,M00498,M00500,CCCCCCCCC=CCCCCCCCC(=O)OCC(COC(=O)CCCCCCCC=CCCCCCCCC)OC(=O)CCCCCCCC=CCCCCCCCC,CCCCCCC=CCCCCCCCC(=O)OCC(COC(=O)CCCCCCCC=CCCCCCC)OC(=O)CCCCCCCC=CCCCCCC,strong,1.0,1.0,0,,0,0.0,0.85,1,0.85,498,500
2667,2666,M02667,M02666,CCCCCCCCCCCCCCCCCC(=O)OCC(O)CO,CCCCCCCCCCCCCCCC(=O)OCC(O)CO,strong,1.0,1.0,0,,0,0.0,0.85,2,0.85,2666,2667
499,501,M00499,M00501,CCCCCCCCCCCCCCCC(=O)OCC(COC(=O)CCCCCCCCCCCCCCC)OC(=O)CCCCCCCCCCCCCCC,CCCCCCCCCCCCCCCCCC(=O)OCC(COC(=O)CCCCCCCCCCCCCCCCC)OC(=O)CCCCCCCCCCCCCCCCC,strong,1.0,1.0,0,,0,0.0,0.85,1,0.85,499,501
499,514,M00499,M00514,CCCCCCCCCCCCCCCC(=O)OCC(COC(=O)CCCCCCCCCCCCCCC)OC(=O)CCCCCCCCCCCCCCC,CCCCCCCCCCCCCCCCC(=O)OCC(COC(=O)CCCCCCCCCCCCCCCC)OC(=O)CCCCCCCCCCCCCCCC,strong,1.0,1.0,0,,0,0.0,0.85,2,0.85,499,514
284,287,M00284,M00287,CCCCCCCCCCCCCCCCCCCCCC(=O)OC,CCCCCCCCCCCCCCCCCCCCC(=O)OC,strong,1.0,1.0,0,,0,0.0,0.85,3,0.85,284,287
285,287,M00285,M00287,CCCCCCCC(=O)OC,CCCCCCCCCCCCCCCCCCCCC(=O)OC,strong,1.0,1.0,0,,0,0.0,0.85,3,0.85,285,287
288,285,M00288,M00285,CCCCCCCCCCCCCCCCC(=O)OC,CCCCCCCC(=O)OC,strong,1.0,1.0,0,,0,0.0,0.85,3,0.85,285,288
288,284,M00288,M00284,CCCCCCCCCCCCCCCCC(=O)OC,CCCCCCCCCCCCCCCCCCCCCC(=O)OC,strong,1.0,1.0,0,,0,0.0,0.85,2,0.85,284,288
288,283,M00288,M00283,CCCCCCCCCCCCCCCCC(=O)OC,CCCCCCCCCCCCCCCCCCCC(=O)OC,strong,1.0,1.0,0,,0,0.0,0.85,1,0.85,283,288
487,156,M00487,M00156,CCCCCCC=CCCCCCCCCCC(=O)O,CCCCCCCCC=CCCCCCCCCCC(=O)O,strong,1.0,1.0,0,,0,0.0,0.85,1,0.85,156,487
487,318,M00487,M00318,CCCCCCC=CCCCCCCCCCC(=O)O,CCCCCCCCC=CCCCCCCCC(=O)O,strong,1.0,1.0,0,,0,0.0,0.85,2,0.85,318,487
487,322,M00487,M00322,CCCCCCC=CCCCCCCCCCC(=O)O,CCCCCCC=CCCCCCCCC(=O)O,strong,1.0,1.0,0,,0,0.0,0.85,3,0.85,322,487
4793,4792,M04793,M04792,CCCCCCCCCCCCOCCOCCOCCOCCOS(=O)(=O)O,CCCCCCCCCCCCOCCOCCOCCOS(=O)(=O)O,strong,1.0,1.0,0,,0,0.0,0.85,3,0.85,4792,4793
491,156,M00491,M00156,CCCCCCCCC=CCCCCCCCCCCCC(=O)O,CCCCCCCCC=CCCCCCCCCCC(=O)O,strong,1.0,1.0,0,,0,0.0,0.85,1,0.85,156,491
491,318,M00491,M00318,CCCCCCCCC=CCCCCCCCCCCCC(=O)O,CCCCCCCCC=CCCCCCCCC(=O)O,strong,1.0,1.0,0,,0,0.0,0.85,2,0.85,318,491
491,322,M00491,M00322,CCCCCCCCC=CCCCCCCCCCCCC(=O)O,CCCCCCC=CCCCCCCCC(=O)O,strong,1.0,1.0,0,,0,0.0,0.85,3,0.85,322,491
460,457,M00460,M00457,CCCCCC=CCC=CCC=CCC=CCC=CCCC(=O)OC(COC(=O)CCCCCCCCCCCCCCCCC)COP(=O)([O-])OCC[N+](C)(C)C,CCCCCC=CCC=CCC=CCC=CCC=CCCC(=O)OC(COC(=O)CCCCCCCCCCCCCCC)COP(=O)([O-])OCC[N+](C)(C)C,strong,1.0,1.0,0,,0,0.0,0.85,1,0.85,457,460
372,353,M00372,M00353,OCC1OC(OCC2OC(OCC3OC(OC4(CO)OC(CO)C(O)C4O)C(O)C(O)C3O)C(O)C(O)C2O)C(O)C(O)C1O,OCC1OC(OCC2OC(OC3(CO)OC(CO)C(O)C3O)C(O)C(O)C2O)C(O)C(O)C1O,strong,1.0,1.0,0,,0,0.0,0.85,1,0.85,353,372
3254,322,M03254,M00322,CCCCCCCCC=CCCCCCCCCC(=O)O,CCCCCCC=CCCCCCCCC(=O)O,strong,1.0,1.0,0,,0,0.0,0.85,3,0.85,322,3254
3255,133,M03255,M00133,CCCCCCCCCCCCCCCCCCCCCCCCCCCC(=O)O,CCCCCCCCCCCCCCCCCCCCCC(=O)O,strong,1.0,1.0,0,,0,0.0,0.85,1,0.85,133,3255
3255,176,M03255,M00176,CCCCCCCCCCCCCCCCCCCCCCCCCCCC(=O)O,CCCCCCCCCC(=O)O,strong,1.0,1.0,0,,0,0.0,0.85,2,0.85,176,3255
405,133,M00405,M00133,CCCCCCCCCCCCCCCCCCCCCCCC(=O)O,CCCCCCCCCCCCCCCCCCCCCC(=O)O,strong,1.0,1.0,0,,0,0.0,0.85,1,0.85,133,405
405,176,M00405,M00176,CCCCCCCCCCCCCCCCCCCCCCCC(=O)O,CCCCCCCCCC(=O)O,strong,1.0,1.0,0,,0,0.0,0.85,2,0.85,176,405
405,307,M00405,M00307,CCCCCCCCCCCCCCCCCCCCCCCC(=O)O,CCCCCCC(=O)O,strong,1.0,1.0,0,,0,0.0,0.85,3,0.85,307,405
3255,307,M03255,M00307,CCCCCCCCCCCCCCCCCCCCCCCCCCCC(=O)O,CCCCCCC(=O)O,strong,1.0,1.0,0,,0,0.0,0.85,3,0.85,307,3255
3258,2186,M03258,M02186,CCC=CCC=CCC=CCC=CCC=CCCCCCC(=O)O,CCC=CCC=CCC=CCCCCCCCCCCCC(=O)O,strong,1.0,1.0,0,,0,0.0,0.85,2,0.85,2186,3258
315,133,M00315,M00133,CCCCCCCC(=O)O,CCCCCCCCCCCCCCCCCCCCCC(=O)O,strong,1.0,1.0,0,,0,0.0,0.85,1,0.85,133,315
410,143,M00410,M00143,NCCCCCCCCN,NCCCCCN,strong,1.0,1.0,0,,0,0.0,0.85,1,0.85,143,410
3266,133,M03266,M00133,CCCCCCCCCCCCCCCCCCCCCCCCCCCCCC(=O)O,CCCCCCCCCCCCCCCCCCCCCC(=O)O,strong,1.0,1.0,0,,0,0.0,0.85,1,0.85,133,3266
3266,176,M03266,M00176,CCCCCCCCCCCCCCCCCCCCCCCCCCCCCC(=O)O,CCCCCCCCCC(=O)O,strong,1.0,1.0,0,,0,0.0,0.85,2,0.85,176,3266
3266,307,M03266,M00307,CCCCCCCCCCCCCCCCCCCCCCCCCCCCCC(=O)O,CCCCCCC(=O)O,strong,1.0,1.0,0,,0,0.0,0.85,3,0.85,307,3266
3271,448,M03271,M00448,CCCCCC=CCC=CCCCCCCCC(=O)OC(COC(=O)CCCCCCCCCCCCCCC)COP(=O)([O-])OCC[N+](C)(C)C,CCCCCC=CCC=CCCCCCCCCCC(=O)OC(COC(=O)CCCCCCCCCCCCC)COP(=O)([O-])OCC[N+](C)(C)C,strong,1.0,1.0,0,,0,0.0,0.85,1,0.85,448,3271
3271,455,M03271,M00455,CCCCCC=CCC=CCCCCCCCC(=O)OC(COC(=O)CCCCCCCCCCCCCCC)COP(=O)([O-])OCC[N+](C)(C)C,CCCCCC=CCC=CCC=CCCCCC(=O)OCC(COP(=O)([O-])OCC[N+](C)(C)C)OC(=O)CCCCCCCCCCCCCCCCCCC,strong,1.0,1.0,0,,0,0.0,0.85,2,0.85,455,3271
3271,456,M03271,M00456,CCCCCC=CCC=CCCCCCCCC(=O)OC(COC(=O)CCCCCCCCCCCCCCC)COP(=O)([O-])OCC[N+](C)(C)C,CCCCCC=CCC=CCC=CCC=CCCCCCC(=O)OC(COC(=O)CCCCCCCCCCCCCCC)COP(=O)([O-])OCC[N+](C)(C)C,strong,1.0,1.0,0,,0,0.0,0.85,3,0.85,456,3271
431,2115,M00431,M02115,CCCCCCCCCCCCCCCCC(O)C(=O)O,CCCCCCCCCCCCC(O)C(=O)O,strong,1.0,1.0,0,,0,0.0,0.85,1,0.85,431,2115
3239,133,M03239,M00133,CCCCCCCCCCCCCCCCCCCCCCCCCCC(=O)O,CCCCCCCCCCCCCCCCCCCCCC(=O)O,strong,1.0,1.0,0,,0,0.0,0.85,1,0.85,133,3239
3239,176,M03239,M00176,CCCCCCCCCCCCCCCCCCCCCCCCCCC(=O)O,CCCCCCCCCC(=O)O,strong,1.0,1.0,0,,0,0.0,0.85,2,0.85,176,3239
3239,307,M03239,M00307,CCCCCCCCCCCCCCCCCCCCCCCCCCC(=O)O,CCCCCCC(=O)O,strong,1.0,1.0,0,,0,0.0,0.85,3,0.85,307,3239
3243,1877,M03243,M01877,CC(C)CCCCCCCCCCCCCCCC(=O)O,CC(C)CCCCCCCCCCCCC(=O)O,strong,1.0,1.0,0,,0,0.0,0.85,1,0.85,1877,3243
3252,133,M03252,M00133,CCCCCCCCCCCCCCCCCCCCCCCCC(=O)O,CCCCCCCCCCCCCCCCCCCCCC(=O)O,strong,1.0,1.0,0,,0,0.0,0.85,1,0.85,133,3252
3251,307,M03251,M00307,CCCCCCCCCCCCCCCCCCCCCCC(=O)O,CCCCCCC(=O)O,strong,1.0,1.0,0,,0,0.0,0.85,3,0.85,307,3251
3254,156,M03254,M00156,CCCCCCCCC=CCCCCCCCCC(=O)O,CCCCCCCCC=CCCCCCCCCCC(=O)O,strong,1.0,1.0,0,,0,0.0,0.85,1,0.85,156,3254
3251,176,M03251,M00176,CCCCCCCCCCCCCCCCCCCCCCC(=O)O,CCCCCCCCCC(=O)O,strong,1.0,1.0,0,,0,0.0,0.85,2,0.85,176,3251
3251,133,M03251,M00133,CCCCCCCCCCCCCCCCCCCCCCC(=O)O,CCCCCCCCCCCCCCCCCCCCCC(=O)O,strong,1.0,1.0,0,,0,0.0,0.85,1,0.85,133,3251
3254,318,M03254,M00318,CCCCCCCCC=CCCCCCCCCC(=O)O,CCCCCCCCC=CCCCCCCCC(=O)O,strong,1.0,1.0,0,,0,0.0,0.85,2,0.85,318,3254
3250,307,M03250,M00307,CCCCCCCCCCCCCCCCCCCCC(=O)O,CCCCCCC(=O)O,strong,1.0,1.0,0,,0,0.0,0.85,3,0.85,307,3250
3250,176,M03250,M00176,CCCCCCCCCCCCCCCCCCCCC(=O)O,CCCCCCCCCC(=O)O,strong,1.0,1.0,0,,0,0.0,0.85,2,0.85,176,3250
3250,133,M03250,M00133,CCCCCCCCCCCCCCCCCCCCC(=O)O,CCCCCCCCCCCCCCCCCCCCCC(=O)O,strong,1.0,1.0,0,,0,0.0,0.85,1,0.85,133,3250
3249,322,M03249,M00322,CCCCCCCCCCCC=CCCCCC(=O)O,CCCCCCC=CCCCCCCCC(=O)O,strong,1.0,1.0,0,,0,0.0,0.85,3,0.85,322,3249
3249,318,M03249,M00318,CCCCCCCCCCCC=CCCCCC(=O)O,CCCCCCCCC=CCCCCCCCC(=O)O,strong,1.0,1.0,0,,0,0.0,0.85,2,0.85,318,3249
3249,156,M03249,M00156,CCCCCCCCCCCC=CCCCCC(=O)O,CCCCCCCCC=CCCCCCCCCCC(=O)O,strong,1.0,1.0,0,,0,0.0,0.85,1,0.85,156,3249
3248,2143,M03248,M02143,CCCCCC=CCC=CCC=CCCCCCCC(=O)O,CCCCCC=CCC=CCCCCCCCCCCCC(=O)O,strong,1.0,1.0,0,,0,0.0,0.85,3,0.85,2143,3248
3248,2142,M03248,M02142,CCCCCC=CCC=CCC=CCCCCCCC(=O)O,CCCCCC=CCC=CCCCCCCCCCC(=O)O,strong,1.0,1.0,0,,0,0.0,0.85,2,0.85,2142,3248
3248,261,M03248,M00261,CCCCCC=CCC=CCC=CCCCCCCC(=O)O,CCCCCC=CCC=CCCCCCCCC(=O)O,strong,1.0,1.0,0,,0,0.0,0.85,1,0.85,261,3248
3243,2170,M03243,M02170,CC(C)CCCCCCCCCCCCCCCC(=O)O,CC(C)CCCCCCCCCCC(=O)O,strong,1.0,1.0,0,,0,0.0,0.85,3,0.85,2170,3243
3243,2120,M03243,M02120,CC(C)CCCCCCCCCCCCCCCC(=O)O,CC(C)CCCCCCCCCCCCCC(=O)O,strong,1.0,1.0,0,,0,0.0,0.85,2,0.85,2120,3243
431,2116,M00431,M02116,CCCCCCCCCCCCCCCCC(O)C(=O)O,CCCCCCCCCCCCCCC(O)C(=O)O,strong,1.0,1.0,0,,0,0.0,0.85,2,0.85,431,2116
437,438,M00437,M00438,CCCCCCCCCCCCCC(=O)OCC(O)COP(=O)([O-])OCC[N+](C)(C)C,CCCCCCCCCCCCCCCC(=O)OCC(O)COP(=O)([O-])OCC[N+](C)(C)C,strong,1.0,1.0,0,,0,0.0,0.85,1,0.85,437,438
321,307,M00321,M00307,CCCCCCCCCCCCCCCC(=O)O,CCCCCCC(=O)O,strong,1.0,1.0,0,,0,0.0,0.85,3,0.85,307,321
321,133,M00321,M00133,CCCCCCCCCCCCCCCC(=O)O,CCCCCCCCCCCCCCCCCCCCCC(=O)O,strong,1.0,1.0,0,,0,0.0,0.85,1,0.85,133,321
454,450,M00454,M00450,CCCCCC=CCC=CCC=CCC=CCCCC(=O)OC(COC(=O)CCCCCC=CCCCCCCCC)COP(=O)([O-])OCC[N+](C)(C)C,CCCCCC=CCC=CCC=CCC=CCCCC(=O)OC(COC(=O)CCCCCCCCCCCCC)COP(=O)([O-])OCC[N+](C)(C)C,strong,1.0,1.0,0,,0,0.0,0.85,1,0.85,450,454
318,322,M00318,M00322,CCCCCCCCC=CCCCCCCCC(=O)O,CCCCCCC=CCCCCCCCC(=O)O,strong,1.0,1.0,0,,0,0.0,0.85,2,0.85,318,322
318,156,M00318,M00156,CCCCCCCCC=CCCCCCCCC(=O)O,CCCCCCCCC=CCCCCCCCCCC(=O)O,strong,1.0,1.0,0,,0,0.0,0.85,1,0.85,156,318
455,448,M00455,M00448,CCCCCC=CCC=CCC=CCCCCC(=O)OCC(COP(=O)([O-])OCC[N+](C)(C)C)OC(=O)CCCCCCCCCCCCCCCCCCC,CCCCCC=CCC=CCCCCCCCCCC(=O)OC(COC(=O)CCCCCCCCCCCCC)COP(=O)([O-])OCC[N+](C)(C)C,strong,1.0,1.0,0,,0,0.0,0.85,1,0.85,448,455
455,456,M00455,M00456,CCCCCC=CCC=CCC=CCCCCC(=O)OCC(COP(=O)([O-])OCC[N+](C)(C)C)OC(=O)CCCCCCCCCCCCCCCCCCC,CCCCCC=CCC=CCC=CCC=CCCCCCC(=O)OC(COC(=O)CCCCCCCCCCCCCCC)COP(=O)([O-])OCC[N+](C)(C)C,strong,1.0,1.0,0,,0,0.0,0.85,2,0.85,455,456
456,448,M00456,M00448,CCCCCC=CCC=CCC=CCC=CCCCCCC(=O)OC(COC(=O)CCCCCCCCCCCCCCC)COP(=O)([O-])OCC[N+](C)(C)C,CCCCCC=CCC=CCCCCCCCCCC(=O)OC(COC(=O)CCCCCCCCCCCCC)COP(=O)([O-])OCC[N+](C)(C)C,strong,1.0,1.0,0,,0,0.0,0.85,1,0.85,448,456
317,3390,M00317,M03390,CCCCCCCCN,CCCCCCCN,strong,1.0,1.0,0,,0,0.0,0.85,2,0.85,317,3390
317,228,M00317,M00228,CCCCCCCCN,CCCCCCN,strong,1.0,1.0,0,,0,0.0,0.85,1,0.85,228,317
315,307,M00315,M00307,CCCCCCCC(=O)O,CCCCCCC(=O)O,strong,1.0,1.0,0,,0,0.0,0.85,3,0.85,307,315
315,176,M00315,M00176,CCCCCCCC(=O)O,CCCCCCCCCC(=O)O,strong,1.0,1.0,0,,0,0.0,0.85,2,0.85,176,315
321,176,M00321,M00176,CCCCCCCCCCCCCCCC(=O)O,CCCCCCCCCC(=O)O,strong,1.0,1.0,0,,0,0.0,0.85,2,0.85,176,321
322,156,M00322,M00156,CCCCCCC=CCCCCCCCC(=O)O,CCCCCCCCC=CCCCCCCCCCC(=O)O,strong,1.0,1.0,0,,0,0.0,0.85,1,0.85,156,322
439,441,M00439,M00441,CCCCCCC=CCCCCCCCC(=O)OCC(O)COP(=O)([O-])OCC[N+](C)(C)C,CCCCCCCCC=CCCCCCCCC(=O)OCC(O)COP(=O)([O-])OCC[N+](C)(C)C,strong,1.0,1.0,0,,0,0.0,0.85,1,0.85,439,441
3275,519,M03275,M00519,O=C(O)CCCCCCCCCCCCCCC(=O)O,O=C(O)CCCCCCCC(=O)O,strong,1.0,1.0,0,,0,0.0,0.85,1,0.85,519,3275
3275,524,M03275,M00524,O=C(O)CCCCCCCCCCCCCCC(=O)O,O=C(O)CCCCCCC(=O)O,strong,1.0,1.0,0,,0,0.0,0.85,2,0.85,524,3275
3275,1401,M03275,M01401,O=C(O)CCCCCCCCCCCCCCC(=O)O,O=C(O)CCCCCC(=O)O,strong,1.0,1.0,0,,0,0.0,0.85,3,0.85,1401,3275
3390,228,M03390,M00228,CCCCCCCN,CCCCCCN,strong,1.0,1.0,0,,0,0.0,0.85,1,0.85,228,3390
3734,2413,M03734,M02413,CCCCCCCCCCCCCCCCCC[N+](C)(C)CCCCCCCCCCCCCCCCCC,CCCCCCCCCC[N+](C)(C)CCCCCCCCCC,strong,1.0,1.0,0,,0,0.0,0.85,1,0.85,2413,3734
501,514,M00501,M00514,CCCCCCCCCCCCCCCCCC(=O)OCC(COC(=O)CCCCCCCCCCCCCCCCC)OC(=O)CCCCCCCCCCCCCCCCC,CCCCCCCCCCCCCCCCC(=O)OCC(COC(=O)CCCCCCCCCCCCCCCC)OC(=O)CCCCCCCCCCCCCCCC,strong,1.0,1.0,0,,0,0.0,0.85,2,0.85,501,514
2154,2142,M02154,M02142,CCCCCC=CCC=CCC=CCC=CCCCCCC(=O)O,CCCCCC=CCC=CCCCCCCCCCC(=O)O,strong,1.0,1.0,0,,0,0.0,0.85,2,0.85,2142,2154
2143,2154,M02143,M02154,CCCCCC=CCC=CCCCCCCCCCCCC(=O)O,CCCCCC=CCC=CCC=CCC=CCCCCCC(=O)O,strong,1.0,1.0,0,,0,0.0,0.85,3,0.85,2143,2154
2143,2142,M02143,M02142,CCCCCC=CCC=CCCCCCCCCCCCC(=O)O,CCCCCC=CCC=CCCCCCCCCCC(=O)O,strong,1.0,1.0,0,,0,0.0,0.85,2,0.85,2142,2143
2143,261,M02143,M00261,CCCCCC=CCC=CCCCCCCCCCCCC(=O)O,CCCCCC=CCC=CCCCCCCCC(=O)O,strong,1.0,1.0,0,,0,0.0,0.85,1,0.85,261,2143
2142,261,M02142,M00261,CCCCCC=CCC=CCCCCCCCCCC(=O)O,CCCCCC=CCC=CCCCCCCCC(=O)O,strong,1.0,1.0,0,,0,0.0,0.85,1,0.85,261,2142
2120,2172,M02120,M02172,CC(C)CCCCCCCCCCCCCC(=O)O,CC(C)CCCCCCCCCCCCCCC(=O)O,strong,1.0,1.0,0,,0,0.0,0.85,3,0.85,2120,2172
2120,2170,M02120,M02170,CC(C)CCCCCCCCCCCCCC(=O)O,CC(C)CCCCCCCCCCC(=O)O,strong,1.0,1.0,0,,0,0.0,0.85,2,0.85,2120,2170
2119,307,M02119,M00307,CCCCCCCCCCCCC(=O)O,CCCCCCC(=O)O,strong,1.0,1.0,0,,0,0.0,0.85,3,0.85,307,2119
2119,176,M02119,M00176,CCCCCCCCCCCCC(=O)O,CCCCCCCCCC(=O)O,strong,1.0,1.0,0,,0,0.0,0.85,2,0.85,176,2119
2119,133,M02119,M00133,CCCCCCCCCCCCC(=O)O,CCCCCCCCCCCCCCCCCCCCCC(=O)O,strong,1.0,1.0,0,,0,0.0,0.85,1,0.85,133,2119
2116,2115,M02116,M02115,CCCCCCCCCCCCCCC(O)C(=O)O,CCCCCCCCCCCCC(O)C(=O)O,strong,1.0,1.0,0,,0,0.0,0.85,2,0.85,2115,2116
2154,261,M02154,M00261,CCCCCC=CCC=CCC=CCC=CCCCCCC(=O)O,CCCCCC=CCC=CCCCCCCCC(=O)O,strong,1.0,1.0,0,,0,0.0,0.85,1,0.85,261,2154
2178,176,M02178,M00176,CCCCCCCCCCCCCCCCCCC(=O)O,CCCCCCCCCC(=O)O,strong,1.0,1.0,0,,0,0.0,0.85,2,0.85,176,2178
2155,133,M02155,M00133,CCCCCCCCCCC(=O)O,CCCCCCCCCCCCCCCCCCCCCC(=O)O,strong,1.0,1.0,0,,0,0.0,0.85,1,0.85,133,2155
2174,307,M02174,M00307,CCCCCCCCCCCCCCC(=O)O,CCCCCCC(=O)O,strong,1.0,1.0,0,,0,0.0,0.85,3,0.85,307,2174
2174,176,M02174,M00176,CCCCCCCCCCCCCCC(=O)O,CCCCCCCCCC(=O)O,strong,1.0,1.0,0,,0,0.0,0.85,2,0.85,176,2174
2174,133,M02174,M00133,CCCCCCCCCCCCCCC(=O)O,CCCCCCCCCCCCCCCCCCCCCC(=O)O,strong,1.0,1.0,0,,0,0.0,0.85,1,0.85,133,2174
2172,2170,M02172,M02170,CC(C)CCCCCCCCCCCCCCC(=O)O,CC(C)CCCCCCCCCCC(=O)O,strong,1.0,1.0,0,,0,0.0,0.85,3,0.85,2170,2172
176,133,M00176,M00133,CCCCCCCCCC(=O)O,CCCCCCCCCCCCCCCCCCCCCC(=O)O,strong,1.0,1.0,0,,0,0.0,0.85,1,0.85,133,176
2169,322,M02169,M00322,CCCCCCCCC=CCCCCCCCCCCCCCC(=O)O,CCCCCCC=CCCCCCCCC(=O)O,strong,1.0,1.0,0,,0,0.0,0.85,3,0.85,322,2169
2169,318,M02169,M00318,CCCCCCCCC=CCCCCCCCCCCCCCC(=O)O,CCCCCCCCC=CCCCCCCCC(=O)O,strong,1.0,1.0,0,,0,0.0,0.85,2,0.85,318,2169
2169,156,M02169,M00156,CCCCCCCCC=CCCCCCCCCCCCCCC(=O)O,CCCCCCCCC=CCCCCCCCCCC(=O)O,strong,1.0,1.0,0,,0,0.0,0.85,1,0.85,156,2169
2155,307,M02155,M00307,CCCCCCCCCCC(=O)O,CCCCCCC(=O)O,strong,1.0,1.0,0,,0,0.0,0.85,3,0.85,307,2155
2155,176,M02155,M00176,CCCCCCCCCCC(=O)O,CCCCCCCCCC(=O)O,strong,1.0,1.0,0,,0,0.0,0.85,2,0.85,176,2155
4517,562,M04517,M00562,CCCCCCCCCCCCOCCOCCOCCOCCO,CCCCCCCCCCCCOCCOCCOCCOCCOCCO,strong,1.0,1.0,0,,0,0.0,0.85,1,0.85,562,4517
4771,834,M04771,M00834,O=C(O)C(F)(F)C(F)(F)C(F)(F)C(F)(F)C(F)(F)C(F)(F)C(F)(F)C(F)(F)C(F)(F)C(F)(F)C(F)(F)C(F)(F)F,O=C(O)C(F)(F)C(F)(F)C(F)(F)C(F)(F)C(F)(F)F,strong,1.0,1.0,0,,0,0.0,0.85,1,0.85,834,4771
4771,835,M04771,M00835,O=C(O)C(F)(F)C(F)(F)C(F)(F)C(F)(F)C(F)(F)C(F)(F)C(F)(F)C(F)(F)C(F)(F)C(F)(F)C(F)(F)C(F)(F)F,O=C(O)C(F)(F)C(F)(F)C(F)(F)C(F)(F)C(F)(F)C(F)(F)F,strong,1.0,1.0,0,,0,0.0,0.85,2,0.85,835,4771
4771,836,M04771,M00836,O=C(O)C(F)(F)C(F)(F)C(F)(F)C(F)(F)C(F)(F)C(F)(F)C(F)(F)C(F)(F)C(F)(F)C(F)(F)C(F)(F)C(F)(F)F,O=C(O)C(F)(F)C(F)(F)C(F)(F)C(F)(F)C(F)(F)C(F)(F)C(F)(F)F,strong,1.0,1.0,0,,0,0.0,0.85,3,0.85,836,4771
4790,4791,M04790,M04791,CCCCCCCCCCCCOCCOS(=O)(=O)O,CCCCCCCCCCCCOCCOCCOS(=O)(=O)O,strong,1.0,1.0,0,,0,0.0,0.85,1,0.85,4790,4791
4790,4792,M04790,M04792,CCCCCCCCCCCCOCCOS(=O)(=O)O,CCCCCCCCCCCCOCCOCCOCCOS(=O)(=O)O,strong,1.0,1.0,0,,0,0.0,0.85,2,0.85,4790,4792
4790,4793,M04790,M04793,CCCCCCCCCCCCOCCOS(=O)(=O)O,CCCCCCCCCCCCOCCOCCOCCOCCOS(=O)(=O)O,strong,1.0,1.0,0,,0,0.0,0.85,3,0.85,4790,4793
4791,4792,M04791,M04792,CCCCCCCCCCCCOCCOCCOS(=O)(=O)O,CCCCCCCCCCCCOCCOCCOCCOS(=O)(=O)O,strong,1.0,1.0,0,,0,0.0,0.85,2,0.85,4791,4792
4791,4793,M04791,M04793,CCCCCCCCCCCCOCCOCCOS(=O)(=O)O,CCCCCCCCCCCCOCCOCCOCCOCCOS(=O)(=O)O,strong,1.0,1.0,0,,0,0.0,0.85,3,0.85,4791,4793
3252,176,M03252,M00176,CCCCCCCCCCCCCCCCCCCCCCCCC(=O)O,CCCCCCCCCC(=O)O,strong,1.0,1.0,0,,0,0.0,0.85,2,0.85,176,3252
4770,4769,M04770,M04769,O=S(=O)(O)C(F)(F)C(F)(F)C(F)(F)C(F)(F)C(F)(F)C(F)(F)F,O=S(=O)(O)C(F)(F)C(F)(F)C(F)(F)C(F)(F)C(F)(F)C(F)(F)C(F)(F)F,strong,1.0,1.0,0,,0,0.0,0.85,2,0.85,4769,4770
4770,2495,M04770,M02495,O=S(=O)(O)C(F)(F)C(F)(F)C(F)(F)C(F)(F)C(F)(F)C(F)(F)F,O=S(=O)(O)C(F)(F)C(F)(F)C(F)(F)C(F)(F)C(F)(F)C(F)(F)C(F)(F)C(F)(F)F,strong,1.0,1.0,0,,0,0.0,0.85,1,0.85,2495,4770
4690,4691,M04690,M04691,CCCCCCCCCCN(C)C,CCCCCCCCCCCCCCN(C)C,strong,1.0,1.0,0,,0,0.0,0.85,2,0.85,4690,4691
4683,4684,M04683,M04684,CCCCCCCCCCCCCCCC[N+](C)(C)C,CCCCCCCC[N+](C)(C)C,strong,1.0,1.0,0,,0,0.0,0.85,1,0.85,4683,4684
4689,4690,M04689,M04690,CCCCCCCCCCCCN(C)C,CCCCCCCCCCN(C)C,strong,1.0,1.0,0,,0,0.0,0.85,1,0.85,4689,4690
4689,4691,M04689,M04691,CCCCCCCCCCCCN(C)C,CCCCCCCCCCCCCCN(C)C,strong,1.0,1.0,0,,0,0.0,0.85,2,0.85,4689,4691
4768,834,M04768,M00834,O=C(O)C(F)(F)C(F)(F)C(F)(F)C(F)(F)C(F)(F)C(F)(F)C(F)(F)C(F)(F)C(F)(F)C(F)(F)C(F)(F)F,O=C(O)C(F)(F)C(F)(F)C(F)(F)C(F)(F)C(F)(F)F,strong,1.0,1.0,0,,0,0.0,0.85,1,0.85,834,4768
4768,835,M04768,M00835,O=C(O)C(F)(F)C(F)(F)C(F)(F)C(F)(F)C(F)(F)C(F)(F)C(F)(F)C(F)(F)C(F)(F)C(F)(F)C(F)(F)F,O=C(O)C(F)(F)C(F)(F)C(F)(F)C(F)(F)C(F)(F)C(F)(F)F,strong,1.0,1.0,0,,0,0.0,0.85,2,0.85,835,4768
4768,836,M04768,M00836,O=C(O)C(F)(F)C(F)(F)C(F)(F)C(F)(F)C(F)(F)C(F)(F)C(F)(F)C(F)(F)C(F)(F)C(F)(F)C(F)(F)F,O=C(O)C(F)(F)C(F)(F)C(F)(F)C(F)(F)C(F)(F)C(F)(F)C(F)(F)F,strong,1.0,1.0,0,,0,0.0,0.85,3,0.85,836,4768
4769,2495,M04769,M02495,O=S(=O)(O)C(F)(F)C(F)(F)C(F)(F)C(F)(F)C(F)(F)C(F)(F)C(F)(F)F,O=S(=O)(O)C(F)(F)C(F)(F)C(F)(F)C(F)(F)C(F)(F)C(F)(F)C(F)(F)C(F)(F)F,strong,1.0,1.0,0,,0,0.0,0.85,1,0.85,2495,4769
2178,133,M02178,M00133,CCCCCCCCCCCCCCCCCCC(=O)O,CCCCCCCCCCCCCCCCCCCCCC(=O)O,strong,1.0,1.0,0,,0,0.0,0.85,1,0.85,133,2178
524,519,M00524,M00519,O=C(O)CCCCCCC(=O)O,O=C(O)CCCCCCCC(=O)O,strong,1.0,1.0,0,,0,0.0,0.85,1,0.85,519,524
509,176,M00509,M00176,CCCCCCCCCCCCCCCCCC(=O)O,CCCCCCCCCC(=O)O,strong,1.0,1.0,0,,0,0.0,0.85,2,0.85,176,509
509,307,M00509,M00307,CCCCCCCCCCCCCCCCCC(=O)O,CCCCCCC(=O)O,strong,1.0,1.0,0,,0,0.0,0.85,3,0.85,307,509
2583,2587,M02583,M02587,CCCCCCCCCCS(=O)(=O)O,CCCCCCS(=O)(=O)O,strong,1.0,1.0,0,,0,0.0,0.85,2,0.85,2583,2587
2583,2586,M02583,M02586,CCCCCCCCCCS(=O)(=O)O,CCCCCCCCCCCCS(=O)(=O)O,strong,1.0,1.0,0,,0,0.0,0.85,1,0.85,2583,2586
2534,2533,M02534,M02533,CCCCCCCCCCCCCCOS(=O)(=O)O,CCCCCCCCCCOS(=O)(=O)O,strong,1.0,1.0,0,,0,0.0,0.85,2,0.85,2533,2534
2534,2500,M02534,M02500,CCCCCCCCCCCCCCOS(=O)(=O)O,CCCCCCCCCCCCOS(=O)(=O)O,strong,1.0,1.0,0,,0,0.0,0.85,1,0.85,2500,2534
2500,2533,M02500,M02533,CCCCCCCCCCCCOS(=O)(=O)O,CCCCCCCCCCOS(=O)(=O)O,strong,1.0,1.0,0,,0,0.0,0.85,1,0.85,2500,2533
2503,834,M02503,M00834,O=C(O)C(F)(F)C(F)(F)C(F)(F)C(F)(F)C(F)(F)C(F)(F)C(F)(F)C(F)(F)C(F)(F)C(F)(F)C(F)(F)C(F)(F)C(F)(F)F,O=C(O)C(F)(F)C(F)(F)C(F)(F)C(F)(F)C(F)(F)F,strong,1.0,1.0,0,,0,0.0,0.85,1,0.85,834,2503
2503,835,M02503,M00835,O=C(O)C(F)(F)C(F)(F)C(F)(F)C(F)(F)C(F)(F)C(F)(F)C(F)(F)C(F)(F)C(F)(F)C(F)(F)C(F)(F)C(F)(F)C(F)(F)F,O=C(O)C(F)(F)C(F)(F)C(F)(F)C(F)(F)C(F)(F)C(F)(F)F,strong,1.0,1.0,0,,0,0.0,0.85,2,0.85,835,2503
509,133,M00509,M00133,CCCCCCCCCCCCCCCCCC(=O)O,CCCCCCCCCCCCCCCCCCCCCC(=O)O,strong,1.0,1.0,0,,0,0.0,0.85,1,0.85,133,509
2503,836,M02503,M00836,O=C(O)C(F)(F)C(F)(F)C(F)(F)C(F)(F)C(F)(F)C(F)(F)C(F)(F)C(F)(F)C(F)(F)C(F)(F)C(F)(F)C(F)(F)C(F)(F)F,O=C(O)C(F)(F)C(F)(F)C(F)(F)C(F)(F)C(F)(F)C(F)(F)C(F)(F)F,strong,1.0,1.0,0,,0,0.0,0.85,3,0.85,836,2503
2186,262,M02186,M00262,CCC=CCC=CCC=CCCCCCCCCCCCC(=O)O,CCC=CCC=CCC=CCCCCCCCC(=O)O,strong,1.0,1.0,0,,0,0.0,0.85,1,0.85,262,2186
503,133,M00503,M00133,CCCCCCCCCCCCCCCCC(=O)O,CCCCCCCCCCCCCCCCCCCCCC(=O)O,strong,1.0,1.0,0,,0,0.0,0.85,1,0.85,133,503
503,176,M00503,M00176,CCCCCCCCCCCCCCCCC(=O)O,CCCCCCCCCC(=O)O,strong,1.0,1.0,0,,0,0.0,0.85,2,0.85,176,503
503,307,M00503,M00307,CCCCCCCCCCCCCCCCC(=O)O,CCCCCCC(=O)O,strong,1.0,1.0,0,,0,0.0,0.85,3,0.85,307,503
505,133,M00505,M00133,CCCCCCCCCCCCCC(=O)O,CCCCCCCCCCCCCCCCCCCCCC(=O)O,strong,1.0,1.0,0,,0,0.0,0.85,1,0.85,133,505
505,176,M00505,M00176,CCCCCCCCCCCCCC(=O)O,CCCCCCCCCC(=O)O,strong,1.0,1.0,0,,0,0.0,0.85,2,0.85,176,505
505,307,M00505,M00307,CCCCCCCCCCCCCC(=O)O,CCCCCCC(=O)O,strong,1.0,1.0,0,,0,0.0,0.85,3,0.85,307,505
2178,307,M02178,M00307,CCCCCCCCCCCCCCCCCCC(=O)O,CCCCCCC(=O)O,strong,1.0,1.0,0,,0,0.0,0.85,3,0.85,307,2178
2587,2586,M02587,M02586,CCCCCCS(=O)(=O)O,CCCCCCCCCCCCS(=O)(=O)O,strong,1.0,1.0,0,,0,0.0,0.85,2,0.85,2586,2587
3866,2850,M03866,M02850,COC(=O)Nc1nc2ccc(C(=O)c3ccc(F)cc3)cc2[nH]1,COC(=O)Nc1nc2ccc(C(=O)c3ccccc3)cc2[nH]1,strong,0.8,0.9111111111111111,1,O=C(c1ccccc1)c1ccc2nc[nH]c2c1,2,0.9466801716388252,0.8497798035236015,1,0.8497798035236015,2850,3866
3327,3328,M03327,M03328,CC(C)C(NC(=O)c1nn(CCCCCCl)c2ccccc12)C(N)=O,CC(C)C(NC(=O)c1nn(CCCCCF)c2ccccc12)C(N)=O,strong,0.8148148148148148,0.9615384615384616,1,c1ccc2[nH]ncc2c1,8,0.802209494641301,0.8496049284696994,1,0.8496049284696994,3327,3328
3285,3282,M03285,M03282,Cc1onc(-c2ccccc2)c1C(=O)NC1C(=O)N2C1SC(C)(C)C2C(=O)O,Cc1onc(-c2c(Cl)cccc2Cl)c1C(=O)NC1C(=O)N2C1SC(C)(C)C2C(=O)O,medium,0.7868852459016393,0.9393939393939394,1,O=C(NC1C(=O)N2CCSC12)c1conc1-c1ccccc1,2,0.9466801716388252,0.8489816581352921,1,0.8489816581352921,3282,3285
329,166,M00329,M00166,COc1cc(-c2[o+]c3cc(O)cc(O)c3cc2OC2OCC(O)C(O)C2O)ccc1O,Oc1cc(O)c2cc(OC3OCC(O)C(O)C3O)c(-c3ccc(O)c(O)c3)[o+]c2c1,strong,0.8181818181818182,0.95,1,c1ccc(-c2[o+]c3ccccc3cc2OC2CCCCO2)cc1,8,0.802209494641301,0.848740515105286,1,0.848740515105286,166,329
4382,4383,M04382,M04383,OCCOCCN1CCN(C2=Nc3ccccc3Sc3ccccc32)CC1,OCCOCCN1CCN(C2=Nc3ccc(O)cc3Sc3ccccc32)CC1,strong,0.8113207547169812,0.9016393442622951,1,c1ccc2c(c1)N=C(N1CCNCC1)c1ccccc1S2,3,0.9088491513636503,0.84852966160031,1,0.84852966160031,4382,4383
4369,4368,M04369,M04368,C=CC=CCC1=C(C)C(OC(=O)C2C(C=C(C)C(=O)OC)C2(C)C)CC1=O,C=CC=CCC1=C(C)C(OC(=O)C2C(C=C(C)C)C2(C)C)CC1=O,strong,0.8214285714285714,0.9411764705882353,1,O=C1C=CC(OC(=O)C2CC2)C1,8,0.802209494641301,0.8484826847003968,2,0.8484826847003968,4368,4369
1224,1353,M01224,M01353,C=C1CCC(O)CC1=CC=C1CCCC2(C)C1CCC2C(C)C=CC(C)C(C)C,C=C1CCC(O)CC1=CC=C1CCCC2(C)C1CCC2C(C)C=CC(C)C(C)(C)O,medium,0.7833333333333333,0.9428571428571428,1,C=C1CCCCC1=CC=C1CCCC2CCCC12,2,0.9466801716388252,0.8477163114601095,1,0.8477163114601095,1224,1353
1184,1320,M01184,M01320,O=C(O)C=Cc1ccc(OC2OC(C(=O)O)C(O)C(O)C2O)c(O)c1,O=C(O)C=Cc1ccc(O)c(OC2OC(C(=O)O)C(O)C(O)C2O)c1,strong,0.8260869565217391,1.0,1,c1ccc(OC2CCCCO2)cc1,22,0.6788243374826469,0.8474758245354406,1,0.8474758245354406,1184,1320
1117,1127,M01117,M01127,O=c1c(O)c(-c2ccc(OS(=O)(=O)O)c(O)c2)oc2cc(O)cc(O)c12,O=c1c(O)c(-c2ccc(OS(=O)(=O)O)c(O)c2)oc2cc(OS(=O)(=O)O)cc(O)c12,strong,0.851063829787234,0.9787234042553191,1,O=c1cc(-c2ccccc2)oc2ccccc12,37,0.6127978022039184,0.8472388192667579,1,0.8472388192667579,1117,1127
4369,4371,M04369,M04371,C=CC=CCC1=C(C)C(OC(=O)C2C(C=C(C)C(=O)OC)C2(C)C)CC1=O,CC=CCC1=C(C)C(OC(=O)C2C(C=C(C)C(=O)OC)C2(C)C)CC1=O,strong,0.8070175438596491,0.9705882352941176,1,O=C1C=CC(OC(=O)C2CC2)C1,8,0.802209494641301,0.847189009335514,3,0.847189009335514,4369,4371
1272,1267,M01272,M01267,O=C(O)C1OC(Oc2cc(O)c3c(=O)c(-c4ccc(O)cc4)coc3c2)C(O)C(O)C1O,O=C(O)C1OC(Oc2ccc3c(=O)c(-c4ccc(O)cc4)coc3c2)C(O)C(O)C1O,medium,0.7586206896551724,1.0,1,O=c1c(-c2ccccc2)coc2cc(OC3CCCCO3)ccc12,2,0.9466801716388252,0.8471744395389272,1,0.8471744395389272,1267,1272
50,73,M00050,M00073,COc1cc(-c2oc3cc(=O)cc4oc(C)cc(c2OC2OC(CO)C(O)C(O)C2O)c43)cc(OC)c1O,COc1cc(-c2oc3cc(=O)cc4oc(C(=O)O)cc(c2OC2OC(CO)C(O)C(O)C2O)c43)cc(OC)c1O,strong,0.8,0.9545454545454546,1,O=c1cc2occc3c(OC4CCCCO4)c(-c4ccccc4)oc(c1)c23,5,0.8555293230024756,0.846965762086735,2,0.846965762086735,50,73
4680,4677,M04680,M04677,CCC(=O)OC1(C(=O)CCl)C(C)CC2C3CCC4=CC(=O)C=CC4(C)C3(F)C(O)CC21C,CCC(=O)OCC(=O)C1(OC(=O)CC)C(C)CC2C3CCC4=CC(=O)C=CC4(C)C3(F)C(O)CC21C,strong,0.8382352941176471,0.94,1,O=C1C=CC2C(=C1)CCC1C3CCCC3CCC21,15,0.7265474540909509,0.8469232945842309,1,0.8469232945842309,4677,4680
1412,1488,M01412,M01488,NC(=O)c1ccc[n+](C2OC(COP(=O)(O)OP(=O)([O-])OCC3OC(n4cnc5c(N)ncnc54)C(O)C3O)C(O)C2O)c1,NC(=O)c1ccc[n+](C2OC(COP(=O)(O)OP(=O)(O)OCC3OC(n4cnc5c(N)ncnc54)C(OP(=O)(O)O)C3O)C(O)C2O)c1,medium,0.7976190476190477,0.9722222222222222,1,O=[PH](OCC1CCC(n2cnc3cncnc32)O1)O[PH](=O)OCC1CCC([n+]2ccccc2)O1,6,0.8352580650673657,0.846915693887089,1,0.846915693887089,1412,1488
1888,1488,M01888,M01488,NC(=O)c1ccc[n+](C2OC(COP(=O)([O-])OP(=O)(O)OCC3OC(n4cnc5c(N)ncnc54)C(O)C3O)C(O)C2O)c1,NC(=O)c1ccc[n+](C2OC(COP(=O)(O)OP(=O)(O)OCC3OC(n4cnc5c(N)ncnc54)C(OP(=O)(O)O)C3O)C(O)C2O)c1,medium,0.7976190476190477,0.9722222222222222,1,O=[PH](OCC1CCC(n2cnc3cncnc32)O1)O[PH](=O)OCC1CCC([n+]2ccccc2)O1,6,0.8352580650673657,0.846915693887089,1,0.846915693887089,1488,1888
1404,415,M01404,M00415,Nc1ncnc2c1ncn2C1OC(COP(=O)(O)O)C(OP(=O)(O)O)C1O,Nc1ncnc2c1ncn2C1OC(CO)C(OP(=O)(O)O)C1O,strong,0.8490566037735849,0.9552238805970149,1,c1ncc2ncn(C3CCCO3)c2n1,26,0.6577388176437765,0.8469007550599712,1,0.8469007550599712,415,1404
4354,4453,M04354,M04453,CCCOc1ccc(S(=O)(=O)N2CCN(CC)CC2)cc1-c1nc(=S)c2c([nH]1)c(CCC)nn2C,CCCc1nn(C)c2c(=S)nc(-c3cc(S(=O)(=O)N4CCN(C)CC4)ccc3OCC)[nH]c12,medium,0.7857142857142857,0.9882352941176471,1,O=S(=O)(c1cccc(-c2nc(=S)c3[nH]ncc3[nH]2)c1)N1CCNCC1,5,0.8555293230024756,0.8468167934083546,1,0.8468167934083546,4354,4453
2826,2825,M02826,M02825,CC(C)(C)c1cc(-n2nc3ccc(Cl)cc3n2)c(O)c(C(C)(C)C)c1,Cc1cc(-n2nc3ccc(Cl)cc3n2)c(O)c(C(C)(C)C)c1,medium,0.7674418604651163,1.0,1,c1ccc(-n2nc3ccccc3n2)cc1,3,0.9088491513636503,0.8467924889836174,1,0.8467924889836174,2825,2826
1554,1551,M01554,M01551,CC(=O)NC1C(OP(=O)(O)OP(=O)(O)OCC2OC(n3ccc(=O)[nH]c3=O)C(O)C2O)OC(CO)C(O)C1O,O=c1ccn(C2OC(COP(=O)(O)OP(=O)(O)OC3OC(CO)C(O)C(O)C3O)C(O)C2O)c(=O)[nH]1,medium,0.7794117647058824,0.9855072463768116,1,O=c1ccn(C2CCC(CO[PH](=O)O[PH](=O)OC3CCCCO3)O2)c(=O)[nH]1,4,0.8795051323147839,0.8459496402649499,1,0.8459496402649499,1551,1554
2542,4509,M02542,M04509,CC(C)(C(=O)O)c1ccc(C(O)CCCN2CCC(C(O)(c3ccccc3)c3ccccc3)CC2)cc1,CC(C)(C)c1ccc(C(O)CCCN2CCC(C(O)(c3ccccc3)c3ccccc3)CC2)cc1,strong,0.803921568627451,0.8863636363636364,1,c1ccc(CCCCN2CCC(C(c3ccccc3)c3ccccc3)CC2)cc1,2,0.9466801716388252,0.8459458760132035,1,0.8459458760132035,2542,4509
3232,4164,M03232,M04164,O=C(CCCN1CCC(O)(c2ccc(Cl)cc2)CC1)c1ccc(F)cc1,Cc1ccc(C2(O)CCN(CCCC(=O)c3ccc(F)cc3)CC2)cc1,medium,0.7916666666666666,0.9555555555555556,1,O=C(CCCN1CCC(c2ccccc2)CC1)c1ccccc1,4,0.8795051323147839,0.8458146587361065,2,0.8458146587361065,3232,4164
4164,3505,M04164,M03505,Cc1ccc(C2(O)CCN(CCCC(=O)c3ccc(F)cc3)CC2)cc1,O=C(CCCN1CCC(O)(c2ccc(Br)cc2)CC1)c1ccc(F)cc1,medium,0.7916666666666666,0.9555555555555556,1,O=C(CCCN1CCC(c2ccccc2)CC1)c1ccccc1,4,0.8795051323147839,0.8458146587361065,2,0.8458146587361065,3505,4164
3232,3505,M03232,M03505,O=C(CCCN1CCC(O)(c2ccc(Cl)cc2)CC1)c1ccc(F)cc1,O=C(CCCN1CCC(O)(c2ccc(Br)cc2)CC1)c1ccc(F)cc1,medium,0.7916666666666666,0.9555555555555556,1,O=C(CCCN1CCC(c2ccccc2)CC1)c1ccccc1,4,0.8795051323147839,0.8458146587361065,1,0.8458146587361065,3232,3505
3963,2375,M03963,M02375,Clc1ccc(C(Cn2ccnc2)OCc2c(Cl)cccc2Cl)c(Cl)c1,Clc1ccc(COC(Cn2ccnc2)c2ccc(Cl)cc2Cl)c(Cl)c1,medium,0.7551020408163265,1.0,1,c1ccc(COC(Cn2ccnc2)c2ccccc2)cc1,2,0.9466801716388252,0.8450632502356196,1,0.8450632502356196,2375,3963
1612,1436,M01612,M01436,O=c1ccn(C2CC(O)C(COP(=O)(O)OP(=O)(O)OP(=O)(O)O)O2)c(=O)[nH]1,O=c1ccn(C2CC(O)C(COP(=O)(O)O)O2)c(=O)[nH]1,strong,0.803921568627451,0.9850746268656716,1,O=c1ccn(C2CCCO2)c(=O)[nH]1,10,0.7758207207981391,0.8449947060126094,1,0.8449947060126094,1436,1612
3980,3981,M03980,M03981,CCCCCn1cc(C(=O)c2cccc3ccccc23)c2cc(O)ccc21,CCCCCn1cc(C(=O)c2cccc3ccccc23)c2ccc(O)cc21,strong,0.84,1.0,1,O=C(c1cccc2ccccc12)c1c[nH]c2ccccc12,39,0.6060525864057348,0.8449078879608602,2,0.8449078879608602,3980,3981
3162,3160,M03162,M03160,CCC(C)C(=O)C1=C(O)OC2=C(C(CC(=O)O)c3ccccc3)C(C)(C)C(CC=C(C)C)CC2(CC=C(C)C)C1=O,CCC(C)C(=O)C1=C(O)OC2=C(C(CC(=O)O)c3ccccc3)C(C)(C)C(CCC(C)(C)O)CC2(CC=C(C)C)C1=O,strong,0.821917808219178,0.9148936170212766,1,O=C1C=COC2=C(Cc3ccccc3)CCCC12,7,0.8176983027273006,0.844528834595921,2,0.844528834595921,3160,3162
4373,4372,M04373,M04372,CCC=CCC1=C(C)C(OC(=O)C2C(C=C(C)C(=O)OC)C2(C)C)CC1=O,CCC=CCC1=C(C)C(OC(=O)C2C(C=C(C)C)C2(C)C)CC1=O,strong,0.8148148148148148,0.9411764705882353,1,O=C1C=CC(OC(=O)C2CC2)C1,8,0.802209494641301,0.8445144307321427,2,0.8445144307321427,4372,4373
2260,625,M02260,M00625,CNc1nc(NC(C)C)nc(SC)n1,CSc1nc(NC(C)C)nc(NC(C)C)n1,strong,0.84,1.0,1,c1ncncn1,40,0.6028054368020348,0.8444208155203052,1,0.8444208155203052,625,2260
1104,1108,M01104,M01108,O=S(=O)(O)CCN1CCN(CCO)CC1,O=S(=O)(O)CCN1CCN(CCS(=O)(=O)O)CC1,strong,0.8181818181818182,0.9122807017543859,1,C1CNCCN1,6,0.8352580650673657,0.8442679761077923,1,0.8442679761077923,1104,1108
4810,4812,M04810,M04812,CCCCCCC(CCC)c1ccc(S(=O)(=O)O)cc1,CCCCCCC(CCCCC)c1ccc(S(=O)(=O)O)cc1,strong,0.9375,1.0,1,c1ccccc1,802,0.21161295934610674,0.844241943901916,2,0.844241943901916,4810,4812
4810,4813,M04810,M04813,CCCCCCC(CCC)c1ccc(S(=O)(=O)O)cc1,CCCCCCCC(CCCCC)c1ccc(S(=O)(=O)O)cc1,strong,0.9375,1.0,1,c1ccccc1,802,0.21161295934610674,0.844241943901916,3,0.844241943901916,4810,4813
150,949,M00150,M00949,O=C(C=Cc1ccc(O)c(O)c1)OC1CC(O)(C(=O)O)CC(O)C1O,O=C(C=Cc1ccc(O)cc1)OC1CC(O)(C(=O)O)CC(O)C1O,medium,0.7755102040816326,0.9696969696969697,1,O=C(C=Cc1ccccc1)OC1CCCCC1,3,0.9088491513636503,0.8440577375777696,2,0.8440577375777696,150,949
484,476,M00484,M00476,CC(C)C(C)CCC(C)C1CCC2C3CC=C4CC(O)CCC4(C)C3CCC12C,CC(C)C(O)CCC(C)C1CCC2C3CC=C4CC(O)CCC4(C)C3CCC12C,strong,0.8333333333333334,0.9444444444444444,1,C1=C2CCCCC2C2CCC3CCCC3C2C1,16,0.7185751418868361,0.8438973823941366,1,0.8438973823941366,476,484
3174,3173,M03174,M03173,COc1ccc(C2Oc3c(c(O)cc(O)c3C3C(=O)c4c(O)cc(O)cc4OC3c3ccc(O)cc3)C(=O)C2O)cc1O,O=C1c2c(O)cc(O)c(C3C(=O)c4c(O)cc(O)cc4OC3c3ccc(O)cc3)c2OC(c2ccc(O)cc2)C1O,strong,0.8070175438596491,0.9090909090909091,1,O=C1CC(c2ccccc2)Oc2c1cccc2C1C(=O)c2ccccc2OC1c1ccccc1,4,0.8795051323147839,0.8434090234357343,1,0.8434090234357343,3173,3174
74,50,M00074,M00050,COc1cc(-c2oc3cc(=O)cc4occc(c2OC2OC(CO)C(O)C(O)C2O)c43)cc(OC)c1O,COc1cc(-c2oc3cc(=O)cc4oc(C)cc(c2OC2OC(CO)C(O)C(O)C2O)c43)cc(OC)c1O,medium,0.7846153846153846,0.9767441860465116,1,O=c1cc2occc3c(OC4CCCCO4)c(-c4ccccc4)oc(c1)c23,5,0.8555293230024756,0.84328467573123,2,0.84328467573123,50,74
1611,1428,M01611,M01428,Nc1ncnc2c1ncn2C1CC(O)C(COP(=O)(O)OP(=O)(O)OP(=O)(O)O)O1,Nc1ncnc2c1ncn2C1CC(O)C(COP(=O)(O)O)O1,strong,0.8363636363636363,0.9710144927536232,1,c1ncc2ncn(C3CCCO3)c2n1,26,0.6577388176437765,0.843232627653154,1,0.843232627653154,1428,1611
3367,4371,M03367,M04371,C=CCC1=C(C)C(OC(=O)C2C(C=C(C)C(=O)OC)C2(C)C)CC1=O,CC=CCC1=C(C)C(OC(=O)C2C(C=C(C)C(=O)OC)C2(C)C)CC1=O,strong,0.8,0.9705882352941176,1,O=C1C=CC(OC(=O)C2CC2)C1,8,0.802209494641301,0.8429784830197246,2,0.8429784830197246,3367,4371
3997,3996,M03997,M03996,CCCCn1cc(C(=O)c2cccc3ccccc23)c2ccc(O)cc21,CCCCn1cc(C(=O)c2cccc3ccccc23)c2cc(O)ccc21,strong,0.8367346938775511,1.0,1,O=C(c1cccc2ccccc12)c1c[nH]c2ccccc12,39,0.6060525864057348,0.8429487042873909,2,0.8429487042873909,3996,3997
4646,807,M04646,M00807,CC1CC2C3CCC4=CC(=O)C=CC4(C)C3(F)C(O)CC2(C)C1(O)C(=O)CCl,CC1CC2C3CCC4=CC(=O)C=CC4(C)C3(F)C(O)CC2(C)C1(O)C(=O)CO,strong,0.847457627118644,0.9019607843137255,1,O=C1C=CC2C(=C1)CCC1C3CCCC3CCC21,15,0.7265474540909509,0.8429468904632604,1,0.8429468904632604,807,4646
4457,2075,M04457,M02075,CCC1CCCC(OC2CCC(NC)C(C)O2)C(C)C(=O)C2=CC3C(C=CC4CC(OC5OC(C)C(OC)C(OC)C5OC)CC43)C2CC(=O)O1,CCC1CCCC(OC2CCC(N(C)C)C(C)O2)C(C)C(=O)C2=CC3C(C=CC4CC(OC5OC(C)C(OC)C(OC)C5OC)CC43)C2CC(=O)O1,strong,0.8202247191011236,0.8571428571428571,1,O=C1CC2C(=CC3C2C=CC2CC(OC4CCCCO4)CC23)C(=O)CC(OC2CCCCO2)CCCCO1,3,0.9088491513636503,0.842747918450936,1,0.842747918450936,2075,4457
15,350,M00015,M00350,COc1cc(-c2oc3cc(O)cc(O)c3c(=O)c2OC2OC(CO)C(O)C(O)C2O)ccc1O,O=c1c(OC2OC(CO)C(O)C(O)C2O)c(-c2ccc(O)c(O)c2)oc2cc(O)cc(O)c12,strong,0.819672131147541,0.9512195121951219,1,O=c1c(OC2CCCCO2)c(-c2ccccc2)oc2ccccc12,12,0.7538526280001345,0.8426860509373253,2,0.8426860509373253,15,350
1624,1048,M01624,M01048,O=c1ccn(C2OC(COP(=O)(O)OP(=O)(O)OP(=O)(O)O)C(O)C2O)c(=O)[nH]1,O=c1ccn(C2OC(COP(=O)(O)O)C(O)C2O)c(=O)[nH]1,strong,0.8,0.9846153846153847,1,O=c1ccn(C2CCCO2)c(=O)[nH]1,10,0.7758207207981391,0.842526954273567,1,0.842526954273567,1048,1624
4370,4371,M04370,M04371,CC=CCC1=C(C)C(OC(=O)C2C(C=C(C)C)C2(C)C)CC1=O,CC=CCC1=C(C)C(OC(=O)C2C(C=C(C)C(=O)OC)C2(C)C)CC1=O,strong,0.8113207547169812,0.9393939393939394,1,O=C1C=CC(OC(=O)C2CC2)C1,8,0.802209494641301,0.8419723618748687,2,0.8419723618748687,4370,4371
17,5,M00017,M00005,COc1cc(C=Cc2cc(O)cc(OC3OC(CO)C(O)C(O)C3O)c2)ccc1O,OCC1OC(Oc2cc(O)cc(C=Cc3ccc(O)c(O)c3)c2)C(O)C(O)C1O,medium,0.7884615384615384,0.9459459459459459,1,C(=Cc1cccc(OC2CCCCO2)c1)c1ccccc1,4,0.8795051323147839,0.8414891794106272,1,0.8414891794106272,5,17
110,1608,M00110,M01608,Nc1ncnc2c1ncn2C1OC(COP(=O)(O)O)C(O)C1O,Nc1ncnc2c1ncn2C1OC(COP(=O)(O)OP(=O)(O)OP(=O)(O)O)C(O)C1O,strong,0.8333333333333334,0.9705882352941176,1,c1ncc2ncn(C3CCCO3)c2n1,26,0.6577388176437765,0.8413078814700959,2,0.8413078814700959,110,1608
3163,3162,M03163,M03162,CC(C)=CCC1CC2(CC=C(C)C)C(=O)C(C(=O)CC(C)C)=C(O)OC2=C(C(CC(=O)O)c2ccccc2)C1(C)C,CCC(C)C(=O)C1=C(O)OC2=C(C(CC(=O)O)c3ccccc3)C(C)(C)C(CC=C(C)C)CC2(CC=C(C)C)C1=O,strong,0.8,0.9545454545454546,1,O=C1C=COC2=C(Cc3ccccc3)CCCC12,7,0.8176983027273006,0.8412911090454587,3,0.8412911090454587,3162,3163
1548,2133,M01548,M02133,CC(C=CC1=C(C)CCCC1(C)C)=CC=CC(C)=CC(=O)[O-],CC(C=CC1=C(C)CCCC1(C)C)=CC=CC(C)=CC(=O)O,strong,0.8181818181818182,0.92,1,C1=CCCCC1,8,0.802209494641301,0.8412405151052861,1,0.8412405151052861,1548,2133
0,10,M00000,M00010,Oc1cc(O)c2c(c1)OC(c1ccc(O)c(O)c1)C(O)C2,Oc1ccc(C2Oc3cc(O)cc(O)c3CC2O)cc1,medium,0.7894736842105263,0.967741935483871,1,c1ccc(C2CCc3ccccc3O2)cc1,6,0.8352580650673657,0.8409084041573883,1,0.8409084041573883,0,10
3315,3467,M03315,M03467,CC(N)Cc1ccc2occc2c1,CC(N)Cc1ccc2ccoc2c1,medium,0.7575757575757576,1.0,1,c1ccc2occc2c1,3,0.9088491513636503,0.8408728272500021,1,0.8408728272500021,3315,3467
2591,2592,M02591,M02592,CCCCCCCCSCCOCCOCCOCCO,CCCCCCCCSCCOCCOCCO,strong,1.0,0.9629629629629629,0,,0,0.0,0.8407407407407407,1,0.8407407407407407,2591,2592
3366,3367,M03366,M03367,C=CCC1=C(C)C(OC(=O)C2C(C=C(C)C)C2(C)C)CC1=O,C=CCC1=C(C)C(OC(=O)C2C(C=C(C)C(=O)OC)C2(C)C)CC1=O,strong,0.8076923076923077,0.9411764705882353,1,O=C1C=CC(OC(=O)C2CC2)C1,8,0.802209494641301,0.8402409264586386,2,0.8402409264586386,3366,3367
2833,2688,M02833,M02688,CCCCOCCOCCO,CCCCOCCOCCOCCOCCO,strong,1.0,0.96,0,,0,0.0,0.84,1,0.84,2688,2833
2962,2833,M02962,M02833,CCCCOCCOCCOCCO,CCCCOCCOCCO,strong,1.0,0.96,0,,0,0.0,0.84,2,0.84,2833,2962
2681,2669,M02681,M02669,COCCOCCOCCO,COCCOCCO,strong,1.0,0.96,0,,0,0.0,0.84,1,0.84,2669,2681
1637,1553,M01637,M01553,Nc1ccn(C2OC(COP(=O)(O)O)C(O)C2O)c(=O)n1,Nc1ccn(C2OC(COP(=O)(O)OP(=O)(O)OP(=O)(O)O)C(O)C2O)c(=O)n1,strong,0.8076923076923077,0.9852941176470589,1,O=c1ncccn1C1CCCO1,15,0.7265474540909509,0.8399210321407921,2,0.8399210321407921,1553,1637
4015,4004,M04015,M04004,CCCCCn1cc(C(=O)c2cccc3ccccc23)cc1-c1cccc(F)c1,CCCCCCn1cc(C(=O)c2cccc3ccccc23)cc1-c1ccccc1,strong,0.8113207547169812,0.8837209302325582,1,O=C(c1c[nH]c(-c2ccccc2)c1)c1cccc2ccccc12,4,0.8795051323147839,0.8396484552355459,1,0.8396484552355459,4004,4015
3337,3335,M03337,M03335,CCCc1nn(C)c2c(=O)[nH]c(-c3cc(C(=O)CN4CCN(C)CC4)ccc3OCC)nc12,CCCc1nn(C)c2c(=O)[nH]c(-c3cc(C(=O)CN4CC(C)NC(C)C4)ccc3OCC)nc12,medium,0.7916666666666666,0.9305555555555556,1,O=C(CN1CCNCC1)c1cccc(-c2nc3cn[nH]c3c(=O)[nH]2)c1,4,0.8795051323147839,0.8395646587361065,1,0.8395646587361065,3335,3337
3335,3334,M03335,M03334,CCCc1nn(C)c2c(=O)[nH]c(-c3cc(C(=O)CN4CC(C)NC(C)C4)ccc3OCC)nc12,CCCc1nn(C)c2c(=O)[nH]c(-c3cc(C(=O)CN4CCN(CC)CC4)ccc3OCC)nc12,medium,0.7916666666666666,0.9305555555555556,1,O=C(CN1CCNCC1)c1cccc(-c2nc3cn[nH]c3c(=O)[nH]2)c1,4,0.8795051323147839,0.8395646587361065,1,0.8395646587361065,3334,3335
1278,1271,M01278,M01271,O=C(O)C1OC(Oc2ccc(-c3coc4cc(O)cc(O)c4c3=O)cc2)C(O)C(O)C1O,O=C(O)C1OC(Oc2ccc(-c3coc4cc(O)ccc4c3=O)cc2)C(O)C(O)C1O,medium,0.7457627118644068,1.0,1,O=c1c(-c2ccc(OC3CCCCO3)cc2)coc2ccccc12,2,0.9466801716388252,0.8394596528644679,1,0.8394596528644679,1271,1278
1404,110,M01404,M00110,Nc1ncnc2c1ncn2C1OC(COP(=O)(O)O)C(OP(=O)(O)O)C1O,Nc1ncnc2c1ncn2C1OC(COP(=O)(O)O)C(O)C1O,strong,0.8301886792452831,0.9701492537313433,1,c1ncc2ncn(C3CCCO3)c2n1,26,0.6577388176437765,0.8393113436265721,2,0.8393113436265721,110,1404
450,455,M00450,M00455,CCCCCC=CCC=CCC=CCC=CCCCC(=O)OC(COC(=O)CCCCCCCCCCCCC)COP(=O)([O-])OCC[N+](C)(C)C,CCCCCC=CCC=CCC=CCCCCC(=O)OCC(COP(=O)([O-])OCC[N+](C)(C)C)OC(=O)CCCCCCCCCCCCCCCCCCC,strong,0.9818181818181818,1.0,0,,0,0.0,0.8390909090909091,3,0.8390909090909091,450,455
454,455,M00454,M00455,CCCCCC=CCC=CCC=CCC=CCCCC(=O)OC(COC(=O)CCCCCC=CCCCCCCCC)COP(=O)([O-])OCC[N+](C)(C)C,CCCCCC=CCC=CCC=CCCCCC(=O)OCC(COP(=O)([O-])OCC[N+](C)(C)C)OC(=O)CCCCCCCCCCCCCCCCCCC,strong,0.9818181818181818,1.0,0,,0,0.0,0.8390909090909091,3,0.8390909090909091,454,455
454,448,M00454,M00448,CCCCCC=CCC=CCC=CCC=CCCCC(=O)OC(COC(=O)CCCCCC=CCCCCCCCC)COP(=O)([O-])OCC[N+](C)(C)C,CCCCCC=CCC=CCCCCCCCCCC(=O)OC(COC(=O)CCCCCCCCCCCCC)COP(=O)([O-])OCC[N+](C)(C)C,strong,0.9818181818181818,1.0,0,,0,0.0,0.8390909090909091,2,0.8390909090909091,448,454
450,448,M00450,M00448,CCCCCC=CCC=CCC=CCC=CCCCC(=O)OC(COC(=O)CCCCCCCCCCCCC)COP(=O)([O-])OCC[N+](C)(C)C,CCCCCC=CCC=CCCCCCCCCCC(=O)OC(COC(=O)CCCCCCCCCCCCC)COP(=O)([O-])OCC[N+](C)(C)C,strong,0.9818181818181818,1.0,0,,0,0.0,0.8390909090909091,2,0.8390909090909091,448,450
453,469,M00453,M00469,CCCCCC=CCC=CCC=CCC=CCCCC(=O)OC(COC(=O)CCCCCCCCCCCCCCC)COP(=O)(O)OCC[N+](C)(C)C,CCCCCC=CCC=CCCCCCCCC(=O)OCC(COP(=O)(O)OCC[N+](C)(C)C)OC(=O)CCCCCCCC=CCC=CCCCCC,strong,0.9814814814814815,1.0,0,,0,0.0,0.8388888888888889,1,0.8388888888888889,453,469
3160,3159,M03160,M03159,CCC(C)C(=O)C1=C(O)OC2=C(C(CC(=O)O)c3ccccc3)C(C)(C)C(CCC(C)(C)O)CC2(CC=C(C)C)C1=O,CCC(C)C(=O)C1=C(O)OC2=C(C(CC(=O)O)c3ccccc3)C(C)(C)C(CCC(C)(C)OC(=O)C(F)(F)F)CC2(CC=C(C)C)C1=O,strong,0.825,0.8846153846153846,1,O=C1C=COC2=C(Cc3ccccc3)CCCC12,7,0.8176983027273006,0.8388085915629412,3,0.8388085915629412,3159,3160
2853,749,M02853,M00749,COCCOCCOCCOCCOC,COCCOCCOC,strong,1.0,0.9545454545454546,0,,0,0.0,0.8386363636363636,2,0.8386363636363636,749,2853
2348,749,M02348,M00749,COCCOCCOCCOC,COCCOCCOC,strong,1.0,0.9545454545454546,0,,0,0.0,0.8386363636363636,2,0.8386363636363636,749,2348
445,444,M00445,M00444,CCCCCC=CCC=CCC=CCC=CCCCC(=O)OCC(O)COP(=O)([O-])OCC[N+](C)(C)C,CCCCCCCCC=CCC=CCC=CCCCC(=O)OCC(O)COP(=O)([O-])OCC[N+](C)(C)C,strong,0.9807692307692307,1.0,0,,0,0.0,0.8384615384615384,1,0.8384615384615384,444,445
572,563,M00572,M00563,COc1cc(C=CC(=O)OCC2OC(Oc3cc4oc(-c5ccc(O)c(O)c5)cc(=O)c4c(O)c3C3OC(CO)C(O)C(O)C3O)C(O)C(O)C2O)ccc1O,COc1cc(O)c(O)cc1C=CC(=O)OCC1OC(Oc2cc3oc(-c4ccc(O)cc4)cc(=O)c3c(O)c2C2OC(CO)C(O)C(O)C2O)C(O)C(O)C1O,medium,0.7666666666666667,1.0,1,O=C(C=Cc1ccccc1)OCC1CCCC(Oc2cc3oc(-c4ccccc4)cc(=O)c3cc2C2CCCCO2)O1,5,0.8555293230024756,0.8383293984503712,1,0.8383293984503712,563,572
4073,4059,M04073,M04059,COC(=O)C(NC(=O)c1nn(CC2CCCCC2)c2ccccc12)C(C)(C)C,COC(=O)C(NC(=O)c1nn(CC2CCCCC2)c2ccccc12)C(C)C,medium,0.7758620689655172,0.9629629629629629,1,c1ccc2c(c1)cnn2CC1CCCCC1,4,0.8795051323147839,0.8381837519672687,1,0.8381837519672687,4059,4073
4368,4370,M04368,M04370,C=CC=CCC1=C(C)C(OC(=O)C2C(C=C(C)C)C2(C)C)CC1=O,CC=CCC1=C(C)C(OC(=O)C2C(C=C(C)C)C2(C)C)CC1=O,medium,0.7924528301886793,0.96875,1,O=C1C=CC(OC(=O)C2CC2)C1,8,0.802209494641301,0.8379906223094027,1,0.8379906223094027,4368,4370
1205,1200,M01205,M01200,O=C1CCC(Cc2cc(O)cc(OC3OC(C(=O)O)C(O)C(O)C3O)c2)O1,O=C1CCC(Cc2cccc(OC3OC(C(=O)O)C(O)C(O)C3O)c2)O1,medium,0.7543859649122807,0.972972972972973,1,O=C1CCC(Cc2cccc(OC3CCCCO3)c2)O1,2,0.9466801716388252,0.8378768479364355,1,0.8378768479364355,1200,1205
1146,31,M01146,M00031,Oc1cc(O)c2c(c1)OC(c1ccc(O)c(O)c1)C(O)C2c1c(O)cc(O)c2c1OC(c1ccc(O)c(O)c1)C(O)C2c1c(O)cc(O)c2c1OC(c1ccc(O)c(O)c1)C(O)C2,Oc1cc(O)c2c(c1)OC(c1ccc(O)c(O)c1)C(O)C2c1c(O)cc(O)c2c1OC(c1ccc(O)c(O)c1)C(O)C2,strong,0.9795918367346939,1.0,0,,0,0.0,0.8377551020408163,1,0.8377551020408163,31,1146
324,327,M00324,M00327,OCC1OC(Oc2cc3c(OC4OC(CO)C(O)C(O)C4O)cc(O)cc3[o+]c2-c2ccc(O)cc2)C(O)C(O)C1O,COc1cc(-c2[o+]c3cc(O)cc(OC4OC(CO)C(O)C(O)C4O)c3cc2OC2OC(CO)C(O)C(O)C2O)ccc1O,medium,0.7719298245614035,0.9523809523809523,1,c1ccc(-c2[o+]c3cccc(OC4CCCCO4)c3cc2OC2CCCCO2)cc1,3,0.9088491513636503,0.8375805055366277,1,0.8375805055366277,324,327
1304,1303,M01304,M01303,O=c1cc(-c2ccc(OS(=O)(=O)O)c(O)c2)oc2cc(O)cc(O)c12,O=c1cc(-c2ccc(O)c(OS(=O)(=O)O)c2)oc2cc(O)cc(O)c12,strong,0.8260869565217391,1.0,1,O=c1cc(-c2ccccc2)oc2ccccc12,37,0.6127978022039184,0.8375718442436313,2,0.8375718442436313,1303,1304
1187,1177,M01187,M01177,O=C(O)c1ccc(OC2OC(C(=O)O)C(O)C(O)C2O)c(O)c1,O=C(O)c1ccc(O)c(OC2OC(C(=O)O)C(O)C(O)C2O)c1,strong,0.8095238095238095,1.0,1,c1ccc(OC2CCCCO2)cc1,22,0.6788243374826469,0.8375379363366828,1,0.8375379363366828,1177,1187
4449,4452,M04449,M04452,CCCc1nn(C)c2c(=O)[nH]c(-c3cc(S(=O)(=O)N4CC(C)NC(C)C4)ccc3OCC)nc12,CCCc1nn(C)c2c(=O)[nH]c(-c3cc(S(=O)(=O)N4CCNCC4)ccc3OCC)nc12,medium,0.7746478873239436,0.9772727272727273,1,O=c1[nH]c(-c2cccc(S(=O)(=O)N3CCNCC3)c2)nc2cn[nH]c12,5,0.8555293230024756,0.8374363126629192,1,0.8374363126629192,4449,4452
3013,3012,M03013,M03012,CCC1NC2CC3(C(=O)N(OC)c4cc(OC)ccc43)C3CC1C2CO3,CCC1NC2CC3(C(=O)N(OC)c4ccccc43)C3CC1C2CO3,medium,0.7704918032786885,0.9545454545454546,1,O=C1Nc2ccccc2C12CC1NCC3CC2OCC31,3,0.9088491513636503,0.8372588183081242,1,0.8372588183081242,3012,3013
3140,3139,M03140,M03139,CCCCCCCCCCCCOC1OC(C)C(OC2OC(C)C(OC(C)=O)C(OC3OC(C)C(OC(C)=O)C(OC4OC(C)C(OC(C)=O)C(O)C4O)C3OC(C)=O)C2O)C(O)C1O,CCCCCCCCCCCCOC1OC(C)C(OC(C)=O)C(OC2OC(C)C(OC(C)=O)C(OC3OC(C)C(OC(C)=O)C(O)C3O)C2OC(C)=O)C1O,strong,0.9787234042553191,1.0,0,,0,0.0,0.8372340425531914,2,0.8372340425531914,3139,3140
312,1488,M00312,M01488,Nc1ncnc2c1ncn2C1OC(COP(=O)(O)OP(=O)(O)OCC2OC([n+]3cccc(C(=O)O)c3)C(O)C2O)C(O)C1O,NC(=O)c1ccc[n+](C2OC(COP(=O)(O)OP(=O)(O)OCC3OC(n4cnc5c(N)ncnc54)C(OP(=O)(O)O)C3O)C(O)C2O)c1,medium,0.7804878048780488,0.9726027397260274,1,O=[PH](OCC1CCC(n2cnc3cncnc32)O1)O[PH](=O)OCC1CCC([n+]2ccccc2)O1,6,0.8352580650673657,0.8367320776184409,1,0.8367320776184409,312,1488
3972,3973,M03972,M03973,CCCCCn1c(C)c(C(=O)c2cccc3ccccc23)c2ccccc21,CCCn1c(C)c(C(=O)c2cccc3ccccc23)c2ccccc21,strong,0.8372093023255814,0.9736842105263158,1,O=C(c1cccc2ccccc12)c1c[nH]c2ccccc12,39,0.6060525864057348,0.8366545219877881,1,0.8366545219877881,3972,3973
4006,4007,M04006,M04007,O=C(c1cccc2ccccc12)c1cn(CCN2CCOCC2)c2ccccc12,O=C(c1cccc2ccccc12)c1cn(CCN2CCOCC2)c2cccc(O)c12,medium,0.7843137254901961,0.8958333333333334,1,O=C(c1cccc2ccccc12)c1cn(CCN2CCOCC2)c2ccccc12,2,0.9466801716388252,0.8365485943732748,1,0.8365485943732748,4006,4007
3154,3153,M03154,M03153,CCCCCCCCCC=CCCCCC1CCCC(C)N1,CCCCCCCCCCCCCC1CCCC(C)N1,strong,0.8125,0.96,1,C1CCNCC1,15,0.7265474540909509,0.8364821181136427,3,0.8364821181136427,3153,3154
3151,3154,M03151,M03154,CCCCCCCCCCCC1CCCC(C)N1,CCCCCCCCCC=CCCCCC1CCCC(C)N1,strong,0.8125,0.96,1,C1CCNCC1,15,0.7265474540909509,0.8364821181136427,3,0.8364821181136427,3151,3154
3155,3154,M03155,M03154,CCCCCCCCCCCCCCCC1CCCC(C)N1,CCCCCCCCCC=CCCCCC1CCCC(C)N1,strong,0.8125,0.96,1,C1CCNCC1,15,0.7265474540909509,0.8364821181136427,3,0.8364821181136427,3154,3155
662,4510,M00662,M04510,Cc1ncc([N+](=O)[O-])n1CCO,Cc1ncc([N+](=O)[O-])n1CCCO,strong,0.8235294117647058,0.9824561403508771,1,c1c[nH]cn1,29,0.6438836066809098,0.8363142231486792,1,0.8363142231486792,662,4510
3929,4061,M03929,M04061,CC(=O)Oc1ccc2c3c1OC1C(OC(C)=O)C=CC4C(C2)N(C)CCC341,CC(=O)OC1C=CC2C3Cc4ccc(O)c5c4C2(CCN3C)C1O5,strong,0.8,0.9433962264150944,1,C1=CC2C3Cc4cccc5c4C2(CCN3)C(C1)O5,8,0.802209494641301,0.8361804807999688,1,0.8361804807999688,3929,4061
3593,3743,M03593,M03743,O=C1c2ccccc2C(=O)C1C(=O)C(c1ccccc1)c1ccc(Cl)cc1,O=C1c2ccccc2C(=O)C1C(=O)C(c1ccccc1)c1ccccc1,strong,0.8125,0.8260869565217391,1,O=C1c2ccccc2C(=O)C1C(=O)C(c1ccccc1)c1ccccc1,2,0.9466801716388252,0.8360237648762585,1,0.8360237648762585,3593,3743
4405,4432,M04405,M04432,CC=C1CC(C)C(O)(CO)C(=O)OCC2=CC[N+]3([O-])CCC(OC1=O)C23,CC=C1CC(C)C(C)(O)C(=O)OCC2=CC[N+]3([O-])CCC(OC1=O)C23,medium,0.7903225806451613,0.9014084507042254,1,C=C1CCCC(=O)OCC2=CC[NH+]3CCC(OC1=O)C23,3,0.9088491513636503,0.8358730337677006,1,0.8358730337677006,4405,4432
3900,4074,M03900,M04074,COC(=O)C(NC(=O)c1nn(Cc2ccc(F)cc2)c2ccccc12)C(C)C,COC(=O)C(NC(=O)c1nn(Cc2ccc(F)cc2)c2ccccc12)C(C)(C)C,medium,0.7719298245614035,0.9629629629629629,1,c1ccc(Cn2ncc3ccccc32)cc1,4,0.8795051323147839,0.8358244053248004,1,0.8358244053248004,3900,4074
3618,657,M03618,M00657,CCC1OC(=O)C(C)C(OC2CC(C)(OC)C(O)C(C)O2)C(C)C(OC2OC(C)CC(NC)C2O)C(C)(OC)CC(C)C(=O)C(C)C(O)C1(C)O,CCC1OC(=O)C(C)C(OC2CC(C)(OC)C(O)C(C)O2)C(C)C(OC2OC(C)CC(N(C)C)C2O)C(C)(OC)CC(C)C(=O)C(C)C(O)C1(C)O,strong,0.8024691358024691,0.8703703703703703,1,O=C1CCCCOC(=O)CC(OC2CCCCO2)CC(OC2CCCCO2)CCC1,3,0.9088491513636503,0.8354014467786216,1,0.8354014467786216,657,3618
3171,3172,M03171,M03172,COc1cc(-c2oc3cc(OC)c(OC)c(O)c3c(=O)c2OC)ccc1O,COc1ccc(-c2oc3cc(OC)c(OC)c(O)c3c(=O)c2OC)cc1O,strong,0.8222222222222222,1.0,1,O=c1cc(-c2ccccc2)oc2ccccc12,37,0.6127978022039184,0.8352530036639211,1,0.8352530036639211,3171,3172
1924,2175,M01924,M02175,CCOP(=S)(OCC)SCn1nnc2ccccc2c1=O,COP(=S)(OC)SCn1nnc2ccccc2c1=O,medium,0.7777777777777778,0.90625,1,O=c1[nH]nnc2ccccc12,2,0.9466801716388252,0.8352311924124904,1,0.8352311924124904,1924,2175
4446,4453,M04446,M04453,CCCc1nn(C)c2c(=S)nc(-c3cc(S(=O)(=O)N4CC(C)NC(C)C4)ccc3OCC)[nH]c12,CCCc1nn(C)c2c(=S)nc(-c3cc(S(=O)(=O)N4CCN(C)CC4)ccc3OCC)[nH]c12,medium,0.7857142857142857,0.9418604651162791,1,O=S(=O)(c1cccc(-c2nc(=S)c3[nH]ncc3[nH]2)c1)N1CCNCC1,5,0.8555293230024756,0.8352230861580126,1,0.8352230861580126,4446,4453
2058,2687,M02058,M02687,CN(C)C(=O)NC1CCCCCCC1,CN(C)C(=O)NC1CCCCC1,strong,1.0,0.9375,0,,0,0.0,0.834375,1,0.834375,2058,2687
4219,4220,M04219,M04220,CCCCCn1nc(C(=O)Oc2cccc3cccnc23)c2ccccc21,O=C(Oc1cccc2cccnc12)c1nn(CCCCCF)c2ccccc12,strong,0.8070175438596491,0.8301886792452831,1,O=C(Oc1cccc2cccnc12)c1n[nH]c2ccccc12,2,0.9466801716388252,0.8337597218729339,1,0.8337597218729339,4219,4220
4169,862,M04169,M00862,CCOc1ccc2c3c1OC1C(O)C=CC4C(C2)N(C)CCC341,COc1ccc2c3c1OC1C(O)C=CC4C(C2)N(C)CCC341,strong,0.8035714285714286,0.9245283018867925,1,C1=CC2C3Cc4cccc5c4C2(CCN3)C(C1)O5,8,0.802209494641301,0.8336063568107505,1,0.8336063568107505,862,4169
511,378,M00511,M00378,CC(CCC(=O)NCCS(=O)(=O)O)C1CCC2C3C(O)CC4CC(O)CCC4(C)C3CCC12C,CC(CCC(=O)NCCS(=O)(=O)O)C1CCC2C3C(O)CC4CC(O)CCC4(C)C3CC(O)C12C,strong,0.8153846153846154,1.0,1,C1CCC2C(C1)CCC1C3CCCC3CCC21,33,0.6274242932504864,0.8333444132183421,1,0.8333444132183421,378,511
3616,3615,M03616,M03615,CN(C)CCCC1(c2ccc(F)cc2)OCc2cc(C(=O)O)ccc21,CN(C)CCCC1(c2ccc(F)cc2)OCc2cc(C(N)=O)ccc21,strong,0.8301886792452831,0.8275862068965517,1,c1ccc(C2OCc3ccccc32)cc1,5,0.8555293230024756,0.8333391577216791,1,0.8333391577216791,3615,3616
4370,3366,M04370,M03366,CC=CCC1=C(C)C(OC(=O)C2C(C=C(C)C)C2(C)C)CC1=O,C=CCC1=C(C)C(OC(=O)C2C(C=C(C)C)C2(C)C)CC1=O,medium,0.7843137254901961,0.96875,1,O=C1C=CC(OC(=O)C2CC2)C1,8,0.802209494641301,0.8331071594903128,2,0.8331071594903128,3366,4370
1844,153,M01844,M00153,CC(CC(=O)O)C1CCC2C3C(O)CC4CC(O)CCC4(C)C3CC(O)C12C,CC(CCC(=O)O)C1CCC2C3C(O)CC4CC(O)CCC4(C)C3CC(O)C12C,strong,0.8148148148148148,1.0,1,C1CCC2C(C1)CCC1C3CCCC3CCC21,33,0.6274242932504864,0.8330025328764618,1,0.8330025328764618,153,1844
4449,4444,M04449,M04444,CCCc1nn(C)c2c(=O)[nH]c(-c3cc(S(=O)(=O)N4CC(C)NC(C)C4)ccc3OCC)nc12,CCCc1nn(C)c2c(=O)[nH]c(-c3cc(S(=O)(=O)N4CCN(C)CC4)ccc3OCC)nc12,medium,0.7857142857142857,0.9325842696629213,1,O=c1[nH]c(-c2cccc(S(=O)(=O)N3CCNCC3)c2)nc2cn[nH]c12,5,0.8555293230024756,0.832904037294673,2,0.832904037294673,4444,4449
242,1238,M00242,M01238,COc1cc(-c2oc3cc(O)cc(O)c3c(=O)c2O)ccc1O,COc1ccc(-c2oc3cc(O)cc(O)c3c(=O)c2O)cc1O,strong,0.8181818181818182,1.0,1,O=c1cc(-c2ccccc2)oc2ccccc12,37,0.6127978022039184,0.8328287612396787,1,0.8328287612396787,242,1238
481,484,M00481,M00484,CCC(CCC(C)C1CCC2C3CC=C4CC(O)CCC4(C)C3CCC12C)C(C)C,CC(C)C(C)CCC(C)C1CCC2C3CC=C4CC(O)CCC4(C)C3CCC12C,strong,0.8035714285714286,0.9714285714285714,1,C1=C2CCCCC2C2CCC3CCCC3C2C1,16,0.7185751418868361,0.8327862712830254,1,0.8327862712830254,481,484
2355,4481,M02355,M04481,CCN1CCCC1CNC(=O)c1cc(S(N)(=O)=O)ccc1OC,CCN1CCCC1CNC(=O)c1cc(S(N)(=O)=O)ccc1O,medium,0.7777777777777778,0.9367088607594937,1,O=C(NCC1CCCN1)c1ccccc1,4,0.8795051323147839,0.8327696517037577,1,0.8327696517037577,2355,4481
3356,3355,M03356,M03355,O=C(NC12CC3CC(CC(C3)C1)C2)c1nn(CCCCCF)c2ccccc12,CCCCCn1nc(C(=O)NC23CC4CC(CC(C4)C2)C3)c2ccccc21,medium,0.7962962962962963,0.8518518518518519,1,O=C(NC12CC3CC(CC(C3)C1)C2)c1n[nH]c2ccccc12,2,0.9466801716388252,0.8327427664865644,1,0.8327427664865644,3355,3356
3053,3043,M03053,M03043,C=C(C(=O)C(O)C(C)C1C(OC(C)=O)CC2(C)C3CCC4C(C)C(=O)C=CC45CC35CCC12C)C(C)CO,C=C(C(=O)C(O)C(C)C1C(OC(C)=O)CC2(C)C3CC(O)C4C(C)C(=O)C=CC45CC35CCC12C)C(C)CO,medium,0.775,0.9574468085106383,1,O=C1C=CC23CC24CCC2CCCC2C4CCC3C1,5,0.8555293230024756,0.8326911005780309,1,0.8326911005780309,3043,3053
3183,3174,M03183,M03174,O=C1c2c(O)cc(O)c(C3C(=O)c4c(O)cc(O)cc4OC3c3ccc(O)cc3)c2OC(c2ccc(O)c(O)c2)C1O,COc1ccc(C2Oc3c(c(O)cc(O)c3C3C(=O)c4c(O)cc(O)cc4OC3c3ccc(O)cc3)C(=O)C2O)cc1O,strong,0.8,0.8823529411764706,1,O=C1CC(c2ccccc2)Oc2c1cccc2C1C(=O)c2ccccc2OC1c1ccccc1,4,0.8795051323147839,0.8325140051413352,2,0.8325140051413352,3174,3183
1691,1466,M01691,M01466,CCCCCC(=O)OC(CC(=O)[O-])C[N+](C)(C)C,CCCCCCCCCCCC(=O)OC(CC(=O)[O-])C[N+](C)(C)C,strong,0.9705882352941176,1.0,0,,0,0.0,0.8323529411764705,2,0.8323529411764705,1466,1691
1691,482,M01691,M00482,CCCCCC(=O)OC(CC(=O)[O-])C[N+](C)(C)C,CCCCCCCCCCCCCCCC(=O)OC(CC(=O)[O-])C[N+](C)(C)C,strong,0.9705882352941176,1.0,0,,0,0.0,0.8323529411764705,1,0.8323529411764705,482,1691
1691,1690,M01691,M01690,CCCCCC(=O)OC(CC(=O)[O-])C[N+](C)(C)C,CCCCCCCCCC(=O)OC(CC(=O)[O-])C[N+](C)(C)C,strong,0.9705882352941176,1.0,0,,0,0.0,0.8323529411764705,3,0.8323529411764705,1690,1691
2676,2671,M02676,M02671,O=C1CCCCCCCCCCCN1,O=C1CCCCCN1,strong,1.0,0.9285714285714286,0,,0,0.0,0.8321428571428571,1,0.8321428571428571,2671,2676
4369,4373,M04369,M04373,C=CC=CCC1=C(C)C(OC(=O)C2C(C=C(C)C(=O)OC)C2(C)C)CC1=O,CCC=CCC1=C(C)C(OC(=O)C2C(C=C(C)C(=O)OC)C2(C)C)CC1=O,medium,0.7931034482758621,0.9428571428571428,1,O=C1C=CC(OC(=O)C2CC2)C1,8,0.802209494641301,0.8319077788759981,1,0.8319077788759981,4369,4373
328,325,M00328,M00325,COc1cc(-c2[o+]c3cc(O)cc(O)c3cc2OC2OC(CO)C(O)C(O)C2O)ccc1O,OCC1OC(Oc2cc3c(O)cc(O)cc3[o+]c2-c2ccc(O)cc2)C(O)C(O)C1O,medium,0.7894736842105263,0.9512195121951219,1,c1ccc(-c2[o+]c3ccccc3cc2OC2CCCCO2)cc1,8,0.802209494641301,0.8318205127712913,1,0.8318205127712913,325,328
3491,2659,M03491,M02659,CC(C)(c1ccc(OCC(O)CCl)cc1)c1ccc(OCC2CO2)cc1,CC(C)(c1ccc(OCC(O)CO)cc1)c1ccc(OCC2CO2)cc1,medium,0.7954545454545454,0.85,1,c1ccc(Cc2ccc(OCC3CO3)cc2)cc1,2,0.9466801716388252,0.831774753018551,1,0.831774753018551,2659,3491
2095,2096,M02095,M02096,CCC[n+]1cccc(S(=O)(=O)[O-])c1,CCCC[n+]1cccc(S(=O)(=O)[O-])c1,strong,0.8125,0.9791666666666666,1,c1cc[nH+]cc1,25,0.6627017793637848,0.8316969335712344,1,0.8316969335712344,2095,2096
3346,4156,M03346,M04156,CC(C)(C)C(NC(=O)c1cn(CC2CCCCC2)c2ccccc12)C(N)=O,COC(=O)C(NC(=O)c1cn(CC2CCCCC2)c2ccccc12)C(C)(C)C,strong,0.8035714285714286,0.8301886792452831,1,c1ccc2c(c1)ccn2CC1CCCCC1,2,0.9466801716388252,0.8316920527000017,1,0.8316920527000017,3346,4156
1469,512,M01469,M00512,CC(CCC(=O)NCCS(=O)(=O)O)C1CCC2C3CCC4CC(O)CCC4(C)C3CCC12C,CC(CCC(=O)NCCS(=O)(=O)O)C1CCC2C3CCC4CC(O)CCC4(C)C3CC(O)C12C,strong,0.8125,1.0,1,C1CCC2C(C1)CCC1C3CCCC3CCC21,33,0.6274242932504864,0.831613643987573,1,0.831613643987573,512,1469
1806,1812,M01806,M01812,CC(C=CC=C(C)C=CC1=C(C)CCCC1(C)C)=CC=CC=C(C)C=CC=C(C)C=CC1=C(C)CC(O)CC1(C)C,CC(C=CC=C(C)C=CC1=C(C)CC(O)CC1(C)C)=CC=CC=C(C)C=CC=C(C)C=CC1=C(C)CC(O)CC1(C)C,strong,0.813953488372093,0.8275862068965517,1,C(=CC=CC=CC=CC=CC1=CCCCC1)C=CC=CC=CC=CC1=CCCCC1,3,0.9088491513636503,0.8315960174519412,1,0.8315960174519412,1806,1812
4073,4057,M04073,M04057,COC(=O)C(NC(=O)c1nn(CC2CCCCC2)c2ccccc12)C(C)(C)C,CC(C)(C)C(NC(=O)c1nn(CC2CCCCC2)c2ccccc12)C(N)=O,strong,0.8070175438596491,0.8596491228070176,1,c1ccc2c(c1)cnn2CC1CCCCC1,4,0.8795051323147839,0.8310485768647614,1,0.8310485768647614,4057,4073
1684,181,M01684,M00181,CC(CC(=O)O)C1CCC2C3CCC4CC(O)CCC4(C)C3CC(O)C12C,CC(CCC(=O)O)C1CCC2C3CCC4CC(O)CCC4(C)C3CC(O)C12C,strong,0.8113207547169812,1.0,1,C1CCC2C(C1)CCC1C3CCCC3CCC21,33,0.6274242932504864,0.8309060968177616,1,0.8309060968177616,181,1684
242,43,M00242,M00043,COc1cc(-c2oc3cc(O)cc(O)c3c(=O)c2O)ccc1O,COc1cc(O)c2c(=O)c(O)c(-c3ccc(O)c(OC)c3)oc2c1,strong,0.8409090909090909,0.9375,1,O=c1cc(-c2ccccc2)oc2ccccc12,37,0.6127978022039184,0.8308401248760423,2,0.8308401248760423,43,242
3644,879,M03644,M00879,CCOC(=O)C1C(OC(=O)c2ccccc2)CC2CCC1N2C,COC(=O)C1C(OC(=O)c2ccccc2)CC2CCC1N2C,medium,0.7755102040816326,0.9166666666666666,1,O=C(OC1CC2CCC(C1)N2)c1ccccc1,3,0.9088491513636503,0.8308001618201938,1,0.8308001618201938,879,3644
2618,3729,M02618,M03729,COc1ccc(C2Sc3ccccc3N(CCN(C)C)C(=O)C2OC(C)=O)cc1,CNCCN1C(=O)C(OC(C)=O)C(c2ccc(OC)cc2)Sc2ccccc21,medium,0.7666666666666667,0.9375,1,O=C1CC(c2ccccc2)Sc2ccccc2N1,3,0.9088491513636503,0.8307023727045475,1,0.8307023727045475,2618,3729
3323,4057,M03323,M04057,CC(C)C(NC(=O)c1nn(CC2CCCCC2)c2ccccc12)C(N)=O,CC(C)(C)C(NC(=O)c1nn(CC2CCCCC2)c2ccccc12)C(N)=O,medium,0.7719298245614035,0.9423076923076923,1,c1ccc2c(c1)cnn2CC1CCCCC1,4,0.8795051323147839,0.8306605876609827,1,0.8306605876609827,3323,4057
4014,4016,M04014,M04016,CCCCCn1cc(C(=O)c2cccc3ccccc23)cc1-c1ccccc1F,CCCCCn1cc(C(=O)c2cccc3ccccc23)cc1-c1ccccc1C,medium,0.7962962962962963,0.8837209302325582,1,O=C(c1c[nH]c(-c2ccccc2)c1)c1cccc2ccccc12,4,0.8795051323147839,0.8306337801831349,1,0.8306337801831349,4014,4016
3336,3335,M03336,M03335,CCCc1nn(C)c2c(=O)[nH]c(-c3cc(C(=O)CN4CCN(CCO)CC4)ccc3OCC)nc12,CCCc1nn(C)c2c(=O)[nH]c(-c3cc(C(=O)CN4CC(C)NC(C)C4)ccc3OCC)nc12,medium,0.7702702702702703,0.9459459459459459,1,O=C(CN1CCNCC1)c1cccc(-c2nc3cn[nH]c3c(=O)[nH]2)c1,4,0.8795051323147839,0.8305744184958662,1,0.8305744184958662,3335,3336
2769,3857,M02769,M03857,CC(C(=O)O)N(C(=O)c1ccc(F)c(Cl)c1)c1ccccc1,CC(C(=O)O)N(C(=O)c1ccccc1)c1ccc(F)c(Cl)c1,medium,0.7804878048780488,1.0,1,O=C(Nc1ccccc1)c1ccccc1,13,0.744107216431016,0.8299087653914816,1,0.8299087653914816,2769,3857
458,459,M00458,M00459,CCC=CCC=CCC=CCC=CCC=CCC=CCCC(=O)OC(COC(=O)CCCCCCCCCCCCCCC)COP(=O)([O-])OCC[N+](C)(C)C,CCC=CCC=CCC=CCC=CCC=CCC=CCCC(=O)OC(COC(=O)CCCCCC=CCCCCCCCC)COP(=O)([O-])OCC[N+](C)(C)C,strong,0.9661016949152542,1.0,0,,0,0.0,0.8296610169491525,2,0.8296610169491525,458,459
459,449,M00459,M00449,CCC=CCC=CCC=CCC=CCC=CCC=CCCC(=O)OC(COC(=O)CCCCCC=CCCCCCCCC)COP(=O)([O-])OCC[N+](C)(C)C,CCC=CCC=CCC=CCCCCCCCC(=O)OC(COC(=O)CCCCCCCCCCCCCCC)COP(=O)([O-])OCC[N+](C)(C)C,strong,0.9661016949152542,1.0,0,,0,0.0,0.8296610169491525,1,0.8296610169491525,449,459
459,461,M00459,M00461,CCC=CCC=CCC=CCC=CCC=CCC=CCCC(=O)OC(COC(=O)CCCCCC=CCCCCCCCC)COP(=O)([O-])OCC[N+](C)(C)C,CCC=CCC=CCC=CCC=CCC=CCC=CCCC(=O)OC(COC(=O)CCCCCCCCCCCCCCCCC)COP(=O)([O-])OCC[N+](C)(C)C,strong,0.9661016949152542,1.0,0,,0,0.0,0.8296610169491525,3,0.8296610169491525,459,461
3071,3019,M03071,M03019,C=C1COC(=O)C12CC1(C)C(C)CCC(OC(=O)C=CSC)C1C2OC(=O)C(C)=CC,C=C1COC(=O)C12CC1(C)C(C)CCC(OC(=O)C(C)=CC)C1C2OC(C)=O,medium,0.7580645161290323,0.9534883720930233,1,C=C1COC(=O)C12CC1CCCCC1C2,3,0.9088491513636503,0.8295381754052227,1,0.8295381754052227,3019,3071
3372,4584,M03372,M04584,OCc1nnc2n1-c1ccc(Cl)cc1C(c1ccccc1)=NC2,OCc1nnc2n1-c1ccc(Cl)cc1C(c1ccccc1Cl)=NC2,medium,0.78,0.9803921568627451,1,c1ccc(C2=NCc3nncn3-c3ccccc32)cc1,10,0.7758207207981391,0.8294711473354072,1,0.8294711473354072,3372,4584
1847,1849,M01847,M01849,CC(CCC(=O)NCC(=O)O)C1CCC2C3CCC4CC(OS(=O)(=O)O)CCC4(C)C3CC(O)C12C,CC(CCC(=O)NCC(=O)O)C1CCC2C3CCC4CC(OS(=O)(=O)O)CCC4(C)C3CCC12C,strong,0.8088235294117647,1.0,1,C1CCC2C(C1)CCC1C3CCCC3CCC21,33,0.6274242932504864,0.8294077616346318,1,0.8294077616346318,1847,1849
4338,4593,M04338,M04593,OC(CCN1CCCC1)(c1ccccc1)C1CCCCC1,OC(CCN1CCCCC1)(c1ccccc1)C1CCCCC1,strong,1.0,0.9166666666666666,0,,0,0.0,0.8291666666666666,1,0.8291666666666666,4338,4593
4257,4256,M04257,M04256,O=C(Oc1cccc2cccnc12)c1cn(CCCCCF)c2ccccc12,CCCCCn1cc(C(=O)Oc2cccc3cccnc23)c2ccccc21,strong,0.8035714285714286,0.82,1,O=C(Oc1cccc2cccnc12)c1c[nH]c2ccccc12,2,0.9466801716388252,0.8291448828886809,1,0.8291448828886809,4256,4257
4074,3347,M04074,M03347,COC(=O)C(NC(=O)c1nn(Cc2ccc(F)cc2)c2ccccc12)C(C)(C)C,CC(C)(C)C(NC(=O)c1nn(Cc2ccc(F)cc2)c2ccccc12)C(N)=O,strong,0.8035714285714286,0.8596491228070176,1,c1ccc(Cn2ncc3ccccc32)cc1,4,0.8795051323147839,0.8289809076918291,1,0.8289809076918291,3347,4074
451,452,M00451,M00452,CCCCCC=CCC=CCCCCCCCC(=O)OCC(COP(=O)([O-])OCC[N+](C)(C)C)OC=CCCCCCCCCCCCCCCCC,CCCCCCCCC=CCC=CCC=CCCCC(=O)OCC(COP(=O)([O-])OCC[N+](C)(C)C)OC=CCCCCCCCCCCCCCC,strong,0.9649122807017544,1.0,0,,0,0.0,0.8289473684210527,1,0.8289473684210527,451,452
457,448,M00457,M00448,CCCCCC=CCC=CCC=CCC=CCC=CCCC(=O)OC(COC(=O)CCCCCCCCCCCCCCC)COP(=O)([O-])OCC[N+](C)(C)C,CCCCCC=CCC=CCCCCCCCCCC(=O)OC(COC(=O)CCCCCCCCCCCCC)COP(=O)([O-])OCC[N+](C)(C)C,strong,0.9642857142857143,1.0,0,,0,0.0,0.8285714285714285,2,0.8285714285714285,448,457
460,455,M00460,M00455,CCCCCC=CCC=CCC=CCC=CCC=CCCC(=O)OC(COC(=O)CCCCCCCCCCCCCCCCC)COP(=O)([O-])OCC[N+](C)(C)C,CCCCCC=CCC=CCC=CCCCCC(=O)OCC(COP(=O)([O-])OCC[N+](C)(C)C)OC(=O)CCCCCCCCCCCCCCCCCCC,strong,0.9642857142857143,1.0,0,,0,0.0,0.8285714285714285,3,0.8285714285714285,455,460
460,448,M00460,M00448,CCCCCC=CCC=CCC=CCC=CCC=CCCC(=O)OC(COC(=O)CCCCCCCCCCCCCCCCC)COP(=O)([O-])OCC[N+](C)(C)C,CCCCCC=CCC=CCCCCCCCCCC(=O)OC(COC(=O)CCCCCCCCCCCCC)COP(=O)([O-])OCC[N+](C)(C)C,strong,0.9642857142857143,1.0,0,,0,0.0,0.8285714285714285,2,0.8285714285714285,448,460
457,455,M00457,M00455,CCCCCC=CCC=CCC=CCC=CCC=CCCC(=O)OC(COC(=O)CCCCCCCCCCCCCCC)COP(=O)([O-])OCC[N+](C)(C)C,CCCCCC=CCC=CCC=CCCCCC(=O)OCC(COP(=O)([O-])OCC[N+](C)(C)C)OC(=O)CCCCCCCCCCCCCCCCCCC,strong,0.9642857142857143,1.0,0,,0,0.0,0.8285714285714285,3,0.8285714285714285,455,457
4290,4275,M04290,M04275,CC(C)=CC1C(C(=O)OCc2cccc(Oc3ccccc3)c2)C1(C)C,CC1(C)C(C=C(Cl)Cl)C1C(=O)OCc1cccc(Oc2ccccc2)c1,strong,0.8367346938775511,0.8235294117647058,1,O=C(OCc1cccc(Oc2ccccc2)c1)C1CC1,8,0.802209494641301,0.8282545934639022,1,0.8282545934639022,4275,4290
3324,3347,M03324,M03347,CC(C)C(NC(=O)c1nn(Cc2ccc(F)cc2)c2ccccc12)C(N)=O,CC(C)(C)C(NC(=O)c1nn(Cc2ccc(F)cc2)c2ccccc12)C(N)=O,medium,0.7678571428571429,0.9423076923076923,1,c1ccc(Cn2ncc3ccccc32)cc1,4,0.8795051323147839,0.8282169786384264,1,0.8282169786384264,3324,3347
1687,1876,M01687,M01876,CCCCCC=CC(=O)OC(CC(=O)[O-])C[N+](C)(C)C,CCCCCCCCCCCC=CC(=O)OC(CC(=O)[O-])C[N+](C)(C)C,strong,0.9743589743589743,0.9743589743589743,0,,0,0.0,0.8282051282051281,2,0.8282051282051281,1687,1876
1871,1687,M01871,M01687,CCCCCCCCCC=CC(=O)OC(CC(=O)[O-])C[N+](C)(C)C,CCCCCC=CC(=O)OC(CC(=O)[O-])C[N+](C)(C)C,strong,0.9743589743589743,0.9743589743589743,0,,0,0.0,0.8282051282051281,2,0.8282051282051281,1687,1871
4380,4361,M04380,M04361,CCCC(C(=O)c1ccc(C)cc1)N1CCCC1,CCCC(C(=O)c1ccccc1)N1CCCC1,medium,0.7567567567567568,0.96875,1,O=C(CN1CCCC1)c1ccccc1,4,0.8795051323147839,0.8281673239012717,1,0.8281673239012717,4361,4380
3100,3097,M03100,M03097,COc1cc(CCN(C)C)c2ccc3cc4c(c5c3c2c1OC5)OCO4,COc1cc(CC[N+](C)(C)C)c2ccc3cc4c(c5c3c2c1OC5)OCO4,medium,0.75,0.9433962264150944,1,c1cc2c3c(c1)ccc1cc4c(c(c13)CO2)OCO4,2,0.9466801716388252,0.8278510823495974,1,0.8278510823495974,3097,3100
1580,1448,M01580,M01448,CCCCCC=CCC=CCCCCCCCC(=O)[O-],CCCCCC=CCC=CCC=CCCCCC(=O)[O-],strong,0.9629629629629629,1.0,0,,0,0.0,0.8277777777777777,1,0.8277777777777777,1448,1580
4168,3646,M04168,M03646,CN1CCC23c4c5ccc(O)c4OC2C(O)CCC3C1C5,COc1ccc2c3c1OC1C(O)CCC4C(C2)N(C)CCC341,medium,0.7592592592592593,0.9433962264150944,1,c1cc2c3c(c1)OC1CCCC4C(C2)NCCC314,3,0.9088491513636503,0.8277319848638767,1,0.8277319848638767,3646,4168
38,326,M00038,M00326,CC1OC(OCC2OC(Oc3c(-c4ccc(O)c(O)c4)oc4cc(O)cc(O)c4c3=O)C(O)C(O)C2O)C(O)C(O)C1O,O=c1c(OC2OC(COC3OCC(O)C(O)C3O)C(O)C(O)C2O)c(-c2ccc(O)c(O)c2)oc2cc(O)cc(O)c12,medium,0.782608695652174,0.9047619047619048,1,O=c1c(OC2CCCC(COC3CCCCO3)O2)c(-c2ccccc2)oc2ccccc12,4,0.8795051323147839,0.8276814634289982,1,0.8276814634289982,38,326
4354,4451,M04354,M04451,CCCOc1ccc(S(=O)(=O)N2CCN(CC)CC2)cc1-c1nc(=S)c2c([nH]1)c(CCC)nn2C,CCCc1nn(C)c2c(=S)nc(-c3cc(S(=O)(=O)N4CCN(CCO)CC4)ccc3OCC)[nH]c12,medium,0.7808219178082192,0.9230769230769231,1,O=S(=O)(c1cccc(-c2nc(=S)c3[nH]ncc3[nH]2)c1)N1CCNCC1,5,0.8555293230024756,0.8275917799045336,2,0.8275917799045336,4354,4451
4404,4431,M04404,M04431,CC=C1CC(C)C(O)(CO)C(=O)OCC2=CCN3CCC(OC1=O)C23,CC=C1CC(C)C(C)(O)C(=O)OCC2=CCN3CCC(OC1=O)C23,medium,0.7796610169491526,0.8709677419354839,1,C=C1CCCC(=O)OCC2=CCN3CCC(OC1=O)C23,2,0.9466801716388252,0.8275405713991862,1,0.8275405713991862,4404,4431
3367,4373,M03367,M04373,C=CCC1=C(C)C(OC(=O)C2C(C=C(C)C(=O)OC)C2(C)C)CC1=O,CCC=CCC1=C(C)C(OC(=O)C2C(C=C(C)C(=O)OC)C2(C)C)CC1=O,medium,0.7857142857142857,0.9428571428571428,1,O=C1C=CC(OC(=O)C2CC2)C1,8,0.802209494641301,0.8274742813390522,1,0.8274742813390522,3367,4373
442,444,M00442,M00444,CCCCCC=CCC=CCCCCCCCC(=O)OCC(O)COP(=O)([O-])OCC[N+](C)(C)C,CCCCCCCCC=CCC=CCC=CCCCC(=O)OCC(O)COP(=O)([O-])OCC[N+](C)(C)C,strong,0.9622641509433962,1.0,0,,0,0.0,0.8273584905660377,1,0.8273584905660377,442,444
4374,3596,M04374,M03596,CN(C)CCN(Cc1ccccc1)c1ccccn1,CN(C)CCN(Cc1ccc(Cl)cc1)c1ccccn1,medium,0.7837837837837838,0.9,1,c1ccc(CNc2ccccn2)cc1,4,0.8795051323147839,0.8271960401174878,1,0.8271960401174878,3596,4374
3597,2838,M03597,M02838,CCN(CC)CCCC(C)Nc1ccnc2cc(Cl)ccc12,CCN(CCO)CCCC(C)Nc1ccnc2cc(Cl)ccc12,strong,0.86,0.8333333333333334,1,c1ccc2ncccc2c1,21,0.6846698721617894,0.8270338141576018,1,0.8270338141576018,2838,3597
1242,359,M01242,M00359,COc1ccc(C2CC(=O)c3c(O)cc(O)cc3O2)cc1,COc1cc(O)c2c(c1)OC(c1ccc(O)cc1)CC2=O,medium,0.7954545454545454,0.967741935483871,1,O=C1CC(c2ccccc2)Oc2ccccc21,16,0.7185751418868361,0.8269944824267205,1,0.8269944824267205,359,1242
129,2125,M00129,M02125,CCCCCC=CCC=CCC=CCC=CCCCC(=O)O,CCCCCCCCC=CCC=CCC=CCCCC(=O)O,strong,0.9615384615384616,1.0,0,,0,0.0,0.8269230769230769,1,0.8269230769230769,129,2125
2127,2186,M02127,M02186,CCC=CCC=CCC=CCC=CCCCCC(=O)O,CCC=CCC=CCC=CCCCCCCCCCCCC(=O)O,strong,0.9615384615384616,1.0,0,,0,0.0,0.8269230769230769,2,0.8269230769230769,2127,2186
2127,3258,M02127,M03258,CCC=CCC=CCC=CCC=CCCCCC(=O)O,CCC=CCC=CCC=CCC=CCC=CCCCCCC(=O)O,strong,0.9615384615384616,1.0,0,,0,0.0,0.8269230769230769,3,0.8269230769230769,2127,3258
1666,2143,M01666,M02143,CCCCCC=CCC=CCC=CCCCCC(=O)O,CCCCCC=CCC=CCCCCCCCCCCCC(=O)O,strong,0.9615384615384616,1.0,0,,0,0.0,0.8269230769230769,3,0.8269230769230769,1666,2143
1666,2142,M01666,M02142,CCCCCC=CCC=CCC=CCCCCC(=O)O,CCCCCC=CCC=CCCCCCCCCCC(=O)O,strong,0.9615384615384616,1.0,0,,0,0.0,0.8269230769230769,2,0.8269230769230769,1666,2142
2591,2590,M02591,M02590,CCCCCCCCSCCOCCOCCOCCO,CCCCCSCCOCCOCCOCCO,strong,0.9615384615384616,1.0,0,,0,0.0,0.8269230769230769,2,0.8269230769230769,2590,2591
1666,261,M01666,M00261,CCCCCC=CCC=CCC=CCCCCC(=O)O,CCCCCC=CCC=CCCCCCCCC(=O)O,strong,0.9615384615384616,1.0,0,,0,0.0,0.8269230769230769,1,0.8269230769230769,261,1666
2127,262,M02127,M00262,CCC=CCC=CCC=CCC=CCCCCC(=O)O,CCC=CCC=CCC=CCCCCCCCC(=O)O,strong,0.9615384615384616,1.0,0,,0,0.0,0.8269230769230769,1,0.8269230769230769,262,2127
151,484,M00151,M00484,CC(C)CCCC(C)C1CCC2C3CC=C4CC(O)CCC4(C)C3CCC12C,CC(C)C(C)CCC(C)C1CCC2C3CC=C4CC(O)CCC4(C)C3CCC12C,medium,0.7818181818181819,1.0,1,C1=C2CCCCC2C2CCC3CCCC3C2C1,16,0.7185751418868361,0.8268771803739345,1,0.8268771803739345,151,484
3415,4462,M03415,M04462,CCCCCn1cc(C(=O)NC23CC4CC(CC(C4)C2)C3)c2ccccc21,O=C(NC12CC3CC(CC(C3)C1)C2)c1cn(CCCCCF)c2ccccc12,medium,0.7924528301886793,0.8367346938775511,1,O=C(NC12CC3CC(CC(C3)C1)C2)c1c[nH]c2ccccc12,2,0.9466801716388252,0.8266573973284191,1,0.8266573973284191,3415,4462
1607,1609,M01607,M01609,CC(C)=CC(=O)SCCNC(=O)CCNC(=O)C(O)C(C)(C)COP(=O)(O)OP(=O)(O)OCC1OC(n2cnc3c(N)ncnc32)C(O)C1OP(=O)(O)O,CC(C)(COP(=O)(O)OP(=O)(O)OCC1OC(n2cnc3c(N)ncnc32)C(O)C1OP(=O)(O)O)C(O)C(=O)NCCC(=O)NCCS,strong,0.8191489361702128,0.9438202247191011,1,c1ncc2ncn(C3CCCO3)c2n1,26,0.6577388176437765,0.8261052405284695,1,0.8261052405284695,1607,1609
40,184,M00040,M00184,O=C1c2c(O)cc(O)cc2OC(c2ccc(O)c(O)c2)C1O,O=C1c2c(O)cc(O)cc2OC(c2ccc(O)cc2)C1O,medium,0.7948717948717948,0.9655172413793104,1,O=C1CC(c2ccccc2)Oc2ccccc21,16,0.7185751418868361,0.8260886585509299,1,0.8260886585509299,40,184
494,493,M00494,M00493,CC(CCC(=O)NCC(=O)O)C1CCC2C3C(O)CC4CC(O)CCC4(C)C3CCC12C,CC(CCC(=O)NCC(=O)O)C1CCC2C3C(O)CC4CC(O)CCC4(C)C3CC(O)C12C,strong,0.8032786885245902,1.0,1,C1CCC2C(C1)CCC1C3CCCC3CCC21,33,0.6274242932504864,0.826080857102327,1,0.826080857102327,493,494
563,573,M00563,M00573,COc1cc(O)c(O)cc1C=CC(=O)OCC1OC(Oc2cc3oc(-c4ccc(O)cc4)cc(=O)c3c(O)c2C2OC(CO)C(O)C(O)C2O)C(O)C(O)C1O,COc1cc(-c2cc(=O)c3c(O)c(C4OC(CO)C(O)C(O)C4O)c(OC4OC(COC(=O)C=Cc5cc(OC)c(O)c(OC)c5)C(O)C(O)C4O)cc3o2)ccc1O,medium,0.7640449438202247,0.9565217391304348,1,O=C(C=Cc1ccccc1)OCC1CCCC(Oc2cc3oc(-c4ccccc4)cc(=O)c3cc2C2CCCCO2)O1,5,0.8555293230024756,0.8258867995251149,2,0.8258867995251149,563,573
4809,4808,M04809,M04808,CCCCCC(CCC)c1ccc(S(=O)(=O)O)cc1,CCCCC(CCC)c1ccc(S(=O)(=O)O)cc1,strong,0.90625,1.0,1,c1ccccc1,802,0.21161295934610674,0.8254919439019159,2,0.8254919439019159,4808,4809
4809,4812,M04809,M04812,CCCCCC(CCC)c1ccc(S(=O)(=O)O)cc1,CCCCCCC(CCCCC)c1ccc(S(=O)(=O)O)cc1,strong,0.90625,1.0,1,c1ccccc1,802,0.21161295934610674,0.8254919439019159,3,0.8254919439019159,4809,4812
244,205,M00244,M00205,O=c1c(O)c(-c2ccc(O)cc2)oc2cc(O)cc(O)c12,O=c1c(O)c(-c2ccccc2)oc2cc(O)cc(O)c12,strong,0.8055555555555556,1.0,1,O=c1cc(-c2ccccc2)oc2ccccc12,37,0.6127978022039184,0.8252530036639212,1,0.8252530036639212,205,244
2966,2965,M02966,M02965,CCN1CC2(COC(=O)c3ccccc3NC(=O)CCC(=O)O)CCC(OC)C34C5CC6C(OC)CC(O)(C5C6OC)C(O)(C(OC)C23)C14,CCN1CC2(COC(=O)c3ccccc3N)CCC(OC)C34C5CC6C(OC)CC(O)(C5C6OC)C(O)(C(OC)C23)C14,medium,0.7666666666666667,0.9154929577464789,1,O=C(OCC12CCCC34C5CC6CCC(C5C6)C(CC13)C4NC2)c1ccccc1,3,0.9088491513636503,0.8252006121411672,1,0.8252006121411672,2965,2966
1553,1416,M01553,M01416,Nc1ccn(C2OC(COP(=O)(O)OP(=O)(O)OP(=O)(O)O)C(O)C2O)c(=O)n1,NCCOP(=O)(O)OP(=O)(O)OCC1OC(n2ccc(N)nc2=O)C(O)C1O,strong,0.8214285714285714,0.8933333333333333,1,O=c1ncccn1C1CCCO1,15,0.7265474540909509,0.8251725943041188,3,0.8251725943041188,1416,1553
2989,2977,M02989,M02977,CCC1CC2CN3CCc4c([nH]c5ccc(OC)cc45)C(C(=O)OC)(C2)C13,CCC1CC2CN3CCc4c([nH]c5ccccc45)C(C(=O)OC)(C2)C13,medium,0.78125,0.896551724137931,1,c1ccc2c3c([nH]c2c1)C1CC2CCC1N(CC3)C2,4,0.8795051323147839,0.8248137008817004,1,0.8248137008817004,2977,2989
1681,1673,M01681,M01673,CC(CCC(=O)O)C1CCC2C3CCC4CC(=O)CCC4(C)C3CCC12C,CC(CCCC(C)C1CCC2C3CCC4CC(=O)CCC4(C)C3CCC12C)C(=O)O,medium,0.7678571428571429,0.9428571428571428,1,O=C1CCC2C(CCC3C4CCCC4CCC23)C1,5,0.8555293230024756,0.8247579698789427,1,0.8247579698789427,1673,1681
3351,3350,M03351,M03350,CC(C)(C)C(NC(=O)c1nn(CCCCCF)c2ccccc12)C(N)=O,CCCCCn1nc(C(=O)NC(C(N)=O)C(C)(C)C)c2ccccc21,strong,0.8148148148148148,0.8620689655172413,1,c1ccc2[nH]ncc2c1,8,0.802209494641301,0.8247375544643943,1,0.8247375544643943,3350,3351
3036,3045,M03036,M03045,COc1cc2c(cc1OC)-c1c3c(cc4c1C(C2)N(C)CC4)OCO3,COc1ccc2c(c1)CC1c3c(cc4c(c3-2)OCO4)CCN1C,medium,0.7547169811320755,0.9423076923076923,1,c1ccc2c(c1)CC1NCCc3cc4c(c-2c31)OCO4,3,0.9088491513636503,0.8247344844607158,1,0.8247344844607158,3036,3045
3384,3345,M03384,M03345,COC(=O)C(NC(=O)c1nn(CCCCCF)c2ccccc12)C(C)C,COC(=O)C(NC(=O)c1nn(CCCCCF)c2ccccc12)C(C)(C)C,medium,0.7719298245614035,0.9642857142857143,1,c1ccc2[nH]ncc2c1,8,0.802209494641301,0.8245607475044657,1,0.8245607475044657,3345,3384
162,1131,M00162,M01131,Oc1cc(O)c2cc(O)c(-c3ccc(O)c(O)c3)[o+]c2c1,Oc1ccc(-c2[o+]c3cc(O)cc(O)c3cc2O)cc1,medium,0.7575757575757576,0.9655172413793104,1,c1ccc(-c2ccc3ccccc3[o+]2)cc1,5,0.8555293230024756,0.8242541633406535,1,0.8242541633406535,162,1131
55,3062,M00055,M03062,Oc1ccc(C2Oc3cc(O)cc4c3C2c2cc(O)cc(O)c2C(c2ccc(O)cc2)C4C2c3cc(O)cc4c3C(c3cc(O)cc(O)c3C2c2ccc(O)cc2)C(c2ccc(O)cc2)O4)cc1,Oc1ccc(C2Oc3cc(O)cc4c3C2c2cc(O)cc(O)c2C(c2ccc(O)cc2)C2c3cc(O)cc(O)c3C(c3ccc(O)cc3)C42)cc1,strong,1.0,0.896551724137931,0,,0,0.0,0.8241379310344827,1,0.8241379310344827,55,3062
1012,1560,M01012,M01560,O=c1[nH]cnc2c1ncn2C1OC(COP(=O)(O)O)C(O)C1O,O=c1[nH]cnc2c1ncn2C1OC(COP(=O)([O-])OP(=O)([O-])O)C(O)C1O,medium,0.7894736842105263,0.9705882352941176,1,O=c1[nH]cnc2c1ncn2C1CCCO1,16,0.7185751418868361,0.8241175406328706,1,0.8241175406328706,1012,1560
495,496,M00495,M00496,CC(CCC(=O)NCC(=O)O)C1CCC2C3CCC4CC(O)CCC4(C)C3CC(O)C12C,CC(CCC(=O)NCC(=O)O)C1CCC2C3CCC4CC(O)CCC4(C)C3CCC12C,strong,0.8,1.0,1,C1CCC2C(C1)CCC1C3CCCC3CCC21,33,0.6274242932504864,0.8241136439875729,1,0.8241136439875729,495,496
4014,4015,M04014,M04015,CCCCCn1cc(C(=O)c2cccc3ccccc23)cc1-c1ccccc1F,CCCCCn1cc(C(=O)c2cccc3ccccc23)cc1-c1cccc(F)c1,medium,0.7368421052631579,1.0,1,O=C(c1c[nH]c(-c2ccccc2)c1)c1cccc2ccccc12,4,0.8795051323147839,0.8240310330051124,2,0.8240310330051124,4014,4015
1274,1282,M01274,M01282,O=c1oc2cc(OS(=O)(=O)O)ccc2c2ccc(O)cc12,O=c1oc2cc(OS(=O)(=O)O)ccc2c2ccccc12,medium,0.7692307692307693,0.9767441860465116,1,O=c1oc2ccccc2c2ccccc12,9,0.7883542836784342,0.8239776506018546,1,0.8239776506018546,1274,1282
2126,2896,M02126,M02896,CCCCCC(O)CC(=O)O,CCCCCCCC(O)CC(=O)O,strong,0.9565217391304348,1.0,0,,0,0.0,0.8239130434782609,1,0.8239130434782609,2126,2896
351,1259,M00351,M01259,CC(=O)OCC1OC(Oc2c(-c3ccc(O)c(O)c3)oc3cc(O)cc(O)c3c2=O)C(O)C(O)C1O,O=C(O)CC(=O)OCC1OC(Oc2c(-c3ccc(O)c(O)c3)oc3cc(O)cc(O)c3c2=O)C(O)C(O)C1O,strong,0.8059701492537313,0.9069767441860465,1,O=c1c(OC2CCCCO2)c(-c2ccccc2)oc2ccccc12,12,0.7538526280001345,0.8234041697987706,1,0.8234041697987706,351,1259
4285,3600,M04285,M03600,CN(C)CCC(c1ccccc1)c1ccccn1,CN(C)CCC(c1ccc(Cl)cc1)c1ccccn1,strong,0.8055555555555556,0.8787878787878788,1,c1ccc(Cc2ccccn2)cc1,8,0.802209494641301,0.8233617272264981,2,0.8233617272264981,3600,4285
3506,4285,M03506,M04285,CN(C)CCC(c1ccc(Br)cc1)c1ccccn1,CN(C)CCC(c1ccccc1)c1ccccn1,strong,0.8055555555555556,0.8787878787878788,1,c1ccc(Cc2ccccn2)cc1,8,0.802209494641301,0.8233617272264981,1,0.8233617272264981,3506,4285
2846,898,M02846,M00898,COC(=O)C(c1ccccc1Cl)N1CCc2sccc2C1,O=C(O)C(c1ccccc1Cl)N1CCc2sccc2C1,medium,0.7708333333333334,0.8979591836734694,1,c1ccc(CN2CCc3sccc3C2)cc1,3,0.9088491513636503,0.8233171686229149,1,0.8233171686229149,898,2846
1109,1110,M01109,M01110,O=c1oc2cc(O)ccc2c2ccc(O)cc12,O=c1oc2cc(O)ccc2c2ccccc12,medium,0.7931034482758621,0.9166666666666666,1,O=c1oc2ccccc2c2ccccc12,9,0.7883542836784342,0.823281878183949,1,0.823281878183949,1109,1110
1110,1283,M01110,M01283,O=c1oc2cc(O)ccc2c2ccccc12,O=c1oc2cc(O)ccc2c2cc(O)ccc12,medium,0.7931034482758621,0.9166666666666666,1,O=c1oc2ccccc2c2ccccc12,9,0.7883542836784342,0.823281878183949,2,0.823281878183949,1110,1283
4575,4392,M04575,M04392,CCOC(=O)C(CCc1ccccc1)NC(C)C(=O)N1C(C(=O)O)CC2CCCCC21,CCOC(=O)C(CCc1ccccc1)NC(C)C(=O)N1C(C(=O)O)CC2CCCC21,strong,0.9636363636363636,0.9803921568627451,0,,0,0.0,0.8232798573975044,1,0.8232798573975044,4392,4575
1416,1535,M01416,M01535,NCCOP(=O)(O)OP(=O)(O)OCC1OC(n2ccc(N)nc2=O)C(O)C1O,Nc1ccn(C2OC(COP(=O)(O)OP(=O)(O)O)C(O)C2O)c(=O)n1,strong,0.8181818181818182,0.8933333333333333,1,O=c1ncccn1C1CCCO1,15,0.7265474540909509,0.8232245423560669,2,0.8232245423560669,1416,1535
4059,3323,M04059,M03323,COC(=O)C(NC(=O)c1nn(CC2CCCCC2)c2ccccc12)C(C)C,CC(C)C(NC(=O)c1nn(CC2CCCCC2)c2ccccc12)C(N)=O,strong,0.8035714285714286,0.8363636363636363,1,c1ccc2c(c1)cnn2CC1CCCCC1,4,0.8795051323147839,0.8231595360809838,1,0.8231595360809838,3323,4059
18,15,M00018,M00015,O=c1c(OC2OC(CO)C(O)C(O)C2O)c(-c2ccc(O)cc2)oc2cc(O)cc(O)c12,COc1cc(-c2oc3cc(O)cc(O)c3c(=O)c2OC2OC(CO)C(O)C(O)C2O)ccc1O,medium,0.7868852459016393,0.9512195121951219,1,O=c1c(OC2CCCCO2)c(-c2ccccc2)oc2ccccc12,12,0.7538526280001345,0.8230139197897841,1,0.8230139197897841,15,18
3725,4422,M03725,M04422,CN1CCN(c2cc3c(cc2F)c(=O)c(C(=O)O)cn3-c2ccc(F)cc2)CC1,O=C(O)c1cn(-c2ccc(F)cc2)c2cc(N3CCNCC3)c(F)cc2c1=O,medium,0.7777777777777778,0.8571428571428571,1,O=c1ccn(-c2ccccc2)c2cc(N3CCNCC3)ccc12,2,0.9466801716388252,0.8229544066982047,1,0.8229544066982047,3725,4422
4249,4245,M04249,M04245,CN1CCC23c4c5ccc(O)c4OC2C(=O)CCC3(O)C1C5,COc1ccc2c3c1OC1C(=O)CCC4(O)C(C2)N(C)CCC314,medium,0.7678571428571429,0.9473684210526315,1,O=C1CCC2C3Cc4cccc5c4C2(CCN3)C1O5,6,0.8352580650673657,0.8228451007375485,1,0.8228451007375485,4245,4249
3785,3432,M03785,M03432,CCC(C)C1OC2(C=CC1C)CC1CC(CC=C(C)C(OC3CC(OC)C(OC4CC(OC)C(NC)C(C)O4)C(C)O3)C(C)C=CC=C3COC4C(O)C(C)=CC(C(=O)O1)C34O)O2,COC1CC(OC2C(C)OC(OC3C(C)=CCC4CC(CC5(C=CC(C)C(C(C)C)O5)O4)OC(=O)C4C=C(C)C(O)C5OCC(=CC=CC3C)C45O)CC2OC)OC(C)C1O,strong,0.8018867924528302,0.8214285714285714,1,O=C1OC2CC(CC=CC(OC3CCC(OC4CCCCO4)CO3)CC=CC=C3COC4CC=CC1C34)OC1(C=CCCO1)C2,3,0.9088491513636503,0.8228165910333884,2,0.8228165910333884,3432,3785
1914,1913,M01914,M01913,O=C(O)CCCCCCC(O)CC(=O)O,O=C(O)CCCCC(O)CC(=O)O,strong,0.9545454545454546,1.0,0,,0,0.0,0.8227272727272728,1,0.8227272727272728,1913,1914
2562,2365,M02562,M02365,CCCCc1nc(Cl)c(C(=O)O)n1Cc1ccc(-c2ccccc2-c2nn[nH]n2)cc1,CCCCc1nc(Cl)c(CO)n1Cc1ccc(-c2ccccc2-c2nn[nH]n2)cc1,medium,0.7580645161290323,0.9032258064516129,1,c1ccc(-c2nn[nH]n2)c(-c2ccc(Cn3ccnc3)cc2)c1,2,0.9466801716388252,0.8226471870361464,1,0.8226471870361464,2365,2562
237,1907,M00237,M01907,O=C(O)CCc1c[nH]c2ccccc12,O=C(O)CCCc1c[nH]c2ccccc12,strong,0.8181818181818182,1.0,1,c1ccc2[nH]ccc2c1,63,0.5442457568182516,0.8225459544318287,1,0.8225459544318287,237,1907
73,74,M00073,M00074,COc1cc(-c2oc3cc(=O)cc4oc(C(=O)O)cc(c2OC2OC(CO)C(O)C(O)C2O)c43)cc(OC)c1O,COc1cc(-c2oc3cc(=O)cc4occc(c2OC2OC(CO)C(O)C(O)C2O)c43)cc(OC)c1O,medium,0.75,0.9767441860465116,1,O=c1cc2occc3c(OC4CCCCO4)c(-c4ccccc4)oc(c1)c23,5,0.8555293230024756,0.8225154449619991,1,0.8225154449619991,73,74
352,3111,M00352,M03111,CC1OC(Oc2c(-c3ccc(O)c(O)c3)oc3cc(O)cc(O)c3c2=O)C(O)C(O)C1O,COc1c(O)cc(-c2oc3cc(O)cc(O)c3c(=O)c2OC2OC(C)C(O)C(O)C2O)cc1O,medium,0.7894736842105263,0.9428571428571428,1,O=c1c(OC2CCCCO2)c(-c2ccccc2)oc2ccccc12,12,0.7538526280001345,0.8224763904406216,1,0.8224763904406216,352,3111
3330,4346,M03330,M04346,CC(=O)c1ccc2c(c1)N(CCCN(C)C)c1ccccc1S2,CCC(=O)c1ccc2c(c1)N(CCCN(C)C)c1ccccc1S2,medium,0.7916666666666666,0.9574468085106383,1,c1ccc2c(c1)Nc1ccccc1S2,16,0.7185751418868361,0.822147973410685,1,0.822147973410685,3330,4346
4446,4447,M04446,M04447,CCCc1nn(C)c2c(=S)nc(-c3cc(S(=O)(=O)N4CC(C)NC(C)C4)ccc3OCC)[nH]c12,CCCc1nn(C)c2c(=S)nc(-c3cc(S(=O)(=O)N4CCN(CC)CC4)ccc3OCC)[nH]c12,medium,0.7638888888888888,0.9418604651162791,1,O=S(=O)(c1cccc(-c2nc(=S)c3[nH]ncc3[nH]2)c1)N1CCNCC1,5,0.8555293230024756,0.8221278480627743,2,0.8221278480627743,4446,4447
154,125,M00154,M00125,O=c1cc(-c2ccccc2)oc2cc(O)cc(O)c12,O=c1cc(-c2ccc(O)cc2)oc2cc(O)cc(O)c12,strong,0.8,1.0,1,O=c1cc(-c2ccccc2)oc2ccccc12,37,0.6127978022039184,0.8219196703305878,1,0.8219196703305878,125,154
536,3195,M00536,M03195,CC1(C)SC2C(NC(=O)C(C(=O)O)c3ccccc3)C(=O)N2C1C(=O)O,CC1(C)SC2C(NC(=O)C(N)c3ccccc3)C(=O)N2C1C(=O)O,medium,0.7647058823529411,0.9245283018867925,1,O=C(Cc1ccccc1)NC1C(=O)N2CCSC12,4,0.8795051323147839,0.8218813747306803,1,0.8218813747306803,536,3195
4372,4368,M04372,M04368,CCC=CCC1=C(C)C(OC(=O)C2C(C=C(C)C)C2(C)C)CC1=O,C=CC=CCC1=C(C)C(OC(=O)C2C(C=C(C)C)C2(C)C)CC1=O,medium,0.7777777777777778,0.9393939393939394,1,O=C1C=CC(OC(=O)C2CC2)C1,8,0.802209494641301,0.8218465757113467,1,0.8218465757113467,4368,4372
2,0,M00002,M00000,Oc1cc(O)c2c(c1)OC(c1cc(O)c(O)c(O)c1)C(O)C2,Oc1cc(O)c2c(c1)OC(c1ccc(O)c(O)c1)C(O)C2,medium,0.7435897435897436,1.0,1,c1ccc(C2CCc3ccccc3O2)cc1,6,0.8352580650673657,0.821442555913951,1,0.821442555913951,0,2
4205,4197,M04205,M04197,COC(=O)C1=C(C)NC(C)=C(C(=O)OCC(C)C)C1c1ccccc1[N+](=O)[O-],COC(=O)C1=C(C)NC(C)=C(C(=O)OC)C1c1ccccc1[N+](=O)[O-],medium,0.7872340425531915,0.9056603773584906,1,C1=CC(c2ccccc2)C=CN1,7,0.8176983027273006,0.8214102652806327,1,0.8214102652806327,4197,4205
3324,3900,M03324,M03900,CC(C)C(NC(=O)c1nn(Cc2ccc(F)cc2)c2ccccc12)C(N)=O,COC(=O)C(NC(=O)c1nn(Cc2ccc(F)cc2)c2ccccc12)C(C)C,strong,0.8,0.8363636363636363,1,c1ccc(Cn2ncc3ccccc32)cc1,4,0.8795051323147839,0.8210166789381267,1,0.8210166789381267,3324,3900
946,4051,M00946,M04051,CCC(C)(C)C(=O)OC1CC(C)C=C2C=CC(C)C(CCC3CC(O)CC(=O)O3)C21,CCC(C)C(=O)OC1CC(C)C=C2C=CC(C)C(CCC3CC(O)CC(=O)O3)C21,medium,0.7424242424242424,0.9333333333333333,1,O=C1CCCC(CCC2CC=CC3=CCCCC32)O1,2,0.9466801716388252,0.8207899045337025,1,0.8207899045337025,946,4051
1300,1132,M01300,M01132,COc1cc(-c2[o+]c3cc(O)cc(O)c3cc2O)ccc1O,COc1cc(-c2[o+]c3cc(O)cc(O)c3cc2O)cc(OC)c1O,medium,0.75,0.96875,1,c1ccc(-c2ccc3ccccc3[o+]2)cc1,5,0.8555293230024756,0.8205168984503712,1,0.8205168984503712,1132,1300
3568,3566,M03568,M03566,CC1=C(C(=O)O)N2C(=O)C(NC(=O)C(N)c3ccccc3)C2SC1,NC(C(=O)NC1C(=O)N2C(C(=O)O)=C(Cl)CSC12)c1ccccc1,medium,0.7735849056603774,0.8793103448275862,1,O=C(Cc1ccccc1)NC1C(=O)N2C=CCSC12,3,0.9088491513636503,0.8203059023076705,1,0.8203059023076705,3566,3568
511,1469,M00511,M01469,CC(CCC(=O)NCCS(=O)(=O)O)C1CCC2C3C(O)CC4CC(O)CCC4(C)C3CCC12C,CC(CCC(=O)NCCS(=O)(=O)O)C1CCC2C3CCC4CC(O)CCC4(C)C3CCC12C,medium,0.7936507936507936,1.0,1,C1CCC2C(C1)CCC1C3CCCC3CCC21,33,0.6274242932504864,0.8203041201780491,1,0.8203041201780491,511,1469
3371,4583,M03371,M04583,Cc1nnc2n1-c1ccc(Cl)cc1C(c1ccccc1)=NC2,Cc1nnc2n1-c1ccc(Cl)cc1C(c1ccccc1Cl)=NC2,medium,0.7659574468085106,0.9767441860465116,1,c1ccc(C2=NCc3nncn3-c3ccccc32)cc1,10,0.7758207207981391,0.8201336227164552,1,0.8201336227164552,3371,4583
3582,3664,M03582,M03664,CN1CCN(C(c2ccccc2)c2ccc(Cl)cc2)CC1,CN1CCN(C(c2ccccc2)c2ccccc2)CC1,medium,0.7931034482758621,0.8857142857142857,1,c1ccc(C(c2ccccc2)N2CCNCC2)cc1,7,0.8176983027273006,0.8199453858031837,1,0.8199453858031837,3582,3664
1607,1606,M01607,M01606,CC(C)=CC(=O)SCCNC(=O)CCNC(=O)C(O)C(C)(C)COP(=O)(O)OP(=O)(O)OCC1OC(n2cnc3c(N)ncnc32)C(O)C1OP(=O)(O)O,CC(O)(CC(=O)O)CC(=O)SCCNC(=O)CCNC(=O)C(O)C(C)(C)COP(=O)(O)OP(=O)(O)OCC1OC(n2cnc3c(N)ncnc32)C(O)C1OP(=O)(O)O,strong,0.803921568627451,0.9555555555555556,1,c1ncc2ncn(C3CCCO3)c2n1,26,0.6577388176437765,0.819902652711926,2,0.819902652711926,1606,1607
3936,4449,M03936,M04449,CCCc1nn(C)c2c(=O)[nH]c(-c3cc(S(=O)(=O)N4CCN(CC)CC4)ccc3OCC)nc12,CCCc1nn(C)c2c(=O)[nH]c(-c3cc(S(=O)(=O)N4CC(C)NC(C)C4)ccc3OCC)nc12,medium,0.7638888888888888,0.9325842696629213,1,O=c1[nH]c(-c2cccc(S(=O)(=O)N3CCNCC3)c2)nc2cn[nH]c12,5,0.8555293230024756,0.819808799199435,1,0.819808799199435,3936,4449
151,1563,M00151,M01563,CC(C)CCCC(C)C1CCC2C3CC=C4CC(O)CCC4(C)C3CCC12C,CC(CCCC(C)(C)O)C1CCC2C3CC=C4CC(O)CCC4(C)C3CCC12C,strong,0.8035714285714286,0.918918918918919,1,C1=C2CCCCC2C2CCC3CCCC3C2C1,16,0.7185751418868361,0.8196588581556123,1,0.8196588581556123,151,1563
3576,857,M03576,M00857,COC(=O)COCCN1CCN(C(c2ccccc2)c2ccc(Cl)cc2)CC1,O=C(O)COCCN1CCN(C(c2ccccc2)c2ccc(Cl)cc2)CC1,medium,0.7959183673469388,0.8775510204081632,1,c1ccc(C(c2ccccc2)N2CCNCC2)cc1,7,0.8176983027273006,0.819593520919299,1,0.819593520919299,857,3576
4426,4425,M04426,M04425,O=C(Oc1cccc2ccccc12)c1nn(CCCCCF)c2ccccc12,CCCCCn1nc(C(=O)Oc2cccc3ccccc23)c2ccccc21,medium,0.7843137254901961,0.8269230769230769,1,O=C(Oc1cccc2ccccc12)c1n[nH]c2ccccc12,2,0.9466801716388252,0.8193210302707107,1,0.8193210302707107,4425,4426
1846,1849,M01846,M01849,CC(CCC(=O)NCC(=O)O)C1CCC2C3C(O)CC4CC(OS(=O)(=O)O)CCC4(C)C3CCC12C,CC(CCC(=O)NCC(=O)O)C1CCC2C3CCC4CC(OS(=O)(=O)O)CCC4(C)C3CCC12C,medium,0.7910447761194029,1.0,1,C1CCC2C(C1)CCC1C3CCCC3CCC21,33,0.6274242932504864,0.8187405096592146,1,0.8187405096592146,1846,1849
3990,3989,M03990,M03989,CCCCn1cc(C(=O)c2cccc3ccc(C)cc23)c2ccccc21,CCCCn1cc(C(=O)c2cccc3ccccc23)c2ccccc21,strong,0.8085106382978723,0.9705882352941176,1,O=C(c1cccc2ccccc12)c1c[nH]c2ccccc12,39,0.6060525864057348,0.818661329763113,1,0.818661329763113,3989,3990
3345,3351,M03345,M03351,COC(=O)C(NC(=O)c1nn(CCCCCF)c2ccccc12)C(C)(C)C,CC(C)(C)C(NC(=O)c1nn(CCCCCF)c2ccccc12)C(N)=O,strong,0.8035714285714286,0.864406779661017,1,c1ccc2[nH]ncc2c1,8,0.802209494641301,0.8185759762543066,1,0.8185759762543066,3345,3351
3317,4157,M03317,M04157,O=C(Nc1cccc2ccccc12)c1nn(CCCCCF)c2ccccc12,CCCCCn1nc(C(=O)Nc2cccc3ccccc23)c2ccccc21,medium,0.7843137254901961,0.8235294117647058,1,O=C(Nc1cccc2ccccc12)c1n[nH]c2ccccc12,2,0.9466801716388252,0.8184726139811179,1,0.8184726139811179,3317,4157
449,448,M00449,M00448,CCC=CCC=CCC=CCCCCCCCC(=O)OC(COC(=O)CCCCCCCCCCCCCCC)COP(=O)([O-])OCC[N+](C)(C)C,CCCCCC=CCC=CCCCCCCCCCC(=O)OC(COC(=O)CCCCCCCCCCCCC)COP(=O)([O-])OCC[N+](C)(C)C,strong,0.9473684210526315,1.0,0,,0,0.0,0.8184210526315789,2,0.8184210526315789,448,449
449,455,M00449,M00455,CCC=CCC=CCC=CCCCCCCCC(=O)OC(COC(=O)CCCCCCCCCCCCCCC)COP(=O)([O-])OCC[N+](C)(C)C,CCCCCC=CCC=CCC=CCCCCC(=O)OCC(COP(=O)([O-])OCC[N+](C)(C)C)OC(=O)CCCCCCCCCCCCCCCCCCC,strong,0.9473684210526315,1.0,0,,0,0.0,0.8184210526315789,3,0.8184210526315789,449,455
1469,2184,M01469,M02184,CC(CCC(=O)NCCS(=O)(=O)O)C1CCC2C3CCC4CC(O)CCC4(C)C3CCC12C,CC(CCC(=O)NCCS(=O)(=O)O)C1CCC2C3CC(O)C4CC(O)CCC4(C)C3CCC12C,medium,0.7903225806451613,1.0,1,C1CCC2C(C1)CCC1C3CCCC3CCC21,33,0.6274242932504864,0.8183071923746696,2,0.8183071923746696,1469,2184
1937,2257,M01937,M02257,CCC(C)(C)C(=O)OC1=C(c2cc(Cl)cc(Cl)c2)C(=O)OC12CCCCC2,CCC(C)(C)C(=O)OC1=C(c2ccc(Cl)cc2Cl)C(=O)OC12CCCCC2,medium,0.7192982456140351,0.9787234042553191,1,O=C1OC2(C=C1c1ccccc1)CCCCC2,2,0.9466801716388252,0.8182618241780746,1,0.8182618241780746,1937,2257
4522,4524,M04522,M04524,CCCCCc1cc(O)c2c(c1)OC(C)(C)C1CCC(C)=CC21,CCCCCc1cc(O)c2c(c1)OC(C)(C)C1CCC(CO)=CC21,medium,0.7777777777777778,0.8604651162790697,1,C1=CC2c3ccccc3OCC2CC1,3,0.9088491513636503,0.8181103184409817,1,0.8181103184409817,4522,4524
2592,2590,M02592,M02590,CCCCCCCCSCCOCCOCCO,CCCCCSCCOCCOCCOCCO,strong,0.9615384615384616,0.9629629629629629,0,,0,0.0,0.8176638176638176,2,0.8176638176638176,2590,2592
3291,3279,M03291,M03279,CN(C)C1C(=O)C(C(N)=O)=C(O)C2(O)C(=O)C3=C(O)c4c(O)cccc4C(C)(O)C3CC12,CN(C)C1C(=O)C(C(N)=O)=C(O)C2(O)C(=O)C3=C(O)c4c(O)ccc(Cl)c4C(C)(O)C3CC12,medium,0.7538461538461538,0.9333333333333333,1,O=C1C=CC2C(=O)C3=Cc4ccccc4CC3CC2C1,4,0.8795051323147839,0.8175667954882433,1,0.8175667954882433,3279,3291
3020,3019,M03020,M03019,C=C1COC(=O)C12CC1(C)C(C)CCC(OC(=O)C=CSC)C1C2OC(C)=O,C=C1COC(=O)C12CC1(C)C(C)CCC(OC(=O)C(C)=CC)C1C2OC(C)=O,medium,0.7377049180327869,0.9534883720930233,1,C=C1COC(=O)C12CC1CCCCC1C2,3,0.9088491513636503,0.8173224165474755,1,0.8173224165474755,3019,3020
2695,2592,M02695,M02592,CCCCCCCCCCSCCOCCO,CCCCCCCCSCCOCCOCCO,strong,0.9615384615384616,0.9615384615384616,0,,0,0.0,0.8173076923076923,2,0.8173076923076923,2592,2695
2696,2592,M02696,M02592,CCCCCCCCSCCOCCO,CCCCCCCCSCCOCCOCCO,strong,0.9615384615384616,0.9615384615384616,0,,0,0.0,0.8173076923076923,2,0.8173076923076923,2592,2696
354,43,M00354,M00043,COc1cc(O)c2c(=O)c(O)c(-c3ccc(O)c(O)c3)oc2c1,COc1cc(O)c2c(=O)c(O)c(-c3ccc(O)c(OC)c3)oc2c1,strong,0.8181818181818182,0.9375,1,O=c1cc(-c2ccccc2)oc2ccccc12,37,0.6127978022039184,0.8172037612396787,1,0.8172037612396787,43,354
480,510,M00480,M00510,CC(C)C(C)C=CC(C)C1CCC2C3CC=C4CC(O)CCC4(C)C3CCC12C,CCC(C=CC(C)C1CCC2C3CC=C4CC(O)CCC4(C)C3CCC12C)C(C)C,medium,0.7894736842105263,0.9428571428571428,1,C1=C2CCCCC2C2CCC3CCCC3C2C1,16,0.7185751418868361,0.8171847675236269,1,0.8171847675236269,480,510
3351,3328,M03351,M03328,CC(C)(C)C(NC(=O)c1nn(CCCCCF)c2ccccc12)C(N)=O,CC(C)C(NC(=O)c1nn(CCCCCF)c2ccccc12)C(N)=O,medium,0.7678571428571429,0.9444444444444444,1,c1ccc2[nH]ncc2c1,8,0.802209494641301,0.8171568210215919,1,0.8171568210215919,3328,3351
3327,3326,M03327,M03326,CC(C)C(NC(=O)c1nn(CCCCCCl)c2ccccc12)C(N)=O,CCCCCn1nc(C(=O)NC(C(N)=O)C(C)C)c2ccccc21,strong,0.8113207547169812,0.8392857142857143,1,c1ccc2[nH]ncc2c1,8,0.802209494641301,0.8169453055978124,2,0.8169453055978124,3326,3327
3326,3328,M03326,M03328,CCCCCn1nc(C(=O)NC(C(N)=O)C(C)C)c2ccccc21,CC(C)C(NC(=O)c1nn(CCCCCF)c2ccccc12)C(N)=O,strong,0.8113207547169812,0.8392857142857143,1,c1ccc2[nH]ncc2c1,8,0.802209494641301,0.8169453055978124,2,0.8169453055978124,3326,3328
1193,1182,M01193,M01182,COc1cc(C=CC(=O)O)ccc1OS(=O)(=O)O,COc1ccc(C=CC(=O)O)cc1OS(=O)(=O)O,strong,0.8918918918918919,1.0,1,c1ccccc1,802,0.21161295934610674,0.8168770790370511,1,0.8168770790370511,1182,1193
1194,1327,M01194,M01327,COc1cc(CCC(=O)O)ccc1OS(=O)(=O)O,COc1ccc(CCC(=O)O)cc1OS(=O)(=O)O,strong,0.8918918918918919,1.0,1,c1ccccc1,802,0.21161295934610674,0.8168770790370511,1,0.8168770790370511,1194,1327
2417,2418,M02417,M02418,COc1ccc(NS(=O)(=O)c2ccc(N)cc2)nn1,CCOc1ccc(NS(=O)(=O)c2ccc(N)cc2)nn1,medium,0.75,0.921875,1,O=S(=O)(Nc1cccnn1)c1ccccc1,3,0.9088491513636503,0.8167961227045475,1,0.8167961227045475,2417,2418
4372,3366,M04372,M03366,CCC=CCC1=C(C)C(OC(=O)C2C(C=C(C)C)C2(C)C)CC1=O,C=CCC1=C(C)C(OC(=O)C2C(C=C(C)C)C2(C)C)CC1=O,medium,0.7692307692307693,0.9393939393939394,1,O=C1C=CC(OC(=O)C2CC2)C1,8,0.802209494641301,0.8167183705831416,2,0.8167183705831416,3366,4372
1301,1298,M01301,M01298,O=c1c(O)c(-c2cc(O)c(OS(=O)(=O)O)c(O)c2)oc2cc(O)cc(O)c12,O=c1c(O)c(-c2cc(O)c(O)c(OS(=O)(=O)O)c2)oc2cc(O)cc(O)c12,strong,0.8,0.9791666666666666,1,O=c1cc(-c2ccccc2)oc2ccccc12,37,0.6127978022039184,0.8167113369972544,1,0.8167113369972544,1298,1301
4849,4850,M04849,M04850,OCCC(F)(F)C(F)(F)C(F)(F)C(F)(F)C(F)(F)C(F)(F)F,OCCC(F)(F)C(F)(F)C(F)(F)C(F)(F)F,strong,0.9444444444444444,1.0,0,,0,0.0,0.8166666666666667,3,0.8166666666666667,4849,4850
4766,4770,M04766,M04770,O=S(=O)(O)C(F)(F)C(F)(F)C(F)(F)C(F)(F)F,O=S(=O)(O)C(F)(F)C(F)(F)C(F)(F)C(F)(F)C(F)(F)C(F)(F)F,strong,0.9444444444444444,1.0,0,,0,0.0,0.8166666666666667,3,0.8166666666666667,4766,4770
471,448,M00471,M00448,CCCCCCCCC=CCCCCCCCC(=O)OCC(COP(=O)([O-])OCC[N+](C)(C)C)OC(=O)CCCCCCCC=CCCCCCCCC,CCCCCC=CCC=CCCCCCCCCCC(=O)OC(COC(=O)CCCCCCCCCCCCC)COP(=O)([O-])OCC[N+](C)(C)C,strong,0.9444444444444444,1.0,0,,0,0.0,0.8166666666666667,2,0.8166666666666667,448,471
471,455,M00471,M00455,CCCCCCCCC=CCCCCCCCC(=O)OCC(COP(=O)([O-])OCC[N+](C)(C)C)OC(=O)CCCCCCCC=CCCCCCCCC,CCCCCC=CCC=CCC=CCCCCC(=O)OCC(COP(=O)([O-])OCC[N+](C)(C)C)OC(=O)CCCCCCCCCCCCCCCCCCC,strong,0.9444444444444444,1.0,0,,0,0.0,0.8166666666666667,3,0.8166666666666667,455,471
4850,4848,M04850,M04848,OCCC(F)(F)C(F)(F)C(F)(F)C(F)(F)F,OCCC(F)(F)C(F)(F)C(F)(F)C(F)(F)C(F)(F)C(F)(F)C(F)(F)C(F)(F)C(F)(F)C(F)(F)F,strong,0.9444444444444444,1.0,0,,0,0.0,0.8166666666666667,1,0.8166666666666667,4848,4850
248,455,M00248,M00455,CCCCCCCCC=CCCCCCCCC(=O)OC(COC(=O)CCCCCCCCCCCCCCC)COP(=O)([O-])OCC[N+](C)(C)C,CCCCCC=CCC=CCC=CCCCCC(=O)OCC(COP(=O)([O-])OCC[N+](C)(C)C)OC(=O)CCCCCCCCCCCCCCCCCCC,strong,0.9444444444444444,1.0,0,,0,0.0,0.8166666666666667,3,0.8166666666666667,248,455
248,448,M00248,M00448,CCCCCCCCC=CCCCCCCCC(=O)OC(COC(=O)CCCCCCCCCCCCCCC)COP(=O)([O-])OCC[N+](C)(C)C,CCCCCC=CCC=CCCCCCCCCCC(=O)OC(COC(=O)CCCCCCCCCCCCC)COP(=O)([O-])OCC[N+](C)(C)C,strong,0.9444444444444444,1.0,0,,0,0.0,0.8166666666666667,2,0.8166666666666667,248,448
4766,4769,M04766,M04769,O=S(=O)(O)C(F)(F)C(F)(F)C(F)(F)C(F)(F)F,O=S(=O)(O)C(F)(F)C(F)(F)C(F)(F)C(F)(F)C(F)(F)C(F)(F)C(F)(F)F,strong,0.9444444444444444,1.0,0,,0,0.0,0.8166666666666667,2,0.8166666666666667,4766,4769
4766,2495,M04766,M02495,O=S(=O)(O)C(F)(F)C(F)(F)C(F)(F)C(F)(F)F,O=S(=O)(O)C(F)(F)C(F)(F)C(F)(F)C(F)(F)C(F)(F)C(F)(F)C(F)(F)C(F)(F)F,strong,0.9444444444444444,1.0,0,,0,0.0,0.8166666666666667,1,0.8166666666666667,2495,4766
4850,4851,M04850,M04851,OCCC(F)(F)C(F)(F)C(F)(F)C(F)(F)F,OCCC(F)(F)C(F)(F)C(F)(F)C(F)(F)C(F)(F)C(F)(F)C(F)(F)C(F)(F)F,strong,0.9444444444444444,1.0,0,,0,0.0,0.8166666666666667,3,0.8166666666666667,4850,4851
3326,3350,M03326,M03350,CCCCCn1nc(C(=O)NC(C(N)=O)C(C)C)c2ccccc21,CCCCCn1nc(C(=O)NC(C(N)=O)C(C)(C)C)c2ccccc21,medium,0.7592592592592593,0.9629629629629629,1,c1ccc2[nH]ncc2c1,8,0.802209494641301,0.8166277204924914,1,0.8166277204924914,3326,3350
1251,1249,M01251,M01249,C=CCCC(=NOS(=O)(=O)O)SC1OC(CO)C(O)C(O)C1O,C=CCC(=NOS(=O)(=O)O)SC1OC(CO)C(O)C(O)C1O,medium,0.7916666666666666,0.9682539682539683,1,C1CCOCC1,25,0.6627017793637848,0.8164687589680598,1,0.8164687589680598,1249,1251
442,445,M00442,M00445,CCCCCC=CCC=CCCCCCCCC(=O)OCC(O)COP(=O)([O-])OCC[N+](C)(C)C,CCCCCC=CCC=CCC=CCC=CCCCC(=O)OCC(O)COP(=O)([O-])OCC[N+](C)(C)C,strong,0.9433962264150944,1.0,0,,0,0.0,0.8160377358490566,2,0.8160377358490566,442,445
3484,807,M03484,M00807,CC(=O)OCC(=O)C1(O)C(C)CC2C3CCC4=CC(=O)C=CC4(C)C3(F)C(O)CC21C,CC1CC2C3CCC4=CC(=O)C=CC4(C)C3(F)C(O)CC2(C)C1(O)C(=O)CO,medium,0.7936507936507936,0.9230769230769231,1,O=C1C=CC2C(=C1)CCC1C3CCCC3CCC21,15,0.7265474540909509,0.8159418250733496,1,0.8159418250733496,807,3484
151,1872,M00151,M01872,CC(C)CCCC(C)C1CCC2C3CC=C4CC(O)CCC4(C)C3CCC12C,CC(CO)CCCC(C)C1CCC2C3CC=C4CC(O)CCC4(C)C3CCC12C,strong,0.8363636363636363,0.825,1,C1=C2CCCCC2C2CCC3CCCC3C2C1,16,0.7185751418868361,0.8158544531012072,2,0.8158544531012072,151,1872
153,2092,M00153,M02092,CC(CCC(=O)O)C1CCC2C3C(O)CC4CC(O)CCC4(C)C3CC(O)C12C,CC(CCC(=O)O)C1CCC2C3C(O)CC4CCCCC4(C)C3CC(O)C12C,medium,0.7857142857142857,1.0,1,C1CCC2C(C1)CCC1C3CCCC3CCC21,33,0.6274242932504864,0.8155422154161444,1,0.8155422154161444,153,2092
439,442,M00439,M00442,CCCCCCC=CCCCCCCCC(=O)OCC(O)COP(=O)([O-])OCC[N+](C)(C)C,CCCCCC=CCC=CCCCCCCCC(=O)OCC(O)COP(=O)([O-])OCC[N+](C)(C)C,strong,0.9423076923076923,1.0,0,,0,0.0,0.8153846153846154,2,0.8153846153846154,439,442
441,442,M00441,M00442,CCCCCCCCC=CCCCCCCCC(=O)OCC(O)COP(=O)([O-])OCC[N+](C)(C)C,CCCCCC=CCC=CCCCCCCCC(=O)OCC(O)COP(=O)([O-])OCC[N+](C)(C)C,strong,0.9423076923076923,1.0,0,,0,0.0,0.8153846153846154,2,0.8153846153846154,441,442
4490,4492,M04490,M04492,CN1CC(=O)N2C(Cc3c([nH]c4ccccc34)C2c2ccc3c(c2)OCO3)C1=O,CCCCN1CC(=O)N2C(Cc3c([nH]c4ccccc34)C2c2ccc3c(c2)OCO3)C1=O,medium,0.7727272727272727,0.8787878787878788,1,O=C1NCC(=O)N2C1Cc1c([nH]c3ccccc13)C2c1ccc2c(c1)OCO2,4,0.8795051323147839,0.815259103180551,1,0.815259103180551,4490,4492
3694,3815,M03694,M03815,CCc1cc2c(s1)-n1c(C)nnc1CN=C2c1ccccc1,CCc1cc2c(s1)-n1c(C)nnc1CN=C2c1ccccc1Cl,medium,0.7647058823529411,0.8979591836734694,1,c1ccc(C2=NCc3nncn3-c3sccc32)cc1,4,0.8795051323147839,0.8152390951773496,1,0.8152390951773496,3694,3815
3031,2965,M03031,M02965,CCN1CC2(COC(=O)c3ccccc3NC(=O)C(C)CC(=O)O)CCC(OC)C34C5CC6C(OC)CC(O)(C5C6OC)C(O)(C(OC)C23)C14,CCN1CC2(COC(=O)c3ccccc3N)CCC(OC)C34C5CC6C(OC)CC(O)(C5C6OC)C(O)(C(OC)C23)C14,medium,0.75,0.9154929577464789,1,O=C(OCC12CCCC34C5CC6CCC(C5C6)C(CC13)C4NC2)c1ccccc1,3,0.9088491513636503,0.8152006121411672,1,0.8152006121411672,2965,3031
2001,4589,M02001,M04589,COc1cc(OC)nc(NC(=O)NS(=O)(=O)c2ncccc2C(F)(F)F)n1,COc1cc(OC)nc(NC(=O)NS(=O)(=O)c2ncccc2OCC(F)(F)F)n1,medium,0.75,0.9466666666666667,1,O=C(Nc1ncccn1)NS(=O)(=O)c1ccccn1,5,0.8555293230024756,0.814996065117038,1,0.814996065117038,2001,4589
3178,3107,M03178,M03107,C=C1C(O)CC2C(C)(C(=O)O)CCCC2(C)C1CC1C(C)=CCC2C(=O)C(OC)=CC(=O)C21c1cc(=O)c2c(O)cc(O)cc2o1,C=C1C(O)CC2C(C)(C)CC(O)CC2(C)C1CC1C(C)=CCC2C(=O)C(OC)=CC(=O)C21c1cc(=O)c2c(O)cc(O)cc2o1,medium,0.7608695652173914,0.9056603773584906,1,C=C1CCC2CCCCC2C1CC1C=CCC2C(=O)C=CC(=O)C12c1cc(=O)c2ccccc2o1,4,0.8795051323147839,0.814862603317275,1,0.814862603317275,3107,3178
1432,1536,M01432,M01536,Nc1ccn(C2CC(O)C(COP(=O)(O)O)O2)c(=O)n1,Nc1ccn(C2CC(O)C(COP(=O)([O-])OP(=O)([O-])[O-])O2)c(=O)n1,medium,0.7777777777777778,0.9565217391304348,1,O=c1ncccn1C1CCCO1,15,0.7265474540909509,0.8147792195629181,1,0.8147792195629181,1432,1536
833,836,M00833,M00836,O=C(O)C(F)(F)C(F)(F)C(F)(F)C(F)(F)F,O=C(O)C(F)(F)C(F)(F)C(F)(F)C(F)(F)C(F)(F)C(F)(F)C(F)(F)F,strong,0.9411764705882353,1.0,0,,0,0.0,0.8147058823529412,3,0.8147058823529412,833,836
833,834,M00833,M00834,O=C(O)C(F)(F)C(F)(F)C(F)(F)C(F)(F)F,O=C(O)C(F)(F)C(F)(F)C(F)(F)C(F)(F)C(F)(F)F,strong,0.9411764705882353,1.0,0,,0,0.0,0.8147058823529412,1,0.8147058823529412,833,834
833,835,M00833,M00835,O=C(O)C(F)(F)C(F)(F)C(F)(F)C(F)(F)F,O=C(O)C(F)(F)C(F)(F)C(F)(F)C(F)(F)C(F)(F)C(F)(F)F,strong,0.9411764705882353,1.0,0,,0,0.0,0.8147058823529412,2,0.8147058823529412,833,835
922,2201,M00922,M02201,COCc1cnc(C2=NC(C)(C(C)C)C(=O)N2)c(C(=O)O)c1,CCc1cnc(C2=NC(C)(C(C)C)C(=O)N2)c(C(=O)O)c1,medium,0.7755102040816326,0.8518518518518519,1,O=C1CN=C(c2ccccn2)N1,3,0.9088491513636503,0.8145964581164901,1,0.8145964581164901,922,2201
4337,4271,M04337,M04271,CN1CCN(CCCN2c3ccccc3Sc3ccc(Cl)cc32)CC1,CN1CCN(CCCN2c3ccccc3Sc3ccccc32)CC1,medium,0.7804878048780488,0.9111111111111111,1,c1ccc2c(c1)Sc1ccccc1N2CCCN1CCNCC1,9,0.7883542836784342,0.8143236032563721,1,0.8143236032563721,4271,4337
4004,4016,M04004,M04016,CCCCCCn1cc(C(=O)c2cccc3ccccc23)cc1-c1ccccc1,CCCCCn1cc(C(=O)c2cccc3ccccc23)cc1-c1ccccc1C,medium,0.7407407407407407,0.95,1,O=C(c1c[nH]c(-c2ccccc2)c1)c1cccc2ccccc12,4,0.8795051323147839,0.8138702142916621,1,0.8138702142916621,4004,4016
3068,3079,M03068,M03079,C=C1C(=O)C23C(O)CC4C(C)(C)CCCC4(CO)C2C(O)CC1C3O,C=C1C(=O)C23C(O)CC4C(C)(C)CCCC4(COC(C)=O)C2C(O)CC1C3O,medium,0.7454545454545455,0.8979591836734694,1,C=C1C(=O)C23CCC4CCCCC4C2CCC1C3,2,0.9466801716388252,0.8137645489369184,1,0.8137645489369184,3068,3079
948,325,M00948,M00325,COc1cc(-c2[o+]c3cc(O)cc(O)c3cc2OC2OC(CO)C(O)C(O)C2O)cc(OC)c1O,OCC1OC(Oc2cc3c(O)cc(O)cc3[o+]c2-c2ccc(O)cc2)C(O)C(O)C1O,medium,0.7678571428571429,0.9285714285714286,1,c1ccc(-c2[o+]c3ccccc3cc2OC2CCCCO2)cc1,8,0.802209494641301,0.813188567053338,1,0.813188567053338,325,948
3139,3138,M03139,M03138,CCCCCCCCCCCCOC1OC(C)C(OC(C)=O)C(OC2OC(C)C(OC(C)=O)C(OC3OC(C)C(OC(C)=O)C(O)C3O)C2OC(C)=O)C1O,CCCCCCCCCCCCOC1OC(C)C(OC2OC(C)C(OC(C)=O)C(OC3OC(C)C(OC(C)=O)C(OC4OC(C)C(OC(C)=O)C(OC(C)=O)C4O)C3OC(C)=O)C2O)C(O)C1O,strong,0.9375,1.0,0,,0,0.0,0.8125,2,0.8125,3138,3139
4396,4395,M04396,M04395,COc1ccc(C(=O)c2cn(CCCCCO)c3ccccc23)cc1,COc1ccc(C(=O)c2cn(CCCCC(=O)O)c3ccccc23)cc1,medium,0.78,0.8627450980392157,1,O=C(c1ccccc1)c1c[nH]c2ccccc12,5,0.8555293230024756,0.8120156729601753,1,0.8120156729601753,4395,4396
1154,1152,M01154,M01152,CC(C)=CCc1c(O)cc(O)c2c1OC(c1ccc(O)cc1)CC2=O,COc1cc(O)c(CC=C(C)C)c2c1C(=O)CC(c1ccc(O)cc1)O2,strong,0.8076923076923077,0.8780487804878049,1,O=C1CC(c2ccccc2)Oc2ccccc21,16,0.7185751418868361,0.8119138510203613,1,0.8119138510203613,1152,1154
496,494,M00496,M00494,CC(CCC(=O)NCC(=O)O)C1CCC2C3CCC4CC(O)CCC4(C)C3CCC12C,CC(CCC(=O)NCC(=O)O)C1CCC2C3C(O)CC4CC(O)CCC4(C)C3CCC12C,medium,0.7796610169491526,1.0,1,C1CCC2C(C1)CCC1C3CCCC3CCC21,33,0.6274242932504864,0.8119102541570644,1,0.8119102541570644,494,496
512,378,M00512,M00378,CC(CCC(=O)NCCS(=O)(=O)O)C1CCC2C3CCC4CC(O)CCC4(C)C3CC(O)C12C,CC(CCC(=O)NCCS(=O)(=O)O)C1CCC2C3C(O)CC4CC(O)CCC4(C)C3CC(O)C12C,medium,0.7794117647058824,1.0,1,C1CCC2C(C1)CCC1C3CCCC3CCC21,33,0.6274242932504864,0.8117607028111024,1,0.8117607028111024,378,512
4009,4012,M04009,M04012,CCCCCn1cc(C(=O)Cc2ccccc2Cl)c2ccccc21,CCCCCn1cc(C(=O)Cc2ccccc2C)c2ccccc21,medium,0.7708333333333334,0.8837209302325582,1,O=C(Cc1ccccc1)c1c[nH]c2ccccc12,5,0.8555293230024756,0.8117596310085109,1,0.8117596310085109,4009,4012
1276,1207,M01276,M01207,O=S(=O)(O)Oc1ccc(C=Cc2cc(O)cc(O)c2)cc1,O=S(=O)(O)Oc1cc(O)cc(C=Cc2ccc(O)cc2)c1,medium,0.75,0.9736842105263158,1,C(=Cc1ccccc1)c1ccccc1,9,0.7883542836784342,0.811674195183344,1,0.811674195183344,1207,1276
3177,3107,M03177,M03107,C=C1C(O)CC2C(C)(CO)CCCC2(C)C1CC1C(C)=CCC2C(=O)C(OC)=CC(=O)C21c1cc(=O)c2c(O)cc(O)cc2o1,C=C1C(O)CC2C(C)(C)CC(O)CC2(C)C1CC1C(C)=CCC2C(=O)C(OC)=CC(=O)C21c1cc(=O)c2c(O)cc(O)cc2o1,medium,0.7692307692307693,0.8727272727272727,1,C=C1CCC2CCCCC2C1CC1C=CCC2C(=O)C=CC(=O)C12c1cc(=O)c2ccccc2o1,4,0.8795051323147839,0.8116460495674973,1,0.8116460495674973,3107,3177
1606,1609,M01606,M01609,CC(O)(CC(=O)O)CC(=O)SCCNC(=O)CCNC(=O)C(O)C(C)(C)COP(=O)(O)OP(=O)(O)OCC1OC(n2cnc3c(N)ncnc32)C(O)C1OP(=O)(O)O,CC(C)(COP(=O)(O)OP(=O)(O)OCC1OC(n2cnc3c(N)ncnc32)C(O)C1OP(=O)(O)O)C(O)C(=O)NCCC(=O)NCCS,medium,0.7857142857142857,0.9655172413793104,1,c1ncc2ncn(C3CCCO3)c2n1,26,0.6577388176437765,0.8114687044199655,1,0.8114687044199655,1606,1609
3728,2618,M03728,M02618,COc1ccc(C2Sc3ccccc3N(CCN(C)C)C(=O)C2O)cc1,COc1ccc(C2Sc3ccccc3N(CCN(C)C)C(=O)C2OC(C)=O)cc1,medium,0.7413793103448276,0.9206349206349206,1,O=C1CC(c2ccccc2)Sc2ccccc2N1,3,0.9088491513636503,0.8113136890701742,1,0.8113136890701742,2618,3728
1848,1469,M01848,M01469,CC(CCC(=O)NCCS(=O)(=O)O)C1CCC2C3CCC4CC(OS(=O)(=O)O)CCC4(C)C3CCC12C,CC(CCC(=O)NCCS(=O)(=O)O)C1CCC2C3CCC4CC(O)CCC4(C)C3CCC12C,medium,0.7846153846153846,0.9852941176470589,1,C1CCC2C(C1)CCC1C3CCCC3CCC21,33,0.6274242932504864,0.8112064041685684,1,0.8112064041685684,1469,1848
481,476,M00481,M00476,CCC(CCC(C)C1CCC2C3CC=C4CC(O)CCC4(C)C3CCC12C)C(C)C,CC(C)C(O)CCC(C)C1CCC2C3CC=C4CC(O)CCC4(C)C3CCC12C,medium,0.7894736842105263,0.918918918918919,1,C1=C2CCCCC2C2CCC3CCCC3C2C1,16,0.7185751418868361,0.811200211539071,1,0.811200211539071,476,481
4214,4213,M04214,M04213,O=C(Nc1cccc2ccccc12)c1cn(CCCCCF)c2ccccc12,CCCCCn1cc(C(=O)Nc2cccc3ccccc23)c2ccccc21,medium,0.78,0.8043478260869565,1,O=C(Nc1cccc2ccccc12)c1c[nH]c2ccccc12,2,0.9466801716388252,0.8110889822675629,1,0.8110889822675629,4213,4214
1668,2184,M01668,M02184,CC(CCC(=O)NCCS(=O)(=O)O)C1CCC2C3C(O)C(O)C4CC(O)CCC4(C)C3CCC12C,CC(CCC(=O)NCCS(=O)(=O)O)C1CCC2C3CC(O)C4CC(O)CCC4(C)C3CCC12C,medium,0.7903225806451613,0.9710144927536232,1,C1CCC2C(C1)CCC1C3CCCC3CCC21,33,0.6274242932504864,0.8110608155630754,1,0.8110608155630754,1668,2184
2342,4411,M02342,M04411,Cc1nc2n(c(=O)c1CCN1CCC(c3noc4cc(F)ccc34)CC1)CCCC2,Cc1nc2n(c(=O)c1CCN1CCC(c3noc4cc(F)ccc34)CC1)CCCC2O,medium,0.7464788732394366,0.8840579710144928,1,O=c1c(CCN2CCC(c3noc4ccccc34)CC2)cnc2n1CCCC2,2,0.9466801716388252,0.810903842443109,1,0.810903842443109,2342,4411
862,851,M00862,M00851,COc1ccc2c3c1OC1C(O)C=CC4C(C2)N(C)CCC341,CN1CCC23c4c5ccc(O)c4OC2C(O)C=CC3C1C5,medium,0.7592592592592593,0.94,1,C1=CC2C3Cc4cccc5c4C2(CCN3)C(C1)O5,8,0.802209494641301,0.8108869797517507,1,0.8108869797517507,851,862
3384,3328,M03384,M03328,COC(=O)C(NC(=O)c1nn(CCCCCF)c2ccccc12)C(C)C,CC(C)C(NC(=O)c1nn(CCCCCF)c2ccccc12)C(N)=O,strong,0.8,0.8421052631578947,1,c1ccc2[nH]ncc2c1,8,0.802209494641301,0.8108577399856688,1,0.8108577399856688,3328,3384
153,148,M00153,M00148,CC(CCC(=O)O)C1CCC2C3C(O)CC4CC(O)CCC4(C)C3CC(O)C12C,CC(CCC(=O)O)C1CCC2C3C(O)CC4CC(O)CCC4(C)C3CCC12C,medium,0.7777777777777778,1.0,1,C1CCC2C(C1)CCC1C3CCCC3CCC21,33,0.6274242932504864,0.8107803106542396,2,0.8107803106542396,148,153
1669,1682,M01669,M01682,CC(CCC(=O)NCC(=O)O)C1CCC2C3C(=O)CC4CC(=O)CCC4(C)C3CC(=O)C12C,CC(CCC(=O)O)C1CCC2C3C(=O)CC4CC(=O)CCC4(C)C3CC(=O)C12C,strong,0.8166666666666667,0.7142857142857143,1,O=C1CCC2C(C1)CC(=O)C1C3CCCC3C(=O)CC21,2,0.9466801716388252,0.8105734543172524,1,0.8105734543172524,1669,1682
190,23,M00190,M00023,O=C1CC(c2ccc(O)c(O)c2)Oc2cc(O)cc(O)c21,O=C1CC(c2ccc(O)cc2)Oc2cc(O)cc(O)c21,medium,0.7948717948717948,0.9032258064516129,1,O=C1CC(c2ccccc2)Oc2ccccc21,16,0.7185751418868361,0.8105157998190056,1,0.8105157998190056,23,190
4001,4010,M04001,M04010,CCCCCn1cc(C(=O)c2ccc(C)c3ccccc23)c2ccccc21,CCCCCn1cc(C(=O)c2ccc(CC)c3ccccc23)c2ccccc21,medium,0.782608695652174,1.0,1,O=C(c1cccc2ccccc12)c1c[nH]c2ccccc12,39,0.6060525864057348,0.8104731053521645,1,0.8104731053521645,4001,4010
151,488,M00151,M00488,CC(C)CCCC(C)C1CCC2C3CC=C4CC(O)CCC4(C)C3CCC12C,CC(C)=CCCC(C)C1CCC2C3CC=C4CC(O)CCC4(C)C3CCC12C,medium,0.7543859649122807,1.0,1,C1=C2CCCCC2C2CCC3CCCC3C2C1,16,0.7185751418868361,0.8104178502303938,2,0.8104178502303938,151,488
488,484,M00488,M00484,CC(C)=CCCC(C)C1CCC2C3CC=C4CC(O)CCC4(C)C3CCC12C,CC(C)C(C)CCC(C)C1CCC2C3CC=C4CC(O)CCC4(C)C3CCC12C,medium,0.7543859649122807,1.0,1,C1=C2CCCCC2C2CCC3CCCC3C2C1,16,0.7185751418868361,0.8104178502303938,2,0.8104178502303938,484,488
4490,4491,M04490,M04491,CN1CC(=O)N2C(Cc3c([nH]c4ccccc34)C2c2ccc3c(c2)OCO3)C1=O,NN1CC(=O)N2C(Cc3c([nH]c4ccccc34)C2c2ccc3c(c2)OCO3)C1=O,strong,0.8032786885245902,0.7857142857142857,1,O=C1NCC(=O)N2C1Cc1c([nH]c3ccccc13)C2c1ccc2c(c1)OCO2,4,0.8795051323147839,0.8103215543905431,1,0.8103215543905431,4490,4491
3939,3940,M03939,M03940,COc1ccc2c3c1OC1C(=O)CCC4C(C2)N(C)CCC314,CN1CCC23c4c5ccc(O)c4OC2C(=O)CCC3C1C5,medium,0.75,0.94,1,O=C1CCC2C3Cc4cccc5c4C2(CCN3)C1O5,6,0.8352580650673657,0.8102887097601048,1,0.8102887097601048,3939,3940
4278,2822,M04278,M02822,O=C1Nc2ccc(Br)cc2C(c2ccccc2Cl)=NC1O,O=C1Nc2ccc(Cl)cc2C(c2ccccc2Cl)=NC1O,medium,0.7777777777777778,0.9767441860465116,1,O=C1CN=C(c2ccccc2)c2ccccc2N1,25,0.6627017793637848,0.8102579800828623,1,0.8102579800828623,2822,4278
4647,4672,M04647,M04672,CC1(C)OC2CC3C4CC(F)C5=CC(=O)C=CC5(C)C4(F)C(O)CC3(C)C2(C(=O)CO)O1,CC1(C)OC2CC3C4CCC5=CC(=O)C=CC5(C)C4(F)C(O)CC3(C)C2(C(=O)CO)O1,medium,0.7352941176470589,0.9629629629629629,1,O=C1C=CC2C(=C1)CCC1C2CCC2C1CC1OCOC12,5,0.8555293230024756,0.8102466097793475,1,0.8102466097793475,4647,4672
1906,1880,M01906,M01880,O=C(O)C=CCCCCC(=O)O,O=C(O)C=CCCCCCCCCC(=O)O,strong,0.9545454545454546,0.95,0,,0,0.0,0.8102272727272728,1,0.8102272727272728,1880,1906
408,511,M00408,M00511,CC(CCC(=O)NCCOS(=O)(=O)O)C1CCC2C3C(O)CC4CC(O)CCC4(C)C3CCC12C,CC(CCC(=O)NCCS(=O)(=O)O)C1CCC2C3C(O)CC4CC(O)CCC4(C)C3CCC12C,strong,0.8125,0.9142857142857143,1,C1CCC2C(C1)CCC1C3CCCC3CCC21,33,0.6274242932504864,0.8101850725590015,1,0.8101850725590015,408,511
3643,893,M03643,M00893,Clc1ccc2c(c1)N=C(N1CCNCC1)c1ccccc1N2,CN1CCN(C2=Nc3cc(Cl)ccc3Nc3ccccc32)CC1,medium,0.7608695652173914,0.8461538461538461,1,c1ccc2c(c1)N=C(N1CCNCC1)c1ccccc1N2,2,0.9466801716388252,0.8100622264147201,1,0.8100622264147201,893,3643
3944,2543,M03944,M02543,COc1cc(OC)nc(NC(=O)NS(=O)(=O)c2c(Cl)nc3ccccn23)n1,CCS(=O)(=O)c1nc2ccccn2c1S(=O)(=O)NC(=O)Nc1nc(OC)cc(OC)n1,medium,0.7413793103448276,0.8928571428571429,1,O=C(Nc1ncccn1)NS(=O)(=O)c1cnc2ccccn12,2,0.9466801716388252,0.810043897667006,1,0.810043897667006,2543,3944
126,1148,M00126,M01148,O=c1cc(-c2ccc(O)cc2)oc2cc(OC3OC(CO)C(O)C(O)C3O)cc(O)c12,O=c1c(O)c(-c2ccc(O)cc2)oc2cc(OC3OC(CO)C(O)C(O)C3O)cc(O)c12,medium,0.7241379310344828,0.9743589743589743,1,O=c1cc(-c2ccccc2)oc2cc(OC3CCCCO3)ccc12,4,0.8795051323147839,0.8099982720576508,1,0.8099982720576508,126,1148
3003,3002,M03003,M03002,COc1ccc2cc1-c1cc(ccc1O)CC1NCCc3cc4c(cc31)Oc1c(c(OC)c(O)c3c1C(C2)N(C)CC3)O4,COc1ccc2cc1-c1cc(ccc1O)CC1c3cc4c(cc3CCN1C)Oc1c(OC)c(OC)c3c(c1O4)C(C2)N(C)CC3,medium,0.7466666666666667,0.8793103448275862,1,c1cc2cc(c1)-c1cccc(c1)CC1NCCc3ccc4c(c31)Oc1cc3c(cc1O4)CCNC3C2,2,0.9466801716388252,0.8098296119527203,1,0.8098296119527203,3002,3003
1685,496,M01685,M00496,CC(CCC(=O)NCC(=O)O)C1CCC2C3CC(O)C4CC(O)CCC4(C)C3CCC12C,CC(CCC(=O)NCC(=O)O)C1CCC2C3CCC4CC(O)CCC4(C)C3CCC12C,medium,0.7758620689655172,1.0,1,C1CCC2C(C1)CCC1C3CCCC3CCC21,33,0.6274242932504864,0.8096308853668832,1,0.8096308853668832,496,1685
331,1300,M00331,M01300,COc1cc(-c2[o+]c3cc(O)cc(O)c3cc2O)cc(O)c1O,COc1cc(-c2[o+]c3cc(O)cc(O)c3cc2O)ccc1O,medium,0.7317073170731707,0.96875,1,c1ccc(-c2ccc3ccccc3[o+]2)cc1,5,0.8555293230024756,0.8095412886942737,1,0.8095412886942737,331,1300
10,2,M00010,M00002,Oc1ccc(C2Oc3cc(O)cc(O)c3CC2O)cc1,Oc1cc(O)c2c(c1)OC(c1cc(O)c(O)c(O)c1)C(O)C2,medium,0.7368421052631579,0.967741935483871,1,c1ccc(C2CCc3ccccc3O2)cc1,6,0.8352580650673657,0.8093294567889674,2,0.8093294567889674,2,10
458,449,M00458,M00449,CCC=CCC=CCC=CCC=CCC=CCC=CCCC(=O)OC(COC(=O)CCCCCCCCCCCCCCC)COP(=O)([O-])OCC[N+](C)(C)C,CCC=CCC=CCC=CCCCCCCCC(=O)OC(COC(=O)CCCCCCCCCCCCCCC)COP(=O)([O-])OCC[N+](C)(C)C,strong,0.9322033898305084,1.0,0,,0,0.0,0.809322033898305,3,0.809322033898305,449,458
461,449,M00461,M00449,CCC=CCC=CCC=CCC=CCC=CCC=CCCC(=O)OC(COC(=O)CCCCCCCCCCCCCCCCC)COP(=O)([O-])OCC[N+](C)(C)C,CCC=CCC=CCC=CCCCCCCCC(=O)OC(COC(=O)CCCCCCCCCCCCCCC)COP(=O)([O-])OCC[N+](C)(C)C,strong,0.9322033898305084,1.0,0,,0,0.0,0.809322033898305,3,0.809322033898305,449,461
2141,1873,M02141,M01873,CCCCCC=CCC=CCCCCCCCC(=O)OC(CC(=O)[O-])C[N+](C)(C)C,CCCCCC=CCC=CCC=CCC=CCCCC(=O)OC(CC(=O)[O-])C[N+](C)(C)C,strong,0.9318181818181818,1.0,0,,0,0.0,0.8090909090909091,1,0.8090909090909091,1873,2141
1298,1117,M01298,M01117,O=c1c(O)c(-c2cc(O)c(O)c(OS(=O)(=O)O)c2)oc2cc(O)cc(O)c12,O=c1c(O)c(-c2ccc(OS(=O)(=O)O)c(O)c2)oc2cc(O)cc(O)c12,medium,0.7872340425531915,0.9791666666666666,1,O=c1cc(-c2ccccc2)oc2ccccc12,37,0.6127978022039184,0.8090517625291693,1,0.8090517625291693,1117,1298
4808,4810,M04808,M04810,CCCCC(CCC)c1ccc(S(=O)(=O)O)cc1,CCCCCCC(CCC)c1ccc(S(=O)(=O)O)cc1,strong,0.8787878787878788,1.0,1,c1ccccc1,802,0.21161295934610674,0.8090146711746432,2,0.8090146711746432,4808,4810
575,574,M00575,M00574,NC(N)=NCCCCNC(=O)C=Cc1ccc2c(c1)C(C(=O)NCCCCN=C(N)N)C(c1ccc(O)cc1)O2,COc1cc(C=CC(=O)NCCCCN=C(N)N)cc2c1OC(c1ccc(O)cc1)C2C(=O)NCCCCN=C(N)N,medium,0.7222222222222222,0.9344262295081968,1,c1ccc(C2Cc3ccccc3O2)cc1,2,0.9466801716388252,0.8089419164562063,1,0.8089419164562063,574,575
2123,1878,M02123,M01878,CCCCCC=CC(=O)O,CCCCCCCC=CC(=O)O,strong,0.9545454545454546,0.9444444444444444,0,,0,0.0,0.8088383838383839,1,0.8088383838383839,1878,2123
757,756,M00757,M00756,CCC(CC)OC1C=C(C(=O)O)CC(N)C1NC(C)=O,CCOC(=O)C1=CC(OC(CC)CC)C(NC(C)=O)C(N)C1,medium,0.7659574468085106,0.9148936170212766,1,C1=CCCCC1,8,0.802209494641301,0.8086292965366206,1,0.8086292965366206,756,757
242,376,M00242,M00376,COc1cc(-c2oc3cc(O)cc(O)c3c(=O)c2O)ccc1O,COc1cc(-c2oc3cc(O)cc(O)c3c(=O)c2O)cc(OC)c1O,medium,0.7906976744186046,0.96875,1,O=c1cc(-c2ccccc2)oc2ccccc12,37,0.6127978022039184,0.8085257749817505,1,0.8085257749817505,242,376
3533,4270,M03533,M04270,CCC(NC)C(=O)c1ccc2c(c1)OCO2,CCCC(NC)C(=O)c1ccc2c(c1)OCO2,strong,0.8,0.8780487804878049,1,c1ccc2c(c1)OCO2,15,0.7265474540909509,0.8084943132355938,1,0.8084943132355938,3533,4270
2591,2695,M02591,M02695,CCCCCCCCSCCOCCOCCOCCO,CCCCCCCCCCSCCOCCO,strong,0.9615384615384616,0.9259259259259259,0,,0,0.0,0.8084045584045584,3,0.8084045584045584,2591,2695
2696,2591,M02696,M02591,CCCCCCCCSCCOCCO,CCCCCCCCSCCOCCOCCOCCO,strong,0.9615384615384616,0.9259259259259259,0,,0,0.0,0.8084045584045584,3,0.8084045584045584,2591,2696
1109,1210,M01109,M01210,O=c1oc2cc(O)ccc2c2ccc(O)cc12,O=c1oc2cc(O)ccc2c2cc(O)c(O)cc12,medium,0.7931034482758621,0.8571428571428571,1,O=c1oc2ccccc2c2ccccc12,9,0.7883542836784342,0.8084009258029966,2,0.8084009258029966,1109,1210
1283,1210,M01283,M01210,O=c1oc2cc(O)ccc2c2cc(O)ccc12,O=c1oc2cc(O)ccc2c2cc(O)c(O)cc12,medium,0.7931034482758621,0.8571428571428571,1,O=c1oc2ccccc2c2ccccc12,9,0.7883542836784342,0.8084009258029966,2,0.8084009258029966,1210,1283
2719,2259,M02719,M02259,Cc1ccc(OP(=O)(Oc2ccccc2)Oc2ccccc2)cc1,O=P(Oc1ccccc1)(Oc1ccccc1)Oc1ccccc1,medium,0.7391304347826086,0.9583333333333334,1,O=P(Oc1ccccc1)(Oc1ccccc1)Oc1ccccc1,6,0.8352580650673657,0.8083503039630033,1,0.8083503039630033,2259,2719
2141,507,M02141,M00507,CCCCCC=CCC=CCCCCCCCC(=O)OC(CC(=O)[O-])C[N+](C)(C)C,CCCCCCCCC=CCCCCCCCC(=O)OC(CC(=O)[O-])C[N+](C)(C)C,strong,0.9302325581395349,1.0,0,,0,0.0,0.8081395348837209,2,0.8081395348837209,507,2141
753,754,M00753,M00754,O=S(=O)(O)c1ccc2ccccc2c1,O=S(=O)(O)c1ccc2ccc(S(=O)(=O)O)cc2c1,medium,0.782608695652174,0.9428571428571428,1,c1ccc2ccccc2c1,21,0.6846698721617894,0.8079799839298585,1,0.8079799839298585,753,754
40,1292,M00040,M01292,O=C1c2c(O)cc(O)cc2OC(c2ccc(O)c(O)c2)C1O,O=C1c2c(O)cc(O)cc2OC(c2cc(O)c(O)c(O)c2)C1O,medium,0.75,1.0,1,O=C1CC(c2ccccc2)Oc2ccccc21,16,0.7185751418868361,0.8077862712830254,2,0.8077862712830254,40,1292
2140,1679,M02140,M01679,CC(C)CCCC(C)C1CCC2C3C(O)CC4=CC(=O)CCC4(C)C3CCC12C,CC(CCCC(C)C1CCC2C3C(O)CC4=CC(=O)CCC4(C)C3CCC12C)C(=O)O,strong,0.8333333333333334,0.8333333333333334,1,O=C1C=C2CCC3C4CCCC4CCC3C2CC1,25,0.6627017793637848,0.8077386002379011,1,0.8077386002379011,1679,2140
529,1641,M00529,M01641,Nc1ncnc2c1ncn2C1OC(CSCCC([NH3+])C(=O)[O-])C(O)C1O,Nc1ncnc2c1ncn2C1OC(CSCCC(N)C(=O)O)C(O)C1O,medium,0.7704918032786885,0.9848484848484849,1,c1ncc2ncn(C3CCCO3)c2n1,26,0.6577388176437765,0.8071680258259007,1,0.8071680258259007,529,1641
371,370,M00371,M00370,NCCCNCCCCNCCCN,NCCCCNCCCN,strong,0.9285714285714286,1.0,0,,0,0.0,0.8071428571428572,1,0.8071428571428572,370,371
2095,2097,M02095,M02097,CCC[n+]1cccc(S(=O)(=O)[O-])c1,CCCCC[n+]1cccc(S(=O)(=O)[O-])c1,medium,0.7878787878787878,0.94,1,c1cc[nH+]cc1,25,0.6627017793637848,0.8071325396318404,1,0.8071325396318404,2095,2097
4427,4429,M04427,M04429,CCCCCn1cc(C(=O)NCc2ccccc2)c2ccccc21,O=C(NCc1ccccc1)c1cn(CCCCCF)c2ccccc12,medium,0.7659574468085106,0.8222222222222222,1,O=C(NCc1ccccc1)c1c[nH]c2ccccc12,2,0.9466801716388252,0.8071320493864856,1,0.8071320493864856,4427,4429
3871,3424,M03871,M03424,CC(C)C(C(=O)OC(C#N)c1cccc(Oc2ccccc2)c1)c1ccc(OC(F)F)cc1,CC(C)C(C(=O)OC(C#N)c1cccc(Oc2ccccc2)c1)c1ccc(Cl)cc1,medium,0.7636363636363637,0.8275862068965517,1,O=C(Cc1ccccc1)OCc1cccc(Oc2ccccc2)c1,2,0.9466801716388252,0.8070803956517799,1,0.8070803956517799,3424,3871
1376,1468,M01376,M01468,NC(Cc1cc(I)c(Oc2ccc(O)cc2)c(I)c1)C(=O)O,NC(Cc1cc(I)c(Oc2ccc(O)c(I)c2)c(I)c1)C(=O)O,medium,0.7674418604651163,1.0,1,c1ccc(Oc2ccccc2)cc1,29,0.6438836066809098,0.8070476572812063,1,0.8070476572812063,1376,1468
3135,362,M03135,M00362,COc1cc2ccc(=O)oc2cc1OC,COc1cc2ccc(=O)oc2cc1O,medium,0.7741935483870968,0.9333333333333333,1,O=c1ccc2ccccc2o1,15,0.7265474540909509,0.806831580479234,1,0.806831580479234,362,3135
1189,1179,M01189,M01179,COc1ccc(C(=O)O)cc1OS(=O)(=O)O,COc1cc(C(=O)O)ccc1OS(=O)(=O)O,strong,0.875,1.0,1,c1ccccc1,802,0.21161295934610674,0.806741943901916,1,0.806741943901916,1179,1189
4667,1418,M04667,M01418,CC12CCC(=O)C=C1CCC1C2C(O)CC2(C=O)C(C(=O)CO)CCC12,CC12CCC(=O)C=C1CCC1C2C(O)CC2(C)C(C(=O)CO)CCC12,medium,0.7719298245614035,0.9761904761904762,1,O=C1C=C2CCC3C4CCCC4CCC3C2CC1,25,0.6627017793637848,0.8066107806890288,1,0.8066107806890288,1418,4667
3492,2056,M03492,M02056,COc1cc(OC)nc(Oc2cccc(Oc3nc(OC)cc(OC)n3)c2C(=O)O)n1,COc1cc(OC)nc(Oc2cccc(Oc3nc(OC)cc(OC)n3)c2C(=O)[O-])n1.[Na+],medium,0.7368421052631579,0.8888888888888888,1,c1cnc(Oc2cccc(Oc3ncccn3)c2)nc1,2,0.9466801716388252,0.8063295111259406,1,0.8063295111259406,2056,3492
2559,4387,M02559,M04387,CC(Oc1ccc(Oc2cnc3cc(Cl)ccc3n2)cc1)C(=O)O,CCOC(=O)C(C)Oc1ccc(Oc2cnc3cc(Cl)ccc3n2)cc1,medium,0.7647058823529411,0.8444444444444444,1,c1ccc(Oc2cnc3ccccc3n2)cc1,3,0.9088491513636503,0.8062620132274233,1,0.8062620132274233,2559,4387
3631,3947,M03631,M03947,CN(C)CCCN1c2ccccc2CCc2ccc(Cl)cc21,CN(C)CCCN1c2ccccc2CCc2ccccc21,medium,0.7631578947368421,0.9024390243902439,1,c1ccc2c(c1)CCc1ccccc1N2,7,0.8176983027273006,0.8061592383487612,1,0.8061592383487612,3631,3947
2826,2827,M02826,M02827,CC(C)(C)c1cc(-n2nc3ccc(Cl)cc3n2)c(O)c(C(C)(C)C)c1,CC(C)(C)c1cc(-n2nc3ccccc3n2)c(O)c(C(C)(C)C)c1,medium,0.7317073170731707,0.9230769230769231,1,c1ccc(-n2nc3ccccc3n2)cc1,3,0.9088491513636503,0.8061209937176808,2,0.8061209937176808,2826,2827
34,352,M00034,M00352,O=C(O)C1OC(Oc2c(-c3ccc(O)c(O)c3)oc3cc(O)cc(O)c3c2=O)C(O)C(O)C1O,CC1OC(Oc2c(-c3ccc(O)c(O)c3)oc3cc(O)cc(O)c3c2=O)C(O)C(O)C1O,medium,0.7627118644067796,0.9411764705882353,1,O=c1c(OC2CCCCO2)c(-c2ccccc2)oc2ccccc12,12,0.7538526280001345,0.8059991304911467,1,0.8059991304911467,34,352
350,351,M00350,M00351,O=c1c(OC2OC(CO)C(O)C(O)C2O)c(-c2ccc(O)c(O)c2)oc2cc(O)cc(O)c12,CC(=O)OCC1OC(Oc2c(-c3ccc(O)c(O)c3)oc3cc(O)cc(O)c3c2=O)C(O)C(O)C1O,medium,0.7777777777777778,0.9047619047619048,1,O=c1c(OC2CCCCO2)c(-c2ccccc2)oc2ccccc12,12,0.7538526280001345,0.805935037057163,1,0.805935037057163,350,351
1976,2254,M01976,M02254,CCN(CC)c1nc(C)cc(OP(=S)(OC)OC)n1,CCOP(=S)(OCC)Oc1cc(C)nc(N(CC)CC)n1,medium,0.7692307692307693,0.9464285714285714,1,c1cncnc1,16,0.7185751418868361,0.8059318756786299,1,0.8059318756786299,1976,2254
2364,4050,M02364,M04050,CN1C(=O)C(O)N=C(c2ccccc2)c2cc(Cl)ccc21,CN1C(=O)C(O)N=C(c2ccccc2Cl)c2cc(Cl)ccc21,medium,0.7608695652173914,1.0,1,O=C1CN=C(c2ccccc2)c2ccccc2N1,25,0.6627017793637848,0.8059270060350026,1,0.8059270060350026,2364,4050
4675,4669,M04675,M04669,CC1(C)OC2CC3C4CCC5=CC(=O)C=CC5(C)C4C(O)CC3(C)C2(C(=O)CO)O1,CCCC1OC2CC3C4CCC5=CC(=O)C=CC5(C)C4C(O)CC3(C)C2(C(=O)CO)O1,medium,0.7285714285714285,0.9607843137254902,1,O=C1C=CC2C(=C1)CCC1C2CCC2C1CC1OCOC12,5,0.8555293230024756,0.8056683340246009,1,0.8056683340246009,4669,4675
3600,3506,M03600,M03506,CN(C)CCC(c1ccc(Cl)cc1)c1ccccn1,CN(C)CCC(c1ccc(Br)cc1)c1ccccn1,medium,0.75,0.9411764705882353,1,c1ccc(Cc2ccccn2)cc1,8,0.802209494641301,0.805625541843254,1,0.805625541843254,3506,3600
163,332,M00163,M00332,OCC1OC(Oc2cc3c(O)cc(O)cc3[o+]c2-c2ccc(O)c(O)c2)C(O)C(O)C1O,COc1cc(-c2[o+]c3cc(O)cc(O)c3cc2OC2OC(CO)C(O)C(O)C2O)cc(O)c1O,medium,0.7457627118644068,0.9512195121951219,1,c1ccc(-c2[o+]c3ccccc3cc2OC2CCCCO2)cc1,8,0.802209494641301,0.8055939293636197,1,0.8055939293636197,163,332
2125,2142,M02125,M02142,CCCCCCCCC=CCC=CCC=CCCCC(=O)O,CCCCCC=CCC=CCCCCCCCCCC(=O)O,strong,0.9259259259259259,1.0,0,,0,0.0,0.8055555555555556,3,0.8055555555555556,2125,2142
2125,261,M02125,M00261,CCCCCCCCC=CCC=CCC=CCCCC(=O)O,CCCCCC=CCC=CCCCCCCCC(=O)O,strong,0.9259259259259259,1.0,0,,0,0.0,0.8055555555555556,2,0.8055555555555556,261,2125
197,367,M00197,M00367,COc1ccc(-c2cc(=O)c3c(OC)c(OC)c(OC)cc3o2)cc1O,COc1ccc(-c2cc(=O)c3c(OC)c(OC)c(OC)cc3o2)cc1OC,medium,0.7857142857142857,0.967741935483871,1,O=c1cc(-c2ccccc2)oc2ccccc12,37,0.6127978022039184,0.805283725630127,1,0.805283725630127,197,367
18,377,M00018,M00377,O=c1c(OC2OC(CO)C(O)C(O)C2O)c(-c2ccc(O)cc2)oc2cc(O)cc(O)c12,COc1cc(-c2oc3cc(O)cc(O)c3c(=O)c2OC2OC(CO)C(O)C(O)C2O)cc(OC)c1O,medium,0.7666666666666667,0.9285714285714286,1,O=c1c(OC2CCCCO2)c(-c2ccccc2)oc2ccccc12,12,0.7538526280001345,0.8052207513428773,2,0.8052207513428773,18,377
2985,2977,M02985,M02977,COC(=O)C12CC3CC(C(C)O)C1N(CCc1c2[nH]c2ccccc12)C3,CCC1CC2CN3CCc4c([nH]c5ccccc45)C(C(=O)OC)(C2)C13,medium,0.75,0.8928571428571429,1,c1ccc2c3c([nH]c2c1)C1CC2CCC1N(CC3)C2,4,0.8795051323147839,0.8051400555615033,1,0.8051400555615033,2977,2985
4098,4323,M04098,M04323,Cc1ccc(C(=O)C(C)N2CCCC2)cc1,CC(C(=O)c1ccccc1)N1CCCC1,medium,0.71875,0.9666666666666667,1,O=C(CN1CCCC1)c1ccccc1,4,0.8795051323147839,0.8048424365138842,1,0.8048424365138842,4098,4323
3241,1685,M03241,M01685,CC(CCC(=O)NCC(=O)O)C1CCC2C3C(O)C(O)C4CC(O)CCC4(C)C3CCC12C,CC(CCC(=O)NCC(=O)O)C1CCC2C3CC(O)C4CC(O)CCC4(C)C3CCC12C,medium,0.7758620689655172,0.9803921568627451,1,C1CCC2C(C1)CCC1C3CCCC3CCC21,33,0.6274242932504864,0.8047289245825695,1,0.8047289245825695,1685,3241
446,443,M00446,M00443,CCC=CCC=CCC=CCC=CCC=CCCCC(=O)OCC(O)COP(=O)([O-])OCC[N+](C)(C)C,CCC=CCC=CCC=CCCCCCCCC(=O)OCC(O)COP(=O)([O-])OCC[N+](C)(C)C,strong,0.9245283018867925,1.0,0,,0,0.0,0.8047169811320755,1,0.8047169811320755,443,446
476,151,M00476,M00151,CC(C)C(O)CCC(C)C1CCC2C3CC=C4CC(O)CCC4(C)C3CCC12C,CC(C)CCCC(C)C1CCC2C3CC=C4CC(O)CCC4(C)C3CCC12C,medium,0.7678571428571429,0.9444444444444444,1,C1=C2CCCCC2C2CCC3CCCC3C2C1,16,0.7185751418868361,0.8046116681084222,2,0.8046116681084222,151,476
4450,4449,M04450,M04449,CCCc1nn(C)c2c(=O)[nH]c(-c3cc(S(=O)(=O)N4CCN(CCO)CC4)ccc3OCC)nc12,CCCc1nn(C)c2c(=O)[nH]c(-c3cc(S(=O)(=O)N4CC(C)NC(C)C4)ccc3OCC)nc12,medium,0.7333333333333333,0.945054945054945,1,O=c1[nH]c(-c2cccc(S(=O)(=O)N3CCNCC3)c2)nc2cn[nH]c12,5,0.8555293230024756,0.8045931347141075,1,0.8045931347141075,4449,4450
4542,4543,M04542,M04543,CCCCCn1nc(C(=O)c2cccc3ccccc23)c2ccccc21,O=C(c1cccc2ccccc12)c1nn(CCCCCF)c2ccccc12,medium,0.7708333333333334,0.8,1,O=C(c1cccc2ccccc12)c1n[nH]c2ccccc12,2,0.9466801716388252,0.8045020257458239,1,0.8045020257458239,4542,4543
4609,4629,M04609,M04629,CCCCCn1cc(C(=O)C2C(C)(C)C2(C)C)c2ccccc21,CC1(C)C(C(=O)c2cn(CCCCCF)c3ccccc23)C1(C)C,medium,0.7777777777777778,0.8222222222222222,1,O=C(c1c[nH]c2ccccc12)C1CC1,4,0.8795051323147839,0.8041479920694399,1,0.8041479920694399,4609,4629
663,4520,M00663,M04520,COc1cc(Cc2cnc(N)nc2N)cc(OC)c1OC,COCCOc1c(OC)cc(Cc2cnc(N)nc2N)cc1OC,medium,0.7804878048780488,0.8148148148148148,1,c1ccc(Cc2cncnc2)cc1,4,0.8795051323147839,0.8039221564777506,1,0.8039221564777506,663,4520
3888,3687,M03888,M03687,O=C1CN=C(c2ccccc2F)c2cc(Cl)ccc2N1,O=C1CN=C(c2ccccc2Cl)c2cc(Cl)ccc2N1,medium,0.7674418604651163,0.9761904761904762,1,O=C1CN=C(c2ccccc2)c2ccccc2N1,25,0.6627017793637848,0.8039180022312565,1,0.8039180022312565,3687,3888
4277,3687,M04277,M03687,O=C1CN=C(c2ccccc2Cl)c2cc(Br)ccc2N1,O=C1CN=C(c2ccccc2Cl)c2cc(Cl)ccc2N1,medium,0.7674418604651163,0.9761904761904762,1,O=C1CN=C(c2ccccc2)c2ccccc2N1,25,0.6627017793637848,0.8039180022312565,1,0.8039180022312565,3687,4277
3227,3204,M03227,M03204,CCN=C1NC(=NCC)NC(Cl)N1,CCN=C1NC(=NC(C)C)NC(Cl)N1,medium,0.75,0.9142857142857143,1,N=C1NCNC(=N)N1,6,0.8352580650673657,0.8038601383315334,1,0.8038601383315334,3204,3227
129,1666,M00129,M01666,CCCCCC=CCC=CCC=CCC=CCCCC(=O)O,CCCCCC=CCC=CCC=CCCCCC(=O)O,strong,0.9230769230769231,1.0,0,,0,0.0,0.8038461538461539,2,0.8038461538461539,129,1666
1746,1745,M01746,M01745,CCCC=CCCCCCCCCC=CC(O)C(CO)NC(=O)CCCCCCCCCCCCCCCCC,CCCCCCCCCCCCCC=CC(O)C(CO)NC(=O)CCCCCCCCCCCCCCCCCCCCCCCCC,strong,0.9230769230769231,1.0,0,,0,0.0,0.8038461538461539,3,0.8038461538461539,1745,1746
1747,485,M01747,M00485,CCCC=CCCCCCCCCC=CC(O)C(CO)NC(=O)CCCCCCCCCCCCCCCCCCC,CCCCCCCCCCCCCC=CC(O)C(CO)NC(=O)CCCCCCCCCCCCCCCCC,strong,0.9230769230769231,1.0,0,,0,0.0,0.8038461538461539,2,0.8038461538461539,485,1747
1747,1745,M01747,M01745,CCCC=CCCCCCCCCC=CC(O)C(CO)NC(=O)CCCCCCCCCCCCCCCCCCC,CCCCCCCCCCCCCC=CC(O)C(CO)NC(=O)CCCCCCCCCCCCCCCCCCCCCCCCC,strong,0.9230769230769231,1.0,0,,0,0.0,0.8038461538461539,3,0.8038461538461539,1745,1747
1746,485,M01746,M00485,CCCC=CCCCCCCCCC=CC(O)C(CO)NC(=O)CCCCCCCCCCCCCCCCC,CCCCCCCCCCCCCC=CC(O)C(CO)NC(=O)CCCCCCCCCCCCCCCCC,strong,0.9230769230769231,1.0,0,,0,0.0,0.8038461538461539,2,0.8038461538461539,485,1746
349,244,M00349,M00244,O=c1c(O)c(-c2ccc(O)c(O)c2)oc2cc(O)cc(O)c12,O=c1c(O)c(-c2ccc(O)cc2)oc2cc(O)cc(O)c12,medium,0.7837837837837838,0.9655172413793104,1,O=c1cc(-c2ccccc2)oc2ccccc12,37,0.6127978022039184,0.8035692509456857,1,0.8035692509456857,244,349
493,495,M00493,M00495,CC(CCC(=O)NCC(=O)O)C1CCC2C3C(O)CC4CC(O)CCC4(C)C3CC(O)C12C,CC(CCC(=O)NCC(=O)O)C1CCC2C3CCC4CC(O)CCC4(C)C3CC(O)C12C,medium,0.765625,1.0,1,C1CCC2C(C1)CCC1C3CCCC3CCC21,33,0.6274242932504864,0.8034886439875729,1,0.8034886439875729,493,495
655,3618,M00655,M03618,CCC1OC(=O)C(C)C(OC2CC(C)(OC)C(O)C(C)O2)C(C)C(OC2OC(C)CC(N(C)C)C2O)C(C)(O)CC(C)C(=O)C(C)C(O)C1(C)O,CCC1OC(=O)C(C)C(OC2CC(C)(OC)C(O)C(C)O2)C(C)C(OC2OC(C)CC(NC)C2O)C(C)(OC)CC(C)C(=O)C(C)C(O)C1(C)O,medium,0.7411764705882353,0.8888888888888888,1,O=C1CCCCOC(=O)CC(OC2CCCCO2)CC(OC2CCCCO2)CCC1,3,0.9088491513636503,0.8032554772797109,1,0.8032554772797109,655,3618
4646,3484,M04646,M03484,CC1CC2C3CCC4=CC(=O)C=CC4(C)C3(F)C(O)CC2(C)C1(O)C(=O)CCl,CC(=O)OCC(=O)C1(O)C(C)CC2C3CCC4=CC(=O)C=CC4(C)C3(F)C(O)CC21C,medium,0.78125,0.9019607843137255,1,O=C1C=CC2C(=C1)CCC1C3CCCC3CCC21,15,0.7265474540909509,0.803222314192074,1,0.803222314192074,3484,4646
2222,2231,M02222,M02231,CC(C)Nc1nc(=O)nc(NC(C)C)[nH]1,CC(C)Nc1nc(=O)nc(N)[nH]1,medium,0.7407407407407407,0.9444444444444444,1,O=c1nc[nH]cn1,7,0.8176983027273006,0.8032103009646506,1,0.8032103009646506,2222,2231
332,325,M00332,M00325,COc1cc(-c2[o+]c3cc(O)cc(O)c3cc2OC2OC(CO)C(O)C(O)C2O)cc(O)c1O,OCC1OC(Oc2cc3c(O)cc(O)cc3[o+]c2-c2ccc(O)cc2)C(O)C(O)C1O,medium,0.7413793103448276,0.9512195121951219,1,c1ccc(-c2[o+]c3ccccc3cc2OC2CCCCO2)cc1,8,0.802209494641301,0.8029638884518722,2,0.8029638884518722,325,332
1285,1281,M01285,M01281,COc1ccc(C2CC(=O)c3c(O)cc(O)cc3O2)cc1OS(=O)(=O)O,COc1ccc(C2CC(=O)c3c(O)cc(OS(=O)(=O)O)cc3O2)cc1O,medium,0.75,0.9803921568627451,1,O=C1CC(c2ccccc2)Oc2ccccc21,16,0.7185751418868361,0.8028843104987117,1,0.8028843104987117,1281,1285
578,582,M00578,M00582,O=c1cc(-c2ccc(O)c(O)c2)oc2c(C3OC(CO)C(O)C(O)C3O)c(O)c(C3OCC(O)C(O)C3O)c(O)c12,O=c1cc(-c2ccc(O)cc2)oc2c(C3OC(CO)C(O)C(O)C3O)c(O)c(C3OC(CO)C(O)C(O)C3O)c(O)c12,medium,0.7049180327868853,0.9743589743589743,1,O=c1cc(-c2ccccc2)oc2c(C3CCCCO3)cc(C3CCCCO3)cc12,3,0.9088491513636503,0.8028679359664223,1,0.8028679359664223,578,582
3204,3226,M03204,M03226,CCN=C1NC(=NC(C)C)NC(Cl)N1,CCN=C1NC(=NC(C)CC)NC(Cl)N1,medium,0.7575757575757576,0.8918918918918919,1,N=C1NCNC(=N)N1,6,0.8352580650673657,0.8028071372785324,2,0.8028071372785324,3204,3226
3302,3305,M03302,M03305,COc1cc(CCNCc2ccccc2OC)c(OC)cc1I,COc1cc(CCNCc2ccccc2OC)c(OC)cc1Cl,medium,0.7142857142857143,0.9512195121951219,1,c1ccc(CCNCc2ccccc2)cc1,3,0.9088491513636503,0.8027036793247566,1,0.8027036793247566,3302,3305
3778,3212,M03778,M03212,CC12CCC3c4cc(O)c(O)cc4CCC3C1CCC2=O,CC12CCC3c4ccc(O)cc4CCC3C1CCC2=O,medium,0.75,0.8823529411764706,1,O=C1CCC2C1CCC1c3ccccc3CCC12,4,0.8795051323147839,0.8025140051413352,1,0.8025140051413352,3212,3778
2039,2037,M02039,M02037,CCCCOC(=O)N(C)SN(C)C(=O)Oc1cccc2c1OC(C)(C)C2,CCCCN(CCCC)SN(C)C(=O)Oc1cccc2c1OC(C)(C)C2,medium,0.7678571428571429,0.8656716417910447,1,c1ccc2c(c1)CCO2,6,0.8352580650673657,0.8024209059221518,1,0.8024209059221518,2037,2039
227,176,M00227,M00176,CCCCCC(=O)O,CCCCCCCCCC(=O)O,strong,0.9411764705882353,0.95,0,,0,0.0,0.8022058823529412,2,0.8022058823529412,176,227
227,307,M00227,M00307,CCCCCC(=O)O,CCCCCCC(=O)O,strong,0.9411764705882353,0.95,0,,0,0.0,0.8022058823529412,3,0.8022058823529412,227,307
227,133,M00227,M00133,CCCCCC(=O)O,CCCCCCCCCCCCCCCCCCCCCC(=O)O,strong,0.9411764705882353,0.95,0,,0,0.0,0.8022058823529412,1,0.8022058823529412,133,227
1619,1618,M01619,M01618,O=c1[nH]cnc2c1ncn2C1OC(COP(=O)(O)OP(=O)(O)OP(=O)(O)O)C(O)C1O,Nc1nc2c(ncn2C2OC(COP(=O)(O)OP(=O)(O)OP(=O)(O)O)C(O)C2O)c(=O)[nH]1,medium,0.7580645161290323,0.9577464788732394,1,O=c1[nH]cnc2c1ncn2C1CCCO1,16,0.7185751418868361,0.8020616006787546,1,0.8020616006787546,1618,1619
1695,1552,M01695,M01552,CC(=O)NCCCNCCCCN,CC(=O)NCCCNCCCCNCCCN,strong,0.92,1.0,0,,0,0.0,0.802,1,0.802,1552,1695
1578,1494,M01578,M01494,CCCCCC(=O)[O-],CCCCCCCCC(=O)[O-],strong,0.9444444444444444,0.9411764705882353,0,,0,0.0,0.8019607843137255,3,0.8019607843137255,1494,1578
1578,1415,M01578,M01415,CCCCCC(=O)[O-],CCCCCCCC(=O)[O-],strong,0.9444444444444444,0.9411764705882353,0,,0,0.0,0.8019607843137255,1,0.8019607843137255,1415,1578
1578,1465,M01578,M01465,CCCCCC(=O)[O-],CCCCCCCCCCCC(=O)[O-],strong,0.9444444444444444,0.9411764705882353,0,,0,0.0,0.8019607843137255,2,0.8019607843137255,1465,1578
219,1442,M00219,M01442,O=P(O)(O)OCC1OC(O)C(O)C(O)C1O,O=P(O)(O)OCC1OC(O)C(O)C1O,strong,0.9615384615384616,0.9,0,,0,0.0,0.8019230769230768,1,0.8019230769230768,219,1442
4218,2007,M04218,M02007,O=C(NC(=O)c1c(F)cccc1F)Nc1cc(Cl)c(OC(F)(F)C(F)C(F)(F)F)c(Cl)c1F,O=C(NC(=O)c1c(F)cccc1F)Nc1cc(Cl)c(OC(F)(F)C(F)C(F)(F)F)cc1Cl,medium,0.7192982456140351,1.0,1,O=C(NC(=O)c1ccccc1)Nc1ccccc1,8,0.802209494641301,0.8019103715646162,1,0.8019103715646162,2007,4218
4522,4523,M04522,M04523,CCCCCc1cc(O)c2c(c1)OC(C)(C)C1CCC(C)=CC21,CCCCCc1cc(O)c2c(c1)OC(C)(C)C1CCC(C(=O)O)=CC21,medium,0.75,0.8604651162790697,1,C1=CC2c3ccccc3OCC2CC1,3,0.9088491513636503,0.8014436517743149,2,0.8014436517743149,4522,4523
473,474,M00473,M00474,CCCCCC=CCC=CCCCCCCCC(=O)OCC(O)CO,CCCCCCC=CCCCCCCCC(=O)OCC(O)CO,strong,0.918918918918919,1.0,0,,0,0.0,0.8013513513513514,1,0.8013513513513514,473,474
473,475,M00473,M00475,CCCCCC=CCC=CCCCCCCCC(=O)OCC(O)CO,CCCCCCCCC=CCCCCCCCC(=O)OCC(O)CO,strong,0.918918918918919,1.0,0,,0,0.0,0.8013513513513514,2,0.8013513513513514,473,475
3644,885,M03644,M00885,CCOC(=O)C1C(OC(=O)c2ccccc2)CC2CCC1N2C,CN1C2CCC1C(C(=O)O)C(OC(=O)c1ccccc1)C2,medium,0.75,0.86,1,O=C(OC1CC2CCC(C1)N2)c1ccccc1,3,0.9088491513636503,0.8013273727045475,2,0.8013273727045475,885,3644
502,181,M00502,M00181,CC(CCC(=O)O)C1CCC2C3CCC4CC(O)CCC4(C)C3CCC12C,CC(CCC(=O)O)C1CCC2C3CCC4CC(O)CCC4(C)C3CC(O)C12C,medium,0.7735849056603774,0.9722222222222222,1,C1CCC2C(C1)CCC1C3CCCC3CCC21,33,0.6274242932504864,0.8013201429393549,1,0.8013201429393549,181,502
1849,1848,M01849,M01848,CC(CCC(=O)NCC(=O)O)C1CCC2C3CCC4CC(OS(=O)(=O)O)CCC4(C)C3CCC12C,CC(CCC(=O)NCCS(=O)(=O)O)C1CCC2C3CCC4CC(OS(=O)(=O)O)CCC4(C)C3CCC12C,strong,0.803030303030303,0.9014084507042254,1,C1CCC2C(C1)CCC1C3CCCC3CCC21,33,0.6274242932504864,0.801283938481811,2,0.801283938481811,1848,1849
4568,4495,M04568,M04495,CN(C)CCOc1ccc(C(=C(CCCl)c2ccccc2)c2ccccc2)cc1,CCC(=C(c1ccccc1)c1ccc(OCCN(C)C)cc1)c1ccccc1,medium,0.7380952380952381,0.9024390243902439,1,C(=C(c1ccccc1)c1ccccc1)c1ccccc1,4,0.8795051323147839,0.8003926688019215,1,0.8003926688019215,4495,4568
3815,3508,M03815,M03508,CCc1cc2c(s1)-n1c(C)nnc1CN=C2c1ccccc1Cl,Cc1nnc2n1-c1sc(Br)cc1C(c1ccccc1Cl)=NC2,medium,0.7307692307692307,0.92,1,c1ccc(C2=NCc3nncn3-c3sccc32)cc1,4,0.8795051323147839,0.800387308308756,2,0.800387308308756,3508,3815
1244,209,M01244,M00209,COc1ccc(-c2coc3cc(O)cc(O)c3c2=O)cc1,O=c1c(-c2ccc(O)cc2)coc2cc(O)cc(O)c12,medium,0.75,0.9,1,O=c1c(-c2ccccc2)coc2ccccc12,6,0.8352580650673657,0.8002887097601048,1,0.8002887097601048,209,1244
7,17,M00007,M00017,OCC1OC(Oc2cc(O)cc(C=Cc3ccc(O)cc3)c2)C(O)C(O)C1O,COc1cc(C=Cc2cc(O)cc(OC3OC(CO)C(O)C(O)C3O)c2)ccc1O,medium,0.7307692307692307,0.918918918918919,1,C(=Cc1cccc(OC2CCCCO2)c1)c1ccccc1,4,0.8795051323147839,0.8001170380384858,1,0.8001170380384858,7,17
675,3953,M00675,M03953,CC(=O)N(CC(O)CO)c1c(I)c(C(=O)NCC(O)CO)c(I)c(C(=O)NCC(O)CO)c1I,CC(=O)N(CC(O)CN(C(C)=O)c1c(I)c(C(=O)NCC(O)CO)c(I)c(C(=O)NCC(O)CO)c1I)c1c(I)c(C(=O)NCC(O)CO)c(I)c(C(=O)NCC(O)CO)c1I,strong,0.9487179487179487,0.9230769230769231,0,,0,0.0,0.8,1,0.8,675,3953
2156,156,M02156,M00156,CCCCCCC=CCCCC(=O)O,CCCCCCCCC=CCCCCCCCCCC(=O)O,strong,0.9166666666666666,1.0,0,,0,0.0,0.7999999999999999,1,0.7999999999999999,156,2156
2156,322,M02156,M00322,CCCCCCC=CCCCC(=O)O,CCCCCCC=CCCCCCCCC(=O)O,strong,0.9166666666666666,1.0,0,,0,0.0,0.7999999999999999,3,0.7999999999999999,322,2156
2156,318,M02156,M00318,CCCCCCC=CCCCC(=O)O,CCCCCCCCC=CCCCCCCCC(=O)O,strong,0.9166666666666666,1.0,0,,0,0.0,0.7999999999999999,2,0.7999999999999999,318,2156
497,500,M00497,M00500,CCCCCC=CCC=CCCCCCCCC(=O)OCC(COC(=O)CCCCCCCC=CCC=CCCCCC)OC(=O)CCCCCCCC=CCC=CCCCCC,CCCCCCC=CCCCCCCCC(=O)OCC(COC(=O)CCCCCCCC=CCCCCCC)OC(=O)CCCCCCCC=CCCCCCC,strong,0.9166666666666666,1.0,0,,0,0.0,0.7999999999999999,2,0.7999999999999999,497,500
498,497,M00498,M00497,CCCCCCCCC=CCCCCCCCC(=O)OCC(COC(=O)CCCCCCCC=CCCCCCCCC)OC(=O)CCCCCCCC=CCCCCCCCC,CCCCCC=CCC=CCCCCCCCC(=O)OCC(COC(=O)CCCCCCCC=CCC=CCCCCC)OC(=O)CCCCCCCC=CCC=CCCCCC,strong,0.9166666666666666,1.0,0,,0,0.0,0.7999999999999999,2,0.7999999999999999,497,498
663,3706,M00663,M03706,COc1cc(Cc2cnc(N)nc2N)cc(OC)c1OC,COc1ccc(Cc2cnc(N)nc2N)cc1OC,medium,0.725,0.9318181818181818,1,c1ccc(Cc2cncnc2)cc1,4,0.8795051323147839,0.7998803153017631,2,0.7998803153017631,663,3706
4131,3798,M04131,M03798,CCC(CO)NC(=O)C1C=C2c3cccc4c3c(cn4C)CC2N(C)C1,CCC(CO)NC(=O)C1C=C2c3cccc4[nH]cc(c34)CC2N(C)C1,medium,0.7230769230769231,0.95,1,C1=C2c3cccc4[nH]cc(c34)CC2NCC1,5,0.8555293230024756,0.7996755522965251,1,0.7996755522965251,3798,4131
3236,3235,M03236,M03235,CSC1NC(=NC(C)C)NC(=NC(C)C)N1,CCN=C1NC(=NC(C)C)NC(SC)N1,medium,0.7666666666666667,0.8571428571428571,1,N=C1NCNC(=N)N1,6,0.8352580650673657,0.7995744240458191,1,0.7995744240458191,3235,3236
2610,814,M02610,M00814,CCS(=O)c1c(C#N)nn(-c2c(Cl)cc(C(F)(F)F)cc2Cl)c1N,N#Cc1nn(-c2c(Cl)cc(C(F)(F)F)cc2Cl)c(N)c1S(=O)C(F)(F)F,medium,0.7450980392156863,0.896551724137931,1,c1ccc(-n2cccn2)cc1,5,0.8555293230024756,0.7995261530142659,1,0.7995261530142659,814,2610
809,3716,M00809,M03716,CN1C(=O)CN=C(c2ccccc2)c2cc(Cl)ccc21,CN1C(=O)CN=C(c2ccccc2Cl)c2cc(Cl)ccc21,medium,0.75,1.0,1,O=C1CN=C(c2ccccc2)c2ccccc2N1,25,0.6627017793637848,0.7994052669045677,1,0.7994052669045677,809,3716
2822,850,M02822,M00850,O=C1Nc2ccc(Cl)cc2C(c2ccccc2Cl)=NC1O,O=C1Nc2ccc(Cl)cc2C(c2ccccc2)=NC1O,medium,0.75,1.0,1,O=C1CN=C(c2ccccc2)c2ccccc2N1,25,0.6627017793637848,0.7994052669045677,2,0.7994052669045677,850,2822
356,200,M00356,M00200,Cc1cc2nc3c(=O)[nH]c(=O)nc-3n(CC(O)C(O)C(O)CO)c2cc1C,Cc1cc2nc3c(=O)[nH]c(=O)nc-3n(CC(O)C(O)C(O)COP(=O)(O)O)c2cc1C,medium,0.7368421052631579,0.8611111111111112,1,O=c1nc2[nH]c3ccccc3nc-2c(=O)[nH]1,2,0.9466801716388252,0.7993850666814962,1,0.7993850666814962,200,356
1619,1560,M01619,M01560,O=c1[nH]cnc2c1ncn2C1OC(COP(=O)(O)OP(=O)(O)OP(=O)(O)O)C(O)C1O,O=c1[nH]cnc2c1ncn2C1OC(COP(=O)([O-])OP(=O)([O-])O)C(O)C1O,medium,0.7540983606557377,0.9565217391304348,1,O=c1[nH]cnc2c1ncn2C1CCCO1,16,0.7185751418868361,0.7993757224590766,2,0.7993757224590766,1560,1619
3981,3996,M03981,M03996,CCCCCn1cc(C(=O)c2cccc3ccccc23)c2ccc(O)cc21,CCCCn1cc(C(=O)c2cccc3ccccc23)c2cc(O)ccc21,medium,0.7843137254901961,0.9512195121951219,1,O=C(c1cccc2ccccc12)c1c[nH]c2ccccc12,39,0.6060525864057348,0.7993010013037584,1,0.7993010013037584,3981,3996
3980,3997,M03980,M03997,CCCCCn1cc(C(=O)c2cccc3ccccc23)c2cc(O)ccc21,CCCCn1cc(C(=O)c2cccc3ccccc23)c2ccc(O)cc21,medium,0.7843137254901961,0.9512195121951219,1,O=C(c1cccc2ccccc12)c1c[nH]c2ccccc12,39,0.6060525864057348,0.7993010013037584,1,0.7993010013037584,3980,3997
3781,4002,M03781,M04002,CCc1ccc(C(=O)c2cn(CCCCCF)c3ccccc23)c2ccccc12,Cc1ccc(C(=O)c2cn(CCCCCF)c3ccccc23)c2ccccc12,medium,0.7755102040816326,0.9722222222222222,1,O=C(c1cccc2ccccc12)c1c[nH]c2ccccc12,39,0.6060525864057348,0.7992695659653953,1,0.7992695659653953,3781,4002
4590,3884,M04590,M03884,CN1CCN(CCCN2c3ccccc3Sc3ccc(C(F)(F)F)cc32)CC1,OCCN1CCN(CCCN2c3ccccc3Sc3ccc(C(F)(F)F)cc32)CC1,strong,0.8163265306122449,0.7636363636363637,1,c1ccc2c(c1)Sc1ccccc1N2CCCN1CCNCC1,9,0.7883542836784342,0.798958151828203,1,0.798958151828203,3884,4590
3673,3671,M03673,M03671,CC1(C)C(C=C(Cl)Cl)C1C(=O)OC(C#N)c1cccc(Oc2ccccc2)c1,CC1(C)C(C=C(Cl)Cl)C1C(=O)OC(C#N)c1ccc(F)c(Oc2ccccc2)c1,medium,0.75,0.9142857142857143,1,O=C(OCc1cccc(Oc2ccccc2)c1)C1CC1,8,0.802209494641301,0.7989028527676236,1,0.7989028527676236,3671,3673
4451,4446,M04451,M04446,CCCc1nn(C)c2c(=S)nc(-c3cc(S(=O)(=O)N4CCN(CCO)CC4)ccc3OCC)[nH]c12,CCCc1nn(C)c2c(=S)nc(-c3cc(S(=O)(=O)N4CC(C)NC(C)C4)ccc3OCC)[nH]c12,medium,0.7333333333333333,0.9222222222222223,1,O=S(=O)(c1cccc(-c2nc(=S)c3[nH]ncc3[nH]2)c1)N1CCNCC1,5,0.8555293230024756,0.7988849540059269,2,0.7988849540059269,4446,4451
3547,3546,M03547,M03546,O=C1C2CC=CCC2C(=O)N1SC(Cl)(Cl)Cl,O=C1C2CC=CCC2C(=O)N1SC(Cl)(Cl)C(Cl)Cl,medium,0.6875,1.0,1,O=C1NC(=O)C2CC=CCC12,3,0.9088491513636503,0.7988273727045475,1,0.7988273727045475,3546,3547
3635,4208,M03635,M04208,Cc1nnc2n1-c1ccc([N+](=O)[O-])cc1C(c1ccccc1Cl)=NC2,Cc1nnc2n1-c1ccc([N+](=O)[O-])cc1C(c1ccccc1)=NC2,medium,0.7592592592592593,0.9074074074074074,1,c1ccc(C2=NCc3nncn3-c3ccccc32)cc1,10,0.7758207207981391,0.7987805155271283,1,0.7987805155271283,3635,4208
2721,2259,M02721,M02259,Cc1ccc(OP(=O)(Oc2ccccc2)Oc2ccc(C)cc2)cc1,O=P(Oc1ccccc1)(Oc1ccccc1)Oc1ccccc1,medium,0.7391304347826086,0.92,1,O=P(Oc1ccccc1)(Oc1ccccc1)Oc1ccccc1,6,0.8352580650673657,0.7987669706296701,1,0.7987669706296701,2259,2721
1239,174,M01239,M00174,COc1ccc(-c2coc3cc(O)ccc3c2=O)cc1,O=c1c(-c2ccc(O)cc2)coc2cc(O)ccc12,medium,0.7631578947368421,0.8620689655172413,1,O=c1c(-c2ccccc2)coc2ccccc12,6,0.8352580650673657,0.7987006879815205,1,0.7987006879815205,174,1239
2921,700,M02921,M00700,Cc1cccc(C)c1N(Cn1cccn1)C(=O)CO,Cc1cccc(C)c1N(Cn1cccn1)C(=O)CCl,medium,0.7857142857142857,0.8181818181818182,1,c1ccc(NCn2cccn2)cc1,7,0.8176983027273006,0.798628771383121,1,0.798628771383121,700,2921
151,1670,M00151,M01670,CC(C)CCCC(C)C1CCC2C3CC=C4CC(O)CCC4(C)C3CCC12C,CC(CCCC(C)C1CCC2C3CC=C4CC(O)CCC4(C)C3CCC12C)C(=O)O,strong,0.8070175438596491,0.825,1,C1=C2CCCCC2C2CCC3CCCC3C2C1,16,0.7185751418868361,0.7982467975988149,3,0.7982467975988149,151,1670
3941,857,M03941,M00857,OCCOCCN1CCN(C(c2ccccc2)c2ccc(Cl)cc2)CC1,O=C(O)COCCN1CCN(C(c2ccccc2)c2ccc(Cl)cc2)CC1,medium,0.7446808510638298,0.9148936170212766,1,c1ccc(C(c2ccccc2)N2CCNCC2)cc1,7,0.8176983027273006,0.798186660302712,1,0.798186660302712,857,3941
1335,1229,M01335,M01229,CC(O)C1NC(=O)C2CCCN2C1=O,CC(C)C1NC(=O)C2CCCN2C1=O,medium,0.7714285714285715,0.7959183673469388,1,O=C1NCC(=O)N2CCCC12,3,0.9088491513636503,0.7981641073984251,1,0.7981641073984251,1229,1335
2295,2292,M02295,M02292,Cc1cccc(C)c1N(Cn1cccn1)C(=O)CS(=O)CC(=O)O,Cc1cccc(C)c1N(Cn1cccn1)C(=O)CS(C)=O,medium,0.7708333333333334,0.8507462686567164,1,c1ccc(NCn2cccn2)cc1,7,0.8176983027273006,0.7978413125732742,1,0.7978413125732742,2292,2295
2541,643,M02541,M00643,CC(C)(c1ccccc1)c1ccc(O)cc1,CC(C)(c1ccc(O)cc1)c1ccc(O)cc1,strong,0.8,0.8947368421052632,1,c1ccc(Cc2ccccc2)cc1,33,0.6274242932504864,0.7977978545138887,1,0.7977978545138887,643,2541
1238,249,M01238,M00249,COc1ccc(-c2oc3cc(O)cc(O)c3c(=O)c2O)cc1O,COc1cc(-c2oc3cc(O)cc(O)c3c(=O)c2O)cc(O)c1O,medium,0.7727272727272727,0.96875,1,O=c1cc(-c2ccccc2)oc2ccccc12,37,0.6127978022039184,0.7977435339669514,1,0.7977435339669514,249,1238
242,249,M00242,M00249,COc1cc(-c2oc3cc(O)cc(O)c3c(=O)c2O)ccc1O,COc1cc(-c2oc3cc(O)cc(O)c3c(=O)c2O)cc(O)c1O,medium,0.7727272727272727,0.96875,1,O=c1cc(-c2ccccc2)oc2ccccc12,37,0.6127978022039184,0.7977435339669514,2,0.7977435339669514,242,249
407,130,M00407,M00130,OCC1OC(Oc2ccccc2)C(O)C(O)C1O,OCC1OC(Oc2ccc(O)cc2)C(O)C(O)C1O,medium,0.7428571428571429,1.0,1,c1ccc(OC2CCCCO2)cc1,22,0.6788243374826469,0.7975379363366828,1,0.7975379363366828,130,407
1536,1645,M01536,M01645,Nc1ccn(C2CC(O)C(COP(=O)([O-])OP(=O)([O-])[O-])O2)c(=O)n1,Nc1ccn(C2CC(O)C(COP(=O)(O)OP(=O)(O)O)O2)c(=O)n1,medium,0.7543859649122807,0.9428571428571428,1,O=c1ncccn1C1CCCO1,15,0.7265474540909509,0.7973279827752967,2,0.7973279827752967,1536,1645
163,948,M00163,M00948,OCC1OC(Oc2cc3c(O)cc(O)cc3[o+]c2-c2ccc(O)c(O)c2)C(O)C(O)C1O,COc1cc(-c2[o+]c3cc(O)cc(O)c3cc2OC2OC(CO)C(O)C(O)C2O)cc(OC)c1O,medium,0.7413793103448276,0.9285714285714286,1,c1ccc(-c2[o+]c3ccccc3cc2OC2CCCCO2)cc1,8,0.802209494641301,0.7973018675459488,2,0.7973018675459488,163,948
2436,2440,M02436,M02440,NS(=O)(=O)c1ccc(-n2nc(C(F)(F)F)cc2-c2ccc(C(=O)O)cc2)cc1,Cc1ccc(-c2cc(C(F)(F)F)nn2-c2ccc(S(N)(=O)=O)cc2)cc1,medium,0.7291666666666666,0.8709677419354839,1,c1ccc(-c2ccnn2-c2ccccc2)cc1,2,0.9466801716388252,0.7972439612296947,1,0.7972439612296947,2436,2440
2401,2606,M02401,M02606,CCCCOC(=O)c1ccccc1C(=O)OCCCC,CCCCCOC(=O)c1ccccc1C(=O)OCCCCC,strong,0.8888888888888888,0.9285714285714286,1,c1ccccc1,802,0.21161295934610674,0.7972181343781064,1,0.7972181343781064,2401,2606
3389,2474,M03389,M02474,CCC1(c2ccc(N)cc2)CCC(=O)NC1=O,CCC1(c2ccccc2)CCC(=O)NC1=O,medium,0.7222222222222222,0.8837209302325582,1,O=C1CCC(c2ccccc2)C(=O)N1,2,0.9466801716388252,0.7962655916372966,1,0.7962655916372966,2474,3389
621,1995,M00621,M01995,COC(=O)c1ccccc1S(=O)(=O)NC(=O)Nc1nc(C)nc(OC)n1,COc1nc(C)nc(NC(=O)NS(=O)(=O)c2ccccc2Cl)n1,medium,0.7450980392156863,0.9154929577464789,1,O=C(Nc1ncncn1)NS(=O)(=O)c1ccccc1,8,0.802209494641301,0.7962634871622266,1,0.7962634871622266,621,1995
511,1668,M00511,M01668,CC(CCC(=O)NCCS(=O)(=O)O)C1CCC2C3C(O)CC4CC(O)CCC4(C)C3CCC12C,CC(CCC(=O)NCCS(=O)(=O)O)C1CCC2C3C(O)C(O)C4CC(O)CCC4(C)C3CCC12C,medium,0.765625,0.9710144927536232,1,C1CCC2C(C1)CCC1C3CCCC3CCC21,33,0.6274242932504864,0.7962422671759787,2,0.7962422671759787,511,1668
1945,4608,M01945,M04608,CC(C)(C)C(O)C(=Cc1ccc(Cl)cc1Cl)n1cncn1,CC(C)(C)C(O)C(=Cc1ccc(Cl)cc1)n1cncn1,medium,0.7021276595744681,0.9545454545454546,1,C(=Cn1cncn1)c1ccccc1,3,0.9088491513636503,0.796240332085592,1,0.796240332085592,1945,4608
22,349,M00022,M00349,O=c1c(O)c(-c2cc(O)c(O)c(O)c2)oc2cc(O)cc(O)c12,O=c1c(O)c(-c2ccc(O)c(O)c2)oc2cc(O)cc(O)c12,medium,0.7567567567567568,1.0,1,O=c1cc(-c2ccccc2)oc2ccccc12,37,0.6127978022039184,0.7959737243846419,1,0.7959737243846419,22,349
3080,3103,M03080,M03103,COc1cc(C=CC(=O)OC2CC3(C)CCC2C3(C)C)ccc1O,CC12CCC(C(OC(=O)C=Cc3ccc(O)cc3)C1)C2(C)C,medium,0.7169811320754716,0.8947368421052632,1,O=C(C=Cc1ccccc1)OC1CC2CCC1C2,2,0.9466801716388252,0.7958749155174225,1,0.7958749155174225,3080,3103
481,151,M00481,M00151,CCC(CCC(C)C1CCC2C3CC=C4CC(O)CCC4(C)C3CCC12C)C(C)C,CC(C)CCCC(C)C1CCC2C3CC=C4CC(O)CCC4(C)C3CCC12C,medium,0.7413793103448276,0.9714285714285714,1,C1=C2CCCCC2C2CCC3CCCC3C2C1,16,0.7185751418868361,0.7954710003470649,2,0.7954710003470649,151,481
328,180,M00328,M00180,COc1cc(-c2[o+]c3cc(O)cc(O)c3cc2OC2OC(CO)C(O)C(O)C2O)ccc1O,OCC1OC(Oc2cc3c(O)cc(O)cc3[o+]c2-c2cc(O)c(O)c(O)c2)C(O)C(O)C1O,medium,0.7288135593220338,0.9512195121951219,1,c1ccc(-c2[o+]c3ccccc3cc2OC2CCCCO2)cc1,8,0.802209494641301,0.7954244378381959,2,0.7954244378381959,180,328
4745,3872,M04745,M03872,CC12CCC(=O)C=C1CCC1C3CCC(O)(C(=O)CO)C3(C)CC(O)C12F,CC(=O)OCC(=O)C1(O)CCC2C3CCC4=CC(=O)CCC4(C)C3(F)C(O)CC21C,medium,0.7833333333333333,0.9038461538461539,1,O=C1C=C2CCC3C4CCCC4CCC3C2CC1,25,0.6627017793637848,0.7953668053661062,1,0.7953668053661062,3872,4745
3780,1444,M03780,M01444,CC12CCC3c4ccc(O)cc4CCC3C1CC(O)C2O,CC12CCC3c4ccc(O)cc4CCC3C1CCC2O,medium,0.717391304347826,0.9142857142857143,1,c1ccc2c(c1)CCC1C2CCC2CCCC21,3,0.9088491513636503,0.7953335838846717,1,0.7953335838846717,1444,3780
184,1292,M00184,M01292,O=C1c2c(O)cc(O)cc2OC(c2ccc(O)cc2)C1O,O=C1c2c(O)cc(O)cc2OC(c2cc(O)c(O)c(O)c2)C1O,medium,0.7435897435897436,0.9655172413793104,1,O=C1CC(c2ccccc2)Oc2ccccc21,16,0.7185751418868361,0.7953194277816992,2,0.7953194277816992,184,1292
506,394,M00506,M00394,CC1(C)CCC2(C(=O)O)CCC3(C)C(=CCC4C5(C)CCC(O)C(C)(C)C5CCC43C)C2C1,CC1CCC2(C(=O)O)CCC3(C)C(=CCC4C5(C)CCC(O)C(C)(C)C5CCC43C)C2C1C,medium,0.6949152542372882,1.0,1,C1=C2C3CCCCC3CCC2C2CCC3CCCCC3C2C1,5,0.8555293230024756,0.7952785509927442,1,0.7952785509927442,394,506
3647,4170,M03647,M04170,COc1ccc2c3c1OC1C(O)C=CC4C(C2)NCCC341,Oc1ccc2c3c1OC1C(O)C=CC4C(C2)NCCC341,medium,0.7358490566037735,0.9333333333333333,1,C1=CC2C3Cc4cccc5c4C2(CCN3)C(C1)O5,8,0.802209494641301,0.7951741914917926,1,0.7951741914917926,3647,4170
4394,4396,M04394,M04396,CCCCCn1cc(C(=O)c2ccc(OC)cc2)c2ccccc21,COc1ccc(C(=O)c2cn(CCCCCO)c3ccccc23)cc1,strong,0.8125,0.7169811320754716,1,O=C(c1ccccc1)c1c[nH]c2ccccc12,5,0.8555293230024756,0.7950746814692393,1,0.7950746814692393,4394,4396
312,1638,M00312,M01638,Nc1ncnc2c1ncn2C1OC(COP(=O)(O)OP(=O)(O)OCC2OC([n+]3cccc(C(=O)O)c3)C(O)C2O)C(O)C1O,NC(=O)c1ccc[n+](C2OC(COP(=O)(O)OP(=O)([O-])OCC3OC(n4cnc5c(N)ncnc54)C(OP(=O)(O)O)C3O)C(O)C2O)c1,medium,0.7159090909090909,0.958904109589041,1,O=[PH](OCC1CCC(n2cnc3cncnc32)O1)O[PH](=O)OCC1CCC([n+]2ccccc2)O1,6,0.8352580650673657,0.7945601917028197,2,0.7945601917028197,312,1638
3263,312,M03263,M00312,NC(=O)c1ccc[n+](C2OC(COP(=O)([O-])OP(=O)(O)OCC3OC(n4cnc5c(N)ncnc54)C(OP(=O)(O)O)C3O)C(O)C2O)c1,Nc1ncnc2c1ncn2C1OC(COP(=O)(O)OP(=O)(O)OCC2OC([n+]3cccc(C(=O)O)c3)C(O)C2O)C(O)C1O,medium,0.7159090909090909,0.958904109589041,1,O=[PH](OCC1CCC(n2cnc3cncnc32)O1)O[PH](=O)OCC1CCC([n+]2ccccc2)O1,6,0.8352580650673657,0.7945601917028197,1,0.7945601917028197,312,3263
24,1197,M00024,M01197,O=C1CC(c2ccc(O)cc2)Oc2cc(OC3OC(CO)C(O)C(O)C3O)cc(O)c21,O=C1CC(c2ccc(O)cc2)Oc2cc(OC3OC(C(=O)O)C(O)C(O)C3O)cc(O)c21,medium,0.7333333333333333,0.85,1,O=C1CC(c2ccccc2)Oc2cc(OC3CCCCO3)ccc21,2,0.9466801716388252,0.7945020257458237,1,0.7945020257458237,24,1197
2196,2076,M02196,M02076,CNC(=O)N(C)c1nnc(C(F)(F)F)s1,CNC(=O)N(C)c1nnc(C(C)(C)C)s1,medium,0.7428571428571429,0.8666666666666667,1,c1nncs1,4,0.8795051323147839,0.79430672222817,1,0.79430672222817,2076,2196
3816,857,M03816,M00857,OCCOCCOCCN1CCN(C(c2ccccc2)c2ccc(Cl)cc2)CC1,O=C(O)COCCN1CCN(C(c2ccccc2)c2ccc(Cl)cc2)CC1,medium,0.7291666666666666,0.9361702127659575,1,c1ccc(C(c2ccccc2)N2CCNCC2)cc1,7,0.8176983027273006,0.7941972986005844,1,0.7941972986005844,857,3816
3069,3059,M03069,M03059,CC(C)=CCCC1(C)C=Cc2c(O)c3c(c(CC=C(C)C)c2O1)OC12C(=CC4CC1C(C)(C)OC2(CC=C(C)C(=O)O)C4=O)C3=O,CC(C)=CCCC(C)=CCC1=Cc2c(O)c3c(c(CC=C(C)C)c2OC1O)OC12C(=CC4CC1C(C)(C)OC2(CC=C(C)C(=O)O)C4=O)C3=O,medium,0.6956521739130435,0.9615384615384616,1,O=C1C2=CC3CC4COC(C3=O)C24Oc2cc3c(cc21)C=CCO3,3,0.9088491513636503,0.794103292436989,1,0.794103292436989,3059,3069
1191,1323,M01191,M01323,O=C(O)CCc1ccc(O)c(OC2OC(C(=O)O)C(O)C(O)C2O)c1,COc1cc(CCC(=O)O)ccc1OC1OC(C(=O)O)C(O)C(O)C1O,medium,0.76,0.9444444444444444,1,c1ccc(OC2CCCCO2)cc1,22,0.6788243374826469,0.7939347617335082,2,0.7939347617335082,1191,1323
1183,1191,M01183,M01191,COc1ccc(CCC(=O)O)cc1OC1OC(C(=O)O)C(O)C(O)C1O,O=C(O)CCc1ccc(O)c(OC2OC(C(=O)O)C(O)C(O)C2O)c1,medium,0.76,0.9444444444444444,1,c1ccc(OC2CCCCO2)cc1,22,0.6788243374826469,0.7939347617335082,1,0.7939347617335082,1183,1191
3633,3879,M03633,M03879,O=C1CN=C(c2ccccc2Cl)c2cc([N+](=O)[O-])ccc2N1,O=C1CN=C(c2ccccc2F)c2cc([N+](=O)[O-])ccc2N1,medium,0.7551020408163265,0.9655172413793104,1,O=C1CN=C(c2ccccc2)c2ccccc2N1,25,0.6627017793637848,0.7938458017391912,1,0.7938458017391912,3633,3879
4344,3601,M04344,M03601,CN(C)CCCN1c2ccccc2Sc2ccccc21,CN(C)CCCN1c2ccccc2Sc2ccc(Cl)cc21,medium,0.7631578947368421,0.9111111111111111,1,c1ccc2c(c1)Nc1ccccc1S2,16,0.7185751418868361,0.7934587859029084,1,0.7934587859029084,3601,4344
444,439,M00444,M00439,CCCCCCCCC=CCC=CCC=CCCCC(=O)OCC(O)COP(=O)([O-])OCC[N+](C)(C)C,CCCCCCC=CCCCCCCCC(=O)OCC(O)COP(=O)([O-])OCC[N+](C)(C)C,strong,0.9056603773584906,1.0,0,,0,0.0,0.7933962264150943,3,0.7933962264150943,439,444
441,444,M00441,M00444,CCCCCCCCC=CCCCCCCCC(=O)OCC(O)COP(=O)([O-])OCC[N+](C)(C)C,CCCCCCCCC=CCC=CCC=CCCCC(=O)OCC(O)COP(=O)([O-])OCC[N+](C)(C)C,strong,0.9056603773584906,1.0,0,,0,0.0,0.7933962264150943,3,0.7933962264150943,441,444
275,138,M00275,M00138,C=C(C)C1CCC2(C)CCC3(C)C(CCC4C5(C)CCC(O)C(C)(C)C5CCC43C)C12,C=C(C)C1CCC2(C(=O)O)CCC3(C)C(CCC4C5(C)CCC(O)C(C)(C)C5CCC43C)C12,medium,0.7222222222222222,0.8717948717948718,1,C1CCC2C(C1)CCC1C2CCC2C3CCCC3CCC21,2,0.9466801716388252,0.793284077027875,1,0.793284077027875,138,275
1468,1524,M01468,M01524,NC(Cc1cc(I)c(Oc2ccc(O)c(I)c2)c(I)c1)C(=O)O,NC(Cc1cc(I)c(Oc2cc(I)c(O)c(I)c2)c(I)c1)C(=O)O,medium,0.7441860465116279,1.0,1,c1ccc(Oc2ccccc2)cc1,29,0.6438836066809098,0.7930941689091132,2,0.7930941689091132,1468,1524
4678,4677,M04678,M04677,CCCCC(=O)OC1(C(=O)CO)C(C)CC2C3CCC4=CC(=O)C=CC4(C)C3(F)C(O)CC21C,CCC(=O)OCC(=O)C1(OC(=O)CC)C(C)CC2C3CCC4=CC(=O)C=CC4(C)C3(F)C(O)CC21C,medium,0.7397260273972602,0.9607843137254902,1,O=C1C=CC2C(=C1)CCC1C3CCCC3CCC21,15,0.7265474540909509,0.7930138129833714,1,0.7930138129833714,4677,4678
3883,3637,M03883,M03637,OCCN1CCN(CCC=C2c3ccccc3Sc3ccc(C(F)(F)F)cc32)CC1,OCCN1CCN(CCC=C2c3ccccc3Sc3ccc(Cl)cc32)CC1,medium,0.7169811320754716,0.9056603773584906,1,C(CCN1CCNCC1)=C1c2ccccc2Sc2ccccc21,3,0.9088491513636503,0.7929311462894532,1,0.7929311462894532,3637,3883
3634,3687,M03634,M03687,Nc1ccc2c(c1)C(c1ccccc1Cl)=NCC(=O)N2,O=C1CN=C(c2ccccc2Cl)c2cc(Cl)ccc2N1,medium,0.7674418604651163,0.9318181818181818,1,O=C1CN=C(c2ccccc2)c2ccccc2N1,25,0.6627017793637848,0.792824928638183,1,0.792824928638183,3634,3687
1496,371,M01496,M00371,NCCCNCCCN,NCCCNCCCCNCCCN,strong,0.9230769230769231,0.9545454545454546,0,,0,0.0,0.7924825174825175,1,0.7924825174825175,371,1496
1331,0,M01331,M00000,COc1ccc(C2Oc3cc(O)cc(O)c3CC2O)cc1O,Oc1cc(O)c2c(c1)OC(c1ccc(O)c(O)c1)C(O)C2,medium,0.7441860465116279,0.8823529411764706,1,c1ccc(C2CCc3ccccc3O2)cc1,6,0.8352580650673657,0.7923885729611992,1,0.7923885729611992,0,1331
1577,1619,M01577,M01619,Nc1nc2c(ncn2C2OC(COP(=O)(O)OP(=O)(O)O)C(O)C2O)c(=O)[nH]1,O=c1[nH]cnc2c1ncn2C1OC(COP(=O)(O)OP(=O)(O)OP(=O)(O)O)C(O)C1O,medium,0.7419354838709677,0.9577464788732394,1,O=c1[nH]cnc2c1ncn2C1CCCO1,16,0.7185751418868361,0.7923841813239159,1,0.7923841813239159,1577,1619
4417,2633,M04417,M02633,CCCN1CCCCC1C(=O)Nc1c(C)cccc1C,Cc1cccc(C)c1NC(=O)C1CCCCN1C,medium,0.7209302325581395,0.8936170212765957,1,O=C(Nc1ccccc1)C1CCCCN1,3,0.9088491513636503,0.7922897675585802,1,0.7922897675585802,2633,4417
368,191,M00368,M00191,CC1CCC2(CO)CCC3(C)C(=CCC4C5(C)CCC(O)C(C)(C)C5CCC43C)C2C1C,CC1(C)CCC2(CO)CCC3(C)C(=CCC4C5(C)CCC(O)C(C)(C)C5CCC43C)C2C1,medium,0.6896551724137931,1.0,1,C1=C2C3CCCCC3CCC2C2CCC3CCCCC3C2C1,5,0.8555293230024756,0.7921225018986471,1,0.7921225018986471,191,368
299,244,M00299,M00244,O=c1c(O)c(-c2ccc(O)cc2O)oc2cc(O)cc(O)c12,O=c1c(O)c(-c2ccc(O)cc2)oc2cc(O)cc(O)c12,medium,0.75,1.0,1,O=c1cc(-c2ccccc2)oc2ccccc12,37,0.6127978022039184,0.7919196703305877,1,0.7919196703305877,244,299
3289,722,M03289,M00722,Cc1cc(NS(=O)(=O)c2ccc(NO)cc2)no1,CC(=O)Nc1ccc(S(=O)(=O)Nc2cc(C)on2)cc1,medium,0.7317073170731707,0.8833333333333333,1,O=S(=O)(Nc1ccon1)c1ccccc1,4,0.8795051323147839,0.7917834934244534,1,0.7917834934244534,722,3289
3015,3013,M03015,M03013,CCC1NC2CC3(C(=O)N(OC)c4cc(OC)ccc43)C3OCC2C1C3O,CCC1NC2CC3(C(=O)N(OC)c4cc(OC)ccc43)C3CC1C2CO3,medium,0.7058823529411765,0.927536231884058,1,O=C1Nc2ccccc2C12CC1NCC3CC2OCC31,3,0.9088491513636503,0.7917408424402679,1,0.7917408424402679,3013,3015
4744,617,M04744,M00617,CCCN(CCCl)c1c([N+](=O)[O-])cc(C(F)(F)F)cc1[N+](=O)[O-],CCCN(CCC)c1c([N+](=O)[O-])cc(C(F)(F)F)cc1[N+](=O)[O-],strong,0.8648648648648649,0.9629629629629629,1,c1ccccc1,802,0.21161295934610674,0.7914016035615756,1,0.7914016035615756,617,4744
1419,1420,M01419,M01420,CC12CCC(=O)C=C1CCC1C2C(O)CC2(C)C1CCC2(O)C(=O)CO,CC(=O)OCC(=O)C1(O)CCC2C3CCC4=CC(=O)CCC4(C)C3C(O)CC21C,medium,0.7796610169491526,0.8958333333333334,1,O=C1C=C2CCC3C4CCCC4CCC3C2CC1,25,0.6627017793637848,0.7911602104073926,1,0.7911602104073926,1419,1420
4808,4811,M04808,M04811,CCCCC(CCC)c1ccc(S(=O)(=O)O)cc1,CCCCCCC(CCCC)c1ccc(S(=O)(=O)O)cc1,strong,0.8484848484848485,1.0,1,c1ccccc1,802,0.21161295934610674,0.790832852992825,3,0.790832852992825,4808,4811
23,1242,M00023,M01242,O=C1CC(c2ccc(O)cc2)Oc2cc(O)cc(O)c21,COc1ccc(C2CC(=O)c3c(O)cc(O)cc3O2)cc1,medium,0.7619047619047619,0.9032258064516129,1,O=C1CC(c2ccccc2)Oc2ccccc21,16,0.7185751418868361,0.7907355800387857,2,0.7907355800387857,23,1242
4276,4337,M04276,M04337,OCCN1CCN(CCCN2c3ccccc3Sc3ccc(Cl)cc32)CC1,CN1CCN(CCCN2c3ccccc3Sc3ccc(Cl)cc32)CC1,strong,0.8043478260869565,0.7592592592592593,1,c1ccc2c(c1)Sc1ccccc1N2CCCN1CCNCC1,9,0.7883542836784342,0.7906766530187538,1,0.7906766530187538,4276,4337
1178,1188,M01178,M01188,COc1cc(C(=O)O)ccc1OC1OC(C(=O)O)C(O)C(O)C1C,COc1ccc(C(=O)O)cc1OC1OC(C(=O)O)C(O)C(O)C1O,medium,0.7446808510638298,0.967741935483871,1,c1ccc(OC2CCCCO2)cc1,22,0.6788243374826469,0.7905676451316627,1,0.7905676451316627,1178,1188
1693,1691,M01693,M01691,CCCCC(=O)OC(CC(=O)[O-])C[N+](C)(C)C,CCCCCC(=O)OC(CC(=O)[O-])C[N+](C)(C)C,strong,0.9117647058823529,0.9736842105263158,0,,0,0.0,0.7904798761609907,1,0.7904798761609907,1691,1693
1872,1563,M01872,M01563,CC(CO)CCCC(C)C1CCC2C3CC=C4CC(O)CCC4(C)C3CCC12C,CC(CCCC(C)(C)O)C1CCC2C3CC=C4CC(O)CCC4(C)C3CCC12C,medium,0.7627118644067796,0.9,1,C1=C2CCCCC2C2CCC3CCCC3C2C1,16,0.7185751418868361,0.7904133899270932,1,0.7904133899270932,1563,1872
377,350,M00377,M00350,COc1cc(-c2oc3cc(O)cc(O)c3c(=O)c2OC2OC(CO)C(O)C(O)C2O)cc(OC)c1O,O=c1c(OC2OC(CO)C(O)C(O)C2O)c(-c2ccc(O)c(O)c2)oc2cc(O)cc(O)c12,medium,0.7419354838709677,0.9285714285714286,1,O=c1c(OC2CCCCO2)c(-c2ccccc2)oc2ccccc12,12,0.7538526280001345,0.7903820416654579,2,0.7903820416654579,350,377
4631,4629,M04631,M04629,CC1(C)C(C(=O)c2cn(CCCC(F)(F)F)c3ccccc23)C1(C)C,CC1(C)C(C(=O)c2cn(CCCCCF)c3ccccc23)C1(C)C,medium,0.7291666666666666,0.8837209302325582,1,O=C(c1c[nH]c2ccccc12)C1CC1,4,0.8795051323147839,0.7903560024053571,1,0.7903560024053571,4629,4631
3514,3036,M03514,M03036,COc1ccc2c(c1O)-c1c3c(cc4c1C(C2)N(C)CC4)OCO3,COc1cc2c(cc1OC)-c1c3c(cc4c1C(C2)N(C)CC4)OCO3,medium,0.6964285714285714,0.9444444444444444,1,c1ccc2c(c1)CC1NCCc3cc4c(c-2c31)OCO4,3,0.9088491513636503,0.7902956266728014,1,0.7902956266728014,3036,3514
1542,429,M01542,M00429,CC(C)=CCNc1ncnc2nc[nH]c12,CC(=CCNc1ncnc2nc[nH]c12)CO,medium,0.775,0.8,1,c1ncc2[nH]cnc2n1,6,0.8352580650673657,0.7902887097601049,1,0.7902887097601049,429,1542
705,2415,M00705,M02415,O=C(O)c1cn(C2CC2)c2cc(N3CCNCC3)c(F)cc2c1=O,CCN1CCN(c2cc3c(cc2F)c(=O)c(C(=O)O)cn3C2CC2)CC1,medium,0.7272727272727273,0.8461538461538461,1,O=c1ccn(C2CC2)c2cc(N3CCNCC3)ccc12,2,0.9466801716388252,0.7899041236479216,1,0.7899041236479216,705,2415
1235,1242,M01235,M01242,COc1cc(C2CC(=O)c3c(O)cc(O)cc3O2)ccc1O,COc1ccc(C2CC(=O)c3c(O)cc(O)cc3O2)cc1,medium,0.7446808510638298,0.9393939393939394,1,O=C1CC(c2ccccc2)Oc2ccccc21,16,0.7185751418868361,0.7894432667698081,1,0.7894432667698081,1235,1242
14,1242,M00014,M01242,COc1ccc(C2CC(=O)c3c(O)cc(O)cc3O2)cc1O,COc1ccc(C2CC(=O)c3c(O)cc(O)cc3O2)cc1,medium,0.7446808510638298,0.9393939393939394,1,O=C1CC(c2ccccc2)Oc2ccccc21,16,0.7185751418868361,0.7894432667698081,1,0.7894432667698081,14,1242
1524,1376,M01524,M01376,NC(Cc1cc(I)c(Oc2cc(I)c(O)c(I)c2)c(I)c1)C(=O)O,NC(Cc1cc(I)c(Oc2ccc(O)cc2)c(I)c1)C(=O)O,medium,0.7380952380952381,1.0,1,c1ccc(Oc2ccccc2)cc1,29,0.6438836066809098,0.7894396838592793,2,0.7894396838592793,1376,1524
2329,651,M02329,M00651,Cc1ccnc(NS(=O)(=O)c2ccc(N)cc2)n1,Cc1cc(C)nc(NS(=O)(=O)c2ccc(N)cc2)n1,medium,0.7027027027027027,0.98,1,O=S(=O)(Nc1ncccn1)c1ccccc1,7,0.8176983027273006,0.7892763670307167,1,0.7892763670307167,651,2329
4004,4014,M04004,M04014,CCCCCCn1cc(C(=O)c2cccc3ccccc23)cc1-c1ccccc1,CCCCCn1cc(C(=O)c2cccc3ccccc23)cc1-c1ccccc1F,medium,0.7272727272727273,0.8837209302325582,1,O=C(c1c[nH]c(-c2ccccc2)c1)c1cccc2ccccc12,4,0.8795051323147839,0.7892196387689935,2,0.7892196387689935,4004,4014
3241,494,M03241,M00494,CC(CCC(=O)NCC(=O)O)C1CCC2C3C(O)C(O)C4CC(O)CCC4(C)C3CCC12C,CC(CCC(=O)NCC(=O)O)C1CCC2C3C(O)CC4CC(O)CCC4(C)C3CCC12C,medium,0.75,0.9803921568627451,1,C1CCC2C(C1)CCC1C3CCCC3CCC21,33,0.6274242932504864,0.7892116832032592,2,0.7892116832032592,494,3241
1008,1012,M01008,M01012,Nc1nc2c(ncn2C2OC(COP(=O)(O)O)C(O)C2O)c(=O)[nH]1,O=c1[nH]cnc2c1ncn2C1OC(COP(=O)(O)O)C(O)C1O,medium,0.7368421052631579,0.9571428571428572,1,O=c1[nH]cnc2c1ncn2C1CCCO1,16,0.7185751418868361,0.7891772487266344,1,0.7891772487266344,1008,1012
2676,1060,M02676,M01060,O=C1CCCCCCCCCCCN1,O=C1CCCCN1,strong,0.9411764705882353,0.896551724137931,0,,0,0.0,0.7888438133874239,2,0.7888438133874239,1060,2676
2671,1060,M02671,M01060,O=C1CCCCCN1,O=C1CCCCN1,strong,0.9411764705882353,0.896551724137931,0,,0,0.0,0.7888438133874239,2,0.7888438133874239,1060,2671
1190,1320,M01190,M01320,COc1ccc(C=CC(=O)O)cc1OC1OC(C(=O)O)C(O)C(O)C1O,O=C(O)C=Cc1ccc(O)c(OC2OC(C(=O)O)C(O)C(O)C2O)c1,medium,0.7551020408163265,0.9354838709677419,1,c1ccc(OC2CCCCO2)cc1,22,0.6788243374826469,0.7887558428541284,2,0.7887558428541284,1190,1320
1181,1184,M01181,M01184,COc1cc(C=CC(=O)O)ccc1OC1OC(C(=O)O)C(O)C(O)C1O,O=C(O)C=Cc1ccc(OC2OC(C(=O)O)C(O)C(O)C2O)c(O)c1,medium,0.7551020408163265,0.9354838709677419,1,c1ccc(OC2CCCCO2)cc1,22,0.6788243374826469,0.7887558428541284,1,0.7887558428541284,1181,1184
1184,1190,M01184,M01190,O=C(O)C=Cc1ccc(OC2OC(C(=O)O)C(O)C(O)C2O)c(O)c1,COc1ccc(C=CC(=O)O)cc1OC1OC(C(=O)O)C(O)C(O)C1O,medium,0.7551020408163265,0.9354838709677419,1,c1ccc(OC2CCCCO2)cc1,22,0.6788243374826469,0.7887558428541284,2,0.7887558428541284,1184,1190
1181,1320,M01181,M01320,COc1cc(C=CC(=O)O)ccc1OC1OC(C(=O)O)C(O)C(O)C1O,O=C(O)C=Cc1ccc(O)c(OC2OC(C(=O)O)C(O)C(O)C2O)c1,medium,0.7551020408163265,0.9354838709677419,1,c1ccc(OC2CCCCO2)cc1,22,0.6788243374826469,0.7887558428541284,2,0.7887558428541284,1181,1320
2105,2095,M02105,M02095,CCCCCCCCCCCCC[n+]1cccc(S(=O)(=O)[O-])c1,CCC[n+]1cccc(S(=O)(=O)[O-])c1,medium,0.7647058823529411,0.9215686274509803,1,c1cc[nH+]cc1,25,0.6627017793637848,0.7886209531790774,1,0.7886209531790774,2095,2105
2108,2095,M02108,M02095,CCCCCCCCCCCCCCCC[n+]1cccc(S(=O)(=O)[O-])c1,CCC[n+]1cccc(S(=O)(=O)[O-])c1,medium,0.7647058823529411,0.9215686274509803,1,c1cc[nH+]cc1,25,0.6627017793637848,0.7886209531790774,1,0.7886209531790774,2095,2108
2104,2095,M02104,M02095,CCCCCCCCCCCC[n+]1cccc(S(=O)(=O)[O-])c1,CCC[n+]1cccc(S(=O)(=O)[O-])c1,medium,0.7647058823529411,0.9215686274509803,1,c1cc[nH+]cc1,25,0.6627017793637848,0.7886209531790774,1,0.7886209531790774,2095,2104
2098,2095,M02098,M02095,CCCCCC[n+]1cccc(S(=O)(=O)[O-])c1,CCC[n+]1cccc(S(=O)(=O)[O-])c1,medium,0.7647058823529411,0.9215686274509803,1,c1cc[nH+]cc1,25,0.6627017793637848,0.7886209531790774,1,0.7886209531790774,2095,2098
2106,2095,M02106,M02095,CCCCCCCCCCCCCC[n+]1cccc(S(=O)(=O)[O-])c1,CCC[n+]1cccc(S(=O)(=O)[O-])c1,medium,0.7647058823529411,0.9215686274509803,1,c1cc[nH+]cc1,25,0.6627017793637848,0.7886209531790774,1,0.7886209531790774,2095,2106
2103,2095,M02103,M02095,CCCCCCCCCCC[n+]1cccc(S(=O)(=O)[O-])c1,CCC[n+]1cccc(S(=O)(=O)[O-])c1,medium,0.7647058823529411,0.9215686274509803,1,c1cc[nH+]cc1,25,0.6627017793637848,0.7886209531790774,1,0.7886209531790774,2095,2103
2102,2095,M02102,M02095,CCCCCCCCCC[n+]1cccc(S(=O)(=O)[O-])c1,CCC[n+]1cccc(S(=O)(=O)[O-])c1,medium,0.7647058823529411,0.9215686274509803,1,c1cc[nH+]cc1,25,0.6627017793637848,0.7886209531790774,1,0.7886209531790774,2095,2102
2101,2095,M02101,M02095,CCCCCCCCC[n+]1cccc(S(=O)(=O)[O-])c1,CCC[n+]1cccc(S(=O)(=O)[O-])c1,medium,0.7647058823529411,0.9215686274509803,1,c1cc[nH+]cc1,25,0.6627017793637848,0.7886209531790774,1,0.7886209531790774,2095,2101
2107,2095,M02107,M02095,CCCCCCCCCCCCCCC[n+]1cccc(S(=O)(=O)[O-])c1,CCC[n+]1cccc(S(=O)(=O)[O-])c1,medium,0.7647058823529411,0.9215686274509803,1,c1cc[nH+]cc1,25,0.6627017793637848,0.7886209531790774,1,0.7886209531790774,2095,2107
2109,2095,M02109,M02095,CCCCCCCCCCCCCCCCC[n+]1cccc(S(=O)(=O)[O-])c1,CCC[n+]1cccc(S(=O)(=O)[O-])c1,medium,0.7647058823529411,0.9215686274509803,1,c1cc[nH+]cc1,25,0.6627017793637848,0.7886209531790774,1,0.7886209531790774,2095,2109
2110,2095,M02110,M02095,CCCCCCCCCCCCCCCCCC[n+]1cccc(S(=O)(=O)[O-])c1,CCC[n+]1cccc(S(=O)(=O)[O-])c1,medium,0.7647058823529411,0.9215686274509803,1,c1cc[nH+]cc1,25,0.6627017793637848,0.7886209531790774,1,0.7886209531790774,2095,2110
2111,2095,M02111,M02095,CCCCCCCCCCCCCCCCCCC[n+]1cccc(S(=O)(=O)[O-])c1,CCC[n+]1cccc(S(=O)(=O)[O-])c1,medium,0.7647058823529411,0.9215686274509803,1,c1cc[nH+]cc1,25,0.6627017793637848,0.7886209531790774,1,0.7886209531790774,2095,2111
2100,2095,M02100,M02095,CCCCCCCC[n+]1cccc(S(=O)(=O)[O-])c1,CCC[n+]1cccc(S(=O)(=O)[O-])c1,medium,0.7647058823529411,0.9215686274509803,1,c1cc[nH+]cc1,25,0.6627017793637848,0.7886209531790774,1,0.7886209531790774,2095,2100
2099,2095,M02099,M02095,CCCCCCC[n+]1cccc(S(=O)(=O)[O-])c1,CCC[n+]1cccc(S(=O)(=O)[O-])c1,medium,0.7647058823529411,0.9215686274509803,1,c1cc[nH+]cc1,25,0.6627017793637848,0.7886209531790774,1,0.7886209531790774,2095,2099
2112,2095,M02112,M02095,CCCCCCCCCCCCCCCCCCCC[n+]1cccc(S(=O)(=O)[O-])c1,CCC[n+]1cccc(S(=O)(=O)[O-])c1,medium,0.7647058823529411,0.9215686274509803,1,c1cc[nH+]cc1,25,0.6627017793637848,0.7886209531790774,1,0.7886209531790774,2095,2112
3202,2301,M03202,M02301,Cc1ccc2nn[nH]c2c1,Cc1ccc2[nH]nnc2c1,medium,0.7037037037037037,1.0,1,c1ccc2[nH]nnc2c1,10,0.7758207207981391,0.7885953303419432,1,0.7885953303419432,2301,3202
4395,4394,M04395,M04394,COc1ccc(C(=O)c2cn(CCCCC(=O)O)c3ccccc23)cc1,CCCCCn1cc(C(=O)c2ccc(OC)cc2)c2ccccc21,medium,0.7959183673469388,0.7307692307692307,1,O=C(c1ccccc1)c1c[nH]c2ccccc12,5,0.8555293230024756,0.7885727265508422,2,0.7885727265508422,4394,4395
1563,476,M01563,M00476,CC(CCCC(C)(C)O)C1CCC2C3CC=C4CC(O)CCC4(C)C3CCC12C,CC(C)C(O)CCC(C)C1CCC2C3CC=C4CC(O)CCC4(C)C3CCC12C,medium,0.7288135593220338,0.972972972972973,1,C1=C2CCCCC2C2CCC3CCCC3C2C1,16,0.7185751418868361,0.788317650119489,2,0.788317650119489,476,1563
4524,4523,M04524,M04523,CCCCCc1cc(O)c2c(c1)OC(C)(C)C1CCC(CO)=CC21,CCCCCc1cc(O)c2c(c1)OC(C)(C)C1CCC(C(=O)O)=CC21,medium,0.7241379310344828,0.8695652173913043,1,C1=CC2c3ccccc3OCC2CC1,3,0.9088491513636503,0.7882014356730632,2,0.7882014356730632,4523,4524
504,156,M00504,M00156,CCCCC=CCCCCCCCC(=O)O,CCCCCCCCC=CCCCCCCCCCC(=O)O,strong,0.9166666666666666,0.9523809523809523,0,,0,0.0,0.788095238095238,1,0.788095238095238,156,504
504,318,M00504,M00318,CCCCC=CCCCCCCCC(=O)O,CCCCCCCCC=CCCCCCCCC(=O)O,strong,0.9166666666666666,0.9523809523809523,0,,0,0.0,0.788095238095238,2,0.788095238095238,318,504
504,322,M00504,M00322,CCCCC=CCCCCCCCC(=O)O,CCCCCCC=CCCCCCCCC(=O)O,strong,0.9166666666666666,0.9523809523809523,0,,0,0.0,0.788095238095238,3,0.788095238095238,322,504
812,789,M00812,M00789,CNCC(c1ccc(O)cc1)C1(O)CCCCC1,CNCC(c1ccc(OC)cc1)C1(O)CCCCC1,medium,0.717948717948718,0.9473684210526315,1,c1ccc(CC2CCCCC2)cc1,8,0.802209494641301,0.7879427602285838,1,0.7879427602285838,789,812
3699,3774,M03699,M03774,CCN(CC)CCc1c[nH]c2ccccc12,CCCN(CCC)CCc1c[nH]c2ccccc12,medium,0.7941176470588235,0.918918918918919,1,c1ccc2[nH]ccc2c1,63,0.5442457568182516,0.7878371814877615,1,0.7878371814877615,3699,3774
1655,1406,M01655,M01406,O=C([O-])CCCCCCC(=O)[O-],O=C([O-])CCCCC(=O)[O-],strong,0.9230769230769231,0.9333333333333333,0,,0,0.0,0.7871794871794873,1,0.7871794871794873,1406,1655
502,148,M00502,M00148,CC(CCC(=O)O)C1CCC2C3CCC4CC(O)CCC4(C)C3CCC12C,CC(CCC(=O)O)C1CCC2C3C(O)CC4CC(O)CCC4(C)C3CCC12C,medium,0.75,0.9722222222222222,1,C1CCC2C(C1)CCC1C3CCCC3CCC21,33,0.6274242932504864,0.7871691995431285,2,0.7871691995431285,148,502
112,519,M00112,M00519,O=C(O)CCCCC(=O)O,O=C(O)CCCCCCCC(=O)O,strong,0.9166666666666666,0.9473684210526315,0,,0,0.0,0.7868421052631578,1,0.7868421052631578,112,519
112,524,M00112,M00524,O=C(O)CCCCC(=O)O,O=C(O)CCCCCCC(=O)O,strong,0.9166666666666666,0.9473684210526315,0,,0,0.0,0.7868421052631578,2,0.7868421052631578,112,524
112,1401,M00112,M01401,O=C(O)CCCCC(=O)O,O=C(O)CCCCCC(=O)O,strong,0.9166666666666666,0.9473684210526315,0,,0,0.0,0.7868421052631578,3,0.7868421052631578,112,1401
3486,2525,M03486,M02525,COC(=O)c1cc(Oc2ccc(Cl)cc2Cl)ccc1[N+](=O)[O-],O=C(O)c1cc(Oc2ccc(Cl)cc2Cl)ccc1[N+](=O)[O-],medium,0.7608695652173914,0.9347826086956522,1,c1ccc(Oc2ccccc2)cc1,29,0.6438836066809098,0.7867999323064844,1,0.7867999323064844,2525,3486
1049,1528,M01049,M01528,O=c1[nH]c(=O)c2ncn(C3OC(CO)C(O)C3O)c2[nH]1,O=c1[nH]c(=O)c2ncn(C3OC(COP(=O)(O)O)C(O)C3O)c2[nH]1,medium,0.7115384615384616,0.8714285714285714,1,O=c1[nH]c(=O)c2ncn(C3CCCO3)c2[nH]1,2,0.9466801716388252,0.7867822455260435,1,0.7867822455260435,1049,1528
4681,1419,M04681,M01419,CC12CCC(=O)C=C1C(O)CC1C2C(O)CC2(C)C1CCC2(O)C(=O)CO,CC12CCC(=O)C=C1CCC1C2C(O)CC2(C)C1CCC2(O)C(=O)CO,medium,0.7288135593220338,1.0,1,O=C1C=C2CCC3C4CCCC4CCC3C2CC1,25,0.6627017793637848,0.7866934024977881,1,0.7866934024977881,1419,4681
4011,4008,M04011,M04008,CCCCCn1cc(C(=O)Cc2ccccc2OC)c2ccccc21,CCCCCn1cc(C(=O)Cc2ccc(OC)cc2)c2ccccc21,medium,0.6981132075471698,0.9565217391304348,1,O=C(Cc1ccccc1)c1c[nH]c2ccccc12,5,0.8555293230024756,0.7863277577612819,1,0.7863277577612819,4008,4011
1702,4293,M01702,M04293,CC(=O)CC(c1ccccc1)c1c(O)c2ccccc2oc1=O,CCC(c1ccccc1)c1c(O)c2ccccc2oc1=O,medium,0.7317073170731707,0.84375,1,O=c1oc2ccccc2cc1Cc1ccccc1,3,0.9088491513636503,0.7862892629484499,1,0.7862892629484499,1702,4293
181,153,M00181,M00153,CC(CCC(=O)O)C1CCC2C3CCC4CC(O)CCC4(C)C3CC(O)C12C,CC(CCC(=O)O)C1CCC2C3C(O)CC4CC(O)CCC4(C)C3CC(O)C12C,medium,0.7368421052631579,1.0,1,C1CCC2C(C1)CCC1C3CCCC3CCC21,33,0.6274242932504864,0.7862189071454677,2,0.7862189071454677,153,181
3707,3687,M03707,M03687,O=C1CN=C(c2ccccc2)c2cc(Cl)ccc2N1,O=C1CN=C(c2ccccc2Cl)c2cc(Cl)ccc2N1,medium,0.7380952380952381,0.975609756097561,1,O=C1CN=C(c2ccccc2)c2ccccc2N1,25,0.6627017793637848,0.7861648487861008,1,0.7861648487861008,3687,3707
2230,2222,M02230,M02222,CCNc1nc(=O)nc(NC(C)C)[nH]1,CC(C)Nc1nc(=O)nc(NC(C)C)[nH]1,medium,0.75,0.8536585365853658,1,O=c1nc[nH]cn1,7,0.8176983027273006,0.7860693795554364,1,0.7860693795554364,2222,2230
1417,1419,M01417,M01419,CC12CCC(=O)C=C1CCC1C2CCC2(C)C1CCC2(O)C(=O)CO,CC12CCC(=O)C=C1CCC1C2C(O)CC2(C)C1CCC2(O)C(=O)CO,medium,0.7272727272727273,1.0,1,O=C1C=C2CCC3C4CCCC4CCC3C2CC1,25,0.6627017793637848,0.785768903268204,1,0.785768903268204,1417,1419
3161,3159,M03161,M03159,CCC(C)C(=O)C1=C(O)OC2=C(C(CC(=O)O)c3ccccc3)C(C)(C)C(CCC(C)(C)NC(C)=O)CC2(CC=C(C)C)C1=O,CCC(C)C(=O)C1=C(O)OC2=C(C(CC(=O)O)c3ccccc3)C(C)(C)C(CCC(C)(C)OC(=O)C(F)(F)F)CC2(CC=C(C)C)C1=O,medium,0.7857142857142857,0.7666666666666667,1,O=C1C=COC2=C(Cc3ccccc3)CCCC12,7,0.8176983027273006,0.7857499835043331,1,0.7857499835043331,3159,3161
3161,3162,M03161,M03162,CCC(C)C(=O)C1=C(O)OC2=C(C(CC(=O)O)c3ccccc3)C(C)(C)C(CCC(C)(C)NC(C)=O)CC2(CC=C(C)C)C1=O,CCC(C)C(=O)C1=C(O)OC2=C(C(CC(=O)O)c3ccccc3)C(C)(C)C(CC=C(C)C)CC2(CC=C(C)C)C1=O,medium,0.7792207792207793,0.7818181818181819,1,O=C1C=COC2=C(Cc3ccccc3)CCCC12,7,0.8176983027273006,0.7856417583961081,2,0.7856417583961081,3161,3162
3096,3074,M03096,M03074,C=C(C(=O)C(O)C(C)C1C(OC(C)=O)CC2(C)C3CCC4C(C)C(=O)C=CC45CC35CCC12C)C(C)C,C=C(C(=O)C(OC(C)=O)C(C)C1C(OC(C)=O)CC2(C)C3CCC4C(C)C(=O)C=CC45CC35CCC12C)C(C)CO,medium,0.725,0.8888888888888888,1,O=C1C=CC23CC24CCC2CCCC2C4CCC3C1,5,0.8555293230024756,0.7855516206725934,1,0.7855516206725934,3074,3096
2757,1971,M02757,M01971,CC(C)(C)C(O)C(Cc1ccc(Cl)cc1Cl)n1cncn1,CC(C)(C)C(O)C(Cc1ccc(Cl)cc1)n1cncn1,medium,0.7021276595744681,0.9555555555555556,1,c1ccc(CCn2cncn2)cc1,6,0.8352580650673657,0.7854541943936746,1,0.7854541943936746,1971,2757
3168,3167,M03168,M03167,COc1ccc(-c2oc3cc(O)c(OC)c(O)c3c(=O)c2OC)cc1,COc1ccc(-c2oc3cc(O)c(OC)c(O)c3c(=O)c2OC)cc1O,medium,0.7391304347826086,1.0,1,O=c1cc(-c2ccccc2)oc2ccccc12,37,0.6127978022039184,0.7853979312001529,1,0.7853979312001529,3167,3168
2590,2695,M02590,M02695,CCCCCSCCOCCOCCOCCO,CCCCCCCCCCSCCOCCO,strong,0.9230769230769231,0.9259259259259259,0,,0,0.0,0.7853276353276354,3,0.7853276353276354,2590,2695
4678,4680,M04678,M04680,CCCCC(=O)OC1(C(=O)CO)C(C)CC2C3CCC4=CC(=O)C=CC4(C)C3(F)C(O)CC21C,CCC(=O)OC1(C(=O)CCl)C(C)CC2C3CCC4=CC(=O)C=CC4(C)C3(F)C(O)CC21C,medium,0.75,0.9038461538461539,1,O=C1C=CC2C(=C1)CCC1C3CCCC3CCC21,15,0.7265474540909509,0.7849436565751811,2,0.7849436565751811,4678,4680
1856,3286,M01856,M03286,CC1c2cccc(O)c2C(O)=C2C(=O)C3(O)C(O)=C(C(N)=O)C(=O)C(N(C)C)C3C(O)C21,CN(C)C1C(=O)C(C(N)=O)=C(O)C2(O)C(=O)C3=C(O)c4c(O)cccc4C(C)(O)C3C(O)C12,medium,0.6716417910447762,1.0,1,O=C1C=CC2C(=O)C3=Cc4ccccc4CC3CC2C1,4,0.8795051323147839,0.7849108444740833,1,0.7849108444740833,1856,3286
1259,350,M01259,M00350,O=C(O)CC(=O)OCC1OC(Oc2c(-c3ccc(O)c(O)c3)oc3cc(O)cc(O)c3c2=O)C(O)C(O)C1O,O=c1c(OC2OC(CO)C(O)C(O)C2O)c(-c2ccc(O)c(O)c2)oc2cc(O)cc(O)c12,medium,0.7424242424242424,0.9047619047619048,1,O=c1c(OC2CCCCO2)c(-c2ccccc2)oc2ccccc12,12,0.7538526280001345,0.7847229158450417,1,0.7847229158450417,350,1259
2017,3612,M02017,M03612,COc1nc(C)nc(NC(=O)NS(=O)(=O)c2ccccc2OCCCl)n1,COCCOc1ccccc1S(=O)(=O)NC(=O)Nc1nc(OC)nc(OC)n1,medium,0.7321428571428571,0.9,1,O=C(Nc1ncncn1)NS(=O)(=O)c1ccccc1,8,0.802209494641301,0.7846171384819094,1,0.7846171384819094,2017,3612
4574,4571,M04574,M04571,CNCC1CCCCC1(O)c1cccc(O)c1,CNCC1CCCCC1(O)c1cccc(OC)c1,medium,0.717391304347826,0.9512195121951219,1,c1ccc(C2CCCCC2)cc1,10,0.7758207207981391,0.784612768777197,1,0.784612768777197,4571,4574
443,442,M00443,M00442,CCC=CCC=CCC=CCCCCCCCC(=O)OCC(O)COP(=O)([O-])OCC[N+](C)(C)C,CCCCCC=CCC=CCCCCCCCC(=O)OCC(O)COP(=O)([O-])OCC[N+](C)(C)C,strong,0.8909090909090909,1.0,0,,0,0.0,0.7845454545454545,2,0.7845454545454545,442,443
26,48,M00026,M00048,COc1cc(-c2oc3cc(=O)cc4oc(O)cc(c2OC2OC(CO)C(O)C(O)C2O)c43)cc(OC)c1O,COc1cc(-c2oc3cc(=O)cc4oc(O)c(C=[OH+])c(c2OC2OC(CO)C(O)C(O)C2O)c43)cc(OC)c1O,medium,0.6956521739130435,0.9545454545454546,1,O=c1cc2occc3c(OC4CCCCO4)c(-c4ccccc4)oc(c1)c23,5,0.8555293230024756,0.7843570664345609,2,0.7843570664345609,26,48
4011,4012,M04011,M04012,CCCCCn1cc(C(=O)Cc2ccccc2OC)c2ccccc21,CCCCCn1cc(C(=O)Cc2ccccc2C)c2ccccc21,medium,0.74,0.8478260869565217,1,O=C(Cc1ccccc1)c1c[nH]c2ccccc12,5,0.8555293230024756,0.7842859201895018,2,0.7842859201895018,4011,4012
232,502,M00232,M00502,CC(CCC(=O)O)C1CCC2C3CC(O)C4CC(O)CCC4(C)C3CCC12C,CC(CCC(=O)O)C1CCC2C3CCC4CC(O)CCC4(C)C3CCC12C,medium,0.7450980392156863,0.9722222222222222,1,C1CCC2C(C1)CCC1C3CCCC3CCC21,33,0.6274242932504864,0.7842280230725402,1,0.7842280230725402,232,502
376,1238,M00376,M01238,COc1cc(-c2oc3cc(O)cc(O)c3c(=O)c2O)cc(OC)c1O,COc1ccc(-c2oc3cc(O)cc(O)c3c(=O)c2O)cc1O,medium,0.75,0.96875,1,O=c1cc(-c2ccccc2)oc2ccccc12,37,0.6127978022039184,0.7841071703305877,2,0.7841071703305877,376,1238
3175,3173,M03175,M03173,O=C1CC(c2ccc(O)cc2)Oc2c1c(O)cc(O)c2C1C(=O)c2c(O)cc(O)cc2OC1c1ccc(O)cc1,O=C1c2c(O)cc(O)c(C3C(=O)c4c(O)cc(O)cc4OC3c3ccc(O)cc3)c2OC(c2ccc(O)cc2)C1O,medium,0.7090909090909091,0.90625,1,O=C1CC(c2ccccc2)Oc2c1cccc2C1C(=O)c2ccccc2OC1c1ccccc1,4,0.8795051323147839,0.7839428153017631,1,0.7839428153017631,3173,3175
3362,3661,M03362,M03661,CC(CN(C)C)CN1c2ccccc2Sc2ccccc21,CC(CN(C)C)CN1c2ccccc2Sc2ccc(C#N)cc21,medium,0.7209302325581395,0.9743589743589743,1,c1ccc2c(c1)Nc1ccccc1S2,16,0.7185751418868361,0.7839341544076527,1,0.7839341544076527,3362,3661
3873,1996,M03873,M01996,Fc1cccc(F)c1-c1nnc(-c2ccccc2Cl)nn1,Clc1ccccc1-c1nnc(-c2ccccc2Cl)nn1,medium,0.6666666666666666,0.9655172413793104,1,c1ccc(-c2nnc(-c3ccccc3)nn2)cc1,2,0.9466801716388252,0.7833813360906513,1,0.7833813360906513,1996,3873
1580,1586,M01580,M01586,CCCCCC=CCC=CCCCCCCCC(=O)[O-],CCCCCCCCC=CCCCCCCCCCCCCCC(=O)[O-],strong,0.8888888888888888,1.0,0,,0,0.0,0.7833333333333333,2,0.7833333333333333,1580,1586
1580,1589,M01580,M01589,CCCCCC=CCC=CCCCCCCCC(=O)[O-],CCCCCCCCCCCC=CCCCCC(=O)[O-],strong,0.8888888888888888,1.0,0,,0,0.0,0.7833333333333333,3,0.7833333333333333,1580,1589
1267,1271,M01267,M01271,O=C(O)C1OC(Oc2ccc3c(=O)c(-c4ccc(O)cc4)coc3c2)C(O)C(O)C1O,O=C(O)C1OC(Oc2ccc(-c3coc4cc(O)ccc4c3=O)cc2)C(O)C(O)C1O,strong,0.8888888888888888,1.0,0,,0,0.0,0.7833333333333333,1,0.7833333333333333,1267,1271
129,261,M00129,M00261,CCCCCC=CCC=CCC=CCC=CCCCC(=O)O,CCCCCC=CCC=CCCCCCCCC(=O)O,strong,0.8888888888888888,1.0,0,,0,0.0,0.7833333333333333,3,0.7833333333333333,129,261
22,244,M00022,M00244,O=c1c(O)c(-c2cc(O)c(O)c(O)c2)oc2cc(O)cc(O)c12,O=c1c(O)c(-c2ccc(O)cc2)oc2cc(O)cc(O)c12,medium,0.75,0.9655172413793104,1,O=c1cc(-c2ccccc2)oc2ccccc12,37,0.6127978022039184,0.7832989806754154,2,0.7832989806754154,22,244
4002,4020,M04002,M04020,Cc1ccc(C(=O)c2cn(CCCCCF)c3ccccc23)c2ccccc12,O=C(c1ccc(F)c2ccccc12)c1cn(CCCCCF)c2ccccc12,medium,0.7708333333333334,0.918918918918919,1,O=C(c1cccc2ccccc12)c1c[nH]c2ccccc12,39,0.6060525864057348,0.78313761769059,2,0.78313761769059,4002,4020
4711,4709,M04711,M04709,CCC(C)C1(CC)C(=O)NC(=O)NC1=O,CCCC(C)C1(CC)C(=O)NC(=O)NC1=O,medium,0.7142857142857143,0.9361702127659575,1,O=C1CC(=O)NC(=O)N1,8,0.802209494641301,0.7829454059591131,1,0.7829454059591131,4709,4711
4663,4675,M04663,M04675,CC1(C)OC2CC3C4CC(F)C5=CC(=O)C=CC5(C)C4C(O)CC3(C)C2(C(=O)CO)O1,CC1(C)OC2CC3C4CCC5=CC(=O)C=CC5(C)C4C(O)CC3(C)C2(C(=O)CO)O1,medium,0.7205882352941176,0.8888888888888888,1,O=C1C=CC2C(=C1)CCC1C2CCC2C1CC1OCOC12,5,0.8555293230024756,0.782904561849064,1,0.782904561849064,4663,4675
3039,3101,M03039,M03101,CC(C)=CC(O)CC(C)C1CCC2(C)C3C(=O)C=C4C(CCC(O)C4(C)C)C3(C)CCC12C,CC(CC=CC(C)(C)O)C1CCC2(C)C3C(=O)C=C4C(CCC(O)C4(C)C)C3(C)CCC12C,medium,0.6716417910447762,0.9743589743589743,1,O=C1C=C2CCCCC2C2CCC3CCCC3C12,3,0.9088491513636503,0.7829021909211568,1,0.7829021909211568,3039,3101
121,397,M00121,M00397,Oc1ccc(C2Oc3cc(O)c4c(c3C2c2cc(O)cc(O)c2)C2C(c3ccc(O)cc3)c3c(O)cc5c(c3C2C4c2ccc(O)cc2)C(c2cc(O)cc(O)c2)C(c2ccc(O)cc2)O5)cc1,Oc1ccc(C2Oc3cc(O)c4c(c3C2c2cc(O)cc(O)c2)C2c3c(O)cc5c(c3C(C4c3ccc(O)cc3)C2c2ccc(O)cc2)C(c2cc(O)cc(O)c2)C(c2ccc(O)cc2)O5)cc1,strong,0.9024390243902439,0.9655172413793104,0,,0,0.0,0.782842724978974,1,0.782842724978974,121,397
707,765,M00707,M00765,CCNc1nc(NC(C)C)[nH]c(=O)n1,CCNc1nc(NCC)[nH]c(=O)n1,medium,0.71875,0.9047619047619048,1,O=c1ncnc[nH]1,6,0.8352580650673657,0.782729185950581,1,0.782729185950581,707,765
4076,4075,M04076,M04075,CC(C(=O)c1ccc2c(c1)OCO2)N1CCCC1,CCC(C(=O)c1ccc2c(c1)OCO2)N1CCCC1,medium,0.6976744186046512,0.9111111111111111,1,O=C(CN1CCCC1)c1ccc2c(c1)OCO2,3,0.9088491513636503,0.782709801645116,1,0.782709801645116,4075,4076
4495,4779,M04495,M04779,CCC(=C(c1ccccc1)c1ccc(OCCN(C)C)cc1)c1ccccc1,CCC(=C(c1ccccc1)c1ccc(OCCN(C)C)cc1)c1ccc(OC)c(O)c1,medium,0.723404255319149,0.8666666666666667,1,C(=C(c1ccccc1)c1ccccc1)c1ccccc1,4,0.8795051323147839,0.7826349897053737,2,0.7826349897053737,4495,4779
4100,4374,M04100,M04374,COc1ccc(CN(CCN(C)C)c2ccccn2)cc1,CN(C)CCN(Cc1ccccc1)c1ccccn1,medium,0.7435897435897436,0.8181818181818182,1,c1ccc(CNc2ccccn2)cc1,4,0.8795051323147839,0.7826250705465183,1,0.7826250705465183,4100,4374
791,751,M00791,M00751,CN(C)CC(c1ccc(O)cc1)C1(O)CCCCC1,COc1ccc(C(CN(C)C)C2(O)CCCCC2)cc1,medium,0.717948717948718,0.925,1,c1ccc(CC2CCCCC2)cc1,8,0.802209494641301,0.7823506549654259,1,0.7823506549654259,751,791
2026,2918,M02026,M02918,O=[N+]([O-])NC1=NCCN1Cc1ccc(Cl)nc1,O=NNC1=NCCN1Cc1ccc(Cl)nc1,medium,0.6808510638297872,0.9491525423728814,1,C1=NCCN1Cc1cccnc1,3,0.9088491513636503,0.7821261465956402,1,0.7821261465956402,2026,2918
445,439,M00445,M00439,CCCCCC=CCC=CCC=CCC=CCCCC(=O)OCC(O)COP(=O)([O-])OCC[N+](C)(C)C,CCCCCCC=CCCCCCCCC(=O)OCC(O)COP(=O)([O-])OCC[N+](C)(C)C,strong,0.8867924528301887,1.0,0,,0,0.0,0.7820754716981132,3,0.7820754716981132,439,445
1872,1670,M01872,M01670,CC(CO)CCCC(C)C1CCC2C3CC=C4CC(O)CCC4(C)C3CCC12C,CC(CCCC(C)C1CCC2C3CC=C4CC(O)CCC4(C)C3CCC12C)C(=O)O,medium,0.7666666666666667,0.8571428571428571,1,C1=C2CCCCC2C2CCC3CCCC3C2C1,16,0.7185751418868361,0.7820719855687397,2,0.7820719855687397,1670,1872
3348,3349,M03348,M03349,CCCCCn1cc(C(=O)NC(C(N)=O)C(C)(C)C)c2ccccc21,CC(C)(C)C(NC(=O)c1cn(CCCCCF)c2ccccc12)C(N)=O,strong,0.8113207547169812,0.8545454545454545,1,c1ccc2[nH]ccc2c1,63,0.5442457568182516,0.78206567998929,1,0.78206567998929,3348,3349
4397,4394,M04397,M04394,CCCCCn1cc(C(=O)c2ccccc2OC)c2ccccc21,CCCCCn1cc(C(=O)c2ccc(OC)cc2)c2ccccc21,medium,0.7,0.9347826086956522,1,O=C(c1ccccc1)c1c[nH]c2ccccc12,5,0.8555293230024756,0.7820250506242843,1,0.7820250506242843,4394,4397
1243,242,M01243,M00242,COc1ccc(-c2oc3cc(O)cc(O)c3c(=O)c2O)cc1,COc1cc(-c2oc3cc(O)cc(O)c3c(=O)c2O)ccc1O,medium,0.7333333333333333,1.0,1,O=c1cc(-c2ccccc2)oc2ccccc12,37,0.6127978022039184,0.7819196703305877,1,0.7819196703305877,242,1243
1243,1238,M01243,M01238,COc1ccc(-c2oc3cc(O)cc(O)c3c(=O)c2O)cc1,COc1ccc(-c2oc3cc(O)cc(O)c3c(=O)c2O)cc1O,medium,0.7333333333333333,1.0,1,O=c1cc(-c2ccccc2)oc2ccccc12,37,0.6127978022039184,0.7819196703305877,2,0.7819196703305877,1238,1243
1165,1163,M01165,M01163,C=C1C(=O)OC2C3C(CO)=CC(=O)C3=C(C)CC(O)C12,C=C1C(=O)OC2C3C(COC(=O)C(=O)O)=CC(=O)C3=C(C)CC(O)C12,medium,0.7090909090909091,0.8974358974358975,1,C=C1C(=O)OC2C3C=CC(=O)C3=CCCC12,4,0.8795051323147839,0.7817392896607375,1,0.7817392896607375,1163,1165
957,956,M00957,M00956,CC1CCC2C(C)C3C(CC4C5CC=C6CC(OC7OC(CO)C(OC8OC(C)C(O)C(O)C8O)C(O)C7OC7OC(C)C(O)C(O)C7O)CCC6(C)C5CCC43C)N2C1,CC1CCC2C(C)C3C(CC4C5CC=C6CC(OC7OC(CO)C(O)C(OC8OC(CO)C(O)C(O)C8O)C7OC7OC(C)C(O)C(O)C7O)CCC6(C)C5CCC43C)N2C1,strong,0.8928571428571429,0.9836065573770492,0,,0,0.0,0.7816159250585479,1,0.7816159250585479,956,957
831,1966,M00831,M01966,Cc1cc(C)nc(Nc2ccccc2)n1,CC#Cc1cc(C)nc(Nc2ccccc2)n1,medium,0.6666666666666666,0.9583333333333334,1,c1ccc(Nc2ncccn2)cc1,2,0.9466801716388252,0.781585359079157,1,0.781585359079157,831,1966
169,116,M00169,M00116,OCC1OC(O)C(O)C1O,OCC1OC(O)C(O)C(O)C1O,strong,0.9411764705882353,0.8666666666666667,0,,0,0.0,0.7813725490196078,1,0.7813725490196078,116,169
2374,2368,M02374,M02368,CC[N+]1([O-])CCCC1CNC(=O)c1cc(S(=O)(=O)CC)c(N)cc1OC,CC[N+]1([O-])CCCC1CNC(=O)c1cc(S(N)(=O)=O)ccc1OC,medium,0.6825396825396826,0.9186046511627907,1,O=C(NCC1CCC[NH2+]1)c1ccccc1,2,0.9466801716388252,0.7811769980603309,1,0.7811769980603309,2368,2374
327,328,M00327,M00328,COc1cc(-c2[o+]c3cc(O)cc(OC4OC(CO)C(O)C(O)C4O)c3cc2OC2OC(CO)C(O)C(O)C2O)ccc1O,COc1cc(-c2[o+]c3cc(O)cc(O)c3cc2OC2OC(CO)C(O)C(O)C2O)ccc1O,strong,0.8947368421052632,0.9761904761904762,0,,0,0.0,0.780889724310777,2,0.780889724310777,327,328
1614,1618,M01614,M01618,Nc1nc2c(ncn2C2CC(O)C(COP(=O)(O)OP(=O)(O)OP(=O)(O)O)O2)c(=O)[nH]1,Nc1nc2c(ncn2C2OC(COP(=O)(O)OP(=O)(O)OP(=O)(O)O)C(O)C2O)c(=O)[nH]1,medium,0.7384615384615385,0.92,1,O=c1[nH]cnc2c1ncn2C1CCCO1,16,0.7185751418868361,0.7808631943599486,1,0.7808631943599486,1614,1618
2360,664,M02360,M00664,O=C(O)Cc1ccccc1Nc1c(Cl)cc(O)cc1Cl,O=C(O)Cc1ccccc1Nc1c(Cl)cccc1Cl,medium,0.7567567567567568,0.8484848484848485,1,c1ccc(Nc2ccccc2)cc1,11,0.7643784743661259,0.7808320373301851,1,0.7808320373301851,664,2360
446,447,M00446,M00447,CCC=CCC=CCC=CCC=CCC=CCCCC(=O)OCC(O)COP(=O)([O-])OCC[N+](C)(C)C,CCC=CCC=CCC=CCC=CCC=CCC=CCCC(=O)OCC(O)COP(=O)([O-])OCC[N+](C)(C)C,strong,0.8846153846153846,1.0,0,,0,0.0,0.7807692307692308,2,0.7807692307692308,446,447
1443,2127,M01443,M02127,CCC=CCC=CCC=CCC=CCC=CCCCC(=O)O,CCC=CCC=CCC=CCC=CCCCCC(=O)O,strong,0.8846153846153846,1.0,0,,0,0.0,0.7807692307692308,1,0.7807692307692308,1443,2127
1248,1249,M01248,M01249,C=CC(O)CC(=NOS(=O)(=O)O)SC1OC(CO)C(O)C(O)C1O,C=CCC(=NOS(=O)(=O)O)SC1OC(CO)C(O)C(O)C1O,medium,0.7254901960784313,0.9838709677419355,1,C1CCOCC1,25,0.6627017793637848,0.7806671264871103,1,0.7806671264871103,1248,1249
1844,1684,M01844,M01684,CC(CC(=O)O)C1CCC2C3C(O)CC4CC(O)CCC4(C)C3CC(O)C12C,CC(CC(=O)O)C1CCC2C3CCC4CC(O)CCC4(C)C3CC(O)C12C,medium,0.7272727272727273,1.0,1,C1CCC2C(C1)CCC1C3CCCC3CCC21,33,0.6274242932504864,0.7804772803512092,1,0.7804772803512092,1684,1844
3106,3122,M03106,M03122,CC1(C)CCCC2(COC(=O)C=Cc3ccc(O)c(O)c3)C1CCC13CC(CCC12)C(O)(CO)C3,CC1(C)CCCC2(CO)C1CCC13CC(CCC12)C(O)(COC(=O)C=Cc1ccc(O)c(O)c1)C3,strong,0.8840579710144928,1.0,0,,0,0.0,0.7804347826086957,1,0.7804347826086957,3106,3122
3509,4461,M03509,M04461,COc1cc2c(cc1OC)C13CCN4CC5=CCOC6CC(=O)N2C1C6C5CC43,O=C1CC2OCC=C3CN4CCC56c7ccccc7N1C5C2C3CC46,medium,0.7076923076923077,0.8548387096774194,1,O=C1CC2OCC=C3CN4CCC56c7ccccc7N1C5C2C3CC46,2,0.9466801716388252,0.7803270877805633,1,0.7803270877805633,3509,4461
3049,3059,M03049,M03059,CC(C)=CCc1c2c(c(O)c3c1OC14C(=CC5CC1C(C)(C)OC4(CC=C(C)C(=O)O)C5=O)C3=O)C=CC(C)(C)O2,CC(C)=CCCC(C)=CCC1=Cc2c(O)c3c(c(CC=C(C)C)c2OC1O)OC12C(=CC4CC1C(C)(C)OC2(CC=C(C)C(=O)O)C4=O)C3=O,medium,0.6966292134831461,0.9038461538461539,1,O=C1C2=CC3CC4COC(C3=O)C24Oc2cc3c(cc21)C=CCO3,3,0.9088491513636503,0.7802664392559736,1,0.7802664392559736,3049,3059
4570,4571,M04570,M04571,COc1cccc(C2(O)CCCCC2CN)c1,CNCC1CCCCC1(O)c1cccc(OC)c1,medium,0.7391304347826086,0.8809523809523809,1,c1ccc(C2CCCCC2)cc1,10,0.7758207207981391,0.7800894642273813,1,0.7800894642273813,4570,4571
3417,2855,M03417,M02855,Nc1cc(Cl)c(NC2=NCCN2)c(Cl)c1,Clc1cccc(Cl)c1NC1=NCCN1,medium,0.6571428571428571,0.975,1,c1ccc(NC2=NCCN2)cc1,2,0.9466801716388252,0.780037740031538,1,0.780037740031538,2855,3417
2847,4779,M02847,M04779,CCC(=C(c1ccc(O)cc1)c1ccc(OCCN(C)C)cc1)c1ccccc1,CCC(=C(c1ccccc1)c1ccc(OCCN(C)C)cc1)c1ccc(OC)c(O)c1,medium,0.7,0.9111111111111111,1,C(=C(c1ccccc1)c1ccccc1)c1ccccc1,4,0.8795051323147839,0.7797035476249954,1,0.7797035476249954,2847,4779
3281,905,M03281,M00905,CNCCCC1(c2ccc(F)cc2)OCc2cc(C#N)ccc21,CN(C)CCCC1(c2ccc(F)cc2)OCc2cc(C#N)ccc21,medium,0.7407407407407407,0.8269230769230769,1,c1ccc(C2OCc3ccccc32)cc1,5,0.8555293230024756,0.7795046121255849,1,0.7795046121255849,905,3281
1117,1301,M01117,M01301,O=c1c(O)c(-c2ccc(OS(=O)(=O)O)c(O)c2)oc2cc(O)cc(O)c12,O=c1c(O)c(-c2cc(O)c(OS(=O)(=O)O)c(O)c2)oc2cc(O)cc(O)c12,medium,0.7291666666666666,1.0,1,O=c1cc(-c2ccccc2)oc2ccccc12,37,0.6127978022039184,0.7794196703305878,2,0.7794196703305878,1117,1301
799,4573,M00799,M04573,COc1cccc(C2(O)CCCCC2CN(C)C)c1,CN(C)CC1CCCCC1(O)c1cccc(O)c1,medium,0.717391304347826,0.9302325581395349,1,c1ccc(C2CCCCC2)cc1,10,0.7758207207981391,0.7793660302633002,1,0.7793660302633002,799,4573
149,1726,M00149,M01726,C=CC1CN2CCC1CC2C(O)c1ccnc2ccccc12,C=CC1CN2CCC1CC2C(O)c1ccnc2ccc(OC)cc12,medium,0.711864406779661,0.8409090909090909,1,c1ccc2c(CC3CC4CCN3CC4)ccnc2c1,2,0.9466801716388252,0.7793479425408931,1,0.7793479425408931,149,1726
3980,3974,M03980,M03974,CCCCCn1cc(C(=O)c2cccc3ccccc23)c2cc(O)ccc21,CCCCCn1cc(C(=O)c2cccc3ccccc23)c2ccccc21,medium,0.7916666666666666,0.8536585365853658,1,O=C(c1cccc2ccccc12)c1c[nH]c2ccccc12,39,0.6060525864057348,0.7793225221072017,2,0.7793225221072017,3974,3980
3974,3981,M03974,M03981,CCCCCn1cc(C(=O)c2cccc3ccccc23)c2ccccc21,CCCCCn1cc(C(=O)c2cccc3ccccc23)c2ccc(O)cc21,medium,0.7916666666666666,0.8536585365853658,1,O=C(c1cccc2ccccc12)c1c[nH]c2ccccc12,39,0.6060525864057348,0.7793225221072017,2,0.7793225221072017,3974,3981
1164,1162,M01164,M01162,CC1=C2C(=O)C=C(CO)C2C2OC(=O)C(C)C2C(O)C1,CC1=C2C(=O)C=C(COC(=O)C(=O)O)C2C2OC(=O)C(C)C2C(O)C1,medium,0.7037037037037037,0.9,1,O=C1CC2CCC=C3C(=O)C=CC3C2O1,4,0.8795051323147839,0.7791479920694399,1,0.7791479920694399,1162,1164
4026,3881,M04026,M03881,CCOC(=O)C(C)OC(=O)c1cc(Oc2ccc(C(F)(F)F)cc2Cl)ccc1[N+](=O)[O-],CCOC(=O)COC(=O)c1cc(Oc2ccc(C(F)(F)F)cc2Cl)ccc1[N+](=O)[O-],medium,0.75,0.9298245614035088,1,c1ccc(Oc2ccccc2)cc1,29,0.6438836066809098,0.7790386813530136,1,0.7790386813530136,3881,4026
1414,2742,M01414,M02742,CCCCC(CC)COC(=O)c1ccccc1C(=O)OCC(CC)CCCC,CCCCCCOC(=O)c1ccccc1C(=O)OCC(CC)CCCC,strong,0.8421052631578947,0.9666666666666667,1,c1ccccc1,802,0.21161295934610674,0.7786717684633194,1,0.7786717684633194,1414,2742
4631,4630,M04631,M04630,CC1(C)C(C(=O)c2cn(CCCC(F)(F)F)c3ccccc23)C1(C)C,CC(F)CCCn1cc(C(=O)C2C(C)(C)C2(C)C)c2ccccc21,medium,0.7,0.9069767441860465,1,O=C(c1c[nH]c2ccccc12)C1CC1,4,0.8795051323147839,0.7786699558937292,2,0.7786699558937292,4630,4631
4130,776,M04130,M00776,COC(=O)C(c1ccccc1)C1CCCCN1,O=C(O)C(c1ccccc1)C1CCCCN1,medium,0.717948717948718,0.8235294117647058,1,c1ccc(CC2CCCCN2)cc1,2,0.9466801716388252,0.778653609456231,1,0.778653609456231,776,4130
4609,4630,M04609,M04630,CCCCCn1cc(C(=O)C2C(C)(C)C2(C)C)c2ccccc21,CC(F)CCCn1cc(C(=O)C2C(C)(C)C2(C)C)c2ccccc21,medium,0.7083333333333334,0.8863636363636364,1,O=C(c1c[nH]c2ccccc12)C1CC1,4,0.8795051323147839,0.7785166789381267,2,0.7785166789381267,4609,4630
764,639,M00764,M00639,CCNc1nc(NCC)nc(OC)n1,CCNc1nc(NC(C)C)nc(OC)n1,medium,0.75,0.9523809523809523,1,c1ncncn1,40,0.6028054368020348,0.7785160536155433,1,0.7785160536155433,639,764
1577,1613,M01577,M01613,Nc1nc2c(ncn2C2OC(COP(=O)(O)OP(=O)(O)O)C(O)C2O)c(=O)[nH]1,Nc1nc2c(ncn2C2CC(O)C(COP(=O)(O)OP(=O)(O)O)O2)c(=O)[nH]1,medium,0.734375,0.92,1,O=c1[nH]cnc2c1ncn2C1CCCO1,16,0.7185751418868361,0.7784112712830255,2,0.7784112712830255,1577,1613
4019,4017,M04019,M04017,CCCCCn1cc(C(=O)c2ccc(F)c3ccccc23)c2ccccc21,CCCCCn1cc(C(=O)c2ccc(Br)c3ccccc23)c2ccccc21,medium,0.75,0.95,1,O=C(c1cccc2ccccc12)c1c[nH]c2ccccc12,39,0.6060525864057348,0.7784078879608602,1,0.7784078879608602,4017,4019
4019,4018,M04019,M04018,CCCCCn1cc(C(=O)c2ccc(F)c3ccccc23)c2ccccc21,CCCCCn1cc(C(=O)c2ccc(Cl)c3ccccc23)c2ccccc21,medium,0.75,0.95,1,O=C(c1cccc2ccccc12)c1c[nH]c2ccccc12,39,0.6060525864057348,0.7784078879608602,2,0.7784078879608602,4018,4019
4018,4017,M04018,M04017,CCCCCn1cc(C(=O)c2ccc(Cl)c3ccccc23)c2ccccc21,CCCCCn1cc(C(=O)c2ccc(Br)c3ccccc23)c2ccccc21,medium,0.75,0.95,1,O=C(c1cccc2ccccc12)c1c[nH]c2ccccc12,39,0.6060525864057348,0.7784078879608602,1,0.7784078879608602,4017,4018
3878,3634,M03878,M03634,Nc1ccc2c(c1)C(c1ccccc1F)=NCC(=O)N2,Nc1ccc2c(c1)C(c1ccccc1Cl)=NCC(=O)N2,medium,0.7333333333333333,0.9555555555555556,1,O=C1CN=C(c2ccccc2)c2ccccc2N1,25,0.6627017793637848,0.7782941557934566,1,0.7782941557934566,3634,3878
329,328,M00329,M00328,COc1cc(-c2[o+]c3cc(O)cc(O)c3cc2OC2OCC(O)C(O)C2O)ccc1O,COc1cc(-c2[o+]c3cc(O)cc(O)c3cc2OC2OC(CO)C(O)C(O)C2O)ccc1O,medium,0.7096774193548387,0.9285714285714286,1,c1ccc(-c2[o+]c3ccccc3cc2OC2CCCCO2)cc1,8,0.802209494641301,0.7782807329519555,1,0.7782807329519555,328,329
2968,2967,M02968,M02967,CC=C1C2C=C(C)CC1(NC)c1ccc(=O)[nH]c1C2,CC=C1C2C=C(C)CC1(N)c1ccc(=O)[nH]c1C2,medium,0.68,0.9130434782608695,1,C=C1C2C=CCC1c1ccc(=O)[nH]c1C2,2,0.9466801716388252,0.7782628953110412,1,0.7782628953110412,2967,2968
232,231,M00232,M00231,CC(CCC(=O)O)C1CCC2C3CC(O)C4CC(O)CCC4(C)C3CCC12C,CC(CCC(=O)O)C1CCC2C3C(O)C(O)C4CC(O)CCC4(C)C3CCC12C,medium,0.7450980392156863,0.9473684210526315,1,C1CCC2C(C1)CCC1C3CCCC3CCC21,33,0.6274242932504864,0.7780145727801426,2,0.7780145727801426,231,232
466,467,M00466,M00467,CCCCCCCCC=CCCCCCCCC(=O)OCC(O)COP(=O)(O)OCCN,CCCCCC=CCC=CCC=CCC=CCCCC(=O)OCC(O)COP(=O)(O)OCCN,strong,0.88,1.0,0,,0,0.0,0.778,1,0.778,466,467
3935,2619,M03935,M02619,CN1C2CCC1CC(OC(=O)C(O)c1ccccc1)C2,CN1C2CCC1CC(OC(=O)C(CO)c1ccccc1)C2,medium,0.6976744186046512,0.8695652173913043,1,O=C(Cc1ccccc1)OC1CC2CCC(C1)N2,2,0.9466801716388252,0.7779979812564406,1,0.7779979812564406,2619,3935
3159,3162,M03159,M03162,CCC(C)C(=O)C1=C(O)OC2=C(C(CC(=O)O)c3ccccc3)C(C)(C)C(CCC(C)(C)OC(=O)C(F)(F)F)CC2(CC=C(C)C)C1=O,CCC(C)C(=O)C1=C(O)OC2=C(C(CC(=O)O)c3ccccc3)C(C)(C)C(CC=C(C)C)CC2(CC=C(C)C)C1=O,medium,0.7407407407407407,0.8431372549019608,1,O=C1C=COC2=C(Cc3ccccc3)CCCC12,7,0.8176983027273006,0.7778835035790297,2,0.7778835035790297,3159,3162
4529,4271,M04529,M04271,CCSc1ccc2c(c1)N(CCCN1CCN(C)CC1)c1ccccc1S2,CN1CCN(CCCN2c3ccccc3Sc3ccccc32)CC1,medium,0.7111111111111111,0.9318181818181818,1,c1ccc2c(c1)Sc1ccccc1N2CCCN1CCNCC1,9,0.7883542836784342,0.7778743546729773,1,0.7778743546729773,4271,4529
1170,1167,M01170,M01167,C=C1C(=O)OC2C1CCC(C)=C1C(=O)C=C(CO)C12,C=C1C(=O)OC2C1CCC(C)=C1C(=O)C=C(COC(=O)C(=O)O)C12,medium,0.7037037037037037,0.8947368421052632,1,C=C1C(=O)OC2C3C=CC(=O)C3=CCCC12,4,0.8795051323147839,0.7778322025957556,1,0.7778322025957556,1167,1170
4277,3867,M04277,M03867,O=C1CN=C(c2ccccc2Cl)c2cc(Br)ccc2N1,O=C1CN=C(c2ccccc2F)c2cc(Br)ccc2N1,medium,0.7333333333333333,0.9534883720930233,1,O=C1CN=C(c2ccccc2)c2ccccc2N1,25,0.6627017793637848,0.7777773599278235,2,0.7777773599278235,3867,4277
3867,3888,M03867,M03888,O=C1CN=C(c2ccccc2F)c2cc(Br)ccc2N1,O=C1CN=C(c2ccccc2F)c2cc(Cl)ccc2N1,medium,0.7333333333333333,0.9534883720930233,1,O=C1CN=C(c2ccccc2)c2ccccc2N1,25,0.6627017793637848,0.7777773599278235,1,0.7777773599278235,3867,3888
4670,807,M04670,M00807,CC1CC2C3CC(F)C4=CC(=O)C=CC4(C)C3(F)C(O)CC2(C)C1(O)C(=O)CO,CC1CC2C3CCC4=CC(=O)C=CC4(C)C3(F)C(O)CC2(C)C1(O)C(=O)CO,medium,0.7142857142857143,0.96,1,O=C1C=CC2C(=C1)CCC1C3CCCC3CCC21,15,0.7265474540909509,0.7775535466850713,1,0.7775535466850713,807,4670
4590,4271,M04590,M04271,CN1CCN(CCCN2c3ccccc3Sc3ccc(C(F)(F)F)cc32)CC1,CN1CCN(CCCN2c3ccccc3Sc3ccccc32)CC1,medium,0.7272727272727273,0.8913043478260869,1,c1ccc2c(c1)Sc1ccccc1N2CCCN1CCNCC1,9,0.7883542836784342,0.7774428658719231,1,0.7774428658719231,4271,4590
4127,4391,M04127,M04391,CNc1c(C)n(C)n(-c2ccccc2)c1=O,Cc1c(NC(C)C)c(=O)n(-c2ccccc2)n1C,medium,0.6944444444444444,0.9767441860465116,1,O=c1cc[nH]n1-c1ccccc1,10,0.7758207207981391,0.7772258212980154,1,0.7772258212980154,4127,4391
357,19,M00357,M00019,CC1OC(OCC2OC(Oc3c(-c4ccc(O)cc4)oc4cc(OC5OC(C)C(O)C(O)C5O)cc(O)c4c3=O)C(O)C(O)C2O)C(O)C(O)C1O,CC1OC(OCC2OC(Oc3c(-c4ccc(O)cc4)oc4cc(O)cc(O)c4c3=O)C(O)C(O)C2O)C(O)C(O)C1O,strong,0.8888888888888888,0.975,0,,0,0.0,0.7770833333333333,2,0.7770833333333333,19,357
2213,2202,M02213,M02202,CCNc1nc(NC(C)C)nc(SC)n1,CCNc1nc(NCC)nc(SC)n1,medium,0.75,0.9459459459459459,1,c1ncncn1,40,0.6028054368020348,0.7769073020067917,1,0.7769073020067917,2202,2213
2073,4386,M02073,M04386,Cc1cnc2c(C(=O)O)c(Cl)ccc2c1,O=C(O)c1c(Cl)ccc2cc(Cl)cnc12,medium,0.7222222222222222,0.9629629629629629,1,c1ccc2ncccc2c1,21,0.6846698721617894,0.7767745548983425,1,0.7767745548983425,2073,4386
865,808,M00865,M00808,CC12C=CC(=O)C=C1CCC1C2C(O)CC2(C)C1CCC2(O)C(=O)CO,CC1CC2C(C(O)CC3(C)C2CCC3(O)C(=O)CO)C2(C)C=CC(=O)C=C12,medium,0.7049180327868853,0.9782608695652174,1,O=C1C=CC2C(=C1)CCC1C3CCCC3CCC21,15,0.7265474540909509,0.7764981551770782,1,0.7764981551770782,808,865
1637,1416,M01637,M01416,Nc1ccn(C2OC(COP(=O)(O)O)C(O)C2O)c(=O)n1,NCCOP(=O)(O)OP(=O)(O)OCC1OC(n2ccc(N)nc2=O)C(O)C1O,medium,0.7454545454545455,0.88,1,O=c1ncccn1C1CCCO1,15,0.7265474540909509,0.7762548453863699,1,0.7762548453863699,1416,1637
2912,4167,M02912,M04167,COc1ccc2c3c1OC1C(OC4OC(C(=O)O)C(O)C(O)C4O)C=CC4C(C2)N(C)CCC341,COc1ccc2c3c1OC1C(OC4OC(C(=O)O)C(O)C(O)C4O)C=CC4C(C2)NCCC341,medium,0.7236842105263158,0.8,1,C1=CC2C3Cc4cccc5c4C2(CCN3)C(O5)C1OC1CCCCO1,2,0.9466801716388252,0.7762125520616133,1,0.7762125520616133,2912,4167
1251,1248,M01251,M01248,C=CCCC(=NOS(=O)(=O)O)SC1OC(CO)C(O)C(O)C1O,C=CC(O)CC(=NOS(=O)(=O)O)SC1OC(CO)C(O)C(O)C1O,medium,0.7307692307692307,0.953125,1,C1CCOCC1,25,0.6627017793637848,0.7761480553661062,2,0.7761480553661062,1248,1251
1346,1175,M01346,M01175,Cc1ccc(OC2OC(C(=O)O)C(O)C(O)C2O)cc1,O=C(O)c1ccc(OC2OC(C(=O)O)C(O)C(O)C2O)cc1,medium,0.7368421052631579,0.9285714285714286,1,c1ccc(OC2CCCCO2)cc1,22,0.6788243374826469,0.7760717709231489,1,0.7760717709231489,1175,1346
1404,109,M01404,M00109,Nc1ncnc2c1ncn2C1OC(COP(=O)(O)O)C(OP(=O)(O)O)C1O,Nc1ncnc2c1ncn2C1OC(CO)C(O)C1OP(=O)(O)O,medium,0.7368421052631579,0.9411764705882353,1,c1ncc2ncn(C3CCCO3)c2n1,26,0.6577388176437765,0.77606020345152,1,0.77606020345152,109,1404
4010,3781,M04010,M03781,CCCCCn1cc(C(=O)c2ccc(CC)c3ccccc23)c2ccccc21,CCc1ccc(C(=O)c2cn(CCCCCF)c3ccccc23)c2ccccc12,strong,0.8085106382978723,0.8,1,O=C(c1cccc2ccccc12)c1c[nH]c2ccccc12,39,0.6060525864057348,0.7760142709395836,1,0.7760142709395836,3781,4010
3583,3584,M03583,M03584,CN=C1CN(O)C(c2ccccc2)=c2cc(Cl)ccc2=N1,N=C1CN(O)C(c2ccccc2)=c2cc(Cl)ccc2=N1,medium,0.6808510638297872,0.9016393442622951,1,N=C1CNC(c2ccccc2)=c2ccccc2=N1,2,0.9466801716388252,0.7759225001092699,1,0.7759225001092699,3583,3584
165,163,M00165,M00163,OCC1OC(Oc2cc3c(OC4OC(CO)C(O)C(O)C4O)cc(O)cc3[o+]c2-c2ccc(O)c(O)c2)C(O)C(O)C1O,OCC1OC(Oc2cc3c(O)cc(O)cc3[o+]c2-c2ccc(O)c(O)c2)C(O)C(O)C1O,strong,0.8867924528301887,0.975,0,,0,0.0,0.7758254716981132,3,0.7758254716981132,163,165
1489,1098,M01489,M01098,CC(=O)NC(CCCCN)C(=O)O,CC(=O)NC(CCCN)C(=O)O,strong,0.8888888888888888,0.9696969696969697,0,,0,0.0,0.7757575757575758,1,0.7757575757575758,1098,1489
1670,1563,M01670,M01563,CC(CCCC(C)C1CCC2C3CC=C4CC(O)CCC4(C)C3CCC12C)C(=O)O,CC(CCCC(C)(C)O)C1CCC2C3CC=C4CC(O)CCC4(C)C3CCC12C,medium,0.7377049180327869,0.9,1,C1=C2CCCCC2C2CCC3CCCC3C2C1,16,0.7185751418868361,0.7754092221026976,2,0.7754092221026976,1563,1670
3289,721,M03289,M00721,Cc1cc(NS(=O)(=O)c2ccc(NO)cc2)no1,Cc1cc(NS(=O)(=O)c2ccc(N)cc2)no1,medium,0.6923076923076923,0.9122807017543859,1,O=S(=O)(Nc1ccon1)c1ccccc1,4,0.8795051323147839,0.7753805606704294,2,0.7753805606704294,721,3289
4134,3815,M04134,M03815,CCc1cc2c(s1)-n1cnnc1CN=C2c1ccccc1Cl,CCc1cc2c(s1)-n1c(C)nnc1CN=C2c1ccccc1Cl,medium,0.6727272727272727,0.9591836734693877,1,c1ccc(C2=NCc3nncn3-c3sccc32)cc1,4,0.8795051323147839,0.7753580518509282,1,0.7753580518509282,3815,4134
4351,707,M04351,M00707,CC(C)Nc1nc(NC(C)C)[nH]c(=O)n1,CCNc1nc(NC(C)C)[nH]c(=O)n1,medium,0.71875,0.875,1,O=c1ncnc[nH]1,6,0.8352580650673657,0.7752887097601048,1,0.7752887097601048,707,4351
3053,3035,M03053,M03035,C=C(C(=O)C(O)C(C)C1C(OC(C)=O)CC2(C)C3CCC4C(C)C(=O)C=CC45CC35CCC12C)C(C)CO,C=C(C(=O)C(OC(C)=O)C(C)C1C(OC(C)=O)CC2(C)C3CCC4C(C)C(=O)C=CC45CC35CCC12C)C(C)C,medium,0.725,0.8478260869565217,1,O=C1C=CC23CC24CCC2CCCC2C4CCC3C1,5,0.8555293230024756,0.7752859201895017,2,0.7752859201895017,3035,3053
1177,1188,M01177,M01188,O=C(O)c1ccc(O)c(OC2OC(C(=O)O)C(O)C(O)C2O)c1,COc1ccc(C(=O)O)cc1OC1OC(C(=O)O)C(O)C(O)C1O,medium,0.7333333333333333,0.9333333333333333,1,c1ccc(OC2CCCCO2)cc1,22,0.6788243374826469,0.7751569839557304,1,0.7751569839557304,1177,1188
1187,1188,M01187,M01188,O=C(O)c1ccc(OC2OC(C(=O)O)C(O)C(O)C2O)c(O)c1,COc1ccc(C(=O)O)cc1OC1OC(C(=O)O)C(O)C(O)C1O,medium,0.7333333333333333,0.9333333333333333,1,c1ccc(OC2CCCCO2)cc1,22,0.6788243374826469,0.7751569839557304,1,0.7751569839557304,1187,1188
1168,1169,M01168,M01169,CC1=C2C(=O)C=C(CO)C2C2OC(=O)C(C)C2CC1,CC1=C2C(=O)C=C(COC(=O)C(=O)O)C2C2OC(=O)C(C)C2CC1,medium,0.6981132075471698,0.8974358974358975,1,O=C1CC2CCC=C3C(=O)C=CC3C2O1,4,0.8795051323147839,0.7751526687344938,1,0.7751526687344938,1168,1169
3349,3325,M03349,M03325,CC(C)(C)C(NC(=O)c1cn(CCCCCF)c2ccccc12)C(N)=O,CC(C)C(NC(=O)c1cn(CCCCCF)c2ccccc12)C(N)=O,medium,0.7636363636363637,0.9411764705882353,1,c1ccc2[nH]ccc2c1,63,0.5442457568182516,0.7751127993516147,1,0.7751127993516147,3325,3349
4325,3700,M04325,M03700,CCC[N+]12C(O)C(CC)C3CC1C1N(C)c4ccccc4C14CC2C3C4O,CCC1C2CC3C4N(C)c5ccccc5C45CC(C2C5O)[N+]3(CC(O)CN(CC)CC)C1O,medium,0.7076923076923077,0.8333333333333334,1,c1ccc2c(c1)NC1C3CC4CC[NH+]3C3CC21CC43,2,0.9466801716388252,0.7749507436945418,1,0.7749507436945418,3700,4325
1923,2758,M01923,M02758,Clc1ccc(C2(Cn3cncn3)OCCO2)c(Cl)c1,CCC1COC(Cn2cncn2)(c2ccc(Cl)cc2Cl)O1,medium,0.6862745098039216,0.9074074074074074,1,c1ccc(C2(Cn3cncn3)OCCO2)cc1,3,0.9088491513636503,0.7749439304387523,1,0.7749439304387523,1923,2758
3109,3110,M03109,M03110,COC1=CC(=O)C2(c3cc(=O)c4c(O)cc(O)cc4o3)C(CC=C(C)C2CC2(O)C(C)(O)CCC3C(C)(C)CC(O)CC32C)C1=O,COC1=CC(=O)C2(c3cc(=O)c4c(O)cc(O)cc4o3)C(CC=C(C)C2CC2C(C)C(O)CC3C(C)(C)CC(O)CC23C)C1=O,medium,0.6702127659574468,0.9230769230769231,1,O=C1C=CC(=O)C2(c3cc(=O)c4ccccc4o3)C(CC3CCCC4CCCCC43)C=CCC12,2,0.9466801716388252,0.7748989160895227,1,0.7748989160895227,3109,3110
845,661,M00845,M00661,CNC(=C[N+](=O)[O-])NCCSCc1ccc(C[N+](C)(C)[O-])o1,CNC(=C[N+](=O)[O-])NCCSCc1ccc(CN(C)C)o1,medium,0.7169811320754716,0.9264705882352942,1,c1ccoc1,12,0.7538526280001345,0.7748842205041266,1,0.7748842205041266,661,845
1693,1466,M01693,M01466,CCCCC(=O)OC(CC(=O)[O-])C[N+](C)(C)C,CCCCCCCCCCCC(=O)OC(CC(=O)[O-])C[N+](C)(C)C,strong,0.8857142857142857,0.9736842105263158,0,,0,0.0,0.7748496240601503,3,0.7748496240601503,1466,1693
1693,482,M01693,M00482,CCCCC(=O)OC(CC(=O)[O-])C[N+](C)(C)C,CCCCCCCCCCCCCCCC(=O)OC(CC(=O)[O-])C[N+](C)(C)C,strong,0.8857142857142857,0.9736842105263158,0,,0,0.0,0.7748496240601503,2,0.7748496240601503,482,1693
3997,3989,M03997,M03989,CCCCn1cc(C(=O)c2cccc3ccccc23)c2ccc(O)cc21,CCCCn1cc(C(=O)c2cccc3ccccc23)c2ccccc21,medium,0.7872340425531915,0.8461538461538461,1,O=C(c1cccc2ccccc12)c1c[nH]c2ccccc12,39,0.6060525864057348,0.7747867750312367,2,0.7747867750312367,3989,3997
3996,3989,M03996,M03989,CCCCn1cc(C(=O)c2cccc3ccccc23)c2cc(O)ccc21,CCCCn1cc(C(=O)c2cccc3ccccc23)c2ccccc21,medium,0.7872340425531915,0.8461538461538461,1,O=C(c1cccc2ccccc12)c1c[nH]c2ccccc12,39,0.6060525864057348,0.7747867750312367,2,0.7747867750312367,3989,3996
4309,3334,M04309,M03334,CCCc1nn(C)c2c(=O)[nH]c(-c3cc(C(=O)CN4CCCCC4)ccc3OCC)nc12,CCCc1nn(C)c2c(=O)[nH]c(-c3cc(C(=O)CN4CCN(CC)CC4)ccc3OCC)nc12,strong,0.8805970149253731,0.9855072463768116,0,,0,0.0,0.7747350205494268,1,0.7747350205494268,3334,4309
4309,3337,M04309,M03337,CCCc1nn(C)c2c(=O)[nH]c(-c3cc(C(=O)CN4CCCCC4)ccc3OCC)nc12,CCCc1nn(C)c2c(=O)[nH]c(-c3cc(C(=O)CN4CCN(C)CC4)ccc3OCC)nc12,strong,0.8805970149253731,0.9855072463768116,0,,0,0.0,0.7747350205494268,2,0.7747350205494268,3337,4309
659,2812,M00659,M02812,NC(=O)N1c2ccccc2C=Cc2ccccc21,NC(=O)N1c2ccccc2C=Cc2cc(O)ccc21,medium,0.7419354838709677,0.7894736842105263,1,C1=Cc2ccccc2Nc2ccccc21,4,0.8795051323147839,0.7744554812224298,1,0.7744554812224298,659,2812
4249,4183,M04249,M04183,CN1CCC23c4c5ccc(O)c4OC2C(=O)CCC3(O)C1C5,C=CCN1CCC23c4c5ccc(O)c4OC2C(=O)CCC3(O)C1C5,medium,0.7288135593220338,0.847457627118644,1,O=C1CCC2C3Cc4cccc5c4C2(CCN3)C1O5,6,0.8352580650673657,0.7744412521329861,2,0.7744412521329861,4183,4249
4493,4490,M04493,M04490,O=C1NCC(=O)N2C1Cc1c([nH]c3ccccc13)C2c1ccc2c(c1)OCO2,CN1CC(=O)N2C(Cc3c([nH]c4ccccc34)C2c2ccc3c(c2)OCO3)C1=O,medium,0.7142857142857143,0.8548387096774194,1,O=C1NCC(=O)N2C1Cc1c([nH]c3ccccc13)C2c1ccc2c(c1)OCO2,4,0.8795051323147839,0.774206875838001,1,0.774206875838001,4490,4493
1203,1277,M01203,M01277,O=C1CCC(Cc2cc(O)cc(O)c2)O1,O=C1CCC(Cc2cccc(O)c2)O1,medium,0.7222222222222222,0.8620689655172413,1,O=C1CCC(Cc2ccccc2)O1,6,0.8352580650673657,0.7741392844727485,1,0.7741392844727485,1203,1277
125,276,M00125,M00276,O=c1cc(-c2ccc(O)cc2)oc2cc(O)cc(O)c12,O=c1cc(-c2ccc(O)c(O)c2)oc2cc(O)cc(O)c12,medium,0.7777777777777778,0.8620689655172413,1,O=c1cc(-c2ccccc2)oc2ccccc12,37,0.6127978022039184,0.7741035783765648,1,0.7741035783765648,125,276
4002,4003,M04002,M04003,Cc1ccc(C(=O)c2cn(CCCCCF)c3ccccc23)c2ccccc12,Cc1ccc(C(=O)c2cn(CCCCCO)c3ccccc23)c2ccccc12,strong,0.8260869565217391,0.75,1,O=C(c1cccc2ccccc12)c1c[nH]c2ccccc12,39,0.6060525864057348,0.7740600618739037,1,0.7740600618739037,4002,4003
110,415,M00110,M00415,Nc1ncnc2c1ncn2C1OC(COP(=O)(O)O)C(O)C1O,Nc1ncnc2c1ncn2C1OC(CO)C(OP(=O)(O)O)C1O,medium,0.7272727272727273,0.9552238805970149,1,c1ncc2ncn(C3CCCO3)c2n1,26,0.6577388176437765,0.7738304291594565,1,0.7738304291594565,110,415
3976,3981,M03976,M03981,CCCCCn1cc(C(=O)c2cccc3ccccc23)c2ccc(OC)cc21,CCCCCn1cc(C(=O)c2cccc3ccccc23)c2ccc(O)cc21,medium,0.7592592592592593,0.9090909090909091,1,O=C(c1cccc2ccccc12)c1c[nH]c2ccccc12,39,0.6060525864057348,0.773736170789143,1,0.773736170789143,3976,3981
2763,3717,M02763,M03717,CC(Oc1ccc(Oc2ccc(Cl)cc2Cl)cc1)C(=O)O,COC(=O)C(C)Oc1ccc(Oc2ccc(Cl)cc2Cl)cc1,medium,0.7560975609756098,0.8928571428571429,1,c1ccc(Oc2ccccc2)cc1,29,0.6438836066809098,0.773455363301788,1,0.773455363301788,2763,3717
253,1857,M00253,M01857,NC(=O)NCCCC(N)C(=O)O,NC(=O)NCCCCC(N)C(=O)O,strong,0.8846153846153846,0.9705882352941176,0,,0,0.0,0.7734162895927602,1,0.7734162895927602,253,1857
2094,2095,M02094,M02095,CC[n+]1cccc(S(=O)(=O)[O-])c1,CCC[n+]1cccc(S(=O)(=O)[O-])c1,medium,0.7419354838709677,0.9148936170212766,1,c1cc[nH+]cc1,25,0.6627017793637848,0.7732899614824675,1,0.7732899614824675,2094,2095
557,549,M00557,M00549,O=C(O)C=Cc1ccc(O)c(OC2OC(CO)C(O)C(O)C2O)c1,O=C(O)C=Cc1ccc(OC2OC(CO)C(O)C(O)C2O)cc1,medium,0.7142857142857143,0.9714285714285714,1,c1ccc(OC2CCCCO2)cc1,22,0.6788243374826469,0.7732522220509684,1,0.7732522220509684,549,557
187,72,M00187,M00072,Oc1ccc(C=Cc2cc(O)cc3c2C(c2cc(O)cc4c2C(c2cc(O)cc(O)c2)C(c2ccc(O)cc2)O4)C(c2ccc(O)cc2)O3)cc1,Oc1ccc(C=Cc2cc(O)cc3c2C(c2cc(O)cc(O)c2)C(c2ccc(O)cc2)O3)cc1,strong,0.8863636363636364,0.9655172413793104,0,,0,0.0,0.7731974921630094,1,0.7731974921630094,72,187
4513,2884,M04513,M02884,CC12CCC(=O)C=C1CCC1C2CCC2(C)C1CCC2(C)O,CC(=O)C1(O)CCC2C3CCC4=CC(=O)CCC4(C)C3CCC21C,medium,0.7391304347826086,0.9210526315789473,1,O=C1C=C2CCC3C4CCCC4CCC3C2CC1,25,0.6627017793637848,0.7731466856688698,1,0.7731466856688698,2884,4513
3990,3974,M03990,M03974,CCCCn1cc(C(=O)c2cccc3ccc(C)cc23)c2ccccc21,CCCCCn1cc(C(=O)c2cccc3ccccc23)c2ccccc21,medium,0.7551020408163265,0.9166666666666666,1,O=C(c1cccc2ccccc12)c1c[nH]c2ccccc12,39,0.6060525864057348,0.7731357791173228,1,0.7731357791173228,3974,3990
48,50,M00048,M00050,COc1cc(-c2oc3cc(=O)cc4oc(O)c(C=[OH+])c(c2OC2OC(CO)C(O)C(O)C2O)c43)cc(OC)c1O,COc1cc(-c2oc3cc(=O)cc4oc(C)cc(c2OC2OC(CO)C(O)C(O)C2O)c43)cc(OC)c1O,medium,0.6857142857142857,0.9333333333333333,1,O=c1cc2occc3c(OC4CCCCO4)c(-c4ccccc4)oc(c1)c23,5,0.8555293230024756,0.7730913032122761,2,0.7730913032122761,48,50
2633,2639,M02633,M02639,Cc1cccc(C)c1NC(=O)C1CCCCN1C,CCCCN1CCCCC1C(=O)Nc1c(C)cccc1C,medium,0.6888888888888889,0.8936170212765957,1,O=C(Nc1ccccc1)C1CCCCN1,3,0.9088491513636503,0.7730649613570297,2,0.7730649613570297,2633,2639
3920,1959,M03920,M01959,CC(C)(COCc1cccc(Oc2ccccc2)c1)c1ccc(OC(F)(F)Br)cc1,CCOc1ccc(C(C)(C)COCc2cccc(Oc3ccccc3)c2)cc1,medium,0.723404255319149,0.7878787878787878,1,c1ccc(CCOCc2cccc(Oc3ccccc3)c2)cc1,2,0.9466801716388252,0.7730142759070101,1,0.7730142759070101,1959,3920
3695,4168,M03695,M04168,CN1CCC23c4c5ccc(O)c4OC2CCCC3C1C5,CN1CCC23c4c5ccc(O)c4OC2C(O)CCC3C1C5,medium,0.6851851851851852,0.9019607843137255,1,c1cc2c3c(c1)OC1CCCC4C(C2)NCCC314,3,0.9088491513636503,0.7729286798940901,1,0.7729286798940901,3695,4168
1806,1225,M01806,M01225,CC(C=CC=C(C)C=CC1=C(C)CCCC1(C)C)=CC=CC=C(C)C=CC=C(C)C=CC1=C(C)CC(O)CC1(C)C,CC(C=CC=C(C)C=CC1=C(C)CCCC1(C)C)=CC=CC=C(C)C=CC=C(C)C=CC1=C(C)CCCC1(C)C,medium,0.7674418604651163,0.7037037037037037,1,C(=CC=CC=CC=CC=CC1=CCCCC1)C=CC=CC=CC=CC1=CCCCC1,3,0.9088491513636503,0.7727184149095432,1,0.7727184149095432,1225,1806
1701,56,M01701,M00056,NC(N)=NCCCCC(N)C(=O)O,NC(N)=NCCCC(N)C(=O)O,strong,0.8846153846153846,0.967741935483871,0,,0,0.0,0.7727047146401985,1,0.7727047146401985,56,1701
3994,3985,M03994,M03985,O=C(c1cccc2ccccc12)c1cn(CCCCO)c2ccccc12,O=C(O)CCCCn1cc(C(=O)c2cccc3ccccc23)c2ccccc21,medium,0.7777777777777778,0.8604651162790697,1,O=C(c1cccc2ccccc12)c1c[nH]c2ccccc12,39,0.6060525864057348,0.7726908336972944,1,0.7726908336972944,3985,3994
3152,3151,M03152,M03151,CCCCCCCCCCCC=CCCC1CCCC(C)N1,CCCCCCCCCCCC1CCCC(C)N1,medium,0.7058823529411765,0.96,1,C1CCNCC1,15,0.7265474540909509,0.7725115298783486,1,0.7725115298783486,3151,3152
3152,3153,M03152,M03153,CCCCCCCCCCCC=CCCC1CCCC(C)N1,CCCCCCCCCCCCCC1CCCC(C)N1,medium,0.7058823529411765,0.96,1,C1CCNCC1,15,0.7265474540909509,0.7725115298783486,2,0.7725115298783486,3152,3153
3155,3152,M03155,M03152,CCCCCCCCCCCCCCCC1CCCC(C)N1,CCCCCCCCCCCC=CCCC1CCCC(C)N1,medium,0.7058823529411765,0.96,1,C1CCNCC1,15,0.7265474540909509,0.7725115298783486,1,0.7725115298783486,3152,3155
816,817,M00816,M00817,N#Cc1nn(-c2c(Cl)cc(C(F)(F)F)cc2Cl)c(N)c1SC(F)(F)F,N#Cc1nn(-c2c(Cl)cc(C(F)(F)F)cc2Cl)c(N)c1C(F)(F)F,medium,0.6956521739130435,0.9069767441860465,1,c1ccc(-n2cccn2)cc1,5,0.8555293230024756,0.772464888844709,1,0.772464888844709,816,817
747,765,M00747,M00765,CCNc1nc(NC(C)(C)C)[nH]c(=O)n1,CCNc1nc(NCC)[nH]c(=O)n1,medium,0.71875,0.8636363636363636,1,O=c1ncnc[nH]1,6,0.8352580650673657,0.7724478006691957,1,0.7724478006691957,747,765
639,766,M00639,M00766,CCNc1nc(NC(C)C)nc(OC)n1,CCNc1nc(NC(C)CC)nc(OC)n1,medium,0.7575757575757576,0.9090909090909091,1,c1ncncn1,40,0.6028054368020348,0.772238997338487,2,0.772238997338487,639,766
446,445,M00446,M00445,CCC=CCC=CCC=CCC=CCC=CCCCC(=O)OCC(O)COP(=O)([O-])OCC[N+](C)(C)C,CCCCCC=CCC=CCC=CCC=CCCCC(=O)OCC(O)COP(=O)([O-])OCC[N+](C)(C)C,strong,0.8703703703703703,1.0,0,,0,0.0,0.7722222222222221,3,0.7722222222222221,445,446
3847,3848,M03847,M03848,CCC(=O)N(c1ccccc1)C1CCN(CCc2ccccc2)CC1,CCC(=O)N(c1ccccc1)C1CCN(CCc2ccccc2)CC1C,medium,0.7,0.8809523809523809,1,c1ccc(CCN2CCC(Nc3ccccc3)CC2)cc1,4,0.8795051323147839,0.7721638650853129,1,0.7721638650853129,3847,3848
3857,3858,M03857,M03858,CC(C(=O)O)N(C(=O)c1ccccc1)c1ccc(F)c(Cl)c1,CC(C)OC(=O)C(C)N(C(=O)c1ccccc1)c1ccc(F)c(Cl)c1,medium,0.75,0.8421052631578947,1,O=C(Nc1ccccc1)c1ccccc1,13,0.744107216431016,0.772142398254126,2,0.772142398254126,3857,3858
860,2282,M00860,M02282,COc1cc(OC)nc(NC(=O)NS(=O)(=O)c2cc(NC=O)ccc2C(=O)N(C)C)n1,COc1cc(OC)nc(NC(=O)NS(=O)(=O)c2c(NC=O)cccc2C(=O)N(C)C)n1,medium,0.6666666666666666,0.9859154929577465,1,O=C(Nc1ncccn1)NS(=O)(=O)c1ccccc1,6,0.8352580650673657,0.7717675829995415,1,0.7717675829995415,860,2282
1679,1671,M01679,M01671,CC(CCCC(C)C1CCC2C3C(O)CC4=CC(=O)CCC4(C)C3CCC12C)C(=O)O,CC(CCCC(C)C1CCC2C3CCC4=CC(=O)CCC4(C)C3CCC12C)C(=O)O,medium,0.734375,0.926829268292683,1,O=C1C=C2CCC3C4CCCC4CCC3C2CC1,25,0.6627017793637848,0.7717375839777385,1,0.7717375839777385,1671,1679
1613,1618,M01613,M01618,Nc1nc2c(ncn2C2CC(O)C(COP(=O)(O)OP(=O)(O)O)O2)c(=O)[nH]1,Nc1nc2c(ncn2C2OC(COP(=O)(O)OP(=O)(O)OP(=O)(O)O)C(O)C2O)c(=O)[nH]1,medium,0.7230769230769231,0.92,1,O=c1[nH]cnc2c1ncn2C1CCCO1,16,0.7185751418868361,0.7716324251291793,2,0.7716324251291793,1613,1618
1614,1577,M01614,M01577,Nc1nc2c(ncn2C2CC(O)C(COP(=O)(O)OP(=O)(O)OP(=O)(O)O)O2)c(=O)[nH]1,Nc1nc2c(ncn2C2OC(COP(=O)(O)OP(=O)(O)O)C(O)C2O)c(=O)[nH]1,medium,0.7230769230769231,0.92,1,O=c1[nH]cnc2c1ncn2C1CCCO1,16,0.7185751418868361,0.7716324251291793,2,0.7716324251291793,1577,1614
2152,2128,M02152,M02128,CCCCCCC=CC=CCCCCCCCC(=O)O,CCCCC=CC=CC=CCCCCCCCC(=O)O,strong,0.8888888888888888,0.9523809523809523,0,,0,0.0,0.7714285714285714,1,0.7714285714285714,2128,2152
4106,4537,M04106,M04537,CN1CCCCC1CCN1c2ccccc2Sc2ccc(S(C)=O)cc21,CSc1ccc2c(c1)N(CCC1CCCCN1C)c1ccccc1S2,medium,0.6964285714285714,0.8461538461538461,1,c1ccc2c(c1)Sc1ccccc1N2CCC1CCCCN1,2,0.9466801716388252,0.7713976301414281,1,0.7713976301414281,4106,4537
1331,10,M01331,M00010,COc1ccc(C2Oc3cc(O)cc(O)c3CC2O)cc1O,Oc1ccc(C2Oc3cc(O)cc(O)c3CC2O)cc1,medium,0.6976744186046512,0.9090909090909091,1,c1ccc(C2CCc3ccccc3O2)cc1,6,0.8352580650673657,0.7711660881956228,2,0.7711660881956228,10,1331
205,22,M00205,M00022,O=c1c(O)c(-c2ccccc2)oc2cc(O)cc(O)c12,O=c1c(O)c(-c2cc(O)c(O)c(O)c2)oc2cc(O)cc(O)c12,medium,0.7297297297297297,0.9655172413793104,1,O=c1cc(-c2ccccc2)oc2ccccc12,37,0.6127978022039184,0.7711368185132532,1,0.7711368185132532,22,205
4264,1998,M04264,M01998,O=C(NC(=O)c1c(F)cccc1F)Nc1ccc(C(F)(F)F)cc1,O=C(NC(=O)c1c(F)cccc1F)Nc1ccc(Cl)cc1,medium,0.6923076923076923,0.9411764705882353,1,O=C(NC(=O)c1ccccc1)Nc1ccccc1,8,0.802209494641301,0.7710101572278693,1,0.7710101572278693,1998,4264
142,2668,M00142,M02668,CCCCCCCCCCCCCCCCCC(=O)OCCCC,CCCCOC(=O)CCCCCCCCC(=O)OCCCC,strong,0.9545454545454546,0.7916666666666666,0,,0,0.0,0.7706439393939394,1,0.7706439393939394,142,2668
4020,4019,M04020,M04019,O=C(c1ccc(F)c2ccccc12)c1cn(CCCCCF)c2ccccc12,CCCCCn1cc(C(=O)c2ccc(F)c3ccccc23)c2ccccc21,medium,0.7872340425531915,0.8292682926829268,1,O=C(c1cccc2ccccc12)c1c[nH]c2ccccc12,39,0.6060525864057348,0.7705653866635068,2,0.7705653866635068,4019,4020
367,1241,M00367,M01241,COc1ccc(-c2cc(=O)c3c(OC)c(OC)c(OC)cc3o2)cc1OC,COc1ccc(-c2cc(=O)c3c(OC)c(OC)c(OC)c(OC)c3o2)cc1OC,medium,0.7142857142857143,1.0,1,O=c1cc(-c2ccccc2)oc2ccccc12,37,0.6127978022039184,0.7704910989020164,2,0.7704910989020164,367,1241
1741,3270,M01741,M03270,CCCCCCCCCCCCCCCCCC(=O)OC(CO)COP(=O)(O)OC1C(O)C(O)C(O)C(O)C1O,CCCCCCCCC=CCCCCCCCC(=O)OC(COC(=O)CCCCCCCCCCCCCCC)COP(=O)(O)OC1C(O)C(O)C(O)C(O)C1O,medium,0.7222222222222222,0.9375,1,C1CCCCC1,21,0.6846698721617894,0.7704088141576018,1,0.7704088141576018,1741,3270
2264,596,M02264,M00596,Nc1c(Cl)cnn(-c2ccccc2)c1=O,Nc1cnn(-c2ccccc2)c(=O)c1Cl,medium,0.6571428571428571,0.9767441860465116,1,O=c1cccnn1-c1ccccc1,4,0.8795051323147839,0.7703975306445598,1,0.7703975306445598,596,2264
4445,4444,M04445,M04444,CCCc1nn(C)c2c(=O)[nH]c(-c3cc(S(=O)(=O)N4CCCCC4)ccc3OCC)nc12,CCCc1nn(C)c2c(=O)[nH]c(-c3cc(S(=O)(=O)N4CCN(C)CC4)ccc3OCC)nc12,strong,0.8769230769230769,0.9767441860465116,0,,0,0.0,0.770339892665474,1,0.770339892665474,4444,4445
2622,4145,M02622,M04145,Cc1ncc2n1-c1ccc(Cl)cc1C(c1ccccc1F)=NC2,OCc1ncc2n1-c1ccc(Cl)cc1C(c1ccccc1F)=NC2,medium,0.7222222222222222,0.78,1,c1ccc(C2=NCc3cncn3-c3ccccc32)cc1,2,0.9466801716388252,0.7703353590791571,1,0.7703353590791571,2622,4145
2401,2605,M02401,M02605,CCCCOC(=O)c1ccccc1C(=O)OCCCC,CCCCCCOC(=O)c1ccccc1C(=O)OCCCCCC,strong,0.8571428571428571,0.896551724137931,1,c1ccccc1,802,0.21161295934610674,0.770165589222113,3,0.770165589222113,2401,2605
2401,2307,M02401,M02307,CCCCOC(=O)c1ccccc1C(=O)OCCCC,CCCCCCCCOC(=O)c1ccccc1C(=O)OCCCCCCCC,strong,0.8571428571428571,0.896551724137931,1,c1ccccc1,802,0.21161295934610674,0.770165589222113,2,0.770165589222113,2307,2401
350,33,M00350,M00033,O=c1c(OC2OC(CO)C(O)C(O)C2O)c(-c2ccc(O)c(O)c2)oc2cc(O)cc(O)c12,O=c1c(OC2OC(CO)C(O)C(O)C2O)c(-c2ccc(OC3OC(CO)C(O)C(O)C3O)c(O)c2)oc2cc(O)cc(O)c12,strong,0.8771929824561403,0.975,0,,0,0.0,0.7700657894736842,3,0.7700657894736842,33,350
472,1748,M00472,M01748,CCCCCCCCC=CCCCCCCCC(=O)OCC(COP(=O)(O)OCCN)OC(=O)CCCCCCCC=CCCCCCCCC,CCCCCCCCCCCCCCCCCC(=O)OCC(COP(=O)(O)OCCN)OC(=O)CCCCCCCCCCCCCCC,strong,0.875,0.98,0,,0,0.0,0.77,2,0.77,472,1748
472,1575,M00472,M01575,CCCCCCCCC=CCCCCCCCC(=O)OCC(COP(=O)(O)OCCN)OC(=O)CCCCCCCC=CCCCCCCCC,CCCCCCCCCCCCCCCC(=O)OCC(COP(=O)(O)OCCN)OC(=O)CCCCCCCCCCCCCCC,strong,0.875,0.98,0,,0,0.0,0.77,1,0.77,472,1575
2662,2663,M02662,M02663,Nc1ccc2nc3c(N)cccc3nc2c1,Nc1ccc2nc3ccc(N)cc3nc2c1,medium,0.6296296296296297,1.0,1,c1ccc2nc3ccccc3nc2c1,2,0.9466801716388252,0.7697798035236015,1,0.7697798035236015,2662,2663
995,1719,M00995,M01719,CC(O)C(O)c1cnc2nc(N)[nH]c(=O)c2n1,Nc1nc2ncc(C(O)C(O)CO)nc2c(=O)[nH]1,medium,0.7209302325581395,0.8035714285714286,1,O=c1[nH]cnc2nccnc12,3,0.9088491513636503,0.7697783693822884,1,0.7697783693822884,995,1719
4757,4772,M04757,M04772,CN1C(CCl)Nc2cc(Cl)c(S(N)(=O)=O)cc2S1(=O)=O,CN1C(CSCC(F)(F)F)Nc2cc(Cl)c(S(N)(=O)=O)cc2S1(=O)=O,medium,0.6851851851851852,0.9436619718309859,1,O=S1(=O)NCNc2ccccc21,7,0.8176983027273006,0.7696813494779526,1,0.7696813494779526,4757,4772
1440,1002,M01440,M01002,O=C1CC(C(=O)[O-])NC(=O)N1,O=C1CC(C(=O)O)NC(=O)N1,medium,0.6785714285714286,0.9047619047619048,1,O=C1CCNC(=O)N1,3,0.9088491513636503,0.7696607060378808,1,0.7696607060378808,1002,1440
4169,851,M04169,M00851,CCOc1ccc2c3c1OC1C(O)C=CC4C(C2)N(C)CCC341,CN1CCC23c4c5ccc(O)c4OC2C(O)C=CC3C1C5,medium,0.7192982456140351,0.8703703703703703,1,C1=CC2C3Cc4cccc5c4C2(CCN3)C(C1)O5,8,0.802209494641301,0.7695029641572088,1,0.7695029641572088,851,4169
2921,781,M02921,M00781,Cc1cccc(C)c1N(Cn1cccn1)C(=O)CO,Cc1cccc(C)c1N(Cn1cccn1)C(=O)C(=O)O,medium,0.7209302325581395,0.8571428571428571,1,c1ccc(NCn2cccn2)cc1,7,0.8176983027273006,0.769498599229693,2,0.769498599229693,781,2921
2551,4389,M02551,M04389,Cc1c(OCC(F)(F)F)ccnc1CS(=O)c1nc2ccccc2[nH]1,COCCCOc1ccnc(CS(=O)c2nc3ccccc3[nH]2)c1C,medium,0.7192982456140351,0.8235294117647058,1,O=S(Cc1ccccn1)c1nc2ccccc2[nH]1,4,0.8795051323147839,0.7693870701568151,1,0.7693870701568151,2551,4389
4010,4017,M04010,M04017,CCCCCn1cc(C(=O)c2ccc(CC)c3ccccc23)c2ccccc21,CCCCCn1cc(C(=O)c2ccc(Br)c3ccccc23)c2ccccc21,medium,0.7659574468085106,0.875,1,O=C(c1cccc2ccccc12)c1c[nH]c2ccccc12,39,0.6060525864057348,0.7692323560459666,2,0.7692323560459666,4010,4017
4001,4017,M04001,M04017,CCCCCn1cc(C(=O)c2ccc(C)c3ccccc23)c2ccccc21,CCCCCn1cc(C(=O)c2ccc(Br)c3ccccc23)c2ccccc21,medium,0.7659574468085106,0.875,1,O=C(c1cccc2ccccc12)c1c[nH]c2ccccc12,39,0.6060525864057348,0.7692323560459666,2,0.7692323560459666,4001,4017
3156,3165,M03156,M03165,COC(=O)CC(C1=C2OC(O)=C(C(=O)CC(C)C)C(=O)C2(CC=C(C)C)CC(CC=C(C)C)C1(C)C)c1ccccc1,CC(C)=CCC1CC2(CC=C(C)C)C(=O)C(C(=O)C(C)C)=C(O)OC2=C(C(CC(=O)O)c2ccccc2)C1(C)C,medium,0.7162162162162162,0.8666666666666667,1,O=C1C=COC2=C(Cc3ccccc3)CCCC12,7,0.8176983027273006,0.7690511418054914,1,0.7690511418054914,3156,3165
3672,3342,M03672,M03342,CC1(C)C(C=C(Cl)C(F)(F)F)C1C(=O)OC(C#N)c1cccc(Oc2ccccc2)c1,CC1(C)C(C=CC(=O)OC(C(F)(F)F)C(F)(F)F)C1C(=O)OC(C#N)c1cccc(Oc2ccccc2)c1,medium,0.7121212121212122,0.8857142857142857,1,O=C(OCc1cccc(Oc2ccccc2)c1)C1CC1,8,0.802209494641301,0.7690327228974939,1,0.7690327228974939,3342,3672
20,1148,M00020,M01148,O=c1cc(-c2ccc(O)c(O)c2)oc2cc(OC3OC(CO)C(O)C(O)C3O)cc(O)c12,O=c1c(O)c(-c2ccc(O)cc2)oc2cc(OC3OC(CO)C(O)C(O)C3O)cc(O)c12,medium,0.6451612903225806,1.0,1,O=c1cc(-c2ccccc2)oc2cc(OC3CCCCO3)ccc12,4,0.8795051323147839,0.769022544040766,1,0.769022544040766,20,1148
3984,4003,M03984,M04003,O=C(c1cccc2ccccc12)c1cn(CCCCCO)c2ccccc12,Cc1ccc(C(=O)c2cn(CCCCCO)c3ccccc23)c2ccccc12,medium,0.723404255319149,0.9761904761904762,1,O=C(c1cccc2ccccc12)c1c[nH]c2ccccc12,39,0.6060525864057348,0.7689980601999686,1,0.7689980601999686,3984,4003
289,243,M00289,M00243,CCC=CCC1C(=O)CCC1CC(=O)OC,CCC=CCC1C(=O)CCC1CC(=O)O,medium,0.725,0.7666666666666667,1,O=C1CCCC1,2,0.9466801716388252,0.7686686924124905,1,0.7686686924124905,243,289
1404,1533,M01404,M01533,Nc1ncnc2c1ncn2C1OC(COP(=O)(O)O)C(OP(=O)(O)O)C1O,Nc1ncnc2c1ncn2C1OC(COP(=O)(O)OP(=O)(O)O)C(O)C1O,medium,0.711864406779661,0.9705882352941176,1,c1ncc2ncn(C3CCCO3)c2n1,26,0.6577388176437765,0.7684265255378925,2,0.7684265255378925,1404,1533
686,685,M00686,M00685,CC(=O)Nc1ccc(S(=O)(=O)Nc2ncccn2)cc1,CC(=O)Nc1ccc(S(=O)(=O)Nc2nc(C)cc(C)n2)cc1,medium,0.675,0.9629629629629629,1,O=S(=O)(Nc1ncccn1)c1ccccc1,7,0.8176983027273006,0.7683954861498358,1,0.7683954861498358,685,686
359,23,M00359,M00023,COc1cc(O)c2c(c1)OC(c1ccc(O)cc1)CC2=O,O=C1CC(c2ccc(O)cc2)Oc2cc(O)cc(O)c21,medium,0.7380952380952381,0.8709677419354839,1,O=C1CC(c2ccccc2)Oc2ccccc21,16,0.7185751418868361,0.7683853496240393,2,0.7683853496240393,23,359
1235,190,M01235,M00190,COc1cc(C2CC(=O)c3c(O)cc(O)cc3O2)ccc1O,O=C1CC(c2ccc(O)c(O)c2)Oc2cc(O)cc(O)c21,medium,0.7333333333333333,0.8823529411764706,1,O=C1CC(c2ccccc2)Oc2ccccc21,16,0.7185751418868361,0.768374506577143,2,0.768374506577143,190,1235
14,190,M00014,M00190,COc1ccc(C2CC(=O)c3c(O)cc(O)cc3O2)cc1O,O=C1CC(c2ccc(O)c(O)c2)Oc2cc(O)cc(O)c21,medium,0.7333333333333333,0.8823529411764706,1,O=C1CC(c2ccccc2)Oc2ccccc21,16,0.7185751418868361,0.768374506577143,2,0.768374506577143,14,190
4276,3884,M04276,M03884,OCCN1CCN(CCCN2c3ccccc3Sc3ccc(Cl)cc32)CC1,OCCN1CCN(CCCN2c3ccccc3Sc3ccc(C(F)(F)F)cc32)CC1,medium,0.7058823529411765,0.9056603773584906,1,c1ccc2c(c1)Sc1ccccc1N2CCCN1CCNCC1,9,0.7883542836784342,0.7681976486560936,1,0.7681976486560936,3884,4276
507,1873,M00507,M01873,CCCCCCCCC=CCCCCCCCC(=O)OC(CC(=O)[O-])C[N+](C)(C)C,CCCCCC=CCC=CCC=CCC=CCCCC(=O)OC(CC(=O)[O-])C[N+](C)(C)C,strong,0.8636363636363636,1.0,0,,0,0.0,0.7681818181818182,2,0.7681818181818182,507,1873
2525,3339,M02525,M03339,O=C(O)c1cc(Oc2ccc(Cl)cc2Cl)ccc1[N+](=O)[O-],O=C(O)c1cc(Oc2ccc(C(F)(F)F)cc2Cl)ccc1[N+](=O)[O-],medium,0.7291666666666666,0.9361702127659575,1,c1ccc(Oc2ccccc2)cc1,29,0.6438836066809098,0.7681250941936258,2,0.7681250941936258,2525,3339
84,1433,M00084,M01433,Nc1nc2c(ncn2C2CC(O)C(COP(=O)(O)O)O2)c(=O)[nH]1,Nc1nc2c(ncn2C2CC(O)C(CO)O2)c(=O)[nH]1,medium,0.75,0.84,1,O=c1[nH]cnc2c1ncn2C1CCCO1,16,0.7185751418868361,0.7677862712830253,1,0.7677862712830253,84,1433
539,373,M00539,M00373,O=P(O)(O)OCC1OC(CO)(OC2OC(CO)C(O)C(O)C2O)C(O)C1O,OCC1OC(OC2(CO)OC(CO)C(O)C2O)C(O)C(O)C1O,medium,0.7209302325581395,0.7954545454545454,1,C1CCC(OC2CCCO2)OC1,3,0.9088491513636503,0.7677491486030676,1,0.7677491486030676,373,539
764,746,M00764,M00746,CCNc1nc(NCC)nc(OC)n1,CCNc1nc(NC(C)(C)C)nc(OC)n1,medium,0.75,0.9090909090909091,1,c1ncncn1,40,0.6028054368020348,0.7676935427930325,2,0.7676935427930325,746,764
278,279,M00278,M00279,COc1cc(-c2oc3cc(=O)cc(OC4OC(CO)C(O)C(O)C4O)c-3cc2OC2OC(CO)C(O)C(O)C2O)cc(OC)c1O,COc1cc(-c2oc3cc(=O)cc(O)c-3cc2OC2OC(CO)C(O)C(O)C2O)cc(OC)c1O,strong,0.8727272727272727,0.9761904761904762,0,,0,0.0,0.7676839826839826,1,0.7676839826839826,278,279
3781,4020,M03781,M04020,CCc1ccc(C(=O)c2cn(CCCCCF)c3ccccc23)c2ccccc12,O=C(c1ccc(F)c2ccccc12)c1cn(CCCCCF)c2ccccc12,medium,0.7551020408163265,0.8947368421052632,1,O=C(c1cccc2ccccc12)c1c[nH]c2ccccc12,39,0.6060525864057348,0.7676533229769719,2,0.7676533229769719,3781,4020
4182,851,M04182,M00851,C=CCN1CCC23c4c5ccc(O)c4OC2C(O)C=CC3C1C5,CN1CCC23c4c5ccc(O)c4OC2C(O)C=CC3C1C5,medium,0.7192982456140351,0.8627450980392157,1,C1=CC2C3Cc4cccc5c4C2(CCN3)C(C1)O5,8,0.802209494641301,0.7675966460744201,1,0.7675966460744201,851,4182
3748,4359,M03748,M04359,Cn1c(=O)c2c(ncn2CC(O)CO)n(C)c1=O,CC(O)Cn1cnc2c1c(=O)n(C)c(=O)n2C,medium,0.75,0.84375,1,O=c1[nH]c(=O)c2[nH]cnc2[nH]1,17,0.7110586460049512,0.7675962969007426,1,0.7675962969007426,3748,4359
650,2329,M00650,M02329,Nc1ccc(S(=O)(=O)Nc2ncccn2)cc1,Cc1ccnc(NS(=O)(=O)c2ccc(N)cc2)n1,medium,0.6666666666666666,0.9795918367346939,1,O=S(=O)(Nc1ncccn1)c1ccccc1,7,0.8176983027273006,0.7675527045927685,1,0.7675527045927685,650,2329
1008,84,M01008,M00084,Nc1nc2c(ncn2C2OC(COP(=O)(O)O)C(O)C2O)c(=O)[nH]1,Nc1nc2c(ncn2C2CC(O)C(COP(=O)(O)O)O2)c(=O)[nH]1,medium,0.7166666666666667,0.918918918918919,1,O=c1[nH]cnc2c1ncn2C1CCCO1,16,0.7185751418868361,0.7675160010127552,2,0.7675160010127552,84,1008
3617,905,M03617,M00905,C[N+](C)([O-])CCCC1(c2ccc(F)cc2)OCc2cc(C#N)ccc21,CN(C)CCCC1(c2ccc(F)cc2)OCc2cc(C#N)ccc21,medium,0.7142857142857143,0.8421052631578947,1,c1ccc(C2OCc3ccccc32)cc1,5,0.8555293230024756,0.7674271428112736,1,0.7674271428112736,905,3617
3878,3867,M03878,M03867,Nc1ccc2c(c1)C(c1ccccc1F)=NCC(=O)N2,O=C1CN=C(c2ccccc2F)c2cc(Br)ccc2N1,medium,0.7333333333333333,0.9111111111111111,1,O=C1CN=C(c2ccccc2)c2ccccc2N1,25,0.6627017793637848,0.7671830446823454,2,0.7671830446823454,3867,3878
73,48,M00073,M00048,COc1cc(-c2oc3cc(=O)cc4oc(C(=O)O)cc(c2OC2OC(CO)C(O)C(O)C2O)c43)cc(OC)c1O,COc1cc(-c2oc3cc(=O)cc4oc(O)c(C=[OH+])c(c2OC2OC(CO)C(O)C(O)C2O)c43)cc(OC)c1O,medium,0.6575342465753424,0.9772727272727273,1,O=c1cc2occc3c(OC4CCCCO4)c(-c4ccccc4)oc(c1)c23,5,0.8555293230024756,0.7671681282137586,2,0.7671681282137586,48,73
3372,3352,M03372,M03352,OCc1nnc2n1-c1ccc(Cl)cc1C(c1ccccc1)=NC2,CN(C)Cc1nnc2n1-c1ccc(Cl)cc1C(c1ccccc1)=NC2,medium,0.7647058823529411,0.7678571428571429,1,c1ccc(C2=NCc3nncn3-c3ccccc32)cc1,10,0.7758207207981391,0.7671609232457712,2,0.7671609232457712,3352,3372
3160,3165,M03160,M03165,CCC(C)C(=O)C1=C(O)OC2=C(C(CC(=O)O)c3ccccc3)C(C)(C)C(CCC(C)(C)O)CC2(CC=C(C)C)C1=O,CC(C)=CCC1CC2(CC=C(C)C)C(=O)C(C(=O)C(C)C)=C(O)OC2=C(C(CC(=O)O)c2ccccc2)C1(C)C,medium,0.7105263157894737,0.8723404255319149,1,O=C1C=COC2=C(Cc3ccccc3)CCCC12,7,0.8176983027273006,0.767055641265758,1,0.767055641265758,3160,3165
3286,3291,M03286,M03291,CN(C)C1C(=O)C(C(N)=O)=C(O)C2(O)C(=O)C3=C(O)c4c(O)cccc4C(C)(O)C3C(O)C12,CN(C)C1C(=O)C(C(N)=O)=C(O)C2(O)C(=O)C3=C(O)c4c(O)cccc4C(C)(O)C3CC12,medium,0.6716417910447762,0.9285714285714286,1,O=C1C=CC2C(=O)C3=Cc4ccccc4CC3CC2C1,4,0.8795051323147839,0.7670537016169404,2,0.7670537016169404,3286,3291
2211,764,M02211,M00764,CCNc1nc(N)nc(OC)n1,CCNc1nc(NCC)nc(OC)n1,medium,0.7407407407407407,0.9285714285714286,1,c1ncncn1,40,0.6028054368020348,0.7670081171076069,1,0.7670081171076069,764,2211
3164,3170,M03164,M03170,C=CCc1ccc(O)c(-c2cc(CC=C)ccc2O)c1,C=CCc1ccc(O)c(-c2ccc(O)c(CC=C)c2)c1,medium,0.6875,0.9523809523809523,1,c1ccc(-c2ccccc2)cc1,10,0.7758207207981391,0.7669683462149589,1,0.7669683462149589,3164,3170
3979,3974,M03979,M03974,CCCCCn1cc(C(=O)c2cccc3ccccc23)c2c(O)cccc21,CCCCCn1cc(C(=O)c2cccc3ccccc23)c2ccccc21,medium,0.7708333333333334,0.8536585365853658,1,O=C(c1cccc2ccccc12)c1c[nH]c2ccccc12,39,0.6060525864057348,0.7668225221072017,1,0.7668225221072017,3974,3979
4015,4016,M04015,M04016,CCCCCn1cc(C(=O)c2cccc3ccccc23)cc1-c1cccc(F)c1,CCCCCn1cc(C(=O)c2cccc3ccccc23)cc1-c1ccccc1C,medium,0.6896551724137931,0.8837209302325582,1,O=C(c1c[nH]c(-c2ccccc2)c1)c1cccc2ccccc12,4,0.8795051323147839,0.766649105853633,2,0.766649105853633,4015,4016
466,465,M00466,M00465,CCCCCCCCC=CCCCCCCCC(=O)OCC(O)COP(=O)(O)OCCN,CCCCCCCCCCCCCCCCCC(=O)OCC(O)COP(=O)(O)OCCN,strong,0.8695652173913043,0.9795918367346939,0,,0,0.0,0.766637089618456,2,0.766637089618456,465,466
466,1778,M00466,M01778,CCCCCCCCC=CCCCCCCCC(=O)OCC(O)COP(=O)(O)OCCN,CCCCCCCCCCCCCCCC(=O)OCC(O)COP(=O)(O)OCCN,strong,0.8695652173913043,0.9795918367346939,0,,0,0.0,0.766637089618456,3,0.766637089618456,466,1778
326,19,M00326,M00019,O=c1c(OC2OC(COC3OCC(O)C(O)C3O)C(O)C(O)C2O)c(-c2ccc(O)c(O)c2)oc2cc(O)cc(O)c12,CC1OC(OCC2OC(Oc3c(-c4ccc(O)cc4)oc4cc(O)cc(O)c4c3=O)C(O)C(O)C2O)C(O)C(O)C1O,medium,0.6805555555555556,0.9047619047619048,1,O=c1c(OC2CCCC(COC3CCCCO3)O2)c(-c2ccccc2)oc2ccccc12,4,0.8795051323147839,0.7664495793710271,2,0.7664495793710271,19,326
4646,4680,M04646,M04680,CC1CC2C3CCC4=CC(=O)C=CC4(C)C3(F)C(O)CC2(C)C1(O)C(=O)CCl,CCC(=O)OC1(C(=O)CCl)C(C)CC2C3CCC4=CC(=O)C=CC4(C)C3(F)C(O)CC21C,medium,0.7205882352941176,0.9,1,O=C1C=CC2C(=C1)CCC1C3CCCC3CCC21,15,0.7265474540909509,0.7663350592901133,2,0.7663350592901133,4646,4680
1241,1119,M01241,M01119,COc1ccc(-c2cc(=O)c3c(OC)c(OC)c(OC)c(OC)c3o2)cc1OC,COc1ccc(-c2cc(=O)c3c(OC)c(OC)c(OC)c(OC)c3o2)cc1,medium,0.7073170731707317,1.0,1,O=c1cc(-c2ccccc2)oc2ccccc12,37,0.6127978022039184,0.7663099142330267,2,0.7663099142330267,1119,1241
790,4127,M00790,M04127,Cc1c(NC=O)c(=O)n(-c2ccccc2)n1C,CNc1c(C)n(C)n(-c2ccccc2)c1=O,medium,0.6944444444444444,0.9318181818181818,1,O=c1cc[nH]n1-c1ccccc1,10,0.7758207207981391,0.765994320240933,1,0.765994320240933,790,4127
4036,4035,M04036,M04035,CNCC(C)CN1c2ccccc2Sc2ccc(OC)cc21,COc1ccc2c(c1)N(CC(C)CN(C)C)c1ccccc1S2,medium,0.7142857142857143,0.9183673469387755,1,c1ccc2c(c1)Nc1ccccc1S2,16,0.7185751418868361,0.7659495365891479,1,0.7659495365891479,4035,4036
1417,2884,M01417,M02884,CC12CCC(=O)C=C1CCC1C2CCC2(C)C1CCC2(O)C(=O)CO,CC(=O)C1(O)CCC2C3CCC4=CC(=O)CCC4(C)C3CCC21C,medium,0.7755102040816326,0.8043478260869565,1,O=C1C=C2CCC3C4CCCC4CCC3C2CC1,25,0.6627017793637848,0.7657983458752864,2,0.7657983458752864,1417,2884
1433,971,M01433,M00971,Nc1nc2c(ncn2C2CC(O)C(CO)O2)c(=O)[nH]1,O=c1[nH]cnc2c1ncn2C1CC(O)C(CO)O1,medium,0.7115384615384616,0.9242424242424242,1,O=c1[nH]cnc2c1ncn2C1CCCO1,16,0.7185751418868361,0.7657699542667084,2,0.7657699542667084,971,1433
3084,3051,M03084,M03051,CC1(C(=O)O)CCCC2(C)C3CCC4CC3(C=C4C=O)CCC12,CC1(C(=O)O)CCCC2(C)C3CCC4CC3(C=C4CO)CCC12,medium,0.6923076923076923,0.8333333333333334,1,C1=CC23CCC4CCCCC4C2CCC1C3,2,0.9466801716388252,0.7657199744637725,1,0.7657199744637725,3051,3084
1624,1612,M01624,M01612,O=c1ccn(C2OC(COP(=O)(O)OP(=O)(O)OP(=O)(O)O)C(O)C2O)c(=O)[nH]1,O=c1ccn(C2CC(O)C(COP(=O)(O)OP(=O)(O)OP(=O)(O)O)O2)c(=O)[nH]1,medium,0.7017543859649122,0.9130434782608695,1,O=c1ccn(C2CCCO2)c(=O)[nH]1,10,0.7758207207981391,0.7656866092638857,1,0.7656866092638857,1612,1624
3085,3075,M03085,M03075,CC1CC2CCCC3N4C(=O)CCCC4CC(C1)N23,CC1CC2CC3CCCC(=O)N3C3CCC(O)C(C1)N23,medium,0.6904761904761905,0.8372093023255814,1,O=C1CCCC2CC3CCCC4CCCC(N12)N43,2,0.9466801716388252,0.7655900656129334,1,0.7655900656129334,3075,3085
166,163,M00166,M00163,Oc1cc(O)c2cc(OC3OCC(O)C(O)C3O)c(-c3ccc(O)c(O)c3)[o+]c2c1,OCC1OC(Oc2cc3c(O)cc(O)cc3[o+]c2-c2ccc(O)c(O)c2)C(O)C(O)C1O,medium,0.6896551724137931,0.925,1,c1ccc(-c2[o+]c3ccccc3cc2OC2CCCCO2)cc1,8,0.802209494641301,0.765374527644471,1,0.765374527644471,163,166
111,1832,M00111,M01832,O=C(O)CC(Nc1ncnc2c1ncn2C1OC(COP(=O)(O)O)C(O)C1O)C(=O)O,O=C(O)CC(Nc1ncnc2c1ncn2C1OC(CO)C(O)C1O)C(=O)O,medium,0.7580645161290323,0.8472222222222222,1,c1ncc2ncn(C3CCCO3)c2n1,26,0.6577388176437765,0.7653050878795414,1,0.7653050878795414,111,1832
1299,1303,M01299,M01303,O=c1cc(-c2ccc(OS(=O)(=O)O)c(O)c2)oc2cc(OS(=O)(=O)O)cc(O)c12,O=c1cc(-c2ccc(O)c(OS(=O)(=O)O)c2)oc2cc(O)cc(O)c12,medium,0.7142857142857143,0.9787234042553191,1,O=c1cc(-c2ccccc2)oc2ccccc12,37,0.6127978022039184,0.7651719499658461,1,0.7651719499658461,1299,1303
4432,2699,M04432,M02699,CC=C1CC(C)C(C)(O)C(=O)OCC2=CC[N+]3([O-])CCC(OC1=O)C23,C=C1C(=O)OC2CC[N+]3([O-])CC=C(COC(=O)C(C)(O)C(C)C1C)C23,medium,0.65625,0.9402985074626866,1,C=C1CCCC(=O)OCC2=CC[NH+]3CCC(OC1=O)C23,3,0.9088491513636503,0.7651519995702192,2,0.7651519995702192,2699,4432
2296,4386,M02296,M04386,O=C(O)c1cnc2c(C(=O)O)c(Cl)ccc2c1,O=C(O)c1c(Cl)ccc2cc(Cl)cnc12,medium,0.7428571428571429,0.8666666666666667,1,c1ccc2ncccc2c1,21,0.6846698721617894,0.7650814332052208,1,0.7650814332052208,2296,4386
4493,4491,M04493,M04491,O=C1NCC(=O)N2C1Cc1c([nH]c3ccccc13)C2c1ccc2c(c1)OCO2,NN1CC(=O)N2C(Cc3c([nH]c4ccccc34)C2c2ccc3c(c2)OCO3)C1=O,medium,0.7142857142857143,0.8181818181818182,1,O=C1NCC(=O)N2C1Cc1c([nH]c3ccccc13)C2c1ccc2c(c1)OCO2,4,0.8795051323147839,0.7650426529641007,2,0.7650426529641007,4491,4493
4695,3212,M04695,M03212,CC12CCC3c4ccc(O)cc4CCC3C1CC(O)C2=O,CC12CCC3c4ccc(O)cc4CCC3C1CCC2=O,medium,0.6875,0.8823529411764706,1,O=C1CCC2C1CCC1c3ccccc3CCC12,4,0.8795051323147839,0.7650140051413352,1,0.7650140051413352,3212,4695
3633,4206,M03633,M04206,O=C1CN=C(c2ccccc2Cl)c2cc([N+](=O)[O-])ccc2N1,O=C1CN=C(c2ccccc2)c2cc([N+](=O)[O-])ccc2N1,medium,0.7291666666666666,0.9122807017543859,1,O=C1CN=C(c2ccccc2)c2ccccc2N1,25,0.6627017793637848,0.7649754423431642,2,0.7649754423431642,3633,4206
3879,4206,M03879,M04206,O=C1CN=C(c2ccccc2F)c2cc([N+](=O)[O-])ccc2N1,O=C1CN=C(c2ccccc2)c2cc([N+](=O)[O-])ccc2N1,medium,0.7291666666666666,0.9122807017543859,1,O=C1CN=C(c2ccccc2)c2ccccc2N1,25,0.6627017793637848,0.7649754423431642,2,0.7649754423431642,3879,4206
464,1775,M00464,M01775,CCCCCCCCC=CCCCCCCCCOCC(O)COP(=O)([O-])OCC[N+](C)(C)C,CCCCCCCCCCCCCCCCCCCCOCC(O)COP(=O)([O-])OCC[N+](C)(C)C,strong,0.8666666666666667,0.9795918367346939,0,,0,0.0,0.7648979591836735,3,0.7648979591836735,464,1775
464,463,M00464,M00463,CCCCCCCCC=CCCCCCCCCOCC(O)COP(=O)([O-])OCC[N+](C)(C)C,CCCCCCCCCCCCCCCCOCC(O)COP(=O)([O-])OCC[N+](C)(C)C,strong,0.8666666666666667,0.9795918367346939,0,,0,0.0,0.7648979591836735,1,0.7648979591836735,463,464
464,1774,M00464,M01774,CCCCCCCCC=CCCCCCCCCOCC(O)COP(=O)([O-])OCC[N+](C)(C)C,CCCCCCCCCCCCCCCCCCOCC(O)COP(=O)([O-])OCC[N+](C)(C)C,strong,0.8666666666666667,0.9795918367346939,0,,0,0.0,0.7648979591836735,2,0.7648979591836735,464,1774
728,2202,M00728,M02202,CCNc1nc(NC(C)(C)C)nc(SC)n1,CCNc1nc(NCC)nc(SC)n1,medium,0.75,0.8974358974358975,1,c1ncncn1,40,0.6028054368020348,0.7647797898792795,1,0.7647797898792795,728,2202
813,789,M00813,M00789,COc1ccc(C(CN)C2(O)CCCCC2)cc1,CNCC(c1ccc(OC)cc1)C1(O)CCCCC1,medium,0.7,0.8974358974358975,1,c1ccc(CC2CCCCC2)cc1,8,0.802209494641301,0.7646903985551695,1,0.7646903985551695,789,813
3979,3982,M03979,M03982,CCCCCn1cc(C(=O)c2cccc3ccccc23)c2c(O)cccc21,CCCCCn1cc(C(=O)c2cccc3ccccc23)c2cccc(O)c21,medium,0.7254901960784313,0.9534883720930233,1,O=C(c1cccc2ccccc12)c1c[nH]c2ccccc12,39,0.6060525864057348,0.7645740986311749,2,0.7645740986311749,3979,3982
3986,3981,M03986,M03981,CCCCCCn1cc(C(=O)c2cccc3ccccc23)c2ccccc21,CCCCCn1cc(C(=O)c2cccc3ccccc23)c2ccc(O)cc21,medium,0.7755102040816326,0.8333333333333334,1,O=C(c1cccc2ccccc12)c1c[nH]c2ccccc12,39,0.6060525864057348,0.7645473437431731,2,0.7645473437431731,3981,3986
3987,3981,M03987,M03981,CCCCCCCn1cc(C(=O)c2cccc3ccccc23)c2ccccc21,CCCCCn1cc(C(=O)c2cccc3ccccc23)c2ccc(O)cc21,medium,0.7755102040816326,0.8333333333333334,1,O=C(c1cccc2ccccc12)c1c[nH]c2ccccc12,39,0.6060525864057348,0.7645473437431731,2,0.7645473437431731,3981,3987
3986,3980,M03986,M03980,CCCCCCn1cc(C(=O)c2cccc3ccccc23)c2ccccc21,CCCCCn1cc(C(=O)c2cccc3ccccc23)c2cc(O)ccc21,medium,0.7755102040816326,0.8333333333333334,1,O=C(c1cccc2ccccc12)c1c[nH]c2ccccc12,39,0.6060525864057348,0.7645473437431731,1,0.7645473437431731,3980,3986
3987,3980,M03987,M03980,CCCCCCCn1cc(C(=O)c2cccc3ccccc23)c2ccccc21,CCCCCn1cc(C(=O)c2cccc3ccccc23)c2cc(O)ccc21,medium,0.7755102040816326,0.8333333333333334,1,O=C(c1cccc2ccccc12)c1c[nH]c2ccccc12,39,0.6060525864057348,0.7645473437431731,1,0.7645473437431731,3980,3987
3379,4020,M03379,M04020,O=C(c1cccc2ccccc12)c1cn(CCCCCF)c2ccccc12,O=C(c1ccc(F)c2ccccc12)c1cn(CCCCCF)c2ccccc12,medium,0.7291666666666666,0.9444444444444444,1,O=C(c1cccc2ccccc12)c1c[nH]c2ccccc12,39,0.6060525864057348,0.7645189990719713,1,0.7645189990719713,3379,4020
1405,1608,M01405,M01608,Nc1ncnc2c1ncn2C1OC(COP(=O)(O)OP(=O)(O)OCC2OC(O)C(O)C2O)C(O)C1O,Nc1ncnc2c1ncn2C1OC(COP(=O)(O)OP(=O)(O)OP(=O)(O)O)C(O)C1O,strong,0.875,0.9571428571428572,0,,0,0.0,0.7642857142857143,1,0.7642857142857143,1405,1608
443,444,M00443,M00444,CCC=CCC=CCC=CCCCCCCCC(=O)OCC(O)COP(=O)([O-])OCC[N+](C)(C)C,CCCCCCCCC=CCC=CCC=CCCCC(=O)OCC(O)COP(=O)([O-])OCC[N+](C)(C)C,strong,0.8571428571428571,1.0,0,,0,0.0,0.7642857142857142,3,0.7642857142857142,443,444
1430,3697,M01430,M03697,CC(=O)OCC(=O)C1CCC2C3CCC4=CC(=O)CCC4(C)C3CCC12C,CC12CCC(=O)C=C1CCC1C2CCC2(C)C(C(=O)CO)CCC12,medium,0.7592592592592593,0.8372093023255814,1,O=C1C=C2CCC3C4CCCC4CCC3C2CC1,25,0.6627017793637848,0.7642631480415186,1,0.7642631480415186,1430,3697
205,349,M00205,M00349,O=c1c(O)c(-c2ccccc2)oc2cc(O)cc(O)c12,O=c1c(O)c(-c2ccc(O)c(O)c2)oc2cc(O)cc(O)c12,medium,0.717948717948718,0.9655172413793104,1,O=c1cc(-c2ccccc2)oc2ccccc12,37,0.6127978022039184,0.7640682114446461,2,0.7640682114446461,205,349
3991,3989,M03991,M03989,CCCCn1cc(C(=O)c2ccc(C)c3ccccc23)c2ccccc21,CCCCn1cc(C(=O)c2cccc3ccccc23)c2ccccc21,medium,0.717391304347826,0.9705882352941176,1,O=C(c1cccc2ccccc12)c1c[nH]c2ccccc12,39,0.6060525864057348,0.7639897293930853,1,0.7639897293930853,3989,3991
4013,4011,M04013,M04011,CCCCCn1cc(C(=O)Cc2cccc(OC)c2)c2ccccc21,CCCCCn1cc(C(=O)Cc2ccccc2OC)c2ccccc21,medium,0.6607142857142857,0.9565217391304348,1,O=C(Cc1ccccc1)c1c[nH]c2ccccc12,5,0.8555293230024756,0.7638884046615515,2,0.7638884046615515,4011,4013
4529,4337,M04529,M04337,CCSc1ccc2c(c1)N(CCCN1CCN(C)CC1)c1ccccc1S2,CN1CCN(CCCN2c3ccccc3Sc3ccc(Cl)cc32)CC1,medium,0.72,0.8541666666666666,1,c1ccc2c(c1)Sc1ccccc1N2CCCN1CCNCC1,9,0.7883542836784342,0.7637948092184318,2,0.7637948092184318,4337,4529
368,394,M00368,M00394,CC1CCC2(CO)CCC3(C)C(=CCC4C5(C)CCC(O)C(C)(C)C5CCC43C)C2C1C,CC1CCC2(C(=O)O)CCC3(C)C(=CCC4C5(C)CCC(O)C(C)(C)C5CCC43C)C2C1C,medium,0.711864406779661,0.8333333333333334,1,C1=C2C3CCCCC3CCC2C2CCC3CCCCC3C2C1,5,0.8555293230024756,0.7637813758515013,2,0.7637813758515013,368,394
4045,4052,M04045,M04052,CCN(CC)C(=O)NC1C=C2c3cccc4[nH]cc(c34)CC2N(C)C1,CCN(CC)C(=O)C1C=C2c3cccc4[nH]cc(c34)CC2N(C)C1,medium,0.7213114754098361,0.8103448275862069,1,C1=C2c3cccc4[nH]cc(c34)CC2NCC1,5,0.8555293230024756,0.7637024905928247,1,0.7637024905928247,4045,4052
3325,4155,M03325,M04155,CC(C)C(NC(=O)c1cn(CCCCCF)c2ccccc12)C(N)=O,COC(=O)C(NC(=O)c1cn(CCCCCF)c2ccccc12)C(C)C,medium,0.7962962962962963,0.8148148148148148,1,c1ccc2[nH]ccc2c1,63,0.5442457568182516,0.7631183450042192,2,0.7631183450042192,3325,4155
1554,1561,M01554,M01561,CC(=O)NC1C(OP(=O)(O)OP(=O)(O)OCC2OC(n3ccc(=O)[nH]c3=O)C(O)C2O)OC(CO)C(O)C1O,O=C(O)C1OC(OP(=O)(O)OP(=O)(O)OCC2OC(n3ccc(=O)[nH]c3=O)C(O)C2O)C(O)C(O)C1O,medium,0.6533333333333333,0.9565217391304348,1,O=c1ccn(C2CCC(CO[PH](=O)O[PH](=O)OC3CCCCO3)O2)c(=O)[nH]1,4,0.8795051323147839,0.7630562046298263,2,0.7630562046298263,1554,1561
162,1300,M00162,M01300,Oc1cc(O)c2cc(O)c(-c3ccc(O)c(O)c3)[o+]c2c1,COc1cc(-c2[o+]c3cc(O)cc(O)c3cc2O)ccc1O,medium,0.6923076923076923,0.875,1,c1ccc(-c2ccc3ccccc3[o+]2)cc1,5,0.8555293230024756,0.7624640138349867,2,0.7624640138349867,162,1300
3379,4002,M03379,M04002,O=C(c1cccc2ccccc12)c1cn(CCCCCF)c2ccccc12,Cc1ccc(C(=O)c2cn(CCCCCF)c3ccccc23)c2ccccc12,medium,0.7142857142857143,0.9714285714285714,1,O=C(c1cccc2ccccc12)c1c[nH]c2ccccc12,39,0.6060525864057348,0.7623364593894316,2,0.7623364593894316,3379,4002
2481,2831,M02481,M02831,CCNc1nc(O)nc(NC(C)CC)n1,CCNc1nc(O)nc(NC(C)C)n1,medium,0.7419354838709677,0.9069767441860465,1,c1ncncn1,40,0.6028054368020348,0.7623262918893975,1,0.7623262918893975,2481,2831
493,153,M00493,M00153,CC(CCC(=O)NCC(=O)O)C1CCC2C3C(O)CC4CC(O)CCC4(C)C3CC(O)C12C,CC(CCC(=O)O)C1CCC2C3C(O)CC4CC(O)CCC4(C)C3CC(O)C12C,strong,0.8135593220338984,0.72,1,C1CCC2C(C1)CCC1C3CCCC3CCC21,33,0.6274242932504864,0.7622492372079119,2,0.7622492372079119,153,493
1711,522,M01711,M00522,CN(C)c1nc2c(ncn2C2OC(CO)C(O)C2O)c(=O)[nH]1,Nc1nc2c(ncn2C2OC(CO)C(O)C2O)c(=O)[nH]1,medium,0.7169811320754716,0.8970588235294118,1,O=c1[nH]cnc2c1ncn2C1CCCO1,16,0.7185751418868361,0.7622396564106614,1,0.7622396564106614,522,1711
4590,4337,M04590,M04337,CN1CCN(CCCN2c3ccccc3Sc3ccc(C(F)(F)F)cc32)CC1,CN1CCN(CCCN2c3ccccc3Sc3ccc(Cl)cc32)CC1,medium,0.7,0.8958333333333334,1,c1ccc2c(c1)Sc1ccccc1N2CCCN1CCNCC1,9,0.7883542836784342,0.7622114758850984,2,0.7622114758850984,4337,4590
3465,2620,M03465,M02620,CNCC12CCC(c3ccccc31)c1ccccc12,CNCCCC12CCC(c3ccccc31)c1ccccc12,medium,0.6842105263157895,0.8387096774193549,1,c1ccc2c(c1)C1CCC2c2ccccc21,2,0.9466801716388252,0.7622057608901361,1,0.7622057608901361,2620,3465
916,2283,M00916,M02283,CNC(=N[N+](=O)[O-])NCc1cnc(Cl)s1,CN=C(NCc1cnc(Cl)s1)N[N+](=O)[O-],medium,0.6521739130434783,0.9818181818181818,1,c1cscn1,6,0.8352580650673657,0.7620476030407373,1,0.7620476030407373,916,2283
3995,3989,M03995,M03989,CCCCn1cc(C(=O)c2cccc3ccccc23)c2c(O)cccc21,CCCCn1cc(C(=O)c2cccc3ccccc23)c2ccccc21,medium,0.7659574468085106,0.8461538461538461,1,O=C(c1cccc2ccccc12)c1c[nH]c2ccccc12,39,0.6060525864057348,0.7620208175844282,1,0.7620208175844282,3989,3995
410,80,M00410,M00080,NCCCCCCCCN,NCCCCN,strong,0.875,0.9473684210526315,0,,0,0.0,0.7618421052631579,2,0.7618421052631579,80,410
80,143,M00080,M00143,NCCCCN,NCCCCCN,strong,0.875,0.9473684210526315,0,,0,0.0,0.7618421052631579,1,0.7618421052631579,80,143
4235,1969,M04235,M01969,C#CCOc1cc(-n2nc(C(C)(C)C)oc2=O)c(Cl)cc1Cl,CC(C)Oc1cc(-n2nc(C(C)(C)C)oc2=O)c(Cl)cc1Cl,medium,0.6538461538461539,0.9322033898305084,1,O=c1ocnn1-c1ccccc1,3,0.9088491513636503,0.7616859124698669,1,0.7616859124698669,1969,4235
4663,4647,M04663,M04647,CC1(C)OC2CC3C4CC(F)C5=CC(=O)C=CC5(C)C4C(O)CC3(C)C2(C(=O)CO)O1,CC1(C)OC2CC3C4CC(F)C5=CC(=O)C=CC5(C)C4(F)C(O)CC3(C)C2(C(=O)CO)O1,medium,0.6388888888888888,1.0,1,O=C1C=CC2C(=C1)CCC1C2CCC2C1CC1OCOC12,5,0.8555293230024756,0.7616627317837046,2,0.7616627317837046,4647,4663
3702,4217,M03702,M04217,CCC(=O)OC(Cc1ccccc1)(c1ccccc1)C(C)CN(C)C,CCC(=O)OC(Cc1ccccc1)(c1ccccc1)C(C)CNC,medium,0.7021276595744681,0.8157894736842105,1,c1ccc(CCc2ccccc2)cc1,3,0.9088491513636503,0.761551336870281,1,0.761551336870281,3702,4217
3227,3226,M03227,M03226,CCN=C1NC(=NCC)NC(Cl)N1,CCN=C1NC(=NC(C)CC)NC(Cl)N1,medium,0.7,0.8648648648648649,1,N=C1NCNC(=N)N1,6,0.8352580650673657,0.761504925976321,2,0.761504925976321,3226,3227
4061,851,M04061,M00851,CC(=O)OC1C=CC2C3Cc4ccc(O)c5c4C2(CCN3C)C1O5,CN1CCC23c4c5ccc(O)c4OC2C(O)C=CC3C1C5,medium,0.7068965517241379,0.8679245283018868,1,C1=CC2C3Cc4cccc5c4C2(CCN3)C(C1)O5,8,0.802209494641301,0.7614504873061495,1,0.7614504873061495,851,4061
325,324,M00325,M00324,OCC1OC(Oc2cc3c(O)cc(O)cc3[o+]c2-c2ccc(O)cc2)C(O)C(O)C1O,OCC1OC(Oc2cc3c(OC4OC(CO)C(O)C(O)C4O)cc(O)cc3[o+]c2-c2ccc(O)cc2)C(O)C(O)C1O,strong,0.8627450980392157,0.975,0,,0,0.0,0.7613970588235295,3,0.7613970588235295,324,325
1608,1404,M01608,M01404,Nc1ncnc2c1ncn2C1OC(COP(=O)(O)OP(=O)(O)OP(=O)(O)O)C(O)C1O,Nc1ncnc2c1ncn2C1OC(COP(=O)(O)O)C(OP(=O)(O)O)C1O,medium,0.7,0.9705882352941176,1,c1ncc2ncn(C3CCCO3)c2n1,26,0.6577388176437765,0.7613078814700959,1,0.7613078814700959,1404,1608
652,4471,M00652,M04471,COc1cc(NS(=O)(=O)c2ccc(N)cc2)nc(OC)n1,COc1cc(NS(=O)(=O)c2ccc(N)cc2)ncn1,medium,0.6590909090909091,0.9354838709677419,1,O=S(=O)(Nc1ccncn1)c1ccccc1,4,0.8795051323147839,0.7612512830436985,1,0.7612512830436985,652,4471
231,148,M00231,M00148,CC(CCC(=O)O)C1CCC2C3C(O)C(O)C4CC(O)CCC4(C)C3CCC12C,CC(CCC(=O)O)C1CCC2C3C(O)CC4CC(O)CCC4(C)C3CCC12C,medium,0.7169811320754716,0.9473684210526315,1,C1CCC2C(C1)CCC1C3CCCC3CCC21,33,0.6274242932504864,0.7611444284960138,2,0.7611444284960138,148,231
4345,3362,M04345,M03362,CN(C)CC(CN1c2ccccc2Sc2ccccc21)N(C)C,CC(CN(C)C)CN1c2ccccc2Sc2ccccc21,medium,0.7027027027027027,0.926829268292683,1,c1ccc2c(c1)Nc1ccccc1S2,16,0.7185751418868361,0.7611152099778178,1,0.7611152099778178,3362,4345
1443,2186,M01443,M02186,CCC=CCC=CCC=CCC=CCC=CCCCC(=O)O,CCC=CCC=CCC=CCCCCCCCCCCCC(=O)O,strong,0.8518518518518519,1.0,0,,0,0.0,0.7611111111111111,3,0.7611111111111111,1443,2186
447,443,M00447,M00443,CCC=CCC=CCC=CCC=CCC=CCC=CCCC(=O)OCC(O)COP(=O)([O-])OCC[N+](C)(C)C,CCC=CCC=CCC=CCCCCCCCC(=O)OCC(O)COP(=O)([O-])OCC[N+](C)(C)C,strong,0.8518518518518519,1.0,0,,0,0.0,0.7611111111111111,2,0.7611111111111111,443,447
1443,262,M01443,M00262,CCC=CCC=CCC=CCC=CCC=CCCCC(=O)O,CCC=CCC=CCC=CCCCCCCCC(=O)O,strong,0.8518518518518519,1.0,0,,0,0.0,0.7611111111111111,2,0.7611111111111111,262,1443
1448,1586,M01448,M01586,CCCCCC=CCC=CCC=CCCCCC(=O)[O-],CCCCCCCCC=CCCCCCCCCCCCCCC(=O)[O-],strong,0.8518518518518519,1.0,0,,0,0.0,0.7611111111111111,2,0.7611111111111111,1448,1586
1448,1589,M01448,M01589,CCCCCC=CCC=CCC=CCCCCC(=O)[O-],CCCCCCCCCCCC=CCCCCC(=O)[O-],strong,0.8518518518518519,1.0,0,,0,0.0,0.7611111111111111,3,0.7611111111111111,1448,1589
3991,4010,M03991,M04010,CCCCn1cc(C(=O)c2ccc(C)c3ccccc23)c2ccccc21,CCCCCn1cc(C(=O)c2ccc(CC)c3ccccc23)c2ccccc21,medium,0.723404255319149,0.9444444444444444,1,O=C(c1cccc2ccccc12)c1c[nH]c2ccccc12,39,0.6060525864057348,0.7610615522634607,2,0.7610615522634607,3991,4010
1662,189,M01662,M00189,CC(C)CCCC(C)C1CCC2C3=CC=C4CC(O)CCC4(C)C3CCC21C,CC(C)C(C)C=CC(C)C1CCC2C3=CC=C4CC(O)CCC4(C)C3CCC21C,medium,0.6271186440677966,0.9705882352941176,1,C1=C2CCCCC2C2CCC3CCCC3C2=C1,2,0.9466801716388252,0.7609202710100311,1,0.7609202710100311,189,1662
4581,4646,M04581,M04646,CC12C=CC(=O)C=C1CCC1C3CC(O)C(O)(C(=O)CO)C3(C)CC(O)C12F,CC1CC2C3CCC4=CC(=O)C=CC4(C)C3(F)C(O)CC2(C)C1(O)C(=O)CCl,medium,0.7258064516129032,0.8653846153846154,1,O=C1C=CC2C(=C1)CCC1C3CCCC3CCC21,15,0.7265474540909509,0.7608121429275384,1,0.7608121429275384,4581,4646
3995,3998,M03995,M03998,CCCCn1cc(C(=O)c2cccc3ccccc23)c2c(O)cccc21,CCCCn1cc(C(=O)c2cccc3ccccc23)c2cccc(O)c21,medium,0.72,0.9512195121951219,1,O=C(c1cccc2ccccc12)c1c[nH]c2ccccc12,39,0.6060525864057348,0.7607127660096407,2,0.7607127660096407,3995,3998
2212,2831,M02212,M02831,CCNc1nc(O)nc(NCC)n1,CCNc1nc(O)nc(NC(C)C)n1,medium,0.7307692307692307,0.926829268292683,1,c1ncncn1,40,0.6028054368020348,0.7605896710550144,1,0.7605896710550144,2212,2831
4165,1064,M04165,M01064,Cc1ccsc1C=CC1=NCCCN1C,CN1CCCN=C1C=Cc1cccs1,medium,0.6341463414634146,0.9523809523809523,1,C(=Cc1cccs1)C1=NCCCN1,2,0.9466801716388252,0.7605850687191106,1,0.7605850687191106,1064,4165
678,4127,M00678,M04127,CC(=O)Nc1c(C)n(C)n(-c2ccccc2)c1=O,CNc1c(C)n(C)n(-c2ccccc2)c1=O,medium,0.6756756756756757,0.9545454545454546,1,O=c1cc[nH]n1-c1ccccc1,10,0.7758207207981391,0.7604148771614899,1,0.7604148771614899,678,4127
495,181,M00495,M00181,CC(CCC(=O)NCC(=O)O)C1CCC2C3CCC4CC(O)CCC4(C)C3CC(O)C12C,CC(CCC(=O)O)C1CCC2C3CCC4CC(O)CCC4(C)C3CC(O)C12C,strong,0.8103448275862069,0.72,1,C1CCC2C(C1)CCC1C3CCCC3CCC21,33,0.6274242932504864,0.760320540539297,2,0.760320540539297,181,495
3707,3888,M03707,M03888,O=C1CN=C(c2ccccc2)c2cc(Cl)ccc2N1,O=C1CN=C(c2ccccc2F)c2cc(Cl)ccc2N1,medium,0.7045454545454546,0.9523809523809523,1,O=C1CN=C(c2ccccc2)c2ccccc2N1,25,0.6627017793637848,0.7602277777270785,2,0.7602277777270785,3707,3888
4619,771,M04619,M00771,COc1ccc(CCNCCCC(C#N)(c2ccc(OC)c(OC)c2)C(C)C)cc1OC,COc1ccc(CCN(C)CCCC(C#N)(c2ccc(OC)c(OC)c2)C(C)C)cc1OC,medium,0.6909090909090909,0.8367346938775511,1,c1ccc(CCCCNCCc2ccccc2)cc1,3,0.9088491513636503,0.7600565007193898,1,0.7600565007193898,771,4619
548,218,M00548,M00218,O=C(O)C(O)C(O)C(O)CO,O=C(O)C(O)C(O)C(O)C(O)CO,strong,0.85,1.0,0,,0,0.0,0.76,1,0.76,218,548
119,128,M00119,M00128,O=CC(O)C(O)C(O)C(O)CO,O=CC(O)C(O)C(O)CO,strong,0.85,1.0,0,,0,0.0,0.76,1,0.76,119,128
624,639,M00624,M00639,COc1nc(NC(C)C)nc(NC(C)C)n1,CCNc1nc(NC(C)C)nc(OC)n1,medium,0.75,0.8780487804878049,1,c1ncncn1,40,0.6028054368020348,0.7599330106422564,1,0.7599330106422564,624,639
2065,4218,M02065,M04218,O=C(NC(=O)c1c(F)cccc1F)Nc1cc(Cl)c(OC(F)(F)C(F)F)c(Cl)c1,O=C(NC(=O)c1c(F)cccc1F)Nc1cc(Cl)c(OC(F)(F)C(F)C(F)(F)F)c(Cl)c1F,medium,0.6491228070175439,1.0,1,O=C(NC(=O)c1ccccc1)Nc1ccccc1,8,0.802209494641301,0.7598051084067214,1,0.7598051084067214,2065,4218
4066,3447,M04066,M03447,CC(N)Cc1ccc2c(c1)OCO2,CCC(N)Cc1ccc2c(c1)OCO2,medium,0.7058823529411765,0.9090909090909091,1,c1ccc2c(c1)OCO2,15,0.7265474540909509,0.7597842571510758,1,0.7597842571510758,3447,4066
417,526,M00417,M00526,CSCC1OC(n2cnc3c(N)ncnc32)C(O)C1O,Nc1ncnc2c1ncn2C1OC(CO)C(O)C1O,medium,0.7446808510638298,0.8571428571428571,1,c1ncc2ncn(C3CCCO3)c2n1,26,0.6577388176437765,0.7597550475705787,1,0.7597550475705787,417,526
164,163,M00164,M00163,OCC1OC(OC2C(Oc3cc4c(O)cc(O)cc4[o+]c3-c3ccc(O)c(O)c3)OC(CO)C(O)C2O)C(O)C(O)C1O,OCC1OC(Oc2cc3c(O)cc(O)cc3[o+]c2-c2ccc(O)c(O)c2)C(O)C(O)C1O,strong,0.8596491228070176,0.975,0,,0,0.0,0.7595394736842105,1,0.7595394736842105,163,164
3125,188,M03125,M00188,COc1cc(O)c2c(c1)C(=O)c1cc(C)cc(O)c1C2=O,Cc1cc(O)c2c(c1)C(=O)c1cc(O)cc(O)c1C2=O,medium,0.696969696969697,0.8518518518518519,1,O=C1c2ccccc2C(=O)c2ccccc21,5,0.8555293230024756,0.7594741795951525,1,0.7594741795951525,188,3125
3167,3171,M03167,M03171,COc1ccc(-c2oc3cc(O)c(OC)c(O)c3c(=O)c2OC)cc1O,COc1cc(-c2oc3cc(OC)c(OC)c(O)c3c(=O)c2OC)ccc1O,medium,0.7083333333333334,0.9696969696969697,1,O=c1cc(-c2ccccc2)oc2ccccc12,37,0.6127978022039184,0.7593439127548303,2,0.7593439127548303,3167,3171
2001,623,M02001,M00623,COc1cc(OC)nc(NC(=O)NS(=O)(=O)c2ncccc2C(F)(F)F)n1,CCS(=O)(=O)c1cccnc1S(=O)(=O)NC(=O)Nc1nc(OC)cc(OC)n1,medium,0.6785714285714286,0.8947368421052632,1,O=C(Nc1ncccn1)NS(=O)(=O)c1ccccn1,5,0.8555293230024756,0.7591564661195442,2,0.7591564661195442,623,2001
1522,1436,M01522,M01436,Cc1cn(C2CC(O)C(COP(=O)(O)O)O2)c(=O)[nH]c1=O,O=c1ccn(C2CC(O)C(COP(=O)(O)O)O2)c(=O)[nH]1,medium,0.660377358490566,0.9850746268656716,1,O=c1ccn(C2CCCO2)c(=O)[nH]1,10,0.7758207207981391,0.7588681799304784,1,0.7588681799304784,1436,1522
3221,4659,M03221,M04659,C#CC1(O)CCC2C3CCC4=CC(=O)CCC4C3CCC21C,C#CC1(O)CCC2C3CCC4=CC(=O)CCC4C3CCC21CC,medium,0.7169811320754716,0.9166666666666666,1,O=C1C=C2CCC3C4CCCC4CCC3C2CC1,25,0.6627017793637848,0.7587606128165174,1,0.7587606128165174,3221,4659
1244,1239,M01244,M01239,COc1ccc(-c2coc3cc(O)cc(O)c3c2=O)cc1,COc1ccc(-c2coc3cc(O)ccc3c2=O)cc1,medium,0.6666666666666666,0.9333333333333333,1,O=c1c(-c2ccccc2)coc2ccccc12,6,0.8352580650673657,0.7586220430934382,2,0.7586220430934382,1239,1244
714,767,M00714,M00767,CCNc1nc(Cl)nc(NC(C)C)n1,CCNc1nc(Cl)nc(NC(C)CC)n1,medium,0.7419354838709677,0.8918918918918919,1,c1ncncn1,40,0.6028054368020348,0.7585550788158588,1,0.7585550788158588,714,767
2194,4478,M02194,M04478,COC(=O)c1ccccc1S(=O)(=O)NC(=O)Nc1nc(OC(F)F)cc(OC(F)F)n1,COC(=O)c1ccccc1S(=O)(=O)NC(=O)Nc1nc(C)cc(C)n1,medium,0.6923076923076923,0.8714285714285714,1,O=C(Nc1ncccn1)NS(=O)(=O)c1ccccc1,6,0.8352580650673657,0.7585304680018631,1,0.7585304680018631,2194,4478
3978,3972,M03978,M03972,CCCCCn1c(O)c(C(=O)c2cccc3ccccc23)c2ccccc21,CCCCCn1c(C)c(C(=O)c2cccc3ccccc23)c2ccccc21,strong,0.8043478260869565,0.74,1,O=C(c1cccc2ccccc12)c1c[nH]c2ccccc12,39,0.6060525864057348,0.7585165836130341,2,0.7585165836130341,3972,3978
3272,450,M03272,M00450,CCCCCC=CCC=CCC=CCC=CCCCC(=O)OC(COCCCCCCCCCCCCCCCC)COP(=O)([O-])OCC[N+](C)(C)C,CCCCCC=CCC=CCC=CCC=CCCCC(=O)OC(COC(=O)CCCCCCCCCCCCC)COP(=O)([O-])OCC[N+](C)(C)C,strong,0.847457627118644,1.0,0,,0,0.0,0.7584745762711864,1,0.7584745762711864,450,3272
3272,454,M03272,M00454,CCCCCC=CCC=CCC=CCC=CCCCC(=O)OC(COCCCCCCCCCCCCCCCC)COP(=O)([O-])OCC[N+](C)(C)C,CCCCCC=CCC=CCC=CCC=CCCCC(=O)OC(COC(=O)CCCCCC=CCCCCCCCC)COP(=O)([O-])OCC[N+](C)(C)C,strong,0.847457627118644,1.0,0,,0,0.0,0.7584745762711864,2,0.7584745762711864,454,3272
4233,2815,M04233,M02815,Cc1ccccc1C(OCCN(C)C)c1ccccc1,CN(C)CCOC(c1ccccc1)c1ccccc1,medium,0.7272727272727273,0.9117647058823529,1,c1ccc(Cc2ccccc2)cc1,33,0.6274242932504864,0.7584184568217975,1,0.7584184568217975,2815,4233
1279,1109,M01279,M01109,O=c1oc2cc(O)ccc2c2c(O)cc(O)cc12,O=c1oc2cc(O)ccc2c2ccc(O)cc12,medium,0.6666666666666666,0.96,1,O=c1oc2ccccc2c2ccccc12,9,0.7883542836784342,0.758253142551765,1,0.758253142551765,1109,1279
1279,1283,M01279,M01283,O=c1oc2cc(O)ccc2c2c(O)cc(O)cc12,O=c1oc2cc(O)ccc2c2cc(O)ccc12,medium,0.6666666666666666,0.96,1,O=c1oc2ccccc2c2ccccc12,9,0.7883542836784342,0.758253142551765,2,0.758253142551765,1279,1283
522,1011,M00522,M01011,Nc1nc2c(ncn2C2OC(CO)C(O)C2O)c(=O)[nH]1,O=c1[nH]cnc2c1ncn2C1OC(CO)C(O)C1O,medium,0.7,0.9206349206349206,1,O=c1[nH]cnc2c1ncn2C1CCCO1,16,0.7185751418868361,0.7579450014417556,2,0.7579450014417556,522,1011
3990,3986,M03990,M03986,CCCCn1cc(C(=O)c2cccc3ccc(C)cc23)c2ccccc21,CCCCCCn1cc(C(=O)c2cccc3ccccc23)c2ccccc21,medium,0.74,0.8918918918918919,1,O=C(c1cccc2ccccc12)c1c[nH]c2ccccc12,39,0.6060525864057348,0.7578808609338332,2,0.7578808609338332,3986,3990
510,481,M00510,M00481,CCC(C=CC(C)C1CCC2C3CC=C4CC(O)CCC4(C)C3CCC12C)C(C)C,CCC(CCC(C)C1CCC2C3CC=C4CC(O)CCC4(C)C3CCC12C)C(C)C,medium,0.6666666666666666,1.0,1,C1=C2CCCCC2C2CCC3CCCC3C2C1,16,0.7185751418868361,0.7577862712830253,2,0.7577862712830253,481,510
3778,3779,M03778,M03779,CC12CCC3c4cc(O)c(O)cc4CCC3C1CCC2=O,CC12CCC3c4ccc(O)c(O)c4CCC3C1CCC2=O,medium,0.6382978723404256,0.9714285714285714,1,O=C1CCC2C1CCC1c3ccccc3CCC12,4,0.8795051323147839,0.7577616361086158,2,0.7577616361086158,3778,3779
2866,2315,M02866,M02315,Cn1cnc2c1c(=O)n(CCCC(=O)O)c(=O)n2C,CC(=O)CCCCn1c(=O)c2c(ncn2C)n(C)c1=O,medium,0.7441860465116279,0.8181818181818182,1,O=c1[nH]c(=O)c2[nH]cnc2[nH]1,17,0.7110586460049512,0.757715879353174,1,0.757715879353174,2315,2866
191,506,M00191,M00506,CC1(C)CCC2(CO)CCC3(C)C(=CCC4C5(C)CCC(O)C(C)(C)C5CCC43C)C2C1,CC1(C)CCC2(C(=O)O)CCC3(C)C(=CCC4C5(C)CCC(O)C(C)(C)C5CCC43C)C2C1,medium,0.7017543859649122,0.8333333333333334,1,C1=C2C3CCCCC3CCC2C2CCC3CCCCC3C2C1,5,0.8555293230024756,0.7577153633626521,2,0.7577153633626521,191,506
2152,318,M02152,M00318,CCCCCCC=CC=CCCCCCCCC(=O)O,CCCCCCCCC=CCCCCCCCC(=O)O,strong,0.8461538461538461,1.0,0,,0,0.0,0.7576923076923077,3,0.7576923076923077,318,2152
2152,156,M02152,M00156,CCCCCCC=CC=CCCCCCCCC(=O)O,CCCCCCCCC=CCCCCCCCCCC(=O)O,strong,0.8461538461538461,1.0,0,,0,0.0,0.7576923076923077,2,0.7576923076923077,156,2152
3984,3985,M03984,M03985,O=C(c1cccc2ccccc12)c1cn(CCCCCO)c2ccccc12,O=C(O)CCCCn1cc(C(=O)c2cccc3ccccc23)c2ccccc21,medium,0.7608695652173914,0.8409090909090909,1,O=C(c1cccc2ccccc12)c1c[nH]c2ccccc12,39,0.6060525864057348,0.7576568998185678,2,0.7576568998185678,3984,3985
1847,1846,M01847,M01846,CC(CCC(=O)NCC(=O)O)C1CCC2C3CCC4CC(OS(=O)(=O)O)CCC4(C)C3CC(O)C12C,CC(CCC(=O)NCC(=O)O)C1CCC2C3C(O)CC4CC(OS(=O)(=O)O)CCC4(C)C3CCC12C,medium,0.6891891891891891,1.0,1,C1CCC2C(C1)CCC1C3CCCC3CCC21,33,0.6274242932504864,0.7576271575010864,1,0.7576271575010864,1846,1847
695,714,M00695,M00714,CCNc1nc(Cl)nc(NCC)n1,CCNc1nc(Cl)nc(NC(C)C)n1,medium,0.7307692307692307,0.9142857142857143,1,c1ncncn1,40,0.6028054368020348,0.7574537825532722,1,0.7574537825532722,695,714
1408,1862,M01408,M01862,NC(=O)c1ncn(C2OC(COP(=O)(O)O)C(O)C2O)c1N,NC(=O)c1ncn(C2OC(CO)C(O)C2O)c1N,medium,0.6938775510204082,0.8181818181818182,1,c1cn(C2CCCO2)cn1,3,0.9088491513636503,0.757199357862247,1,0.757199357862247,1408,1862
4035,3362,M04035,M03362,COc1ccc2c(c1)N(CC(C)CN(C)C)c1ccccc1S2,CC(CN(C)C)CN1c2ccccc2Sc2ccccc21,medium,0.7380952380952381,0.8260869565217391,1,c1ccc2c(c1)Nc1ccccc1S2,16,0.7185751418868361,0.7571651532706031,2,0.7571651532706031,3362,4035
1608,1611,M01608,M01611,Nc1ncnc2c1ncn2C1OC(COP(=O)(O)OP(=O)(O)OP(=O)(O)O)C(O)C1O,Nc1ncnc2c1ncn2C1CC(O)C(COP(=O)(O)OP(=O)(O)OP(=O)(O)O)O1,medium,0.7213114754098361,0.9027777777777778,1,c1ncc2ncn(C3CCCO3)c2n1,26,0.6577388176437765,0.7571421523369126,2,0.7571421523369126,1608,1611
1042,1439,M01042,M01439,CC(O)C(=O)C1=Nc2c(nc(N)[nH]c2=O)NC1,CC(O)C(O)C1=Nc2c(nc(N)[nH]c2=O)NC1,medium,0.6304347826086957,0.9473684210526315,1,O=c1[nH]cnc2c1N=CCN2,2,0.9466801716388252,0.757105000574199,1,0.757105000574199,1042,1439
1923,672,M01923,M00672,Clc1ccc(C2(Cn3cncn3)OCCO2)c(Cl)c1,CCCC1COC(Cn2cncn2)(c2ccc(Cl)cc2Cl)O1,medium,0.6481481481481481,0.9272727272727272,1,c1ccc(C2(Cn3cncn3)OCCO2)cc1,3,0.9088491513636503,0.7570344434116183,2,0.7570344434116183,672,1923
1418,3697,M01418,M03697,CC12CCC(=O)C=C1CCC1C2C(O)CC2(C)C(C(=O)CO)CCC12,CC12CCC(=O)C=C1CCC1C2CCC2(C)C(C(=O)CO)CCC12,medium,0.7090909090909091,0.9285714285714286,1,O=C1C=C2CCC3C4CCCC4CCC3C2CC1,25,0.6627017793637848,0.7570026695019704,2,0.7570026695019704,1418,3697
3984,3379,M03984,M03379,O=C(c1cccc2ccccc12)c1cn(CCCCCO)c2ccccc12,O=C(c1cccc2ccccc12)c1cn(CCCCCF)c2ccccc12,strong,0.8,0.7441860465116279,1,O=C(c1cccc2ccccc12)c1c[nH]c2ccccc12,39,0.6060525864057348,0.7569543995887672,2,0.7569543995887672,3379,3984
4445,4452,M04445,M04452,CCCc1nn(C)c2c(=O)[nH]c(-c3cc(S(=O)(=O)N4CCCCC4)ccc3OCC)nc12,CCCc1nn(C)c2c(=O)[nH]c(-c3cc(S(=O)(=O)N4CCNCC4)ccc3OCC)nc12,strong,0.8636363636363636,0.9545454545454546,0,,0,0.0,0.7568181818181818,2,0.7568181818181818,4445,4452
4591,3505,M04591,M03505,O=C(CCCN1CCC(O)(c2cccc(C(F)(F)F)c2)CC1)c1ccc(F)cc1,O=C(CCCN1CCC(O)(c2ccc(Br)cc2)CC1)c1ccc(F)cc1,medium,0.6428571428571429,0.9555555555555556,1,O=C(CCCN1CCC(c2ccccc2)CC1)c1ccccc1,4,0.8795051323147839,0.7565289444503922,2,0.7565289444503922,3505,4591
4591,3232,M04591,M03232,O=C(CCCN1CCC(O)(c2cccc(C(F)(F)F)c2)CC1)c1ccc(F)cc1,O=C(CCCN1CCC(O)(c2ccc(Cl)cc2)CC1)c1ccc(F)cc1,medium,0.6428571428571429,0.9555555555555556,1,O=C(CCCN1CCC(c2ccccc2)CC1)c1ccccc1,4,0.8795051323147839,0.7565289444503922,1,0.7565289444503922,3232,4591
1952,1951,M01952,M01951,CC1(C)CCC(Cc2ccc(Cl)cc2)C1(O)Cn1cncn1,CC(C)C1CCC(Cc2ccc(Cl)cc2)C1(O)Cn1cncn1,medium,0.6140350877192983,0.9821428571428571,1,c1ccc(CC2CCCC2Cn2cncn2)cc1,2,0.9466801716388252,0.7559587926631169,1,0.7559587926631169,1951,1952
1074,1429,M01074,M01429,C[N+](C)(C)CCCCC(=O)[O-],C[N+](C)(C)CCCC(=O)[O-],strong,0.8571428571428571,0.9666666666666667,0,,0,0.0,0.7559523809523809,1,0.7559523809523809,1074,1429
4387,616,M04387,M00616,CCOC(=O)C(C)Oc1ccc(Oc2cnc3cc(Cl)ccc3n2)cc1,CC(C)=NOCCOC(=O)C(C)Oc1ccc(Oc2cnc3cc(Cl)ccc3n2)cc1,medium,0.7288135593220338,0.7288135593220338,1,c1ccc(Oc2cnc3ccccc3n2)cc1,3,0.9088491513636503,0.7558188981282763,2,0.7558188981282763,616,4387
848,730,M00848,M00730,CC(C)Nc1nc(Cl)nc(NC(C)C)n1,CC(C)Nc1nc(N)nc(Cl)n1,medium,0.72,0.9333333333333333,1,c1ncncn1,40,0.6028054368020348,0.7557541488536386,1,0.7557541488536386,730,848
1535,1645,M01535,M01645,Nc1ccn(C2OC(COP(=O)(O)OP(=O)(O)O)C(O)C2O)c(=O)n1,Nc1ccn(C2CC(O)C(COP(=O)(O)OP(=O)(O)O)O2)c(=O)n1,medium,0.7017543859649122,0.9027777777777778,1,O=c1ncccn1C1CCCO1,15,0.7265474540909509,0.7557291941370344,1,0.7557291941370344,1535,1645
2017,1995,M02017,M01995,COc1nc(C)nc(NC(=O)NS(=O)(=O)c2ccccc2OCCCl)n1,COc1nc(C)nc(NC(=O)NS(=O)(=O)c2ccccc2Cl)n1,medium,0.6964285714285714,0.8701298701298701,1,O=C(Nc1ncncn1)NS(=O)(=O)c1ccccc1,8,0.802209494641301,0.7557210345858055,2,0.7557210345858055,1995,2017
34,350,M00034,M00350,O=C(O)C1OC(Oc2c(-c3ccc(O)c(O)c3)oc3cc(O)cc(O)c3c2=O)C(O)C(O)C1O,O=c1c(OC2OC(CO)C(O)C(O)C2O)c(-c2ccc(O)c(O)c2)oc2cc(O)cc(O)c12,medium,0.7377049180327869,0.8,1,O=c1c(OC2CCCCO2)c(-c2ccccc2)oc2ccccc12,12,0.7538526280001345,0.7557008450196923,2,0.7557008450196923,34,350
625,2213,M00625,M02213,CSc1nc(NC(C)C)nc(NC(C)C)n1,CCNc1nc(NC(C)C)nc(SC)n1,medium,0.75,0.8611111111111112,1,c1ncncn1,40,0.6028054368020348,0.755698593298083,1,0.755698593298083,625,2213
3043,3074,M03043,M03074,C=C(C(=O)C(O)C(C)C1C(OC(C)=O)CC2(C)C3CC(O)C4C(C)C(=O)C=CC45CC35CCC12C)C(C)CO,C=C(C(=O)C(OC(C)=O)C(C)C1C(OC(C)=O)CC2(C)C3CCC4C(C)C(=O)C=CC45CC35CCC12C)C(C)CO,medium,0.6551724137931034,0.9361702127659575,1,O=C1C=CC23CC24CCC2CCCC2C4CCC3C1,5,0.8555293230024756,0.7554753999177226,2,0.7554753999177226,3043,3074
1526,2145,M01526,M02145,O=C([O-])c1c[nH]c(=O)[nH]c1=O,O=C(O)c1c[nH]c(=O)[nH]c1=O,medium,0.6666666666666666,0.9487179487179487,1,O=c1cc[nH]c(=O)[nH]1,9,0.7883542836784342,0.7554326297312522,1,0.7554326297312522,1526,2145
1197,1199,M01197,M01199,O=C1CC(c2ccc(O)cc2)Oc2cc(OC3OC(C(=O)O)C(O)C(O)C3O)cc(O)c21,O=C1CC(c2ccc(OC3OC(C(=O)O)C(O)C(O)C3O)cc2)Oc2cc(O)cc(O)c21,strong,0.8421052631578947,1.0,0,,0,0.0,0.7552631578947367,1,0.7552631578947367,1197,1199
1522,1045,M01522,M01045,Cc1cn(C2CC(O)C(COP(=O)(O)O)O2)c(=O)[nH]c1=O,Cc1cn(C2CC(O)C(CO)O2)c(=O)[nH]c1=O,medium,0.7142857142857143,0.8405797101449275,1,O=c1ccn(C2CCCO2)c(=O)[nH]1,10,0.7758207207981391,0.7550894642273813,2,0.7550894642273813,1045,1522
4344,4592,M04344,M04592,CN(C)CCCN1c2ccccc2Sc2ccccc21,CN(C)CCCN1c2ccccc2Sc2ccc(C(F)(F)F)cc21,medium,0.7073170731707317,0.8913043478260869,1,c1ccc2c(c1)Nc1ccccc1S2,16,0.7185751418868361,0.7550026021419861,2,0.7550026021419861,4344,4592
2315,4268,M02315,M04268,CC(=O)CCCCn1c(=O)c2c(ncn2C)n(C)c1=O,CCCCCCn1c(=O)c2c(ncn2C)n(C)c1=O,medium,0.6976744186046512,0.9180327868852459,1,O=c1[nH]c(=O)c2[nH]cnc2[nH]1,17,0.7110586460049512,0.7547716447848448,2,0.7547716447848448,2315,4268
684,685,M00684,M00685,COc1cc(OC)nc(NS(=O)(=O)c2ccc(NC(C)=O)cc2)n1,CC(=O)Nc1ccc(S(=O)(=O)Nc2nc(C)cc(C)n2)cc1,medium,0.6904761904761905,0.8709677419354839,1,O=S(=O)(Nc1ncccn1)c1ccccc1,7,0.8176983027273006,0.7546823951786803,1,0.7546823951786803,684,685
269,265,M00269,M00265,NCCCC(N)C(=O)O,NCCCCC(N)C(=O)O,strong,0.8571428571428571,0.9615384615384616,0,,0,0.0,0.7546703296703297,1,0.7546703296703297,265,269
4445,3936,M04445,M03936,CCCc1nn(C)c2c(=O)[nH]c(-c3cc(S(=O)(=O)N4CCCCC4)ccc3OCC)nc12,CCCc1nn(C)c2c(=O)[nH]c(-c3cc(S(=O)(=O)N4CCN(CC)CC4)ccc3OCC)nc12,strong,0.8507462686567164,0.9767441860465116,0,,0,0.0,0.7546338077056577,3,0.7546338077056577,3936,4445
4612,4615,M04612,M04615,CCCc1nc(C)c2c(=O)[nH]c(-c3cc(S(=O)(=O)N4CCN(CC)CC4)ccc3OCC)nn12,CCCc1nc(C)c2c(=O)[nH]c(-c3cc(S(=O)(=O)N4CCCCC4)ccc3OCC)nn12,strong,0.8507462686567164,0.9764705882352941,0,,0,0.0,0.7545654082528533,2,0.7545654082528533,4612,4615
1830,1862,M01830,M01862,Nc1c(C(=O)NC(CC(=O)O)C(=O)O)ncn1C1OC(CO)C(O)C1O,NC(=O)c1ncn(C2OC(CO)C(O)C2O)c1N,medium,0.6415094339622641,0.9322033898305084,1,c1cn(C2CCCO2)cn1,3,0.9088491513636503,0.7542838805395331,1,0.7542838805395331,1830,1862
4005,4010,M04005,M04010,CCCc1ccc(C(=O)c2cn(CCC)c3ccccc23)c2ccccc12,CCCCCn1cc(C(=O)c2ccc(CC)c3ccccc23)c2ccccc21,medium,0.723404255319149,0.9166666666666666,1,O=C(c1cccc2ccccc12)c1c[nH]c2ccccc12,39,0.6060525864057348,0.7541171078190163,1,0.7541171078190163,4005,4010
148,494,M00148,M00494,CC(CCC(=O)O)C1CCC2C3C(O)CC4CC(O)CCC4(C)C3CCC12C,CC(CCC(=O)NCC(=O)O)C1CCC2C3C(O)CC4CC(O)CCC4(C)C3CCC12C,strong,0.8,0.72,1,C1CCC2C(C1)CCC1C3CCCC3CCC21,33,0.6274242932504864,0.7541136439875729,1,0.7541136439875729,148,494
49,187,M00049,M00187,Oc1ccc(C2Oc3ccc(C=Cc4cc(O)cc5c4C(c4cc(O)cc(O)c4)C(c4ccc(O)cc4)O5)cc3C2c2cc(O)cc3c2C(c2cc(O)cc(O)c2)C(c2ccc(O)cc2)O3)cc1,Oc1ccc(C=Cc2cc(O)cc3c2C(c2cc(O)cc4c2C(c2cc(O)cc(O)c2)C(c2ccc(O)cc2)O4)C(c2ccc(O)cc2)O3)cc1,strong,0.84,1.0,0,,0,0.0,0.754,1,0.754,49,187
1273,1210,M01273,M01210,O=c1oc2cc(O)ccc2c2c(O)c(O)c(O)cc12,O=c1oc2cc(O)ccc2c2cc(O)c(O)cc12,medium,0.6571428571428571,0.9655172413793104,1,O=c1oc2ccccc2c2ccccc12,9,0.7883542836784342,0.753918167182307,1,0.753918167182307,1210,1273
2824,3331,M02824,M03331,CC(CN1c2ccccc2Sc2ccccc21)N(C)C,CC(=O)c1ccc2c(c1)N(CC(C)N(C)C)c1ccccc1S2,medium,0.6904761904761905,0.926829268292683,1,c1ccc2c(c1)Nc1ccccc1S2,16,0.7185751418868361,0.7537793026419104,1,0.7537793026419104,2824,3331
4076,4077,M04076,M04077,CC(C(=O)c1ccc2c(c1)OCO2)N1CCCC1,CCCC(C(=O)c1ccc2c(c1)OCO2)N1CCCC1,medium,0.6666666666666666,0.8695652173913043,1,O=C(CN1CCCC1)c1ccc2c(c1)OCO2,3,0.9088491513636503,0.7537186770523736,2,0.7537186770523736,4076,4077
1127,1299,M01127,M01299,O=c1c(O)c(-c2ccc(OS(=O)(=O)O)c(O)c2)oc2cc(OS(=O)(=O)O)cc(O)c12,O=c1cc(-c2ccc(OS(=O)(=O)O)c(O)c2)oc2cc(OS(=O)(=O)O)cc(O)c12,medium,0.6862745098039216,1.0,1,O=c1cc(-c2ccccc2)oc2ccccc12,37,0.6127978022039184,0.7536843762129407,1,0.7536843762129407,1127,1299
2934,2212,M02934,M02212,CCNc1nc(N)nc(O)n1,CCNc1nc(O)nc(NCC)n1,medium,0.72,0.925,1,c1ncncn1,40,0.6028054368020348,0.7536708155203052,1,0.7536708155203052,2212,2934
4009,4011,M04009,M04011,CCCCCn1cc(C(=O)Cc2ccccc2Cl)c2ccccc21,CCCCCn1cc(C(=O)Cc2ccccc2OC)c2ccccc21,medium,0.7254901960784313,0.76,1,O=C(Cc1ccccc1)c1c[nH]c2ccccc12,5,0.8555293230024756,0.7536235160974301,2,0.7536235160974301,4009,4011
507,482,M00507,M00482,CCCCCCCCC=CCCCCCCCC(=O)OC(CC(=O)[O-])C[N+](C)(C)C,CCCCCCCCCCCCCCCC(=O)OC(CC(=O)[O-])C[N+](C)(C)C,strong,0.85,0.9743589743589743,0,,0,0.0,0.7535897435897436,3,0.7535897435897436,482,507
1405,1533,M01405,M01533,Nc1ncnc2c1ncn2C1OC(COP(=O)(O)OP(=O)(O)OCC2OC(O)C(O)C2O)C(O)C1O,Nc1ncnc2c1ncn2C1OC(COP(=O)(O)OP(=O)(O)O)C(O)C1O,strong,0.8571428571428571,0.9571428571428572,0,,0,0.0,0.7535714285714286,2,0.7535714285714286,1405,1533
1272,1278,M01272,M01278,O=C(O)C1OC(Oc2cc(O)c3c(=O)c(-c4ccc(O)cc4)coc3c2)C(O)C(O)C1O,O=C(O)C1OC(Oc2ccc(-c3coc4cc(O)cc(O)c4c3=O)cc2)C(O)C(O)C1O,strong,0.8392857142857143,1.0,0,,0,0.0,0.7535714285714286,1,0.7535714285714286,1272,1278
3994,3999,M03994,M03999,O=C(c1cccc2ccccc12)c1cn(CCCCO)c2ccccc12,O=C(O)CCCn1cc(C(=O)c2cccc3ccccc23)c2ccccc21,medium,0.7555555555555555,0.8372093023255814,1,O=C(c1cccc2ccccc12)c1c[nH]c2ccccc12,39,0.6060525864057348,0.7535435468755889,2,0.7535435468755889,3994,3999
354,349,M00354,M00349,COc1cc(O)c2c(=O)c(O)c(-c3ccc(O)c(O)c3)oc2c1,O=c1c(O)c(-c2ccc(O)c(O)c2)oc2cc(O)cc(O)c12,medium,0.7380952380952381,0.875,1,O=c1cc(-c2ccccc2)oc2ccccc12,37,0.6127978022039184,0.7535268131877306,1,0.7535268131877306,349,354
210,1239,M00210,M01239,COc1ccc(-c2coc3cc(OC)cc(O)c3c2=O)cc1,COc1ccc(-c2coc3cc(O)ccc3c2=O)cc1,medium,0.6444444444444445,0.9655172413793104,1,O=c1c(-c2ccccc2)coc2ccccc12,6,0.8352580650673657,0.7533346867715991,1,0.7533346867715991,210,1239
4644,2884,M04644,M02884,CC(=O)C1(O)CCC2C3CC(C)C4=CC(=O)CCC4(C)C3CCC21C,CC(=O)C1(O)CCC2C3CCC4=CC(=O)CCC4(C)C3CCC21C,medium,0.6730769230769231,1.0,1,O=C1C=C2CCC3C4CCCC4CCC3C2CC1,25,0.6627017793637848,0.7532514207507216,1,0.7532514207507216,2884,4644
4093,4092,M04093,M04092,COc1ccc2[nH]cc(CCN(C)C)c2c1,COc1ccc2[nH]cc(CCN(C(C)C)C(C)C)c2c1,medium,0.7317073170731707,0.9302325581395349,1,c1ccc2[nH]ccc2c1,63,0.5442457568182516,0.7532193933015239,1,0.7532193933015239,4092,4093
1333,1724,M01333,M01724,NCCc1ccc(OS(=O)(=O)O)c(O)c1,NCCc1ccc(O)c(OS(=O)(=O)O)c1,medium,0.7941176470588235,0.9795918367346939,1,c1ccccc1,802,0.21161295934610674,0.7531104913208835,1,0.7531104913208835,1333,1724
3156,3162,M03156,M03162,COC(=O)CC(C1=C2OC(O)=C(C(=O)CC(C)C)C(=O)C2(CC=C(C)C)CC(CC=C(C)C)C1(C)C)c1ccccc1,CCC(C)C(=O)C1=C(O)OC2=C(C(CC(=O)O)c3ccccc3)C(C)(C)C(CC=C(C)C)CC2(CC=C(C)C)C1=O,medium,0.6883116883116883,0.8695652173913043,1,O=C1C=COC2=C(Cc3ccccc3)CCCC12,7,0.8176983027273006,0.7530330627439341,2,0.7530330627439341,3156,3162
354,1243,M00354,M01243,COc1cc(O)c2c(=O)c(O)c(-c3ccc(O)c(O)c3)oc2c1,COc1ccc(-c2oc3cc(O)cc(O)c3c(=O)c2O)cc1,medium,0.7111111111111111,0.9375,1,O=c1cc(-c2ccccc2)oc2ccccc12,37,0.6127978022039184,0.7529613369972545,2,0.7529613369972545,354,1243
1496,370,M01496,M00370,NCCCNCCCN,NCCCCNCCCN,strong,0.8571428571428571,0.9545454545454546,0,,0,0.0,0.7529220779220779,2,0.7529220779220779,370,1496
1296,350,M01296,M00350,O=c1c(OC2OC(CO)C(O)C(O)C2O)c(-c2ccc(OS(=O)(=O)O)c(O)c2)oc2cc(O)cc(O)c12,O=c1c(OC2OC(CO)C(O)C(O)C2O)c(-c2ccc(O)c(O)c2)oc2cc(O)cc(O)c12,medium,0.78125,0.6842105263157895,1,O=c1c(OC2CCCCO2)c(-c2ccccc2)oc2ccccc12,12,0.7538526280001345,0.7528805257789675,1,0.7528805257789675,350,1296
4456,4457,M04456,M04457,CCC1CCCC(OC2CCC(N(C)C)C(C)O2)C(C)C(=O)C2=CC3C(C=C(C)C4CC(OC5OC(C)C(OC)C(OC)C5OC)CC43)C2CC(=O)O1,CCC1CCCC(OC2CCC(NC)C(C)O2)C(C)C(=O)C2=CC3C(C=CC4CC(OC5OC(C)C(OC)C(OC)C5OC)CC43)C2CC(=O)O1,medium,0.6701030927835051,0.8571428571428571,1,O=C1CC2C(=CC3C2C=CC2CC(OC4CCCCO4)CC23)C(=O)CC(OC2CCCCO2)CCCCO1,3,0.9088491513636503,0.7526749426603648,1,0.7526749426603648,4456,4457
299,205,M00299,M00205,O=c1c(O)c(-c2ccc(O)cc2O)oc2cc(O)cc(O)c12,O=c1c(O)c(-c2ccccc2)oc2cc(O)cc(O)c12,medium,0.6842105263157895,1.0,1,O=c1cc(-c2ccccc2)oc2ccccc12,37,0.6127978022039184,0.7524459861200614,2,0.7524459861200614,205,299
4216,4223,M04216,M04223,CCCCCCCCCc1ccc(OCCO)cc1,CCCCCCCCc1ccc(OCCOCCO)cc1,strong,0.8235294117647058,0.90625,1,c1ccccc1,802,0.21161295934610674,0.7524220909607395,3,0.7524220909607395,4216,4223
4223,4224,M04223,M04224,CCCCCCCCc1ccc(OCCOCCO)cc1,CCCCCCCCc1ccc(OCCO)cc1,strong,0.8235294117647058,0.90625,1,c1ccccc1,802,0.21161295934610674,0.7524220909607395,3,0.7524220909607395,4223,4224
2285,4224,M02285,M04224,CCCCCCCCCc1ccc(OCCOCCO)cc1,CCCCCCCCc1ccc(OCCO)cc1,strong,0.8235294117647058,0.90625,1,c1ccccc1,802,0.21161295934610674,0.7524220909607395,3,0.7524220909607395,2285,4224
2285,4216,M02285,M04216,CCCCCCCCCc1ccc(OCCOCCO)cc1,CCCCCCCCCc1ccc(OCCO)cc1,strong,0.8235294117647058,0.90625,1,c1ccccc1,802,0.21161295934610674,0.7524220909607395,2,0.7524220909607395,2285,4216
622,623,M00622,M00623,COc1cc(OC)nc(NC(=O)NS(=O)(=O)c2ncccc2C(=O)N(C)C)n1,CCS(=O)(=O)c1cccnc1S(=O)(=O)NC(=O)Nc1nc(OC)cc(OC)n1,medium,0.6666666666666666,0.8961038961038961,1,O=C(Nc1ncccn1)NS(=O)(=O)c1ccccn1,5,0.8555293230024756,0.7523553724763452,1,0.7523553724763452,622,623
825,718,M00825,M00718,CCOP(=O)(OCC)Oc1cc(C)nc(C(C)C)n1,CCOP(=S)(OCC)Oc1cc(C)nc(C(C)C)n1,medium,0.7,0.8979591836734694,1,c1cncnc1,16,0.7185751418868361,0.7522760672013927,1,0.7522760672013927,718,825
4369,3366,M04369,M03366,C=CC=CCC1=C(C)C(OC(=O)C2C(C=C(C)C(=O)OC)C2(C)C)CC1=O,C=CCC1=C(C)C(OC(=O)C2C(C=C(C)C)C2(C)C)CC1=O,medium,0.6610169491525424,0.9411764705882353,1,O=C1C=CC(OC(=O)C2CC2)C1,8,0.802209494641301,0.7522357113347794,2,0.7522357113347794,3366,4369
3367,4368,M03367,M04368,C=CCC1=C(C)C(OC(=O)C2C(C=C(C)C(=O)OC)C2(C)C)CC1=O,C=CC=CCC1=C(C)C(OC(=O)C2C(C=C(C)C)C2(C)C)CC1=O,medium,0.6610169491525424,0.9411764705882353,1,O=C1C=CC(OC(=O)C2CC2)C1,8,0.802209494641301,0.7522357113347794,2,0.7522357113347794,3367,4368
508,3697,M00508,M03697,CC(=O)C1CCC2C3CCC4=CC(=O)CCC4(C)C3CCC12C,CC12CCC(=O)C=C1CCC1C2CCC2(C)C(C(=O)CO)CCC12,medium,0.7755102040816326,0.75,1,O=C1C=C2CCC3C4CCCC4CCC3C2CC1,25,0.6627017793637848,0.7522113893535474,1,0.7522113893535474,508,3697
622,2001,M00622,M02001,COc1cc(OC)nc(NC(=O)NS(=O)(=O)c2ncccc2C(=O)N(C)C)n1,COc1cc(OC)nc(NC(=O)NS(=O)(=O)c2ncccc2C(F)(F)F)n1,medium,0.6666666666666666,0.8947368421052632,1,O=C(Nc1ncccn1)NS(=O)(=O)c1ccccn1,5,0.8555293230024756,0.7520136089766871,2,0.7520136089766871,622,2001
1322,1318,M01322,M01318,O=C(O)C=Cc1ccc(OS(=O)(=O)O)c(O)c1,O=C(O)C=Cc1ccc(O)c(OS(=O)(=O)O)c1,medium,0.7837837837837838,1.0,1,c1ccccc1,802,0.21161295934610674,0.7520122141721862,1,0.7520122141721862,1318,1322
2823,4150,M02823,M04150,CN1CCN2c3ncccc3Cc3ccccc3C2C1,CN1CCN2c3ncc(O)cc3Cc3ccccc3C2C1,medium,0.6875,0.8125,1,c1ccc2c(c1)Cc1cccnc1N1CCNCC21,3,0.9088491513636503,0.7519523727045475,1,0.7519523727045475,2823,4150
4437,4439,M04437,M04439,CNC1CCC(c2ccc(Cl)c(Cl)c2)c2ccccc21,CC(=O)NC1CCC(c2ccc(Cl)c(Cl)c2)c2ccccc21,medium,0.6976744186046512,0.7878787878787878,1,c1ccc(C2CCCc3ccccc32)cc1,3,0.9088491513636503,0.7519017208370352,1,0.7519017208370352,4437,4439
4371,4372,M04371,M04372,CC=CCC1=C(C)C(OC(=O)C2C(C=C(C)C(=O)OC)C2(C)C)CC1=O,CCC=CCC1=C(C)C(OC(=O)C2C(C=C(C)C)C2(C)C)CC1=O,medium,0.6724137931034483,0.9117647058823529,1,O=C1C=CC(OC(=O)C2CC2)C1,8,0.802209494641301,0.7517208765288523,1,0.7517208765288523,4371,4372
1314,1320,M01314,M01320,O=C(O)C=Cc1ccc(OC2OC(C(=O)O)C(O)C(O)C2O)cc1,O=C(O)C=Cc1ccc(O)c(OC2OC(C(=O)O)C(O)C(O)C2O)c1,medium,0.6808510638297872,0.9655172413793104,1,c1ccc(OC2CCCCO2)cc1,22,0.6788243374826469,0.751713599265097,2,0.751713599265097,1314,1320
1314,1184,M01314,M01184,O=C(O)C=Cc1ccc(OC2OC(C(=O)O)C(O)C(O)C2O)cc1,O=C(O)C=Cc1ccc(OC2OC(C(=O)O)C(O)C(O)C2O)c(O)c1,medium,0.6808510638297872,0.9655172413793104,1,c1ccc(OC2CCCCO2)cc1,22,0.6788243374826469,0.751713599265097,1,0.751713599265097,1184,1314
4750,806,M04750,M00806,NS(=O)(=O)c1cc2c(cc1C(F)(F)F)NCNS2(=O)=O,NS(=O)(=O)c1cc2c(cc1Cl)NCNS2(=O)=O,medium,0.6511627906976745,0.953125,1,O=S1(=O)NCNc2ccccc21,7,0.8176983027273006,0.7516336698276996,1,0.7516336698276996,806,4750
197,1236,M00197,M01236,COc1ccc(-c2cc(=O)c3c(OC)c(OC)c(OC)cc3o2)cc1O,COc1ccc(-c2cc(=O)c3c(O)cc(O)cc3o2)cc1O,medium,0.7333333333333333,0.8787878787878788,1,O=c1cc(-c2ccccc2)oc2ccccc12,37,0.6127978022039184,0.7516166400275575,2,0.7516166400275575,197,1236
2979,2977,M02979,M02977,CCC1CC2CC3(C(=O)OC)c4[nH]c5ccccc5c4CCN(C2OC)C13,CCC1CC2CN3CCc4c([nH]c5ccccc45)C(C(=O)OC)(C2)C13,medium,0.6865671641791045,0.8305084745762712,1,c1ccc2c3c([nH]c2c1)C1CC2CCC1N(CC3)C2,4,0.8795051323147839,0.751493186998748,1,0.751493186998748,2977,2979
2847,4568,M02847,M04568,CCC(=C(c1ccc(O)cc1)c1ccc(OCCN(C)C)cc1)c1ccccc1,CN(C)CCOc1ccc(C(=C(CCCl)c2ccccc2)c2ccccc2)cc1,medium,0.6739130434782609,0.8604651162790697,1,C(=C(c1ccccc1)c1ccccc1)c1ccccc1,4,0.8795051323147839,0.7513898750039416,2,0.7513898750039416,2847,4568
343,345,M00343,M00345,Cc1ncc(CO)c(CN)c1O,Cc1ncc(CO)c(CO)c1O,medium,0.7586206896551724,0.825,1,c1ccncc1,41,0.5996365394334917,0.7513678947081271,1,0.7513678947081271,343,345
1866,151,M01866,M00151,CC(C)CCCC(C)C1CCC2C3C(O)C=C4CC(O)CCC4(C)C3CCC12C,CC(C)CCCC(C)C1CCC2C3CC=C4CC(O)CCC4(C)C3CCC12C,medium,0.6896551724137931,0.918918918918919,1,C1=C2CCCCC2C2CCC3CCCC3C2C1,16,0.7185751418868361,0.751309104461031,1,0.751309104461031,151,1866
33,35,M00033,M00035,O=c1c(OC2OC(CO)C(O)C(O)C2O)c(-c2ccc(OC3OC(CO)C(O)C(O)C3O)c(O)c2)oc2cc(O)cc(O)c12,O=c1c(O)c(-c2ccc(OC3OC(CO)C(O)C(O)C3O)c(O)c2)oc2cc(O)cc(O)c12,strong,0.8448275862068966,0.975,0,,0,0.0,0.750646551724138,2,0.750646551724138,33,35
16,326,M00016,M00326,COc1cc(-c2oc3cc(O)cc(O)c3c(=O)c2OC2OC(COC3OC(C)C(O)C(O)C3O)C(O)C(O)C2O)ccc1O,O=c1c(OC2OC(COC3OCC(O)C(O)C3O)C(O)C(O)C2O)c(-c2ccc(O)c(O)c2)oc2cc(O)cc(O)c12,medium,0.6710526315789473,0.8636363636363636,1,O=c1c(OC2CCCC(COC3CCCCO3)O2)c(-c2ccccc2)oc2ccccc12,4,0.8795051323147839,0.7504664397036769,1,0.7504664397036769,16,326
1273,1279,M01273,M01279,O=c1oc2cc(O)ccc2c2c(O)c(O)c(O)cc12,O=c1oc2cc(O)ccc2c2c(O)cc(O)cc12,medium,0.6944444444444444,0.8620689655172413,1,O=c1oc2ccccc2c2ccccc12,9,0.7883542836784342,0.7504370505977421,2,0.7504370505977421,1273,1279
245,18,M00245,M00018,O=C(O)C1OC(Oc2c(-c3ccc(O)cc3)oc3cc(O)cc(O)c3c2=O)C(O)C(O)C1O,O=c1c(OC2OC(CO)C(O)C(O)C2O)c(-c2ccc(O)cc2)oc2cc(O)cc(O)c12,medium,0.7288135593220338,0.8,1,O=c1c(OC2CCCCO2)c(-c2ccccc2)oc2ccccc12,12,0.7538526280001345,0.7503660297932404,1,0.7503660297932404,18,245
713,695,M00713,M00695,CCNc1nc(N)nc(Cl)n1,CCNc1nc(Cl)nc(NCC)n1,medium,0.72,0.9117647058823529,1,c1ncncn1,40,0.6028054368020348,0.7503619919908935,1,0.7503619919908935,695,713
1722,1734,M01722,M01734,Cn1cnc2c(ncn2C2OC(CO)C(O)C2O)c1=O,Cn1c(N)nc2c(ncn2C2OC(CO)C(O)C2O)c1=O,medium,0.6862745098039216,0.9230769230769231,1,O=c1[nH]cnc2c1ncn2C1CCCO1,16,0.7185751418868361,0.7503202079346091,1,0.7503202079346091,1722,1734
4003,3994,M04003,M03994,Cc1ccc(C(=O)c2cn(CCCCCO)c3ccccc23)c2ccccc12,O=C(c1cccc2ccccc12)c1cn(CCCCO)c2ccccc12,medium,0.7021276595744681,0.9523809523809523,1,O=C(c1cccc2ccccc12)c1c[nH]c2ccccc12,39,0.6060525864057348,0.7502797218007792,2,0.7502797218007792,3994,4003
4491,4492,M04491,M04492,NN1CC(=O)N2C(Cc3c([nH]c4ccccc34)C2c2ccc3c(c2)OCO3)C1=O,CCCCN1CC(=O)N2C(Cc3c([nH]c4ccccc34)C2c2ccc3c(c2)OCO3)C1=O,medium,0.7205882352941176,0.7432432432432432,1,O=C1NCC(=O)N2C1Cc1c([nH]c3ccccc13)C2c1ccc2c(c1)OCO2,4,0.8795051323147839,0.750089521834499,2,0.750089521834499,4491,4492
451,455,M00451,M00455,CCCCCC=CCC=CCCCCCCCC(=O)OCC(COP(=O)([O-])OCC[N+](C)(C)C)OC=CCCCCCCCCCCCCCCCC,CCCCCC=CCC=CCC=CCCCCC(=O)OCC(COP(=O)([O-])OCC[N+](C)(C)C)OC(=O)CCCCCCCCCCCCCCCCCCC,strong,0.8333333333333334,1.0,0,,0,0.0,0.75,3,0.75,451,455
451,448,M00451,M00448,CCCCCC=CCC=CCCCCCCCC(=O)OCC(COP(=O)([O-])OCC[N+](C)(C)C)OC=CCCCCCCCCCCCCCCCC,CCCCCC=CCC=CCCCCCCCCCC(=O)OC(COC(=O)CCCCCCCCCCCCC)COP(=O)([O-])OCC[N+](C)(C)C,strong,0.8333333333333334,1.0,0,,0,0.0,0.75,2,0.75,448,451
4712,4709,M04712,M04709,C=CCC1(C(C)CCC)C(=O)NC(=O)NC1=O,CCCC(C)C1(CC)C(=O)NC(=O)NC1=O,medium,0.6666666666666666,0.9183673469387755,1,O=C1CC(=O)NC(=O)N1,8,0.802209494641301,0.749923260930889,1,0.749923260930889,4709,4712
3330,4344,M03330,M04344,CC(=O)c1ccc2c(c1)N(CCCN(C)C)c1ccccc1S2,CN(C)CCCN1c2ccccc2Sc2ccccc21,medium,0.6904761904761905,0.9111111111111111,1,c1ccc2c(c1)Nc1ccccc1S2,16,0.7185751418868361,0.7498497633465174,2,0.7498497633465174,3330,4344
2235,2212,M02235,M02212,CCNc1nc(O)nc(NC(C)(C)C)n1,CCNc1nc(O)nc(NCC)n1,medium,0.7307692307692307,0.8837209302325582,1,c1ncncn1,40,0.6028054368020348,0.7498125865399832,1,0.7498125865399832,2212,2235
4063,4072,M04063,M04072,CCC(Cc1ccc2c(c1)OCO2)NC,CNC(C)Cc1ccc2c(c1)OCO2,medium,0.6756756756756757,0.9411764705882353,1,c1ccc2c(c1)OCO2,15,0.7265474540909509,0.7496816411661068,1,0.7496816411661068,4063,4072
1365,305,M01365,M00305,CC(=O)NC1C(N)OC(CO)C(O)C1O,CC(=O)NC1C(O)OC(CO)C(O)C1O,medium,0.7058823529411765,0.9069767441860465,1,C1CCOCC1,25,0.6627017793637848,0.7496788647157853,1,0.7496788647157853,305,1365
4735,4736,M04735,M04736,O=S(=O)(O)c1ccc2c(N=Nc3ccc(S(=O)(=O)O)c4ccccc34)c(O)c(S(=O)(=O)O)cc2c1,O=S(=O)(O)c1cc(S(=O)(=O)O)c2c(N=Nc3ccc(S(=O)(=O)O)c4ccccc34)c(O)ccc2c1,medium,0.6111111111111112,0.9636363636363636,1,c1ccc2c(N=Nc3cccc4ccccc34)cccc2c1,2,0.9466801716388252,0.7495777833215814,1,0.7495777833215814,4735,4736
557,1320,M00557,M01320,O=C(O)C=Cc1ccc(O)c(OC2OC(CO)C(O)C(O)C2O)c1,O=C(O)C=Cc1ccc(O)c(OC2OC(C(=O)O)C(O)C(O)C2O)c1,medium,0.7551020408163265,0.7777777777777778,1,c1ccc(OC2CCCCO2)cc1,22,0.6788243374826469,0.7493293195566374,2,0.7493293195566374,557,1320
4589,623,M04589,M00623,COc1cc(OC)nc(NC(=O)NS(=O)(=O)c2ncccc2OCC(F)(F)F)n1,CCS(=O)(=O)c1cccnc1S(=O)(=O)NC(=O)Nc1nc(OC)cc(OC)n1,medium,0.6610169491525424,0.8974358974358975,1,O=C(Nc1ncccn1)NS(=O)(=O)c1ccccn1,5,0.8555293230024756,0.7492985423008711,2,0.7492985423008711,623,4589
2146,398,M02146,M00398,CC(C)=CCCC(C)=CCCC(C)=CCCC(C)=CCCC(C)=CCCC(C)=CCC1=C(C)C(=O)c2ccccc2C1=O,CC(=CCC1=C(C)C(=O)c2ccccc2C1=O)CCCC(C)CCCC(C)CCCC(C)C,medium,0.6122448979591837,1.0,1,O=C1C=CC(=O)c2ccccc21,4,0.8795051323147839,0.7492727086227278,1,0.7492727086227278,398,2146
1558,398,M01558,M00398,CC(C)=CCCC(C)=CCCC(C)=CCCC(C)=CCCC(C)=CCCC(C)=CCCC(C)=CCC1=C(C)C(=O)c2ccccc2C1=O,CC(=CCC1=C(C)C(=O)c2ccccc2C1=O)CCCC(C)CCCC(C)CCCC(C)C,medium,0.6122448979591837,1.0,1,O=C1C=CC(=O)c2ccccc21,4,0.8795051323147839,0.7492727086227278,1,0.7492727086227278,398,1558
1163,1167,M01163,M01167,C=C1C(=O)OC2C3C(COC(=O)C(=O)O)=CC(=O)C3=C(C)CC(O)C12,C=C1C(=O)OC2C1CCC(C)=C1C(=O)C=C(COC(=O)C(=O)O)C12,medium,0.6833333333333333,0.8292682926829268,1,C=C1C(=O)OC2C3C=CC(=O)C3=CCCC12,4,0.8795051323147839,0.7492428430179493,2,0.7492428430179493,1163,1167
2117,129,M02117,M00129,CCCCCC=CCC=CCC=CCC=CCC=CCCC(=O)O,CCCCCC=CCC=CCC=CCC=CCCCC(=O)O,strong,0.8518518518518519,0.9523809523809523,0,,0,0.0,0.7492063492063492,1,0.7492063492063492,129,2117
2117,1666,M02117,M01666,CCCCCC=CCC=CCC=CCC=CCC=CCCC(=O)O,CCCCCC=CCC=CCC=CCCCCC(=O)O,strong,0.8518518518518519,0.9523809523809523,0,,0,0.0,0.7492063492063492,2,0.7492063492063492,1666,2117
4003,4001,M04003,M04001,Cc1ccc(C(=O)c2cn(CCCCCO)c3ccccc23)c2ccccc12,CCCCCn1cc(C(=O)c2ccc(C)c3ccccc23)c2ccccc21,strong,0.8222222222222222,0.6595744680851063,1,O=C(c1cccc2ccccc12)c1c[nH]c2ccccc12,39,0.6060525864057348,0.7491348383154701,2,0.7491348383154701,4001,4003
4109,4756,M04109,M04756,CC(=O)OC1CCC2C3CCC4CC(=O)C=C(C)C4(C)C3CCC12C,CC1=CC(=O)CC2CCC3C4CCC(O)C4(C)CCC3C12C,medium,0.6923076923076923,0.7894736842105263,1,O=C1C=CC2C(CCC3C4CCCC4CCC23)C1,3,0.9088491513636503,0.7490804091417944,1,0.7490804091417944,4109,4756
33,18,M00033,M00018,O=c1c(OC2OC(CO)C(O)C(O)C2O)c(-c2ccc(OC3OC(CO)C(O)C(O)C3O)c(O)c2)oc2cc(O)cc(O)c12,O=c1c(OC2OC(CO)C(O)C(O)C2O)c(-c2ccc(O)cc2)oc2cc(O)cc(O)c12,strong,0.8421052631578947,0.975,0,,0,0.0,0.7490131578947368,3,0.7490131578947368,18,33
526,1716,M00526,M01716,Nc1ncnc2c1ncn2C1OC(CO)C(O)C1O,CNc1ncnc2c1ncn2C1OC(CO)C(O)C1O,medium,0.6875,0.95,1,c1ncc2ncn(C3CCCO3)c2n1,26,0.6577388176437765,0.7486608226465664,2,0.7486608226465664,526,1716
3849,3851,M03849,M03851,CCC(=O)N(c1ccccc1)C1CCNCC1C,CCC(=O)N(c1ccccc1)C1CCNCC1,medium,0.6511627906976745,0.8863636363636364,1,c1ccc(NC2CCNCC2)cc1,3,0.9088491513636503,0.7486159562140613,1,0.7486159562140613,3849,3851
670,2232,M00670,M02232,Cc1cccc(Nc2ccccc2C(=O)O)c1C,Cc1c(Cl)cccc1Nc1ccccc1C(=O)O,medium,0.7142857142857143,0.8214285714285714,1,c1ccc(Nc2ccccc2)cc1,11,0.7643784743661259,0.7485853425834903,1,0.7485853425834903,670,2232
2015,621,M02015,M00621,COC(=O)c1ccccc1S(=O)(=O)NC(=O)N(C)c1nc(C)nc(OC)n1,COC(=O)c1ccccc1S(=O)(=O)NC(=O)Nc1nc(C)nc(OC)n1,medium,0.6545454545454545,0.9420289855072463,1,O=C(Nc1ncncn1)NS(=O)(=O)c1ccccc1,8,0.802209494641301,0.7485659433002795,1,0.7485659433002795,621,2015
706,4351,M00706,M04351,CC(C)Nc1nc(N)[nH]c(=O)n1,CC(C)Nc1nc(NC(C)C)[nH]c(=O)n1,medium,0.6451612903225806,0.9444444444444444,1,O=c1ncnc[nH]1,6,0.8352580650673657,0.7484965950647643,1,0.7484965950647643,706,4351
373,372,M00373,M00372,OCC1OC(OC2(CO)OC(CO)C(O)C2O)C(O)C(O)C1O,OCC1OC(OCC2OC(OCC3OC(OC4(CO)OC(CO)C(O)C4O)C(O)C(O)C3O)C(O)C(O)C2O)C(O)C(O)C1O,strong,0.8421052631578947,0.9722222222222222,0,,0,0.0,0.7483187134502923,2,0.7483187134502923,372,373
373,353,M00373,M00353,OCC1OC(OC2(CO)OC(CO)C(O)C2O)C(O)C(O)C1O,OCC1OC(OCC2OC(OC3(CO)OC(CO)C(O)C3O)C(O)C(O)C2O)C(O)C(O)C1O,strong,0.8421052631578947,0.9722222222222222,0,,0,0.0,0.7483187134502923,1,0.7483187134502923,353,373
3272,448,M03272,M00448,CCCCCC=CCC=CCC=CCC=CCCCC(=O)OC(COCCCCCCCCCCCCCCCC)COP(=O)([O-])OCC[N+](C)(C)C,CCCCCC=CCC=CCCCCCCCCCC(=O)OC(COC(=O)CCCCCCCCCCCCC)COP(=O)([O-])OCC[N+](C)(C)C,strong,0.8305084745762712,1.0,0,,0,0.0,0.7483050847457626,3,0.7483050847457626,448,3272
3887,3886,M03887,M03886,O=C1CN=C(c2ccccc2F)c2cc(Cl)ccc2N1CCO,CCN(CC)CCN1C(=O)CN=C(c2ccccc2F)c2cc(Cl)ccc21,medium,0.7454545454545455,0.8064516129032258,1,O=C1CN=C(c2ccccc2)c2ccccc2N1,25,0.6627017793637848,0.7482908974031015,1,0.7482908974031015,3886,3887
2231,2482,M02231,M02482,CC(C)Nc1nc(=O)nc(N)[nH]1,CCC(C)Nc1nc(=O)nc(N)[nH]1,medium,0.696969696969697,0.8292682926829268,1,O=c1nc[nH]cn1,7,0.8176983027273006,0.7481536367616449,2,0.7481536367616449,2231,2482
3596,4100,M03596,M04100,CN(C)CCN(Cc1ccc(Cl)cc1)c1ccccn1,COc1ccc(CN(CCN(C)C)c2ccccn2)cc1,medium,0.7142857142857143,0.75,1,c1ccc(CNc2ccccn2)cc1,4,0.8795051323147839,0.7479971984186462,2,0.7479971984186462,3596,4100
2199,2201,M02199,M02201,CC(C)C1(C)N=C(c2ncccc2C(=O)O)NC1=O,CCc1cnc(C2=NC(C)(C(C)C)C(=O)N2)c(C(=O)O)c1,medium,0.62,0.9574468085106383,1,O=C1CN=C(c2ccccn2)N1,3,0.9088491513636503,0.7476890748322071,1,0.7476890748322071,2199,2201
2502,2514,M02502,M02514,CCCCOC(=O)c1ccc(O)cc1,CCCOC(=O)c1ccc(O)cc1,medium,0.7931034482758621,0.96,1,c1ccccc1,802,0.21161295934610674,0.7476040128674333,1,0.7476040128674333,2502,2514
897,2355,M00897,M02355,CCN1CCCC1CNC(=O)c1cc(S(=O)(=O)CC)c(N)cc1OC,CCN1CCCC1CNC(=O)c1cc(S(N)(=O)=O)ccc1OC,medium,0.6557377049180327,0.8888888888888888,1,O=C(NCC1CCCN1)c1ccccc1,4,0.8795051323147839,0.7475906150202594,1,0.7475906150202594,897,2355
1177,1316,M01177,M01316,O=C(O)c1ccc(O)c(OC2OC(C(=O)O)C(O)C(O)C2O)c1,O=C(O)C1OC(Oc2ccccc2O)C(O)C(O)C1O,medium,0.6744186046511628,0.9642857142857143,1,c1ccc(OC2CCCCO2)cc1,22,0.6788243374826469,0.7475462419845232,2,0.7475462419845232,1177,1316
1316,1187,M01316,M01187,O=C(O)C1OC(Oc2ccccc2O)C(O)C(O)C1O,O=C(O)c1ccc(OC2OC(C(=O)O)C(O)C(O)C2O)c(O)c1,medium,0.6744186046511628,0.9642857142857143,1,c1ccc(OC2CCCCO2)cc1,22,0.6788243374826469,0.7475462419845232,2,0.7475462419845232,1187,1316
3514,3045,M03514,M03045,COc1ccc2c(c1O)-c1c3c(cc4c1C(C2)N(C)CC4)OCO3,COc1ccc2c(c1)CC1c3c(cc4c(c3-2)OCO4)CCN1C,medium,0.6333333333333333,0.9245283018867925,1,c1ccc2c(c1)CC1NCCc3cc4c(c-2c31)OCO4,3,0.9088491513636503,0.7474594481762455,2,0.7474594481762455,3045,3514
4072,4071,M04072,M04071,CNC(C)Cc1ccc2c(c1)OCO2,CCNC(C)Cc1ccc2c(c1)OCO2,medium,0.7222222222222222,0.8205128205128205,1,c1ccc2c(c1)OCO2,15,0.7265474540909509,0.7474436565751811,2,0.7474436565751811,4071,4072
1611,1533,M01611,M01533,Nc1ncnc2c1ncn2C1CC(O)C(COP(=O)(O)OP(=O)(O)OP(=O)(O)O)O1,Nc1ncnc2c1ncn2C1OC(COP(=O)(O)OP(=O)(O)O)C(O)C1O,medium,0.7049180327868853,0.9027777777777778,1,c1ncc2ncn(C3CCCO3)c2n1,26,0.6577388176437765,0.7473060867631421,2,0.7473060867631421,1533,1611
1436,1435,M01436,M01435,O=c1ccn(C2CC(O)C(COP(=O)(O)O)O2)c(=O)[nH]1,O=c1ccn(C2CC(O)C(CO)O2)c(=O)[nH]1,medium,0.7021276595744681,0.8382352941176471,1,O=c1ccn(C2CCCO2)c(=O)[nH]1,10,0.7758207207981391,0.7472085273938135,2,0.7472085273938135,1435,1436
4448,3936,M04448,M03936,CCCc1nn(C)c2c(=O)[nH]c(-c3cc(S(=O)(=O)N4CCN(Cc5ccccc5)CC4)ccc3OCC)nc12,CCCc1nn(C)c2c(=O)[nH]c(-c3cc(S(=O)(=O)N4CCN(CC)CC4)ccc3OCC)nc12,strong,0.8333333333333334,0.9883720930232558,0,,0,0.0,0.747093023255814,1,0.747093023255814,3936,4448
480,484,M00480,M00484,CC(C)C(C)C=CC(C)C1CCC2C3CC=C4CC(O)CCC4(C)C3CCC12C,CC(C)C(C)CCC(C)C1CCC2C3CC=C4CC(O)CCC4(C)C3CCC12C,medium,0.6610169491525424,0.9705882352941176,1,C1=C2CCCCC2C2CCC3CCCC3C2C1,16,0.7185751418868361,0.7470434995980803,2,0.7470434995980803,480,484
1162,1169,M01162,M01169,CC1=C2C(=O)C=C(COC(=O)C(=O)O)C2C2OC(=O)C(C)C2C(O)C1,CC1=C2C(=O)C=C(COC(=O)C(=O)O)C2C2OC(=O)C(C)C2CC1,medium,0.6779661016949152,0.8333333333333334,1,O=C1CC2CCC=C3C(=O)C=CC3C2O1,4,0.8795051323147839,0.7470387641975,2,0.7470387641975,1162,1169
4677,3484,M04677,M03484,CCC(=O)OCC(=O)C1(OC(=O)CC)C(C)CC2C3CCC4=CC(=O)C=CC4(C)C3(F)C(O)CC21C,CC(=O)OCC(=O)C1(O)C(C)CC2C3CCC4=CC(=O)C=CC4(C)C3(F)C(O)CC21C,medium,0.6712328767123288,0.9411764705882353,1,O=C1C=CC2C(=C1)CCC1C3CCCC3CCC21,15,0.7265474540909509,0.7470159617880988,2,0.7470159617880988,3484,4677
512,511,M00512,M00511,CC(CCC(=O)NCCS(=O)(=O)O)C1CCC2C3CCC4CC(O)CCC4(C)C3CC(O)C12C,CC(CCC(=O)NCCS(=O)(=O)O)C1CCC2C3C(O)CC4CC(O)CCC4(C)C3CCC12C,medium,0.6714285714285714,1.0,1,C1CCC2C(C1)CCC1C3CCCC3CCC21,33,0.6274242932504864,0.7469707868447157,2,0.7469707868447157,511,512
378,1469,M00378,M01469,CC(CCC(=O)NCCS(=O)(=O)O)C1CCC2C3C(O)CC4CC(O)CCC4(C)C3CC(O)C12C,CC(CCC(=O)NCCS(=O)(=O)O)C1CCC2C3CCC4CC(O)CCC4(C)C3CCC12C,medium,0.6714285714285714,1.0,1,C1CCC2C(C1)CCC1C3CCCC3CCC21,33,0.6274242932504864,0.7469707868447157,2,0.7469707868447157,378,1469
4241,3334,M04241,M03334,CCCc1nn(C)c2c(=O)[nH]c(-c3cc(C(=O)CN4CCN(CC)C(=O)C4)ccc3OCC)nc12,CCCc1nn(C)c2c(=O)[nH]c(-c3cc(C(=O)CN4CCN(CC)CC4)ccc3OCC)nc12,strong,0.8333333333333334,0.9857142857142858,0,,0,0.0,0.7464285714285714,1,0.7464285714285714,3334,4241
3882,737,M03882,M00737,NCCC(Oc1ccc(C(F)(F)F)cc1)c1ccccc1,CNCCC(Oc1ccc(C(F)(F)F)cc1)c1ccccc1,medium,0.6829268292682927,0.8333333333333334,1,c1ccc(COc2ccccc2)cc1,5,0.8555293230024756,0.7464188293446803,1,0.7464188293446803,737,3882
738,739,M00738,M00739,CC(C)OC(=O)C(C)(C)Oc1ccc(C(=O)c2ccc(Cl)cc2)cc1,CC(C)(Oc1ccc(C(=O)c2ccc(Cl)cc2)cc1)C(=O)O,medium,0.6666666666666666,0.9333333333333333,1,O=C(c1ccccc1)c1ccccc1,12,0.7538526280001345,0.7464112275333534,1,0.7464112275333534,738,739
1204,1201,M01204,M01201,O=C1CCC(Cc2ccc(O)c(OS(=O)(=O)O)c2)O1,O=C1CCC(Cc2cccc(OS(=O)(=O)O)c2)O1,medium,0.6530612244897959,0.9166666666666666,1,O=C1CCC(Cc2ccccc2)O1,6,0.8352580650673657,0.7462921111206491,1,0.7462921111206491,1201,1204
4674,3319,M04674,M03319,CC12CC(O)C3C(CCC4=CC(=O)CCC43C)C1CCC2=O,CC12CCC3C(CCC4=CC(=O)CCC43C)C1CCC2=O,medium,0.6666666666666666,0.8571428571428571,1,O=C1C=C2CCC3C4CCC(=O)C4CCC3C2CC1,4,0.8795051323147839,0.7462114841329318,1,0.7462114841329318,3319,4674
721,2362,M00721,M02362,Cc1cc(NS(=O)(=O)c2ccc(N)cc2)no1,Cc1cc(NS(=O)(=O)c2ccc([N+](=O)[O-])cc2)no1,medium,0.675,0.8360655737704918,1,O=S(=O)(Nc1ccon1)c1ccccc1,4,0.8795051323147839,0.7459421632898406,2,0.7459421632898406,721,2362
4053,4052,M04053,M04052,CCN(CC)C(=O)C1C=C2c3cccc4[nH]cc(c34)CC2NC1,CCN(CC)C(=O)C1C=C2c3cccc4[nH]cc(c34)CC2N(C)C1,medium,0.6666666666666666,0.8703703703703703,1,C1=C2c3cccc4[nH]cc(c34)CC2NCC1,5,0.8555293230024756,0.745921991042964,1,0.745921991042964,4052,4053
4762,3221,M04762,M03221,CCC1(O)CCC2C3CCC4=CC(=O)CCC4C3CCC21C,C#CC1(O)CCC2C3CCC4=CC(=O)CCC4C3CCC21C,medium,0.7058823529411765,0.8918918918918919,1,O=C1C=C2CCC3C4CCCC4CCC3C2CC1,25,0.6627017793637848,0.7459076516422466,1,0.7459076516422466,3221,4762
4855,4854,M04855,M04854,O=C(O)CCC(F)(F)C(F)(F)C(F)(F)C(F)(F)C(F)(F)F,O=C(O)CCC(F)(F)C(F)(F)C(F)(F)F,strong,0.8260869565217391,1.0,0,,0,0.0,0.7456521739130435,2,0.7456521739130435,4854,4855
4853,4854,M04853,M04854,O=C(O)CCC(F)(F)C(F)(F)C(F)(F)C(F)(F)C(F)(F)C(F)(F)C(F)(F)F,O=C(O)CCC(F)(F)C(F)(F)C(F)(F)F,strong,0.8260869565217391,1.0,0,,0,0.0,0.7456521739130435,2,0.7456521739130435,4853,4854
4583,3635,M04583,M03635,Cc1nnc2n1-c1ccc(Cl)cc1C(c1ccccc1Cl)=NC2,Cc1nnc2n1-c1ccc([N+](=O)[O-])cc1C(c1ccccc1Cl)=NC2,medium,0.7169811320754716,0.7962962962962963,1,c1ccc(C2=NCc3nncn3-c3ccccc32)cc1,10,0.7758207207981391,0.745635861439078,2,0.745635861439078,3635,4583
351,352,M00351,M00352,CC(=O)OCC1OC(Oc2c(-c3ccc(O)c(O)c3)oc3cc(O)cc(O)c3c2=O)C(O)C(O)C1O,CC1OC(Oc2c(-c3ccc(O)c(O)c3)oc3cc(O)cc(O)c3c2=O)C(O)C(O)C1O,medium,0.71875,0.8048780487804879,1,O=c1c(OC2CCCCO2)c(-c2ccccc2)oc2ccccc12,12,0.7538526280001345,0.7455474063951422,2,0.7455474063951422,351,352
2379,2057,M02379,M02057,COc1ccc(Oc2ccc(NC(=O)N(C)C)cc2)cc1,CN(C)C(=O)Nc1ccc(Oc2ccc(Cl)cc2)cc1,medium,0.7272727272727273,0.85,1,c1ccc(Oc2ccccc2)cc1,29,0.6438836066809098,0.7454461773657728,1,0.7454461773657728,2057,2379
2529,2344,M02529,M02344,CCOC(=O)C1=C(C)NC(C)=C(C(=O)OC)C1c1cccc([N+](=O)[O-])c1,COCCOC(=O)C1=C(C)NC(C)=C(C(=O)OC(C)C)C1c1cccc([N+](=O)[O-])c1,medium,0.6964285714285714,0.819672131147541,1,C1=CC(c2ccccc2)C=CN1,7,0.8176983027273006,0.7454299210531231,1,0.7454299210531231,2344,2529
3616,905,M03616,M00905,CN(C)CCCC1(c2ccc(F)cc2)OCc2cc(C(=O)O)ccc21,CN(C)CCCC1(c2ccc(F)cc2)OCc2cc(C#N)ccc21,medium,0.6666666666666666,0.8679245283018868,1,c1ccc(C2OCc3ccccc32)cc1,5,0.8555293230024756,0.745310530525843,1,0.745310530525843,905,3616
710,695,M00710,M00695,CCNc1nc(Cl)nc(NC(C)(C)C)n1,CCNc1nc(Cl)nc(NCC)n1,medium,0.7307692307692307,0.8648648648648649,1,c1ncncn1,40,0.6028054368020348,0.7450985701980599,1,0.7450985701980599,695,710
209,174,M00209,M00174,O=c1c(-c2ccc(O)cc2)coc2cc(O)cc(O)c12,O=c1c(-c2ccc(O)cc2)coc2cc(O)ccc12,medium,0.631578947368421,0.9629629629629629,1,O=c1c(-c2ccccc2)coc2ccccc12,6,0.8352580650673657,0.7449768189218982,2,0.7449768189218982,174,209
3371,3352,M03371,M03352,Cc1nnc2n1-c1ccc(Cl)cc1C(c1ccccc1)=NC2,CN(C)Cc1nnc2n1-c1ccc(Cl)cc1C(c1ccccc1)=NC2,medium,0.7058823529411765,0.82,1,c1ccc(C2=NCc3nncn3-c3ccccc32)cc1,10,0.7758207207981391,0.7449025198844268,2,0.7449025198844268,3352,3371
4440,3621,M04440,M03621,CCCC(=NOCC)C1=C(O)CC(CC(C)SCC)CC1=O,CCSC(C)CC1CC(=O)C(C(CC)=NOCC=CCl)=C(O)C1,medium,0.6491228070175439,0.92,1,O=C1C=CCCC1,6,0.8352580650673657,0.7447623939706312,1,0.7447623939706312,3621,4440
1048,1436,M01048,M01436,O=c1ccn(C2OC(COP(=O)(O)O)C(O)C2O)c(=O)[nH]1,O=c1ccn(C2CC(O)C(COP(=O)(O)O)O2)c(=O)[nH]1,medium,0.6666666666666666,0.9117647058823529,1,O=c1ccn(C2CCCO2)c(=O)[nH]1,10,0.7758207207981391,0.7443142845903091,1,0.7443142845903091,1048,1436
1986,2049,M01986,M02049,CC(C)(C)C(=O)C(Oc1ccc(Cl)cc1)n1cncn1,CC(C)(C)C(O)C(Oc1ccc(Cl)cc1)n1cncn1,medium,0.6041666666666666,0.9591836734693877,1,c1ccc(OCn2cncn2)cc1,2,0.9466801716388252,0.7442979441131706,1,0.7442979441131706,1986,2049
832,833,M00832,M00833,O=C(O)C(F)(F)C(F)(F)C(F)(F)F,O=C(O)C(F)(F)C(F)(F)C(F)(F)C(F)(F)F,strong,0.8235294117647058,1.0,0,,0,0.0,0.7441176470588236,1,0.7441176470588236,832,833
664,3278,M00664,M03278,O=C(O)Cc1ccccc1Nc1c(Cl)cccc1Cl,O=C(O)COC(=O)Cc1ccccc1Nc1c(Cl)cccc1Cl,medium,0.725,0.7777777777777778,1,c1ccc(Nc2ccccc2)cc1,11,0.7643784743661259,0.7441012155993634,2,0.7441012155993634,664,3278
2303,2471,M02303,M02471,CCc1cccc(C)c1NC(=O)CS(=O)(=O)O,Cc1cccc(C)c1NC(=O)CS(=O)(=O)O,medium,0.7941176470588235,0.9433962264150944,1,c1ccccc1,802,0.21161295934610674,0.7440615887409836,1,0.7440615887409836,2303,2471
4535,4337,M04535,M04337,CC(=O)OCCN1CCN(CCCN2c3ccccc3Sc3ccc(Cl)cc32)CC1,CN1CCN(CCCN2c3ccccc3Sc3ccc(Cl)cc32)CC1,medium,0.7169811320754716,0.7818181818181819,1,c1ccc2c(c1)Sc1ccccc1N2CCCN1CCNCC1,9,0.7883542836784342,0.7438963672515936,1,0.7438963672515936,4337,4535
4207,3634,M04207,M03634,Nc1ccc2c(c1)C(c1ccccc1)=NCC(=O)N2,Nc1ccc2c(c1)C(c1ccccc1Cl)=NCC(=O)N2,medium,0.7045454545454546,0.8863636363636364,1,O=C1CN=C(c2ccccc2)c2ccccc2N1,25,0.6627017793637848,0.7437234487227495,1,0.7437234487227495,3634,4207
4207,3878,M04207,M03878,Nc1ccc2c(c1)C(c1ccccc1)=NCC(=O)N2,Nc1ccc2c(c1)C(c1ccccc1F)=NCC(=O)N2,medium,0.7045454545454546,0.8863636363636364,1,O=C1CN=C(c2ccccc2)c2ccccc2N1,25,0.6627017793637848,0.7437234487227495,2,0.7437234487227495,3878,4207
2530,2497,M02530,M02497,Oc1ccc(Cl)cc1Cc1cc(Cl)ccc1O,Oc1ccc(Cl)cc1Cc1ccccc1,medium,0.7037037037037037,0.9090909090909091,1,c1ccc(Cc2ccccc2)cc1,33,0.6274242932504864,0.7436085934825224,1,0.7436085934825224,2497,2530
3772,4227,M03772,M04227,CN(C)CCC=C1c2ccccc2COc2ccccc21,CN(C)CCC=C1c2ccccc2COc2ccc(CC(=O)O)cc21,medium,0.66,0.8444444444444444,1,C=C1c2ccccc2COc2ccccc21,3,0.9088491513636503,0.7434384838156587,1,0.7434384838156587,3772,4227
963,1082,M00963,M01082,C[N+]1(C)CCCC1C(=O)[O-],C[N+]1(C)CCCCC1C(=O)[O-],strong,0.875,0.8717948717948718,0,,0,0.0,0.742948717948718,1,0.742948717948718,963,1082
1175,1314,M01175,M01314,O=C(O)c1ccc(OC2OC(C(=O)O)C(O)C(O)C2O)cc1,O=C(O)C=Cc1ccc(OC2OC(C(=O)O)C(O)C(O)C2O)cc1,medium,0.6666666666666666,0.9642857142857143,1,c1ccc(OC2CCCCO2)cc1,22,0.6788243374826469,0.7428950791938256,2,0.7428950791938256,1175,1314
3065,4600,M03065,M04600,COc1ccc2c(c1OC)C(=O)OC2C1c2c(cc3c(c2OC)OCO3)CCN1C,CCOc1c(N)c2c(c(OCC)c1OCC)C(C1c3c(cc4c(c3OC)OCO4)CCN1C)OC2=O,medium,0.6376811594202898,0.873015873015873,1,O=C1OC(C2NCCc3cc4c(cc32)OCO4)c2ccccc21,2,0.9466801716388252,0.7428646896519658,1,0.7428646896519658,3065,4600
3336,4309,M03336,M04309,CCCc1nn(C)c2c(=O)[nH]c(-c3cc(C(=O)CN4CCN(CCO)CC4)ccc3OCC)nc12,CCCc1nn(C)c2c(=O)[nH]c(-c3cc(C(=O)CN4CCCCC4)ccc3OCC)nc12,strong,0.855072463768116,0.918918918918919,0,,0,0.0,0.7427732079905993,3,0.7427732079905993,3336,4309
15,351,M00015,M00351,COc1cc(-c2oc3cc(O)cc(O)c3c(=O)c2OC2OC(CO)C(O)C(O)C2O)ccc1O,CC(=O)OCC1OC(Oc2c(-c3ccc(O)c(O)c3)oc3cc(O)cc(O)c3c2=O)C(O)C(O)C1O,medium,0.6714285714285714,0.9069767441860465,1,O=c1c(OC2CCCCO2)c(-c2ccccc2)oc2ccccc12,12,0.7538526280001345,0.7426792231036745,2,0.7426792231036745,15,351
3672,3671,M03672,M03671,CC1(C)C(C=C(Cl)C(F)(F)F)C1C(=O)OC(C#N)c1cccc(Oc2ccccc2)c1,CC1(C)C(C=C(Cl)Cl)C1C(=O)OC(C#N)c1ccc(F)c(Oc2ccccc2)c1,medium,0.6666666666666666,0.8888888888888888,1,O=C(OCc1cccc(Oc2ccccc2)c1)C1CC1,8,0.802209494641301,0.7425536464184174,2,0.7425536464184174,3671,3672
799,4571,M00799,M04571,COc1cccc(C2(O)CCCCC2CN(C)C)c1,CNCC1CCCCC1(O)c1cccc(OC)c1,medium,0.7083333333333334,0.8043478260869565,1,c1ccc(C2CCCCC2)cc1,10,0.7758207207981391,0.74246006464146,2,0.74246006464146,799,4571
3812,4129,M03812,M04129,CCNC(C)C(=O)c1ccc2c(c1)OCO2,CNC(C)C(=O)c1ccc2c(c1)OCO2,medium,0.717948717948718,0.8108108108108109,1,c1ccc2c(c1)OCO2,15,0.7265474540909509,0.7424540515855761,1,0.7424540515855761,3812,4129
3504,3595,M03504,M03595,CC(C)OC(=O)C(O)(c1ccc(Br)cc1)c1ccc(Br)cc1,CC(C)OC(=O)C(O)(c1ccc(Cl)cc1)c1ccc(Cl)cc1,medium,0.696969696969697,0.92,1,c1ccc(Cc2ccccc2)cc1,33,0.6274242932504864,0.7422954621693911,1,0.7422954621693911,3504,3595
2561,4453,M02561,M04453,CCCc1nn(C)c2c(=O)nc(-c3cc(S(=O)(=O)N4CCN(C)CC4)ccc3OCC)[nH]c12,CCCc1nn(C)c2c(=S)nc(-c3cc(S(=O)(=O)N4CCN(C)CC4)ccc3OCC)[nH]c12,strong,0.8484848484848485,0.9325842696629213,0,,0,0.0,0.7422369765066393,1,0.7422369765066393,2561,4453
4535,4276,M04535,M04276,CC(=O)OCCN1CCN(CCCN2c3ccccc3Sc3ccc(Cl)cc32)CC1,OCCN1CCN(CCCN2c3ccccc3Sc3ccc(Cl)cc32)CC1,medium,0.7037037037037037,0.8070175438596491,1,c1ccc2c(c1)Sc1ccccc1N2CCCN1CCNCC1,9,0.7883542836784342,0.7422297507388996,2,0.7422297507388996,4276,4535
38,1253,M00038,M01253,CC1OC(OCC2OC(Oc3c(-c4ccc(O)c(O)c4)oc4cc(O)cc(O)c4c3=O)C(O)C(O)C2O)C(O)C(O)C1O,CC1OC(OCC2OC(Oc3c(-c4ccc(O)c(O)c4)oc4cc(OC5OC(CO)C(O)C(O)C5O)cc(O)c4c3=O)C(O)C(O)C2O)C(O)C(O)C1O,strong,0.8405797101449275,0.9512195121951219,0,,0,0.0,0.742152704135737,3,0.742152704135737,38,1253
848,714,M00848,M00714,CC(C)Nc1nc(Cl)nc(NC(C)C)n1,CCNc1nc(Cl)nc(NC(C)C)n1,medium,0.7307692307692307,0.8529411764705882,1,c1ncncn1,40,0.6028054368020348,0.7421176480994907,2,0.7421176480994907,714,848
1741,1742,M01741,M01742,CCCCCCCCCCCCCCCCCC(=O)OC(CO)COP(=O)(O)OC1C(O)C(O)C(O)C(O)C1O,CCCCCCCCCCCCCCCC(=O)OCC(O)COP(=O)(O)OC1C(O)C(O)C(O)C(O)C1O,medium,0.6666666666666666,0.9574468085106383,1,C1CCCCC1,21,0.6846698721617894,0.7420621829519279,2,0.7420621829519279,1741,1742
1743,1741,M01743,M01741,CCCCCCCCCCCCCCCCCC(=O)OCC(O)COP(=O)(O)OC1C(O)C(O)C(O)C(O)C1O,CCCCCCCCCCCCCCCCCC(=O)OC(CO)COP(=O)(O)OC1C(O)C(O)C(O)C(O)C1O,medium,0.6666666666666666,0.9574468085106383,1,C1CCCCC1,21,0.6846698721617894,0.7420621829519279,1,0.7420621829519279,1741,1743
3779,3212,M03779,M03212,CC12CCC3c4ccc(O)c(O)c4CCC3C1CCC2=O,CC12CCC3c4ccc(O)cc4CCC3C1CCC2=O,medium,0.6595744680851063,0.8571428571428571,1,O=C1CCC2C1CCC1c3ccccc3CCC12,4,0.8795051323147839,0.7419561649839956,2,0.7419561649839956,3212,3779
3567,3566,M03567,M03566,CC1=C(C(=O)O)N2C(=O)C(NC(=O)C(N)c3ccc(O)cc3)C2SC1,NC(C(=O)NC1C(=O)N2C(C(=O)O)=C(Cl)CSC12)c1ccccc1,medium,0.6551724137931034,0.85,1,O=C(Cc1ccccc1)NC1C(=O)N2C=CCSC12,3,0.9088491513636503,0.7419308209804095,1,0.7419308209804095,3566,3567
1304,1117,M01304,M01117,O=c1cc(-c2ccc(OS(=O)(=O)O)c(O)c2)oc2cc(O)cc(O)c12,O=c1c(O)c(-c2ccc(OS(=O)(=O)O)c(O)c2)oc2cc(O)cc(O)c12,medium,0.6666666666666666,1.0,1,O=c1cc(-c2ccccc2)oc2ccccc12,37,0.6127978022039184,0.7419196703305877,1,0.7419196703305877,1117,1304
1432,1637,M01432,M01637,Nc1ccn(C2CC(O)C(COP(=O)(O)O)O2)c(=O)n1,Nc1ccn(C2OC(COP(=O)(O)O)C(O)C2O)c(=O)n1,medium,0.6792452830188679,0.9014084507042254,1,O=c1ncccn1C1CCCO1,15,0.7265474540909509,0.7418814006010197,2,0.7418814006010197,1432,1637
452,450,M00452,M00450,CCCCCCCCC=CCC=CCC=CCCCC(=O)OCC(COP(=O)([O-])OCC[N+](C)(C)C)OC=CCCCCCCCCCCCCCC,CCCCCC=CCC=CCC=CCC=CCCCC(=O)OC(COC(=O)CCCCCCCCCCCCC)COP(=O)([O-])OCC[N+](C)(C)C,strong,0.819672131147541,1.0,0,,0,0.0,0.7418032786885246,2,0.7418032786885246,450,452
452,454,M00452,M00454,CCCCCCCCC=CCC=CCC=CCCCC(=O)OCC(COP(=O)([O-])OCC[N+](C)(C)C)OC=CCCCCCCCCCCCCCC,CCCCCC=CCC=CCC=CCC=CCCCC(=O)OC(COC(=O)CCCCCC=CCCCCCCCC)COP(=O)([O-])OCC[N+](C)(C)C,strong,0.819672131147541,1.0,0,,0,0.0,0.7418032786885246,3,0.7418032786885246,452,454
1431,1432,M01431,M01432,Nc1ccn(C2CC(O)C(CO)O2)c(=O)n1,Nc1ccn(C2CC(O)C(COP(=O)(O)O)O2)c(=O)n1,medium,0.7142857142857143,0.8169014084507042,1,O=c1ncccn1C1CCCO1,15,0.7265474540909509,0.7417788987977473,1,0.7417788987977473,1431,1432
722,721,M00722,M00721,CC(=O)Nc1ccc(S(=O)(=O)Nc2cc(C)on2)cc1,Cc1cc(NS(=O)(=O)c2ccc(N)cc2)no1,medium,0.6428571428571429,0.896551724137931,1,O=S(=O)(Nc1ccon1)c1ccccc1,4,0.8795051323147839,0.7417779865959861,2,0.7417779865959861,721,722
3175,3183,M03175,M03183,O=C1CC(c2ccc(O)cc2)Oc2c1c(O)cc(O)c2C1C(=O)c2c(O)cc(O)cc2OC1c1ccc(O)cc1,O=C1c2c(O)cc(O)c(C3C(=O)c4c(O)cc(O)cc4OC3c3ccc(O)cc3)c2OC(c2ccc(O)c(O)c2)C1O,medium,0.65,0.8787878787878788,1,O=C1CC(c2ccccc2)Oc2c1cccc2C1C(=O)c2ccccc2OC1c1ccccc1,4,0.8795051323147839,0.7416227395441873,2,0.7416227395441873,3175,3183
1201,1324,M01201,M01324,O=C1CCC(Cc2cccc(OS(=O)(=O)O)c2)O1,O=C1CCC(Cc2ccc(OS(=O)(=O)O)c(O)c2)O1,medium,0.6530612244897959,0.8979591836734694,1,O=C1CCC(Cc2ccccc2)O1,6,0.8352580650673657,0.7416152403723497,2,0.7416152403723497,1201,1324
2096,2094,M02096,M02094,CCCC[n+]1cccc(S(=O)(=O)[O-])c1,CC[n+]1cccc(S(=O)(=O)[O-])c1,medium,0.696969696969697,0.8958333333333334,1,c1cc[nH+]cc1,25,0.6627017793637848,0.7415454184197193,1,0.7415454184197193,2094,2096
3850,3847,M03850,M03847,CCC(=O)N(c1ccccc1)C1CCN(C(C)Cc2ccccc2)CC1,CCC(=O)N(c1ccccc1)C1CCN(CCc2ccccc2)CC1,medium,0.64,0.9024390243902439,1,c1ccc(CCN2CCC(Nc3ccccc3)CC2)cc1,4,0.8795051323147839,0.7415355259447786,1,0.7415355259447786,3847,3850
1428,110,M01428,M00110,Nc1ncnc2c1ncn2C1CC(O)C(COP(=O)(O)O)O1,Nc1ncnc2c1ncn2C1OC(COP(=O)(O)O)C(O)C1O,medium,0.6964285714285714,0.9,1,c1ncc2ncn(C3CCCO3)c2n1,26,0.6577388176437765,0.7415179655037093,1,0.7415179655037093,110,1428
2065,2011,M02065,M02011,O=C(NC(=O)c1c(F)cccc1F)Nc1cc(Cl)c(OC(F)(F)C(F)F)c(Cl)c1,O=C(NC(=O)c1c(F)cccc1F)Nc1ccc(OC(F)(F)C(F)OC(F)(F)F)c(Cl)c1,medium,0.6379310344827587,0.9534883720930233,1,O=C(NC(=O)c1ccccc1)Nc1ccccc1,8,0.802209494641301,0.7414621379091062,2,0.7414621379091062,2011,2065
1553,1645,M01553,M01645,Nc1ccn(C2OC(COP(=O)(O)OP(=O)(O)OP(=O)(O)O)C(O)C2O)c(=O)n1,Nc1ccn(C2CC(O)C(COP(=O)(O)OP(=O)(O)O)O2)c(=O)n1,medium,0.6779661016949152,0.9027777777777778,1,O=c1ncccn1C1CCCO1,15,0.7265474540909509,0.7414562235750363,1,0.7414562235750363,1553,1645
3976,3974,M03976,M03974,CCCCCn1cc(C(=O)c2cccc3ccccc23)c2ccc(OC)cc21,CCCCCn1cc(C(=O)c2cccc3ccccc23)c2ccccc21,medium,0.7450980392156863,0.813953488372093,1,O=C(c1cccc2ccccc12)c1c[nH]c2ccccc12,39,0.6060525864057348,0.7414550835832953,2,0.7414550835832953,3974,3976
4059,4057,M04059,M04057,COC(=O)C(NC(=O)c1nn(CC2CCCCC2)c2ccccc12)C(C)C,CC(C)(C)C(NC(=O)c1nn(CC2CCCCC2)c2ccccc12)C(N)=O,medium,0.6721311475409836,0.8245614035087719,1,c1ccc2c(c1)cnn2CC1CCCCC1,4,0.8795051323147839,0.7413448092490007,2,0.7413448092490007,4057,4059
1626,1501,M01626,M01501,O=C(O)c1cc(=O)[nH]c(=O)[nH]1,O=C([O-])c1cc(=O)[nH]c(=O)[nH]1,medium,0.6538461538461539,0.9230769230769231,1,O=c1cc[nH]c(=O)[nH]1,9,0.7883542836784342,0.7413300656286882,1,0.7413300656286882,1501,1626
1470,274,M01470,M00274,NC(=O)C(N)Cc1c[nH]c2ccccc12,NC(Cc1c[nH]c2ccccc12)C(=O)O,medium,0.7777777777777778,0.7714285714285715,1,c1ccc2[nH]ccc2c1,63,0.5442457568182516,0.7411606730465472,1,0.7411606730465472,274,1470
4000,4010,M04000,M04010,CCCCCn1cc(C(=O)c2ccc(OC)c3ccccc23)c2ccccc21,CCCCCn1cc(C(=O)c2ccc(CC)c3ccccc23)c2ccccc21,medium,0.7346938775510204,0.8372093023255814,1,O=C(c1cccc2ccccc12)c1c[nH]c2ccccc12,39,0.6060525864057348,0.7410265400728678,2,0.7410265400728678,4000,4010
4000,4001,M04000,M04001,CCCCCn1cc(C(=O)c2ccc(OC)c3ccccc23)c2ccccc21,CCCCCn1cc(C(=O)c2ccc(C)c3ccccc23)c2ccccc21,medium,0.7346938775510204,0.8372093023255814,1,O=C(c1cccc2ccccc12)c1c[nH]c2ccccc12,39,0.6060525864057348,0.7410265400728678,1,0.7410265400728678,4000,4001
1206,1208,M01206,M01208,O=C(O)C1OC(Oc2cc(O)cc(C=Cc3ccc(O)cc3)c2)C(O)C(O)C1O,O=C(O)C1OC(Oc2ccc(C=Cc3cc(O)cc(O)c3)cc2)C(O)C(O)C1O,strong,0.8181818181818182,1.0,0,,0,0.0,0.740909090909091,1,0.740909090909091,1206,1208
4733,4755,M04733,M04755,CC1CC2(C)C(CCC3C4CCC(O)C4(C)CCC32)CC1=O,CC1CC(=O)CC2CCC3C4CCC(O)C4(C)CCC3C12C,medium,0.6041666666666666,1.0,1,O=C1CCC2C(CCC3C4CCCC4CCC23)C1,5,0.8555293230024756,0.7408293984503713,1,0.7408293984503713,4733,4755
36,1301,M00036,M01301,O=c1c(OS(=O)(=O)O)c(-c2ccc(O)c(O)c2)oc2cc(O)cc(O)c12,O=c1c(O)c(-c2cc(O)c(OS(=O)(=O)O)c(O)c2)oc2cc(O)cc(O)c12,medium,0.673469387755102,0.9791666666666666,1,O=c1cc(-c2ccccc2)oc2ccccc12,37,0.6127978022039184,0.7407929696503156,1,0.7407929696503156,36,1301
1452,2114,M01452,M02114,C[N+](C)(C)CC(CC(=O)[O-])OC(=O)CCCC(=O)O,C[N+](C)(C)CC(CC(=O)[O-])OC(=O)CCC(=O)O,strong,0.8285714285714286,0.9743589743589743,0,,0,0.0,0.7407326007326007,1,0.7407326007326007,1452,2114
1742,3270,M01742,M03270,CCCCCCCCCCCCCCCC(=O)OCC(O)COP(=O)(O)OC1C(O)C(O)C(O)C(O)C1O,CCCCCCCCC=CCCCCCCCC(=O)OC(COC(=O)CCCCCCCCCCCCCCC)COP(=O)(O)OC1C(O)C(O)C(O)C(O)C1O,medium,0.6727272727272727,0.9375,1,C1CCCCC1,21,0.6846698721617894,0.740711844460632,2,0.740711844460632,1742,3270
1743,3270,M01743,M03270,CCCCCCCCCCCCCCCCCC(=O)OCC(O)COP(=O)(O)OC1C(O)C(O)C(O)C(O)C1O,CCCCCCCCC=CCCCCCCCC(=O)OC(COC(=O)CCCCCCCCCCCCCCC)COP(=O)(O)OC1C(O)C(O)C(O)C(O)C1O,medium,0.6727272727272727,0.9375,1,C1CCCCC1,21,0.6846698721617894,0.740711844460632,2,0.740711844460632,1743,3270
3295,3306,M03295,M03306,CCCc1cc(OC)c(CCN)cc1OC,CCc1cc(OC)c(CCN)cc1OC,medium,0.7777777777777778,0.96875,1,c1ccccc1,802,0.21161295934610674,0.7405961105685827,1,0.7405961105685827,3295,3306
1147,199,M01147,M00199,COc1ccc(C=CC(=O)O)cc1O,COc1cc(C=CC(=O)O)ccc1O,medium,0.7647058823529411,1.0,1,c1ccccc1,802,0.21161295934610674,0.7405654733136806,1,0.7405654733136806,199,1147
1081,536,M01081,M00536,CC1(C)SC2C(NC(=O)C(N)c3ccc(O)cc3)C(=O)N2C1C(=O)O,CC1(C)SC2C(NC(=O)C(C(=O)O)c3ccccc3)C(=O)N2C1C(=O)O,medium,0.6428571428571429,0.8909090909090909,1,O=C(Cc1ccccc1)NC1C(=O)N2CCSC12,4,0.8795051323147839,0.740367328288776,1,0.740367328288776,536,1081
3601,4592,M03601,M04592,CN(C)CCCN1c2ccccc2Sc2ccc(Cl)cc21,CN(C)CCCN1c2ccccc2Sc2ccc(C(F)(F)F)cc21,medium,0.6808510638297872,0.8958333333333334,1,c1ccc2c(c1)Nc1ccccc1S2,16,0.7185751418868361,0.7402552429142311,2,0.7402552429142311,3601,4592
1723,1641,M01723,M01641,C[S+](CCC(N)C(=O)O)CC1OC(n2cnc3c(N)ncnc32)C(O)C1O,Nc1ncnc2c1ncn2C1OC(CSCCC(N)C(=O)O)C(O)C1O,medium,0.6875,0.9154929577464789,1,c1ncc2ncn(C3CCCO3)c2n1,26,0.6577388176437765,0.7400340620831862,1,0.7400340620831862,1641,1723
82,238,M00082,M00238,O=C(O)Cc1c[nH]c2ccccc12,O=C(O)C(=O)Cc1c[nH]c2ccccc12,medium,0.75,0.8333333333333334,1,c1ccc2[nH]ccc2c1,63,0.5442457568182516,0.739970196856071,1,0.739970196856071,82,238
4550,4549,M04550,M04549,CCOC(=O)C1(c2ccccc2)CCC=CC1NC,CCOC(=O)C1(c2ccccc2)CCC=CC1N(C)C,medium,0.673469387755102,0.775,1,C1=CCC(c2ccccc2)CC1,2,0.9466801716388252,0.7398336583988849,1,0.7398336583988849,4549,4550
2216,1995,M02216,M01995,COc1nc(C)nc(NC(=O)NS(=O)(=O)c2ccccc2CCC(F)(F)F)n1,COc1nc(C)nc(NC(=O)NS(=O)(=O)c2ccccc2Cl)n1,medium,0.6551724137931034,0.9054054054054054,1,O=C(Nc1ncncn1)NS(=O)(=O)c1ccccc1,8,0.802209494641301,0.7397862238234085,1,0.7397862238234085,1995,2216
4581,3484,M04581,M03484,CC12C=CC(=O)C=C1CCC1C3CC(O)C(O)(C(=O)CO)C3(C)CC(O)C12F,CC(=O)OCC(=O)C1(O)C(C)CC2C3CCC4=CC(=O)C=CC4(C)C3(F)C(O)CC21C,medium,0.6818181818181818,0.8867924528301887,1,O=C1C=CC2C(=C1)CCC1C3CCCC3CCC21,15,0.7265474540909509,0.7397711404120989,2,0.7397711404120989,3484,4581
2732,2401,M02732,M02401,CCCCOC(=O)COC(=O)c1ccccc1C(=O)OCCCC,CCCCOC(=O)c1ccccc1C(=O)OCCCC,strong,0.8064516129032258,0.896551724137931,1,c1ccccc1,802,0.21161295934610674,0.7397508426783341,1,0.7397508426783341,2401,2732
495,1847,M00495,M01847,CC(CCC(=O)NCC(=O)O)C1CCC2C3CCC4CC(O)CCC4(C)C3CC(O)C12C,CC(CCC(=O)NCC(=O)O)C1CCC2C3CCC4CC(OS(=O)(=O)O)CCC4(C)C3CC(O)C12C,medium,0.7647058823529411,0.746268656716418,1,C1CCC2C(C1)CCC1C3CCCC3CCC21,33,0.6274242932504864,0.739504337578442,2,0.739504337578442,495,1847
535,525,M00535,M00525,O=C1OC(CO)C(O)C(O)C1O,O=C1OC(CO)C(O)C1O,strong,0.8695652173913043,0.8709677419354839,0,,0,0.0,0.7394810659186536,1,0.7394810659186536,525,535
3984,3986,M03984,M03986,O=C(c1cccc2ccccc12)c1cn(CCCCCO)c2ccccc12,CCCCCCn1cc(C(=O)c2cccc3ccccc23)c2ccccc21,strong,0.8,0.6739130434782609,1,O=C(c1cccc2ccccc12)c1c[nH]c2ccccc12,39,0.6060525864057348,0.7393861488304254,3,0.7393861488304254,3984,3986
1236,276,M01236,M00276,COc1ccc(-c2cc(=O)c3c(O)cc(O)cc3o2)cc1O,O=c1cc(-c2ccc(O)c(O)c2)oc2cc(O)cc(O)c12,medium,0.7142857142857143,0.875,1,O=c1cc(-c2ccccc2)oc2ccccc12,37,0.6127978022039184,0.7392410989020164,2,0.7392410989020164,276,1236
4070,3709,M04070,M03709,CC(C(=O)c1ccc2c(c1)OCO2)N(C)C,CCC(C(=O)c1ccc2c(c1)OCO2)N(C)C,medium,0.675,0.9,1,c1ccc2c(c1)OCO2,15,0.7265474540909509,0.7389821181136427,1,0.7389821181136427,3709,4070
3999,3984,M03999,M03984,O=C(O)CCCn1cc(C(=O)c2cccc3ccccc23)c2ccccc21,O=C(c1cccc2ccccc12)c1cn(CCCCCO)c2ccccc12,medium,0.7391304347826086,0.8181818181818182,1,O=C(c1cccc2ccccc12)c1c[nH]c2ccccc12,39,0.6060525864057348,0.7389316033758799,2,0.7389316033758799,3984,3999
2128,504,M02128,M00504,CCCCC=CC=CC=CCCCCCCCC(=O)O,CCCCC=CCCCCCCCC(=O)O,strong,0.8148148148148148,1.0,0,,0,0.0,0.7388888888888888,2,0.7388888888888888,504,2128
1992,2037,M01992,M02037,CCOC(=O)CCN(SN(C)C(=O)Oc1cccc2c1OC(C)(C)C2)C(C)C,CCCCN(CCCC)SN(C)C(=O)Oc1cccc2c1OC(C)(C)C2,medium,0.6307692307692307,0.9402985074626866,1,c1ccc2c(c1)CCO2,6,0.8352580650673657,0.738824875087315,1,0.738824875087315,1992,2037
43,1238,M00043,M01238,COc1cc(O)c2c(=O)c(O)c(-c3ccc(O)c(OC)c3)oc2c1,COc1ccc(-c2oc3cc(O)cc(O)c3c(=O)c2O)cc1O,medium,0.6875,0.9375,1,O=c1cc(-c2ccccc2)oc2ccccc12,37,0.6127978022039184,0.7387946703305878,1,0.7387946703305878,43,1238
2401,2306,M02401,M02306,CCCCOC(=O)c1ccccc1C(=O)OCCCC,CCCOC(=O)c1ccccc1C(=O)OCCC,medium,0.7777777777777778,0.9615384615384616,1,c1ccccc1,802,0.21161295934610674,0.7387932259531981,1,0.7387932259531981,2306,2401
1131,1300,M01131,M01300,Oc1ccc(-c2[o+]c3cc(O)cc(O)c3cc2O)cc1,COc1cc(-c2[o+]c3cc(O)cc(O)c3cc2O)ccc1O,medium,0.6410256410256411,0.9032258064516129,1,c1ccc(-c2ccc3ccccc3[o+]2)cc1,5,0.8555293230024756,0.7387512346786591,2,0.7387512346786591,1131,1300
280,113,M00280,M00113,OCC(O)C(O)C(O)C(O)CO,OCC(O)C(O)C(O)CO,strong,0.8333333333333334,0.9545454545454546,0,,0,0.0,0.7386363636363636,1,0.7386363636363636,113,280
661,844,M00661,M00844,CNC(=C[N+](=O)[O-])NCCSCc1ccc(CN(C)C)o1,CNC(=C[N+](=O)[O-])NCCS(=O)Cc1ccc(CN(C)C)o1,medium,0.6727272727272727,0.8873239436619719,1,c1ccoc1,12,0.7538526280001345,0.7385452437518767,2,0.7385452437518767,661,844
998,1416,M00998,M01416,C[N+](C)(C)CCOP(=O)(O)OP(=O)([O-])OCC1OC(n2ccc(N)nc2=O)C(O)C1O,NCCOP(=O)(O)OP(=O)(O)OCC1OC(n2ccc(N)nc2=O)C(O)C1O,medium,0.696969696969697,0.8452380952380952,1,O=c1ncccn1C1CCCO1,15,0.7265474540909509,0.7384734601049847,1,0.7384734601049847,998,1416
1893,1416,M01893,M01416,C[N+](C)(C)CCOP(=O)([O-])OP(=O)(O)OCC1OC(n2ccc(N)nc2=O)C(O)C1O,NCCOP(=O)(O)OP(=O)(O)OCC1OC(n2ccc(N)nc2=O)C(O)C1O,medium,0.696969696969697,0.8452380952380952,1,O=c1ncccn1C1CCCO1,15,0.7265474540909509,0.7384734601049847,1,0.7384734601049847,1416,1893
4371,4368,M04371,M04368,CC=CCC1=C(C)C(OC(=O)C2C(C=C(C)C(=O)OC)C2(C)C)CC1=O,C=CC=CCC1=C(C)C(OC(=O)C2C(C=C(C)C)C2(C)C)CC1=O,medium,0.65,0.9117647058823529,1,O=C1C=CC(OC(=O)C2CC2)C1,8,0.802209494641301,0.7382726006667834,2,0.7382726006667834,4368,4371
3347,3900,M03347,M03900,CC(C)(C)C(NC(=O)c1nn(Cc2ccc(F)cc2)c2ccccc12)C(N)=O,COC(=O)C(NC(=O)c1nn(Cc2ccc(F)cc2)c2ccccc12)C(C)C,medium,0.6666666666666666,0.8245614035087719,1,c1ccc(Cn2ncc3ccccc32)cc1,4,0.8795051323147839,0.7380661207244106,2,0.7380661207244106,3347,3900
1084,1226,M01084,M01226,CN1CCCC1C(=O)O,CN1CCCCC1C(=O)O,strong,0.8695652173913043,0.8648648648648649,0,,0,0.0,0.7379553466509988,1,0.7379553466509988,1084,1226
1019,996,M01019,M00996,CC(=O)NCCC(=O)NC(Cc1cnc[nH]1)C(=O)O,NCCC(=O)NC(Cc1cnc[nH]1)C(=O)O,medium,0.6956521739130435,0.8958333333333334,1,c1c[nH]cn1,29,0.6438836066809098,0.7379321786832959,1,0.7379321786832959,996,1019
3309,3311,M03309,M03311,CCSc1cc(OC)c(CCN)cc1OC,CCCSc1cc(OC)c(CCN)cc1OC,medium,0.7714285714285715,0.972972972972973,1,c1ccccc1,802,0.21161295934610674,0.737842330002302,1,0.737842330002302,3309,3311
486,502,M00486,M00502,CC(C)CCCC(C)C1CCC2C3CCC4CC(O)CCC4(C)C3CCC12C,CC(CCC(=O)O)C1CCC2C3CCC4CC(O)CCC4(C)C3CCC12C,medium,0.7254901960784313,0.8333333333333334,1,C1CCC2C(C1)CCC1C3CCCC3CCC21,33,0.6274242932504864,0.737741094967965,1,0.737741094967965,486,502
766,764,M00766,M00764,CCNc1nc(NC(C)CC)nc(OC)n1,CCNc1nc(NCC)nc(OC)n1,medium,0.7,0.9090909090909091,1,c1ncncn1,40,0.6028054368020348,0.7376935427930325,2,0.7376935427930325,764,766
382,1519,M00382,M01519,Cc1ncc(C[n+]2csc(CCO)c2C)c(N)n1,Cc1ncc(C[n+]2csc(CCOP(=O)(O)O)c2C)c(N)n1,medium,0.6923076923076923,0.7611940298507462,1,c1ncc(C[n+]2ccsc2)cn1,4,0.8795051323147839,0.7376088926945195,1,0.7376088926945195,382,1519
1011,1012,M01011,M01012,O=c1[nH]cnc2c1ncn2C1OC(CO)C(O)C1O,O=c1[nH]cnc2c1ncn2C1OC(COP(=O)(O)O)C(O)C1O,medium,0.7115384615384616,0.8115942028985508,1,O=c1[nH]cnc2c1ncn2C1CCCO1,16,0.7185751418868361,0.7376078989307401,2,0.7376078989307401,1011,1012
2277,2001,M02277,M02001,COC(=O)c1ccc(C(F)(F)F)nc1S(=O)(=O)NC(=O)Nc1nc(OC)cc(OC)n1,COc1cc(OC)nc(NC(=O)NS(=O)(=O)c2ncccc2C(F)(F)F)n1,medium,0.6101694915254238,0.9726027397260274,1,O=C(Nc1ncccn1)NS(=O)(=O)c1ccccn1,5,0.8555293230024756,0.7375817782971323,1,0.7375817782971323,2001,2277
3772,3773,M03772,M03773,CN(C)CCC=C1c2ccccc2COc2ccccc21,CNCCC=C1c2ccccc2COc2ccccc21,medium,0.6666666666666666,0.8048780487804879,1,C=C1c2ccccc2COc2ccccc21,3,0.9088491513636503,0.7375468848996695,2,0.7375468848996695,3772,3773
1712,1693,M01712,M01693,CCCC(=O)OC(CC(=O)[O-])C[N+](C)(C)C,CCCCC(=O)OC(CC(=O)[O-])C[N+](C)(C)C,strong,0.8235294117647058,0.972972972972973,0,,0,0.0,0.7373608903020668,1,0.7373608903020668,1693,1712
420,1716,M00420,M01716,CC(=CCNc1ncnc2c1ncn2C1OC(CO)C(O)C1O)CO,CNc1ncnc2c1ncn2C1OC(CO)C(O)C1O,medium,0.7037037037037037,0.8656716417910447,1,c1ncc2ncn(C3CCCO3)c2n1,26,0.6577388176437765,0.7373009553165499,1,0.7373009553165499,420,1716
1001,219,M01001,M00219,NC1C(O)OC(COP(=O)(O)O)C(O)C1O,O=P(O)(O)OCC1OC(O)C(O)C(O)C1O,medium,0.71875,0.8260869565217391,1,C1CCOCC1,25,0.6627017793637848,0.7371770060350025,1,0.7371770060350025,219,1001
3323,4073,M03323,M04073,CC(C)C(NC(=O)c1nn(CC2CCCCC2)c2ccccc12)C(N)=O,COC(=O)C(NC(=O)c1nn(CC2CCCCC2)c2ccccc12)C(C)(C)C,medium,0.6721311475409836,0.8070175438596491,1,c1ccc2c(c1)cnn2CC1CCCCC1,4,0.8795051323147839,0.73695884433672,2,0.73695884433672,3323,4073
3982,3980,M03982,M03980,CCCCCn1cc(C(=O)c2cccc3ccccc23)c2cccc(O)c21,CCCCCn1cc(C(=O)c2cccc3ccccc23)c2cc(O)ccc21,medium,0.6792452830188679,0.9534883720930233,1,O=C(c1cccc2ccccc12)c1c[nH]c2ccccc12,39,0.6060525864057348,0.7368271507954368,2,0.7368271507954368,3980,3982
36,1117,M00036,M01117,O=c1c(OS(=O)(=O)O)c(-c2ccc(O)c(O)c2)oc2cc(O)cc(O)c12,O=c1c(O)c(-c2ccc(OS(=O)(=O)O)c(O)c2)oc2cc(O)cc(O)c12,medium,0.6666666666666666,0.9791666666666666,1,O=c1cc(-c2ccccc2)oc2ccccc12,37,0.6127978022039184,0.7367113369972544,2,0.7367113369972544,36,1117
576,569,M00576,M00569,COc1cc(C=CC(=O)OCC2OC(OC3C(c4c(O)cc5oc(-c6ccc(O)cc6)cc(=O)c5c4O)OC(CO)C(O)C3O)C(O)C(O)C2O)ccc1O,COc1cc(C=CC(=O)OCC2OC(Oc3cc4oc(-c5ccc(O)cc5)cc(=O)c4c(O)c3C3OC(CO)C(O)C(O)C3O)C(O)C(O)C2O)ccc1O,strong,0.8111111111111111,1.0,0,,0,0.0,0.7366666666666666,1,0.7366666666666666,569,576
747,707,M00747,M00707,CCNc1nc(NC(C)(C)C)[nH]c(=O)n1,CCNc1nc(NC(C)C)[nH]c(=O)n1,medium,0.6216216216216216,0.9523809523809523,1,O=c1ncnc[nH]1,6,0.8352580650673657,0.7363569208283159,2,0.7363569208283159,707,747
1893,1535,M01893,M01535,C[N+](C)(C)CCOP(=O)([O-])OP(=O)(O)OCC1OC(n2ccc(N)nc2=O)C(O)C1O,Nc1ccn(C2OC(COP(=O)(O)OP(=O)(O)O)C(O)C2O)c(=O)n1,medium,0.7142857142857143,0.7951807228915663,1,O=c1ncccn1C1CCCO1,15,0.7265474540909509,0.7363487274079628,2,0.7363487274079628,1535,1893
3160,3163,M03160,M03163,CCC(C)C(=O)C1=C(O)OC2=C(C(CC(=O)O)c3ccccc3)C(C)(C)C(CCC(C)(C)O)CC2(CC=C(C)C)C1=O,CC(C)=CCC1CC2(CC=C(C)C)C(=O)C(C(=O)CC(C)C)=C(O)OC2=C(C(CC(=O)O)c2ccccc2)C1(C)C,medium,0.6582278481012658,0.875,1,O=C1C=COC2=C(Cc3ccccc3)CCCC12,7,0.8176983027273006,0.7363414542698544,2,0.7363414542698544,3160,3163
474,1454,M00474,M01454,CCCCCCC=CCCCCCCCC(=O)OCC(O)CO,CCCCCCCCCCCCCC(=O)OCC(O)CO,strong,0.8235294117647058,0.96875,0,,0,0.0,0.7363051470588236,3,0.7363051470588236,474,1454
2667,474,M02667,M00474,CCCCCCCCCCCCCCCCCC(=O)OCC(O)CO,CCCCCCC=CCCCCCCCC(=O)OCC(O)CO,strong,0.8235294117647058,0.96875,0,,0,0.0,0.7363051470588236,3,0.7363051470588236,474,2667
475,1454,M00475,M01454,CCCCCCCCC=CCCCCCCCC(=O)OCC(O)CO,CCCCCCCCCCCCCC(=O)OCC(O)CO,strong,0.8235294117647058,0.96875,0,,0,0.0,0.7363051470588236,3,0.7363051470588236,475,1454
2666,474,M02666,M00474,CCCCCCCCCCCCCCCC(=O)OCC(O)CO,CCCCCCC=CCCCCCCCC(=O)OCC(O)CO,strong,0.8235294117647058,0.96875,0,,0,0.0,0.7363051470588236,3,0.7363051470588236,474,2666
220,112,M00220,M00112,O=C(O)CCCC(=O)O,O=C(O)CCCCC(=O)O,strong,0.8333333333333334,0.9444444444444444,0,,0,0.0,0.7361111111111112,1,0.7361111111111112,112,220
4285,4287,M04285,M04287,CN(C)CCC(c1ccccc1)c1ccccn1,CC(=O)N(C)CCC(c1ccccc1)c1ccccn1,medium,0.6923076923076923,0.8,1,c1ccc(Cc2ccccn2)cc1,8,0.802209494641301,0.7357160395808106,1,0.7357160395808106,4285,4287
790,678,M00790,M00678,Cc1c(NC=O)c(=O)n(-c2ccccc2)n1C,CC(=O)Nc1c(C)n(C)n(-c2ccccc2)c1=O,medium,0.625,0.9772727272727273,1,O=c1cc[nH]n1-c1ccccc1,10,0.7758207207981391,0.7356912899379028,2,0.7356912899379028,678,790
4857,4780,M04857,M04780,CC12CCC(=O)C=C1CCC1C2CCC2(C)C(O)CCC12,CC12CCC(=O)C=C1C(O)CC1C2CCC2(C)C(O)CCC12,medium,0.6666666666666666,0.9444444444444444,1,O=C1C=C2CCC3C4CCCC4CCC3C2CC1,25,0.6627017793637848,0.7355163780156788,1,0.7355163780156788,4780,4857
245,352,M00245,M00352,O=C(O)C1OC(Oc2c(-c3ccc(O)cc3)oc3cc(O)cc(O)c3c2=O)C(O)C(O)C1O,CC1OC(Oc2c(-c3ccc(O)c(O)c3)oc3cc(O)cc(O)c3c2=O)C(O)C(O)C1O,medium,0.6451612903225806,0.9411764705882353,1,O=c1c(OC2CCCCO2)c(-c2ccccc2)oc2ccccc12,12,0.7538526280001345,0.7354687860406273,2,0.7354687860406273,245,352
4570,799,M04570,M00799,COc1cccc(C2(O)CCCCC2CN)c1,COc1cccc(C2(O)CCCCC2CN(C)C)c1,medium,0.7391304347826086,0.7021276595744681,1,c1ccc(C2CCCCC2)cc1,10,0.7758207207981391,0.7353832838829031,2,0.7353832838829031,799,4570
4360,3750,M04360,M03750,CN(C)CCc1c[nH]c2cccc(O)c12,CC(C)N(CCc1c[nH]c2cccc(O)c12)C(C)C,medium,0.717948717948718,0.8913043478260869,1,c1ccc2[nH]ccc2c1,63,0.5442457568182516,0.7352321812484902,1,0.7352321812484902,3750,4360
653,687,M00653,M00687,Nc1ccc(S(=O)(=O)Nc2nccs2)cc1,CC(=O)Nc1ccc(S(=O)(=O)Nc2nccs2)cc1,medium,0.6190476190476191,0.8867924528301887,1,O=S(=O)(Nc1nccs1)c1ccccc1,2,0.9466801716388252,0.7351287103819424,1,0.7351287103819424,653,687
493,496,M00493,M00496,CC(CCC(=O)NCC(=O)O)C1CCC2C3C(O)CC4CC(O)CCC4(C)C3CC(O)C12C,CC(CCC(=O)NCC(=O)O)C1CCC2C3CCC4CC(O)CCC4(C)C3CCC12C,medium,0.6515151515151515,1.0,1,C1CCC2C(C1)CCC1C3CCCC3CCC21,33,0.6274242932504864,0.7350227348966638,2,0.7350227348966638,493,496
4857,508,M04857,M00508,CC12CCC(=O)C=C1CCC1C2CCC2(C)C(O)CCC12,CC(=O)C1CCC2C3CCC4=CC(=O)CCC4(C)C3CCC12C,medium,0.723404255319149,0.8055555555555556,1,O=C1C=C2CCC3C4CCCC4CCC3C2CC1,25,0.6627017793637848,0.734836708984946,2,0.734836708984946,508,4857
4672,4675,M04672,M04675,CC1(C)OC2CC3C4CCC5=CC(=O)C=CC5(C)C4(F)C(O)CC3(C)C2(C(=O)CO)O1,CC1(C)OC2CC3C4CCC5=CC(=O)C=CC5(C)C4C(O)CC3(C)C2(C(=O)CO)O1,medium,0.625,0.9259259259259259,1,O=C1C=CC2C(=C1)CCC1C2CCC2C1CC1OCOC12,5,0.8555293230024756,0.7348108799318529,2,0.7348108799318529,4672,4675
43,1243,M00043,M01243,COc1cc(O)c2c(=O)c(O)c(-c3ccc(O)c(OC)c3)oc2c1,COc1ccc(-c2oc3cc(O)cc(O)c3c(=O)c2O)cc1,medium,0.6808510638297872,0.9375,1,O=c1cc(-c2ccccc2)oc2ccccc12,37,0.6127978022039184,0.73480530862846,2,0.73480530862846,43,1243
1430,508,M01430,M00508,CC(=O)OCC(=O)C1CCC2C3CCC4=CC(=O)CCC4(C)C3CCC12C,CC(=O)C1CCC2C3CCC4=CC(=O)CCC4(C)C3CCC12C,medium,0.7358490566037735,0.775,1,O=C1C=C2CCC3C4CCCC4CCC3C2CC1,25,0.6627017793637848,0.7346647008668319,2,0.7346647008668319,508,1430
700,2292,M00700,M02292,Cc1cccc(C)c1N(Cn1cccn1)C(=O)CCl,Cc1cccc(C)c1N(Cn1cccn1)C(=O)CS(C)=O,medium,0.717391304347826,0.7258064516129032,1,c1ccc(NCn2cccn2)cc1,7,0.8176983027273006,0.7345411409210164,2,0.7345411409210164,700,2292
3941,3576,M03941,M03576,OCCOCCN1CCN(C(c2ccccc2)c2ccc(Cl)cc2)CC1,COC(=O)COCCN1CCN(C(c2ccccc2)c2ccc(Cl)cc2)CC1,medium,0.6862745098039216,0.8,1,c1ccc(C(c2ccccc2)N2CCNCC2)cc1,7,0.8176983027273006,0.734419451291448,2,0.734419451291448,3576,3941
3668,4444,M03668,M04444,CCCc1nn(C)c2c(=O)[nH]c(-c3cc(S(=O)(=O)N4CCN(C5CCCC5)CC4)ccc3OCC)nc12,CCCc1nn(C)c2c(=O)[nH]c(-c3cc(S(=O)(=O)N4CCN(C)CC4)ccc3OCC)nc12,strong,0.8169014084507042,0.9770114942528736,0,,0,0.0,0.7343937186336409,1,0.7343937186336409,3668,4444
3668,4445,M03668,M04445,CCCc1nn(C)c2c(=O)[nH]c(-c3cc(S(=O)(=O)N4CCN(C5CCCC5)CC4)ccc3OCC)nc12,CCCc1nn(C)c2c(=O)[nH]c(-c3cc(S(=O)(=O)N4CCCCC4)ccc3OCC)nc12,strong,0.8169014084507042,0.9767441860465116,0,,0,0.0,0.7343268915820504,2,0.7343268915820504,3668,4445
3096,3043,M03096,M03043,C=C(C(=O)C(O)C(C)C1C(OC(C)=O)CC2(C)C3CCC4C(C)C(=O)C=CC45CC35CCC12C)C(C)C,C=C(C(=O)C(O)C(C)C1C(OC(C)=O)CC2(C)C3CC(O)C4C(C)C(=O)C=CC45CC35CCC12C)C(C)CO,medium,0.6626506024096386,0.8333333333333334,1,O=C1C=CC23CC24CCC2CCCC2C4CCC3C1,5,0.8555293230024756,0.7342530932294877,2,0.7342530932294877,3043,3096
4573,4574,M04573,M04574,CN(C)CC1CCCCC1(O)c1cccc(O)c1,CNCC1CCCCC1(O)c1cccc(O)c1,medium,0.6888888888888889,0.8181818181818182,1,c1ccc(C2CCCCC2)cc1,10,0.7758207207981391,0.7342518959985088,2,0.7342518959985088,4573,4574
3673,3342,M03673,M03342,CC1(C)C(C=C(Cl)Cl)C1C(=O)OC(C#N)c1cccc(Oc2ccccc2)c1,CC1(C)C(C=CC(=O)OC(C(F)(F)F)C(F)(F)F)C1C(=O)OC(C#N)c1cccc(Oc2ccccc2)c1,medium,0.6875,0.8055555555555556,1,O=C(OCc1cccc(Oc2ccccc2)c1)C1CC1,8,0.802209494641301,0.7342203130850841,2,0.7342203130850841,3342,3673
422,1717,M00422,M01717,Nc1ccn(C2OC(CO)C(O)C2O)c(=O)n1,CC(=O)Nc1ccn(C2OC(CO)C(O)C2O)c(=O)n1,medium,0.6458333333333334,0.9508196721311475,1,O=c1ncccn1C1CCCO1,15,0.7265474540909509,0.7341870361464296,1,0.7341870361464296,422,1717
1296,18,M01296,M00018,O=c1c(OC2OC(CO)C(O)C(O)C2O)c(-c2ccc(OS(=O)(=O)O)c(O)c2)oc2cc(O)cc(O)c12,O=c1c(OC2OC(CO)C(O)C(O)C2O)c(-c2ccc(O)cc2)oc2cc(O)cc(O)c12,medium,0.75,0.6842105263157895,1,O=c1c(OC2CCCCO2)c(-c2ccccc2)oc2ccccc12,12,0.7538526280001345,0.7341305257789674,2,0.7341305257789674,18,1296
815,814,M00815,M00814,N#Cc1nn(-c2c(Cl)cc(C(F)(F)F)cc2Cl)c(N)c1S(=O)(=O)C(F)(F)F,N#Cc1nn(-c2c(Cl)cc(C(F)(F)F)cc2Cl)c(N)c1S(=O)C(F)(F)F,medium,0.6226415094339622,0.9285714285714286,1,c1ccc(-n2cccn2)cc1,5,0.8555293230024756,0.7340571612536058,1,0.7340571612536058,814,815
2296,2073,M02296,M02073,O=C(O)c1cnc2c(C(=O)O)c(Cl)ccc2c1,Cc1cnc2c(C(=O)O)c(Cl)ccc2c1,medium,0.7027027027027027,0.8387096774193549,1,c1ccc2ncccc2c1,21,0.6846698721617894,0.7339995218007288,2,0.7339995218007288,2073,2296
4003,3991,M04003,M03991,Cc1ccc(C(=O)c2cn(CCCCCO)c3ccccc23)c2ccccc12,CCCCn1cc(C(=O)c2ccc(C)c3ccccc23)c2ccccc21,strong,0.8,0.6521739130434783,1,O=C(c1cccc2ccccc12)c1c[nH]c2ccccc12,39,0.6060525864057348,0.7339513662217299,3,0.7339513662217299,3991,4003
154,276,M00154,M00276,O=c1cc(-c2ccccc2)oc2cc(O)cc(O)c12,O=c1cc(-c2ccc(O)c(O)c2)oc2cc(O)cc(O)c12,medium,0.7105263157894737,0.8620689655172413,1,O=c1cc(-c2ccccc2)oc2ccccc12,37,0.6127978022039184,0.7337527011835823,1,0.7337527011835823,154,276
3324,4074,M03324,M04074,CC(C)C(NC(=O)c1nn(Cc2ccc(F)cc2)c2ccccc12)C(N)=O,COC(=O)C(NC(=O)c1nn(Cc2ccc(F)cc2)c2ccccc12)C(C)(C)C,medium,0.6666666666666666,0.8070175438596491,1,c1ccc(Cn2ncc3ccccc32)cc1,4,0.8795051323147839,0.7336801558121299,2,0.7336801558121299,3324,4074
1229,1231,M01229,M01231,CC(C)C1NC(=O)C2CCCN2C1=O,CC(C)CC1NC(=O)C2CCCN2C1=O,medium,0.6153846153846154,0.9111111111111111,1,O=C1NCC(=O)N2CCCC12,3,0.9088491513636503,0.7333359197130945,2,0.7333359197130945,1229,1231
4584,4583,M04584,M04583,OCc1nnc2n1-c1ccc(Cl)cc1C(c1ccccc1Cl)=NC2,Cc1nnc2n1-c1ccc(Cl)cc1C(c1ccccc1Cl)=NC2,medium,0.7058823529411765,0.7735849056603774,1,c1ccc(C2=NCc3nncn3-c3ccccc32)cc1,10,0.7758207207981391,0.7332987462995212,2,0.7332987462995212,4583,4584
991,207,M00991,M00207,NCCCCC(=O)O,NCCCC(=O)O,strong,0.8235294117647058,0.9565217391304348,0,,0,0.0,0.7332480818414322,1,0.7332480818414322,207,991
854,710,M00854,M00710,CCNc1nc(Cl)nc(NC(C)(C)C#N)n1,CCNc1nc(Cl)nc(NC(C)(C)C)n1,medium,0.6764705882352942,0.9473684210526315,1,c1ncncn1,40,0.6028054368020348,0.7331452737246396,1,0.7331452737246396,710,854
3281,3617,M03281,M03617,CNCCCC1(c2ccc(F)cc2)OCc2cc(C#N)ccc21,C[N+](C)([O-])CCCC1(c2ccc(F)cc2)OCc2cc(C#N)ccc21,medium,0.7142857142857143,0.7049180327868853,1,c1ccc(C2OCc3ccccc32)cc1,5,0.8555293230024756,0.7331303352185212,2,0.7331303352185212,3281,3617
781,700,M00781,M00700,Cc1cccc(C)c1N(Cn1cccn1)C(=O)C(=O)O,Cc1cccc(C)c1N(Cn1cccn1)C(=O)CCl,medium,0.7045454545454546,0.75,1,c1ccc(NCn2cccn2)cc1,7,0.8176983027273006,0.7328820181363678,2,0.7328820181363678,700,781
3983,3989,M03983,M03989,CC(O)CCCn1cc(C(=O)c2cccc3ccccc23)c2ccccc21,CCCCn1cc(C(=O)c2cccc3ccccc23)c2ccccc21,medium,0.7446808510638298,0.7804878048780488,1,O=C(c1cccc2ccccc12)c1c[nH]c2ccccc12,39,0.6060525864057348,0.7328383498186704,1,0.7328383498186704,3983,3989
936,937,M00936,M00937,N#CN=C1SCCN1Cc1ccc(Cl)nc1,NC(=O)N=C1SCCN1Cc1ccc(Cl)nc1,medium,0.64,0.8269230769230769,1,N=C1SCCN1Cc1cccnc1,2,0.9466801716388252,0.732732794976593,1,0.732732794976593,936,937
3998,3996,M03998,M03996,CCCCn1cc(C(=O)c2cccc3ccccc23)c2cccc(O)c21,CCCCn1cc(C(=O)c2cccc3ccccc23)c2cc(O)ccc21,medium,0.6730769230769231,0.9512195121951219,1,O=C(c1cccc2ccccc12)c1c[nH]c2ccccc12,39,0.6060525864057348,0.7325589198557946,2,0.7325589198557946,3996,3998
541,373,M00541,M00373,OCC1OC(OC2(COC3(CO)OC(CO)C(O)C3O)OC(CO)C(O)C2O)C(O)C(O)C1O,OCC1OC(OC2(CO)OC(CO)C(O)C2O)C(O)C(O)C1O,strong,0.8157894736842105,0.9722222222222222,0,,0,0.0,0.7325292397660819,1,0.7325292397660819,373,541
3195,3200,M03195,M03200,CC1(C)SC2C(NC(=O)C(N)c3ccccc3)C(=O)N2C1C(=O)O,CC1(C)SC2C(NC(=O)Cc3ccccc3)C(=O)N2C1C(=O)O,medium,0.6296296296296297,0.8909090909090909,1,O=C(Cc1ccccc1)NC1C(=O)N2CCSC12,4,0.8795051323147839,0.732430820352268,2,0.732430820352268,3195,3200
3200,536,M03200,M00536,CC1(C)SC2C(NC(=O)Cc3ccccc3)C(=O)N2C1C(=O)O,CC1(C)SC2C(NC(=O)C(C(=O)O)c3ccccc3)C(=O)N2C1C(=O)O,medium,0.6296296296296297,0.8909090909090909,1,O=C(Cc1ccccc1)NC1C(=O)N2CCSC12,4,0.8795051323147839,0.732430820352268,1,0.732430820352268,536,3200
1045,1435,M01045,M01435,Cc1cn(C2CC(O)C(CO)O2)c(=O)[nH]c1=O,O=c1ccn(C2CC(O)C(CO)O2)c(=O)[nH]1,medium,0.6170212765957447,0.9833333333333333,1,O=c1ccn(C2CCCO2)c(=O)[nH]1,10,0.7758207207981391,0.732419207410501,2,0.732419207410501,1045,1435
498,499,M00498,M00499,CCCCCCCCC=CCCCCCCCC(=O)OCC(COC(=O)CCCCCCCC=CCCCCCCCC)OC(=O)CCCCCCCC=CCCCCCCCC,CCCCCCCCCCCCCCCC(=O)OCC(COC(=O)CCCCCCCCCCCCCCC)OC(=O)CCCCCCCCCCCCCCC,strong,0.8181818181818182,0.9655172413793104,0,,0,0.0,0.7322884012539185,3,0.7322884012539185,498,499
500,499,M00500,M00499,CCCCCCC=CCCCCCCCC(=O)OCC(COC(=O)CCCCCCCC=CCCCCCC)OC(=O)CCCCCCCC=CCCCCCC,CCCCCCCCCCCCCCCC(=O)OCC(COC(=O)CCCCCCCCCCCCCCC)OC(=O)CCCCCCCCCCCCCCC,strong,0.8181818181818182,0.9655172413793104,0,,0,0.0,0.7322884012539185,3,0.7322884012539185,499,500
4664,4644,M04664,M04644,CC(=O)OC1(C(C)=O)CCC2C3CC(C)C4=CC(=O)CCC4(C)C3CCC21C,CC(=O)C1(O)CCC2C3CC(C)C4=CC(=O)CCC4(C)C3CCC21C,medium,0.7090909090909091,0.8292682926829268,1,O=C1C=C2CCC3C4CCCC4CCC3C2CC1,25,0.6627017793637848,0.732176885529845,1,0.732176885529845,4644,4664
1473,1018,M01473,M01018,COc1ccc2[nH]cc(CCNC(C)=O)c2c1,CC(=O)NCCc1c[nH]c2ccc(O)cc12,medium,0.7045454545454546,0.9111111111111111,1,c1ccc2[nH]ccc2c1,63,0.5442457568182516,0.7321419140277882,1,0.7321419140277882,1018,1473
3598,2838,M03598,M02838,CC(CCCNCCO)Nc1ccnc2cc(Cl)ccc12,CCN(CCO)CCCC(C)Nc1ccnc2cc(Cl)ccc12,medium,0.6785714285714286,0.8888888888888888,1,c1ccc2ncccc2c1,21,0.6846698721617894,0.7320655601893478,1,0.7320655601893478,2838,3598
237,82,M00237,M00082,O=C(O)CCc1c[nH]c2ccccc12,O=C(O)Cc1c[nH]c2ccccc12,medium,0.696969696969697,0.9285714285714286,1,c1ccc2[nH]ccc2c1,63,0.5442457568182516,0.7319615388474131,1,0.7319615388474131,82,237
1161,1329,M01161,M01329,COc1cc(CCC(=O)O)ccc1O,COc1ccc(CCC(=O)O)cc1O,medium,0.7647058823529411,0.9655172413793104,1,c1ccccc1,802,0.21161295934610674,0.7319447836585082,1,0.7319447836585082,1161,1329
170,407,M00170,M00407,OCc1ccccc1OC1OC(CO)C(O)C(O)C1O,OCC1OC(Oc2ccccc2)C(O)C(O)C1O,medium,0.6578947368421053,0.9411764705882353,1,c1ccc(OC2CCCCO2)cc1,22,0.6788243374826469,0.731854610374719,1,0.731854610374719,170,407
689,693,M00689,M00693,COCC(C)N(C(=O)CCl)c1c(C)csc1C,COCC(C)N(C(=O)C(=O)O)c1c(C)csc1C,medium,0.7045454545454546,0.7551020408163265,1,c1ccsc1,8,0.802209494641301,0.7318342071275495,1,0.7318342071275495,689,693
1186,1176,M01186,M01176,O=C(O)c1ccc(OS(=O)(=O)O)c(O)c1,O=C(O)c1ccc(O)c(OS(=O)(=O)O)c1,medium,0.75,1.0,1,c1ccccc1,802,0.21161295934610674,0.7317419439019159,1,0.7317419439019159,1176,1186
1734,522,M01734,M00522,Cn1c(N)nc2c(ncn2C2OC(CO)C(O)C2O)c1=O,Nc1nc2c(ncn2C2OC(CO)C(O)C2O)c(=O)[nH]1,medium,0.6481481481481481,0.9393939393939394,1,O=c1[nH]cnc2c1ncn2C1CCCO1,16,0.7185751418868361,0.7315236450203991,2,0.7315236450203991,522,1734
1127,1298,M01127,M01298,O=c1c(O)c(-c2ccc(OS(=O)(=O)O)c(O)c2)oc2cc(OS(=O)(=O)O)cc(O)c12,O=c1c(O)c(-c2cc(O)c(O)c(OS(=O)(=O)O)c2)oc2cc(O)cc(O)c12,medium,0.6666666666666666,0.9583333333333334,1,O=c1cc(-c2ccccc2)oc2ccccc12,37,0.6127978022039184,0.7315030036639211,2,0.7315030036639211,1127,1298
3816,3576,M03816,M03576,OCCOCCOCCN1CCN(C(c2ccccc2)c2ccc(Cl)cc2)CC1,COC(=O)COCCN1CCN(C(c2ccccc2)c2ccc(Cl)cc2)CC1,medium,0.6730769230769231,0.82,1,c1ccc(C(c2ccccc2)N2CCNCC2)cc1,7,0.8176983027273006,0.7315008992552489,2,0.7315008992552489,3576,3816
4241,3337,M04241,M03337,CCCc1nn(C)c2c(=O)[nH]c(-c3cc(C(=O)CN4CCN(CC)C(=O)C4)ccc3OCC)nc12,CCCc1nn(C)c2c(=O)[nH]c(-c3cc(C(=O)CN4CCN(C)CC4)ccc3OCC)nc12,strong,0.8082191780821918,0.9857142857142858,0,,0,0.0,0.7313600782778865,2,0.7313600782778865,3337,4241
2362,3289,M02362,M03289,Cc1cc(NS(=O)(=O)c2ccc([N+](=O)[O-])cc2)no1,Cc1cc(NS(=O)(=O)c2ccc(NO)cc2)no1,medium,0.6428571428571429,0.8548387096774194,1,O=S(=O)(Nc1ccon1)c1ccccc1,4,0.8795051323147839,0.7313497329808581,2,0.7313497329808581,2362,3289
3615,905,M03615,M00905,CN(C)CCCC1(c2ccc(F)cc2)OCc2cc(C(N)=O)ccc21,CN(C)CCCC1(c2ccc(F)cc2)OCc2cc(C#N)ccc21,medium,0.6551724137931034,0.8392857142857143,1,c1ccc(C2OCc3ccccc32)cc1,5,0.8555293230024756,0.7312542752976618,1,0.7312542752976618,905,3615
3380,3974,M03380,M03974,N#CCCCCn1cc(C(=O)c2cccc3ccccc23)c2ccccc21,CCCCCn1cc(C(=O)c2cccc3ccccc23)c2ccccc21,medium,0.7291666666666666,0.8108108108108109,1,O=C(c1cccc2ccccc12)c1c[nH]c2ccccc12,39,0.6060525864057348,0.7311105906635629,1,0.7311105906635629,3380,3974
2117,261,M02117,M00261,CCCCCC=CCC=CCC=CCC=CCC=CCCC(=O)O,CCCCCC=CCC=CCCCCCCCC(=O)O,strong,0.8214285714285714,0.9523809523809523,0,,0,0.0,0.7309523809523809,3,0.7309523809523809,261,2117
4448,4444,M04448,M04444,CCCc1nn(C)c2c(=O)[nH]c(-c3cc(S(=O)(=O)N4CCN(Cc5ccccc5)CC4)ccc3OCC)nc12,CCCc1nn(C)c2c(=O)[nH]c(-c3cc(S(=O)(=O)N4CCN(C)CC4)ccc3OCC)nc12,strong,0.8055555555555556,0.9883720930232558,0,,0,0.0,0.7304263565891473,2,0.7304263565891473,4444,4448
4248,2632,M04248,M02632,Cc1cc(C(C)(C)C)c(O)c(C)c1CC1=NCCN1,Cc1cc(C(C)(C)C)cc(C)c1CC1=NCCN1,medium,0.6428571428571429,0.8333333333333334,1,c1ccc(CC2=NCCN2)cc1,3,0.9088491513636503,0.7303749917521666,1,0.7303749917521666,2632,4248
4572,799,M04572,M00799,COc1cccc(C2(O)CCCCC2C[N+](C)(C)[O-])c1,COc1cccc(C2(O)CCCCC2CN(C)C)c1,medium,0.68,0.8235294117647058,1,c1ccc(C2CCCCC2)cc1,10,0.7758207207981391,0.7302554610608974,1,0.7302554610608974,799,4572
4347,4348,M04347,M04348,CCCNCC(O)COc1ccccc1C(=O)CCc1ccccc1,NCC(O)COc1ccccc1C(=O)CCc1ccccc1,medium,0.66,0.7916666666666666,1,O=C(CCc1ccccc1)c1ccccc1,3,0.9088491513636503,0.7302440393712142,1,0.7302440393712142,4347,4348
3094,554,M03094,M00554,COc1c2occc2cc2ccc(=O)oc12,COc1c2ccoc2c(OC)c2oc(=O)ccc12,medium,0.6052631578947368,0.9666666666666667,1,O=c1ccc2cc3ccoc3cc2o1,6,0.8352580650673657,0.7301132711636136,1,0.7301132711636136,554,3094
651,685,M00651,M00685,Cc1cc(C)nc(NS(=O)(=O)c2ccc(N)cc2)n1,CC(=O)Nc1ccc(S(=O)(=O)Nc2nc(C)cc(C)n2)cc1,medium,0.6410256410256411,0.8909090909090909,1,O=S(=O)(Nc1ncccn1)c1ccccc1,7,0.8176983027273006,0.7299974027517524,2,0.7299974027517524,651,685
4627,3748,M04627,M03748,CN(CCO)CC(O)Cn1cnc2c1c(=O)n(C)c(=O)n2C,Cn1c(=O)c2c(ncn2CC(O)CO)n(C)c1=O,medium,0.7021276595744681,0.8082191780821918,1,O=c1[nH]c(=O)c2[nH]cnc2[nH]1,17,0.7110586460049512,0.7299901871659714,1,0.7299901871659714,3748,4627
1709,1038,M01709,M01038,O=C(O)C1CCCN1C(=O)C1CCCN1,O=C(O)C1CC(O)CN1C(=O)C1CCCN1,medium,0.6153846153846154,0.875,1,O=C(C1CCCN1)N1CCCC1,2,0.9466801716388252,0.729982794976593,1,0.729982794976593,1038,1709
408,1846,M00408,M01846,CC(CCC(=O)NCCOS(=O)(=O)O)C1CCC2C3C(O)CC4CC(O)CCC4(C)C3CCC12C,CC(CCC(=O)NCC(=O)O)C1CCC2C3C(O)CC4CC(OS(=O)(=O)O)CCC4(C)C3CCC12C,medium,0.6666666666666666,0.9420289855072463,1,C1CCC2C(C1)CCC1C3CCCC3CCC21,33,0.6274242932504864,0.7296208903643845,1,0.7296208903643845,408,1846
2458,640,M02458,M00640,CON(C)C(=O)Nc1ccc(Br)c(Cl)c1,CON(C)C(=O)Nc1ccc(Cl)c(Cl)c1,medium,0.7567567567567568,0.975,1,c1ccccc1,802,0.21161295934610674,0.7295459979559701,1,0.7295459979559701,640,2458
4241,3742,M04241,M03742,CCCc1nn(C)c2c(=O)[nH]c(-c3cc(C(=O)CN4CCN(CC)C(=O)C4)ccc3OCC)nc12,CCCc1nn(C)c2c(=O)[nH]c(-c3cc(C(=O)CN4CCN(CC)C(=O)C4=O)ccc3OCC)nc12,strong,0.8108108108108109,0.971830985915493,0,,0,0.0,0.7294442329653598,3,0.7294442329653598,3742,4241
3798,4052,M03798,M04052,CCC(CO)NC(=O)C1C=C2c3cccc4[nH]cc(c34)CC2N(C)C1,CCN(CC)C(=O)C1C=C2c3cccc4[nH]cc(c34)CC2N(C)C1,medium,0.6615384615384615,0.8166666666666667,1,C1=C2c3cccc4[nH]cc(c34)CC2NCC1,5,0.8555293230024756,0.7294191420401148,2,0.7294191420401148,3798,4052
4129,3533,M04129,M03533,CNC(C)C(=O)c1ccc2c(c1)OCO2,CCC(NC)C(=O)c1ccc2c(c1)OCO2,medium,0.675,0.8611111111111112,1,c1ccc2c(c1)OCO2,15,0.7265474540909509,0.7292598958914205,2,0.7292598958914205,3533,4129
2039,1992,M02039,M01992,CCCCOC(=O)N(C)SN(C)C(=O)Oc1cccc2c1OC(C)(C)C2,CCOC(=O)CCN(SN(C)C(=O)Oc1cccc2c1OC(C)(C)C2)C(C)C,medium,0.6212121212121212,0.9242424242424242,1,c1ccc2c(c1)CCO2,6,0.8352580650673657,0.7290765885479836,2,0.7290765885479836,1992,2039
393,1048,M00393,M01048,O=c1ccn(C2OC(CO)C(O)C2O)c(=O)[nH]1,O=c1ccn(C2OC(COP(=O)(O)O)C(O)C2O)c(=O)[nH]1,medium,0.6739130434782609,0.8333333333333334,1,O=c1ccn(C2CCCO2)c(=O)[nH]1,10,0.7758207207981391,0.7290542675400108,1,0.7290542675400108,393,1048
1259,34,M01259,M00034,O=C(O)CC(=O)OCC1OC(Oc2c(-c3ccc(O)c(O)c3)oc3cc(O)cc(O)c3c2=O)C(O)C(O)C1O,O=C(O)C1OC(Oc2c(-c3ccc(O)c(O)c3)oc3cc(O)cc(O)c3c2=O)C(O)C(O)C1O,medium,0.6911764705882353,0.8048780487804879,1,O=c1c(OC2CCCCO2)c(-c2ccccc2)oc2ccccc12,12,0.7538526280001345,0.7290032887480833,2,0.7290032887480833,34,1259
336,347,M00336,M00347,C1CCNCC1,C1CCNC1,strong,0.8888888888888888,0.782608695652174,0,,0,0.0,0.7289855072463768,1,0.7289855072463768,336,347
1206,7,M01206,M00007,O=C(O)C1OC(Oc2cc(O)cc(C=Cc3ccc(O)cc3)c2)C(O)C(O)C1O,OCC1OC(Oc2cc(O)cc(C=Cc3ccc(O)cc3)c2)C(O)C(O)C1O,medium,0.673469387755102,0.7714285714285715,1,C(=Cc1cccc(OC2CCCCO2)c1)c1ccccc1,4,0.8795051323147839,0.7288645453574216,1,0.7288645453574216,7,1206
4391,790,M04391,M00790,Cc1c(NC(C)C)c(=O)n(-c2ccccc2)n1C,Cc1c(NC=O)c(=O)n(-c2ccccc2)n1C,medium,0.6410256410256411,0.9111111111111111,1,O=c1cc[nH]n1-c1ccccc1,10,0.7758207207981391,0.7287662705128833,2,0.7287662705128833,790,4391
2824,4345,M02824,M04345,CC(CN1c2ccccc2Sc2ccccc21)N(C)C,CN(C)CC(CN1c2ccccc2Sc2ccccc21)N(C)C,medium,0.6486486486486487,0.926829268292683,1,c1ccc2c(c1)Nc1ccccc1S2,16,0.7185751418868361,0.7286827775453854,2,0.7286827775453854,2824,4345
2624,633,M02624,M00633,CCCCOC(=O)C(C)Oc1ccc(Oc2ccc(C(F)(F)F)cn2)cc1,CC(Oc1ccc(Oc2ccc(C(F)(F)F)cn2)cc1)C(=O)O,medium,0.7,0.7333333333333333,1,c1ccc(Oc2ccccn2)cc1,6,0.8352580650673657,0.7286220430934381,1,0.7286220430934381,633,2624
1130,349,M01130,M00349,O=c1c(O)c(-c2ccc(O)c(O)c2)oc2cc(O)ccc12,O=c1c(O)c(-c2ccc(O)c(O)c2)oc2cc(O)cc(O)c12,medium,0.6585365853658537,0.9655172413793104,1,O=c1cc(-c2ccccc2)oc2ccccc12,37,0.6127978022039184,0.7284209318949276,1,0.7284209318949276,349,1130
960,394,M00960,M00394,CC1CCC2(C(=O)O)CCC3(C)C(=CCC4C5(C)CC(O)C(O)C(C)(CO)C5CCC43C)C2C1C,CC1CCC2(C(=O)O)CCC3(C)C(=CCC4C5(C)CCC(O)C(C)(C)C5CCC43C)C2C1C,medium,0.671875,0.7872340425531915,1,C1=C2C3CCCCC3CCC2C2CCC3CCCCC3C2C1,5,0.8555293230024756,0.7282629090886692,1,0.7282629090886692,394,960
422,1637,M00422,M01637,Nc1ccn(C2OC(CO)C(O)C2O)c(=O)n1,Nc1ccn(C2OC(COP(=O)(O)O)C(O)C2O)c(=O)n1,medium,0.6875,0.8260869565217391,1,O=c1ncccn1C1CCCO1,15,0.7265474540909509,0.7280038572440775,2,0.7280038572440775,422,1637
1232,1115,M01232,M01115,O=C(O)CCCCc1ccc(O)c(O)c1,O=C(O)CCc1ccc(O)c(O)c1,medium,0.7586206896551724,0.9642857142857143,1,c1ccccc1,802,0.21161295934610674,0.7279857862664479,1,0.7279857862664479,1115,1232
3351,3384,M03351,M03384,CC(C)(C)C(NC(=O)c1nn(CCCCCF)c2ccccc12)C(N)=O,COC(=O)C(NC(=O)c1nn(CCCCCF)c2ccccc12)C(C)C,medium,0.6666666666666666,0.8305084745762712,1,c1ccc2[nH]ncc2c1,8,0.802209494641301,0.727958542840263,2,0.727958542840263,3351,3384
2220,2479,M02220,M02479,CC(C)NCC(O)COc1ccc(COCCOC(C)C)cc1,CC(C)NCC(O)COc1ccc(COCCO)cc1,medium,0.7727272727272727,0.9302325581395349,1,c1ccccc1,802,0.21161295934610674,0.7279364470731633,1,0.7279364470731633,2220,2479
2544,2249,M02544,M02249,CC(C)Oc1cccc(NC(=O)c2ccccc2C(F)(F)F)c1,Cc1ccccc1C(=O)Nc1cccc(OC(C)C)c1,medium,0.6818181818181818,0.8285714285714286,1,O=C(Nc1ccccc1)c1ccccc1,13,0.744107216431016,0.7278498486984186,1,0.7278498486984186,2249,2544
3380,3379,M03380,M03379,N#CCCCCn1cc(C(=O)c2cccc3ccccc23)c2ccccc21,O=C(c1cccc2ccccc12)c1cn(CCCCCF)c2ccccc12,medium,0.7142857142857143,0.8333333333333334,1,O=C(c1cccc2ccccc12)c1c[nH]c2ccccc12,39,0.6060525864057348,0.7278126498656221,2,0.7278126498656221,3379,3380
2237,4391,M02237,M04391,Cc1c(C(C)C)c(=O)n(-c2ccccc2)n1C,Cc1c(NC(C)C)c(=O)n(-c2ccccc2)n1C,medium,0.6216216216216216,0.9534883720930233,1,O=c1cc[nH]n1-c1ccccc1,10,0.7758207207981391,0.7277181741159496,1,0.7277181741159496,2237,4391
1350,1220,M01350,M01220,COc1cccc(OC)c1O,COc1cccc(O)c1O,strong,0.8,0.8636363636363636,1,c1ccccc1,802,0.21161295934610674,0.7276510348110069,1,0.7276510348110069,1220,1350
1748,1798,M01748,M01798,CCCCCCCCCCCCCCCCCC(=O)OCC(COP(=O)(O)OCCN)OC(=O)CCCCCCCCCCCCCCC,CCCCCCCCCCCCCCCCCC(=O)OC(CO)COP(=O)(O)OCCN,strong,0.8043478260869565,0.9795918367346939,0,,0,0.0,0.7275066548358473,3,0.7275066548358473,1748,1798
1575,1798,M01575,M01798,CCCCCCCCCCCCCCCC(=O)OCC(COP(=O)(O)OCCN)OC(=O)CCCCCCCCCCCCCCC,CCCCCCCCCCCCCCCCCC(=O)OC(CO)COP(=O)(O)OCCN,strong,0.8043478260869565,0.9795918367346939,0,,0,0.0,0.7275066548358473,3,0.7275066548358473,1575,1798
3910,3861,M03910,M03861,O=C(OCC(O)CO)c1ccccc1Nc1ccnc2cc(Cl)ccc12,O=C(OCC(O)CO)c1ccccc1Nc1ccnc2c(C(F)(F)F)cccc12,medium,0.6,0.9019607843137255,1,c1ccc(Nc2ccnc3ccccc23)cc1,2,0.9466801716388252,0.7274922218242551,1,0.7274922218242551,3861,3910
3408,3804,M03408,M03804,CC(N)Cc1c[nH]c2ccccc12,CCC(N)Cc1c[nH]c2ccccc12,medium,0.7058823529411765,0.8888888888888888,1,c1ccc2[nH]ccc2c1,63,0.5442457568182516,0.7273884975096657,1,0.7273884975096657,3408,3804
109,110,M00109,M00110,Nc1ncnc2c1ncn2C1OC(CO)C(O)C1OP(=O)(O)O,Nc1ncnc2c1ncn2C1OC(COP(=O)(O)O)C(O)C1O,medium,0.6551724137931034,0.9411764705882353,1,c1ncc2ncn(C3CCCO3)c2n1,26,0.6577388176437765,0.7270583885694873,2,0.7270583885694873,109,110
3817,3748,M03817,M03748,Cn1c(=O)c2c(ncn2CCO)n(C)c1=O,Cn1c(=O)c2c(ncn2CC(O)CO)n(C)c1=O,medium,0.675,0.8615384615384616,1,O=c1[nH]c(=O)c2[nH]cnc2[nH]1,17,0.7110586460049512,0.7270434122853581,1,0.7270434122853581,3748,3817
1202,1277,M01202,M01277,O=C1CCC(Cc2ccc(O)c(O)c2)O1,O=C1CCC(Cc2cccc(O)c2)O1,medium,0.6666666666666666,0.8064516129032258,1,O=C1CCC(Cc2ccccc2)O1,6,0.8352580650673657,0.7269016129859113,1,0.7269016129859113,1202,1277
4058,2297,M04058,M02297,CC(C)(C)NCC(O)c1cc(Cl)c(N)c(C(F)(F)F)c1,CC(C)(C)NCC(O)c1cc(Cl)c(N)c(Cl)c1,medium,0.7631578947368421,0.9487179487179487,1,c1ccccc1,802,0.21161295934610674,0.7268161679235083,1,0.7268161679235083,2297,4058
1848,512,M01848,M00512,CC(CCC(=O)NCCS(=O)(=O)O)C1CCC2C3CCC4CC(OS(=O)(=O)O)CCC4(C)C3CCC12C,CC(CCC(=O)NCCS(=O)(=O)O)C1CCC2C3CCC4CC(O)CCC4(C)C3CC(O)C12C,medium,0.6438356164383562,0.9852941176470589,1,C1CCC2C(C1)CCC1C3CCCC3CCC21,33,0.6274242932504864,0.7267385432623514,2,0.7267385432623514,512,1848
3993,3989,M03993,M03989,CC(O)CCn1cc(C(=O)c2cccc3ccccc23)c2ccccc21,CCCCn1cc(C(=O)c2cccc3ccccc23)c2ccccc21,medium,0.717391304347826,0.8205128205128205,1,O=C(c1cccc2ccccc12)c1c[nH]c2ccccc12,39,0.6060525864057348,0.7264708756977609,1,0.7264708756977609,3989,3993
3803,3371,M03803,M03371,Clc1ccc2c(c1)C(c1ccccc1)=NCc1nncn1-2,Cc1nnc2n1-c1ccc(Cl)cc1C(c1ccccc1)=NC2,medium,0.62,0.9523809523809523,1,c1ccc(C2=NCc3nncn3-c3ccccc32)cc1,10,0.7758207207981391,0.7264683462149589,1,0.7264683462149589,3371,3803
4782,3862,M04782,M03862,CS(=O)(=O)c1ccc(C(O)C(CO)NC(=O)C(Cl)Cl)cc1,CS(=O)(=O)c1ccc(C(O)C(CF)NC(=O)C(Cl)Cl)cc1,medium,0.7804878048780488,0.9056603773584906,1,c1ccccc1,802,0.21161295934610674,0.7264497211683678,1,0.7264497211683678,3862,4782
4569,3842,M04569,M03842,CC1(C)C(C(=O)OC(C#N)c2cccc(Oc3ccccc3)c2)C1C(Br)C(Br)(Br)Br,CC1(C)C(C(=O)OC(C#N)c2cccc(Oc3ccccc3)c2)C1(C)C,medium,0.6607142857142857,0.8387096774193549,1,O=C(OCc1cccc(Oc2ccccc2)c1)C1CC1,8,0.802209494641301,0.7264374149796052,1,0.7264374149796052,3842,4569
2216,621,M02216,M00621,COc1nc(C)nc(NC(=O)NS(=O)(=O)c2ccccc2CCC(F)(F)F)n1,COC(=O)c1ccccc1S(=O)(=O)NC(=O)Nc1nc(C)nc(OC)n1,medium,0.6440677966101694,0.8783783783783784,1,O=C(Nc1ncncn1)NS(=O)(=O)c1ccccc1,8,0.802209494641301,0.7263666967568914,2,0.7263666967568914,621,2216
4668,4670,M04668,M04670,CC1CC2C3CC(F)C4=CC(=O)C=CC4(C)C3C(O)CC2(C)C1(O)C(=O)CO,CC1CC2C3CC(F)C4=CC(=O)C=CC4(C)C3(F)C(O)CC2(C)C1(O)C(=O)CO,medium,0.6119402985074627,1.0,1,O=C1C=CC2C(=C1)CCC1C3CCCC3CCC21,15,0.7265474540909509,0.7261462972181202,1,0.7261462972181202,4668,4670
3526,4787,M03526,M04787,CC(C)CC1Nc2cc(Cl)c(S(N)(=O)=O)cc2S(=O)(=O)N1,NS(=O)(=O)c1cc2c(cc1Cl)NC(C(Cl)Cl)NS2(=O)=O,medium,0.6326530612244898,0.8955223880597015,1,O=S1(=O)NCNc2ccccc21,7,0.8176983027273006,0.7261271791587143,1,0.7261271791587143,3526,4787
562,2962,M00562,M02962,CCCCCCCCCCCCOCCOCCOCCOCCOCCO,CCCCOCCOCCOCCO,strong,0.8095238095238095,0.9615384615384616,0,,0,0.0,0.7260989010989011,3,0.7260989010989011,562,2962
562,2688,M00562,M02688,CCCCCCCCCCCCOCCOCCOCCOCCOCCO,CCCCOCCOCCOCCOCCO,strong,0.8095238095238095,0.9615384615384616,0,,0,0.0,0.7260989010989011,2,0.7260989010989011,562,2688
4517,2688,M04517,M02688,CCCCCCCCCCCCOCCOCCOCCOCCO,CCCCOCCOCCOCCOCCO,strong,0.8095238095238095,0.9615384615384616,0,,0,0.0,0.7260989010989011,2,0.7260989010989011,2688,4517
4517,2962,M04517,M02962,CCCCCCCCCCCCOCCOCCOCCOCCO,CCCCOCCOCCOCCO,strong,0.8095238095238095,0.9615384615384616,0,,0,0.0,0.7260989010989011,3,0.7260989010989011,2962,4517
1346,1314,M01346,M01314,Cc1ccc(OC2OC(C(=O)O)C(O)C(O)C2O)cc1,O=C(O)C=Cc1ccc(OC2OC(C(=O)O)C(O)C(O)C2O)cc1,medium,0.6666666666666666,0.896551724137931,1,c1ccc(OC2CCCCO2)cc1,22,0.6788243374826469,0.7259615816568799,2,0.7259615816568799,1314,1346
4096,2317,M04096,M02317,Cc1cc2c(OCC(O)CNC(C)C)cccc2[nH]1,CC(C)NCC(O)COc1cccc2[nH]ccc12,medium,0.6666666666666666,0.9772727272727273,1,c1ccc2[nH]ccc2c1,63,0.5442457568182516,0.7259550453409195,1,0.7259550453409195,2317,4096
1091,1019,M01091,M01019,CC(=O)NC(Cc1cnc[nH]1)C(=O)O,CC(=O)NCCC(=O)NC(Cc1cnc[nH]1)C(=O)O,medium,0.7209302325581395,0.7872340425531915,1,c1c[nH]cn1,29,0.6438836066809098,0.7259491911753181,1,0.7259491911753181,1019,1091
4634,1045,M04634,M01045,Cc1cn(C2CC(N=[N+]=[N-])C(CO)O2)c(=O)[nH]c1=O,Cc1cn(C2CC(O)C(CO)O2)c(=O)[nH]c1=O,medium,0.6666666666666666,0.8382352941176471,1,O=c1ccn(C2CCCO2)c(=O)[nH]1,10,0.7758207207981391,0.7259319316491326,1,0.7259319316491326,1045,4634
3713,2147,M03713,M02147,CN(C)S(=O)(=O)N(SC(F)(Cl)Cl)c1ccccc1,Cc1ccc(N(SC(F)(Cl)Cl)S(=O)(=O)N(C)C)cc1,medium,0.75,0.9767441860465116,1,c1ccccc1,802,0.21161295934610674,0.7259279904135438,1,0.7259279904135438,2147,3713
971,1011,M00971,M01011,O=c1[nH]cnc2c1ncn2C1CC(O)C(CO)O1,O=c1[nH]cnc2c1ncn2C1OC(CO)C(O)C1O,medium,0.6470588235294118,0.9193548387096774,1,O=c1[nH]cnc2c1ncn2C1CCCO1,16,0.7185751418868361,0.7258602750780918,2,0.7258602750780918,971,1011
1461,82,M01461,M00082,O=C([O-])Cc1c[nH]c2ccccc12,O=C(O)Cc1c[nH]c2ccccc12,medium,0.71875,0.8518518518518519,1,c1ccc2[nH]ccc2c1,63,0.5442457568182516,0.7258498264857006,1,0.7258498264857006,82,1461
2773,2748,M02773,M02748,CON(C)C(O)=Nc1ccc(Br)c(Cl)c1,CON(C)C(O)=Nc1ccc(Cl)c(Cl)c1,medium,0.75,0.975609756097561,1,c1ccccc1,802,0.21161295934610674,0.7256443829263062,1,0.7256443829263062,2748,2773
1428,1427,M01428,M01427,Nc1ncnc2c1ncn2C1CC(O)C(COP(=O)(O)O)O1,Nc1ncnc2c1ncn2C1CC(O)C(CO)O1,medium,0.7115384615384616,0.8,1,c1ncc2ncn(C3CCCO3)c2n1,26,0.6577388176437765,0.7255838995696434,2,0.7255838995696434,1427,1428
1722,1011,M01722,M01011,Cn1cnc2c(ncn2C2OC(CO)C(O)C2O)c1=O,O=c1[nH]cnc2c1ncn2C1OC(CO)C(O)C1O,medium,0.64,0.9344262295081968,1,O=c1[nH]cnc2c1ncn2C1CCCO1,16,0.7185751418868361,0.7253928286600746,2,0.7253928286600746,1011,1722
2803,4516,M02803,M04516,O=S(=O)(c1ccc(Cl)cc1)c1ccc(Cl)cc1,O=S(=O)(c1ccc(Cl)cc1)c1cc(Cl)c(Cl)cc1Cl,medium,0.6,0.9333333333333333,1,O=S(=O)(c1ccccc1)c1ccccc1,4,0.8795051323147839,0.7252591031805509,1,0.7252591031805509,2803,4516
4513,4857,M04513,M04857,CC12CCC(=O)C=C1CCC1C2CCC2(C)C1CCC2(C)O,CC12CCC(=O)C=C1CCC1C2CCC2(C)C(O)CCC12,medium,0.6382978723404256,0.9714285714285714,1,O=C1C=C2CCC3C4CCCC4CCC3C2CC1,25,0.6627017793637848,0.725241133165966,2,0.725241133165966,4513,4857
1510,2133,M01510,M02133,CC(C=CC1=C(C)CCCC1(C)C)=CC=CC(C)=CCO,CC(C=CC1=C(C)CCCC1(C)C)=CC=CC(C)=CC(=O)O,medium,0.6956521739130435,0.75,1,C1=CCCCC1,8,0.802209494641301,0.7252227285440213,1,0.7252227285440213,1510,2133
1896,382,M01896,M00382,Cc1ncc(C[n+]2csc(CCOP(=O)([O-])O)c2C)c(N)n1,Cc1ncc(C[n+]2csc(CCO)c2C)c(N)n1,medium,0.6666666666666666,0.7727272727272727,1,c1ncc(C[n+]2ccsc2)cn1,4,0.8795051323147839,0.7251075880290357,1,0.7251075880290357,382,1896
1765,1537,M01765,M01537,CCCCCCCCCCCCCCCC(=O)OC(CO)COP(=O)([O-])OCC[N+](C)(C)C,CCCCCCCCCC(=O)OCC(COP(=O)([O-])OCC[N+](C)(C)C)OC(=O)CCCCCCCCC,strong,0.8163265306122449,0.9411764705882353,0,,0,0.0,0.7250900360144057,3,0.7250900360144057,1537,1765
1764,1537,M01764,M01537,CCCCCCCCCCCCCC(=O)OC(CO)COP(=O)([O-])OCC[N+](C)(C)C,CCCCCCCCCC(=O)OCC(COP(=O)([O-])OCC[N+](C)(C)C)OC(=O)CCCCCCCCC,strong,0.8163265306122449,0.9411764705882353,0,,0,0.0,0.7250900360144057,3,0.7250900360144057,1537,1764
1766,1537,M01766,M01537,CCCCCCCCCCCCCCCCCC(=O)OC(CO)COP(=O)([O-])OCC[N+](C)(C)C,CCCCCCCCCC(=O)OCC(COP(=O)([O-])OCC[N+](C)(C)C)OC(=O)CCCCCCCCC,strong,0.8163265306122449,0.9411764705882353,0,,0,0.0,0.7250900360144057,3,0.7250900360144057,1537,1766
4316,830,M04316,M00830,CNc1nc(C)c(C)c(OC(=O)N(C)C)n1,Cc1nc(N(C)C)nc(OC(=O)N(C)C)c1C,medium,0.6216216216216216,0.9772727272727273,1,c1cncnc1,16,0.7185751418868361,0.7250774260741802,1,0.7250774260741802,830,4316
3983,3974,M03983,M03974,CC(O)CCCn1cc(C(=O)c2cccc3ccccc23)c2ccccc21,CCCCCn1cc(C(=O)c2cccc3ccccc23)c2ccccc21,medium,0.7291666666666666,0.7857142857142857,1,O=C(c1cccc2ccccc12)c1c[nH]c2ccccc12,39,0.6060525864057348,0.7248364593894316,2,0.7248364593894316,3974,3983
415,526,M00415,M00526,Nc1ncnc2c1ncn2C1OC(CO)C(OP(=O)(O)O)C1O,Nc1ncnc2c1ncn2C1OC(CO)C(O)C1O,medium,0.7058823529411765,0.8088235294117647,1,c1ncc2ncn(C3CCCO3)c2n1,26,0.6577388176437765,0.7243961167642136,2,0.7243961167642136,415,526
4356,3966,M04356,M03966,CN(C)CCCN1c2ccccc2Sc2cccnc21,CC(CN1c2ccccc2Sc2cccnc21)N(C)C,medium,0.6170212765957447,0.8478260869565217,1,c1ccc2c(c1)Nc1ncccc1S2,2,0.9466801716388252,0.7241713134424009,1,0.7241713134424009,3966,4356
1240,1118,M01240,M01118,COc1c2ccoc2cc2oc(=O)ccc12,O=c1ccc2c(O)c3ccoc3cc2o1,medium,0.6388888888888888,0.8620689655172413,1,O=c1ccc2cc3ccoc3cc2o1,6,0.8352580650673657,0.7241392844727484,1,0.7241392844727484,1118,1240
1844,2092,M01844,M02092,CC(CC(=O)O)C1CCC2C3C(O)CC4CC(O)CCC4(C)C3CC(O)C12C,CC(CCC(=O)O)C1CCC2C3C(O)CC4CCCCC4(C)C3CC(O)C12C,medium,0.6333333333333333,1.0,1,C1CCC2C(C1)CCC1C3CCCC3CCC21,33,0.6274242932504864,0.7241136439875728,2,0.7241136439875728,1844,2092
67,517,M00067,M00517,O=C(O)C1CCCN1,O=C(O)C1CCCCN1,strong,0.8571428571428571,0.8387096774193549,0,,0,0.0,0.723963133640553,1,0.723963133640553,67,517
717,702,M00717,M00702,CN(C)C(=O)Nc1ccc(Cl)c(Cl)c1,Cc1ccc(NC(=O)N(C)C)cc1Cl,medium,0.75,0.96875,1,c1ccccc1,802,0.21161295934610674,0.7239294439019159,1,0.7239294439019159,702,717
4066,4072,M04066,M04072,CC(N)Cc1ccc2c(c1)OCO2,CNC(C)Cc1ccc2c(c1)OCO2,medium,0.6571428571428571,0.8823529411764706,1,c1ccc2c(c1)OCO2,15,0.7265474540909509,0.7238560676934745,2,0.7238560676934745,4066,4072
3345,3328,M03345,M03328,COC(=O)C(NC(=O)c1nn(CCCCCF)c2ccccc12)C(C)(C)C,CC(C)C(NC(=O)c1nn(CCCCCF)c2ccccc12)C(N)=O,medium,0.6666666666666666,0.8135593220338984,1,c1ccc2[nH]ncc2c1,8,0.802209494641301,0.7237212547046697,2,0.7237212547046697,3328,3345
1553,1893,M01553,M01893,Nc1ccn(C2OC(COP(=O)(O)OP(=O)(O)OP(=O)(O)O)C(O)C2O)c(=O)n1,C[N+](C)(C)CCOP(=O)([O-])OP(=O)(O)OCC1OC(n2ccc(N)nc2=O)C(O)C1O,medium,0.6923076923076923,0.7951807228915663,1,O=c1ncccn1C1CCCO1,15,0.7265474540909509,0.7231619142211496,2,0.7231619142211496,1553,1893
2397,2405,M02397,M02405,O=C(Nc1ccccc1)Nc1ccccc1Cl,O=C(Nc1ccccc1)Nc1ccccc1,medium,0.6538461538461539,0.7777777777777778,1,O=C(Nc1ccccc1)Nc1ccccc1,3,0.9088491513636503,0.7230795094566843,1,0.7230795094566843,2397,2405
3557,4561,M03557,M04561,CCCCNC(=O)NS(=O)(=O)c1ccc(N)cc1,CCCCNC(=O)NS(=O)(=O)c1ccc(C)cc1,medium,0.7631578947368421,0.9333333333333333,1,c1ccccc1,802,0.21161295934610674,0.7229700140773545,1,0.7229700140773545,3557,4561
408,378,M00408,M00378,CC(CCC(=O)NCCOS(=O)(=O)O)C1CCC2C3C(O)CC4CC(O)CCC4(C)C3CCC12C,CC(CCC(=O)NCCS(=O)(=O)O)C1CCC2C3C(O)CC4CC(O)CCC4(C)C3CC(O)C12C,medium,0.6666666666666666,0.9142857142857143,1,C1CCC2C(C1)CCC1C3CCCC3CCC21,33,0.6274242932504864,0.7226850725590015,2,0.7226850725590015,378,408
1735,1505,M01735,M01505,CC(C)CCCC(C)C1CCC2C3CC=C4CC(OS(=O)(=O)O)CCC4(C)C3CCC12C,CC(=O)C1CCC2C3CC=C4CC(OS(=O)(=O)O)CCC4(C)C3CCC12C,medium,0.6307692307692307,0.9454545454545454,1,C1=C2CCCCC2C2CCC3CCCC3C2C1,16,0.7185751418868361,0.7226114461082003,1,0.7226114461082003,1505,1735
554,1240,M00554,M01240,COc1c2ccoc2c(OC)c2oc(=O)ccc12,COc1c2ccoc2cc2oc(=O)ccc12,medium,0.6052631578947368,0.9333333333333333,1,O=c1ccc2cc3ccoc3cc2o1,6,0.8352580650673657,0.7217799378302803,2,0.7217799378302803,554,1240
4082,3715,M04082,M03715,COC(=O)C(C)Oc1ccc(Cl)cc1C,COC(=O)C(C)Oc1ccc(Cl)cc1Cl,medium,0.75,0.96,1,c1ccccc1,802,0.21161295934610674,0.7217419439019159,1,0.7217419439019159,3715,4082
1290,1291,M01290,M01291,Cc1ccc(OS(=O)(=O)O)c(O)c1,Cc1ccc(O)c(OS(=O)(=O)O)c1,medium,0.7333333333333333,1.0,1,c1ccccc1,802,0.21161295934610674,0.7217419439019159,1,0.7217419439019159,1290,1291
2661,2334,M02661,M02334,Nc1cccc2c(N)cccc12,Nc1cccc2ccccc12,medium,0.6666666666666666,0.875,1,c1ccc2ccccc2c1,21,0.6846698721617894,0.7214504808242683,1,0.7214504808242683,2334,2661
2589,2749,M02589,M02749,O=C(Nc1ccccc1)NC1CCCCC1,CC1CCCCC1NC(=O)Nc1ccccc1,medium,0.6216216216216216,0.8484848484848485,1,O=C(Nc1ccccc1)NC1CCCCC1,3,0.9088491513636503,0.7214215577987326,1,0.7214215577987326,2589,2749
3327,3351,M03327,M03351,CC(C)C(NC(=O)c1nn(CCCCCCl)c2ccccc12)C(N)=O,CC(C)(C)C(NC(=O)c1nn(CCCCCF)c2ccccc12)C(N)=O,medium,0.6229508196721312,0.9090909090909091,1,c1ccc2[nH]ncc2c1,8,0.802209494641301,0.7213746432722011,1,0.7213746432722011,3327,3351
549,1314,M00549,M01314,O=C(O)C=Cc1ccc(OC2OC(CO)C(O)C(O)C2O)cc1,O=C(O)C=Cc1ccc(OC2OC(C(=O)O)C(O)C(O)C2O)cc1,medium,0.7111111111111111,0.7714285714285715,1,c1ccc(OC2CCCCO2)cc1,22,0.6788243374826469,0.7213474601462067,2,0.7213474601462067,549,1314
4346,4344,M04346,M04344,CCC(=O)c1ccc2c(c1)N(CCCN(C)C)c1ccccc1S2,CN(C)CCCN1c2ccccc2Sc2ccccc21,medium,0.6590909090909091,0.8723404255319149,1,c1ccc2c(c1)Nc1ccccc1S2,16,0.7185751418868361,0.7213259231205497,2,0.7213259231205497,4344,4346
1849,496,M01849,M00496,CC(CCC(=O)NCC(=O)O)C1CCC2C3CCC4CC(OS(=O)(=O)O)CCC4(C)C3CCC12C,CC(CCC(=O)NCC(=O)O)C1CCC2C3CCC4CC(O)CCC4(C)C3CCC12C,medium,0.734375,0.746268656716418,1,C1CCC2C(C1)CCC1C3CCCC3CCC21,33,0.6274242932504864,0.7213058081666774,2,0.7213058081666774,496,1849
780,2292,M00780,M02292,Cc1cccc(C)c1N(Cn1cccn1)C(=O)CS(=O)(=O)O,Cc1cccc(C)c1N(Cn1cccn1)C(=O)CS(C)=O,medium,0.673469387755102,0.7777777777777778,1,c1ccc(NCn2cccn2)cc1,7,0.8176983027273006,0.7211808225066006,1,0.7211808225066006,780,2292
453,450,M00453,M00450,CCCCCC=CCC=CCC=CCC=CCCCC(=O)OC(COC(=O)CCCCCCCCCCCCCCC)COP(=O)(O)OCC[N+](C)(C)C,CCCCCC=CCC=CCC=CCC=CCCCC(=O)OC(COC(=O)CCCCCCCCCCCCC)COP(=O)([O-])OCC[N+](C)(C)C,strong,0.8166666666666667,0.9245283018867925,0,,0,0.0,0.7211320754716981,2,0.7211320754716981,450,453
453,454,M00453,M00454,CCCCCC=CCC=CCC=CCC=CCCCC(=O)OC(COC(=O)CCCCCCCCCCCCCCC)COP(=O)(O)OCC[N+](C)(C)C,CCCCCC=CCC=CCC=CCC=CCCCC(=O)OC(COC(=O)CCCCCC=CCCCCCCCC)COP(=O)([O-])OCC[N+](C)(C)C,strong,0.8166666666666667,0.9245283018867925,0,,0,0.0,0.7211320754716981,3,0.7211320754716981,453,454
3742,3334,M03742,M03334,CCCc1nn(C)c2c(=O)[nH]c(-c3cc(C(=O)CN4CCN(CC)C(=O)C4=O)ccc3OCC)nc12,CCCc1nn(C)c2c(=O)[nH]c(-c3cc(C(=O)CN4CCN(CC)CC4)ccc3OCC)nc12,strong,0.8028169014084507,0.9577464788732394,0,,0,0.0,0.7211267605633803,2,0.7211267605633803,3334,3742
2852,2230,M02852,M02230,CCNc1nc(=O)nc(NC(C)(C)C)[nH]1,CCNc1nc(=O)nc(NC(C)C)[nH]1,medium,0.6,0.9534883720930233,1,O=c1nc[nH]cn1,7,0.8176983027273006,0.7210268384323508,1,0.7210268384323508,2230,2852
1574,501,M01574,M00501,CCCCCCCCCCCCCCCC(=O)OCC(CO)OC(=O)CCCCCCCCCCCCCCC,CCCCCCCCCCCCCCCCCC(=O)OCC(COC(=O)CCCCCCCCCCCCCCCCC)OC(=O)CCCCCCCCCCCCCCCCC,strong,0.8387096774193549,0.8709677419354839,0,,0,0.0,0.7209677419354839,3,0.7209677419354839,501,1574
1761,501,M01761,M00501,CCCCCCCCCCCCCCCCCC(=O)OCC(CO)OC(=O)CCCCCCCCCCCCCCC,CCCCCCCCCCCCCCCCCC(=O)OCC(COC(=O)CCCCCCCCCCCCCCCCC)OC(=O)CCCCCCCCCCCCCCCCC,strong,0.8387096774193549,0.8709677419354839,0,,0,0.0,0.7209677419354839,3,0.7209677419354839,501,1761
1761,499,M01761,M00499,CCCCCCCCCCCCCCCCCC(=O)OCC(CO)OC(=O)CCCCCCCCCCCCCCC,CCCCCCCCCCCCCCCC(=O)OCC(COC(=O)CCCCCCCCCCCCCCC)OC(=O)CCCCCCCCCCCCCCC,strong,0.8387096774193549,0.8709677419354839,0,,0,0.0,0.7209677419354839,2,0.7209677419354839,499,1761
1574,499,M01574,M00499,CCCCCCCCCCCCCCCC(=O)OCC(CO)OC(=O)CCCCCCCCCCCCCCC,CCCCCCCCCCCCCCCC(=O)OCC(COC(=O)CCCCCCCCCCCCCCC)OC(=O)CCCCCCCCCCCCCCC,strong,0.8387096774193549,0.8709677419354839,0,,0,0.0,0.7209677419354839,2,0.7209677419354839,499,1574
3842,3673,M03842,M03673,CC1(C)C(C(=O)OC(C#N)c2cccc(Oc3ccccc3)c2)C1(C)C,CC1(C)C(C=C(Cl)Cl)C1C(=O)OC(C#N)c1cccc(Oc2ccccc2)c1,medium,0.6727272727272727,0.7878787878787878,1,O=C(OCc1cccc(Oc2ccccc2)c1)C1CC1,8,0.802209494641301,0.7209374848022557,2,0.7209374848022557,3673,3842
3817,4359,M03817,M04359,Cn1c(=O)c2c(ncn2CCO)n(C)c1=O,CC(O)Cn1cnc2c1c(=O)n(C)c(=O)n2C,medium,0.6666666666666666,0.8548387096774194,1,O=c1[nH]c(=O)c2[nH]cnc2[nH]1,17,0.7110586460049512,0.7203684743200974,2,0.7203684743200974,3817,4359
2097,2094,M02097,M02094,CCCCC[n+]1cccc(S(=O)(=O)[O-])c1,CC[n+]1cccc(S(=O)(=O)[O-])c1,medium,0.6764705882352942,0.86,1,c1cc[nH+]cc1,25,0.6627017793637848,0.7202876198457442,2,0.7202876198457442,2094,2097
998,1535,M00998,M01535,C[N+](C)(C)CCOP(=O)(O)OP(=O)([O-])OCC1OC(n2ccc(N)nc2=O)C(O)C1O,Nc1ccn(C2OC(COP(=O)(O)OP(=O)(O)O)C(O)C2O)c(=O)n1,medium,0.6875,0.7951807228915663,1,O=c1ncccn1C1CCCO1,15,0.7265474540909509,0.7202772988365342,2,0.7202772988365342,998,1535
303,34,M00303,M00034,CC1OC(Oc2c(-c3cc(O)c(O)c(O)c3)oc3cc(O)cc(O)c3c2=O)C(O)C(O)C1O,O=C(O)C1OC(Oc2c(-c3ccc(O)c(O)c3)oc3cc(O)cc(O)c3c2=O)C(O)C(O)C1O,medium,0.6190476190476191,0.9411764705882353,1,O=c1c(OC2CCCCO2)c(-c2ccccc2)oc2ccccc12,12,0.7538526280001345,0.7198005832756504,1,0.7198005832756504,34,303
4569,3673,M04569,M03673,CC1(C)C(C(=O)OC(C#N)c2cccc(Oc3ccccc3)c2)C1C(Br)C(Br)(Br)Br,CC1(C)C(C=C(Cl)Cl)C1C(=O)OC(C#N)c1cccc(Oc2ccccc2)c1,medium,0.6557377049180327,0.8235294117647058,1,O=C(OCc1cccc(Oc2ccccc2)c1)C1CC1,8,0.802209494641301,0.7196564000881912,2,0.7196564000881912,3673,4569
1398,526,M01398,M00526,CC1OC(n2cnc3c(N)ncnc32)C(O)C1O,Nc1ncnc2c1ncn2C1OC(CO)C(O)C1O,medium,0.6888888888888889,0.8305084745762712,1,c1ncc2ncn(C3CCCO3)c2n1,26,0.6577388176437765,0.7196212746239676,1,0.7196212746239676,526,1398
902,4596,M00902,M04596,CC(CN(C)C)CN1c2ccccc2CCc2ccccc21,CNCC(C)CN1c2ccccc2CCc2ccccc21,medium,0.631578947368421,0.8717948717948718,1,c1ccc2c(c1)CCc1ccccc1N2,7,0.8176983027273006,0.7195508317788656,1,0.7195508317788656,902,4596
2922,2920,M02922,M02920,CCc1cccc(C)c1NC(=O)CCl,Cc1cccc(C)c1NC(=O)CCl,medium,0.7741935483870968,0.8928571428571429,1,c1ccccc1,802,0.21161295934610674,0.7194723586484597,1,0.7194723586484597,2920,2922
932,2441,M00932,M02441,CCOP(=S)(OCC)Oc1nc(Cl)c(Cl)cc1Cl,CCOP(=O)(OCC)Oc1nc(Cl)c(Cl)cc1Cl,medium,0.6756756756756757,0.8958333333333334,1,c1ccncc1,41,0.5996365394334917,0.7193092196537625,1,0.7193092196537625,932,2441
469,455,M00469,M00455,CCCCCC=CCC=CCCCCCCCC(=O)OCC(COP(=O)(O)OCC[N+](C)(C)C)OC(=O)CCCCCCCC=CCC=CCCCCC,CCCCCC=CCC=CCC=CCCCCC(=O)OCC(COP(=O)([O-])OCC[N+](C)(C)C)OC(=O)CCCCCCCCCCCCCCCCCCC,strong,0.8135593220338984,0.9245283018867925,0,,0,0.0,0.7192676686920372,3,0.7192676686920372,455,469
469,448,M00469,M00448,CCCCCC=CCC=CCCCCCCCC(=O)OCC(COP(=O)(O)OCC[N+](C)(C)C)OC(=O)CCCCCCCC=CCC=CCCCCC,CCCCCC=CCC=CCCCCCCCCCC(=O)OC(COC(=O)CCCCCCCCCCCCC)COP(=O)([O-])OCC[N+](C)(C)C,strong,0.8135593220338984,0.9245283018867925,0,,0,0.0,0.7192676686920372,2,0.7192676686920372,448,469
1203,1202,M01203,M01202,O=C1CCC(Cc2cc(O)cc(O)c2)O1,O=C1CCC(Cc2ccc(O)c(O)c2)O1,medium,0.6486486486486487,0.8181818181818182,1,O=C1CCC(Cc2ccccc2)O1,6,0.8352580650673657,0.7190233534947487,2,0.7190233534947487,1202,1203
2054,2067,M02054,M02067,CCC(C)C1OC2(C=CC1C)CC1CC(CC=C(C)C(OC3CC(OC)C(OC4CC(OC)C(O)C(C)O4)C(C)O3)C(C)C=CC=C3COC4C(O)C(C)=CC(C(=O)O1)C34O)O2,CCC(C)C1OC2(CCC1C)CC1CC(CC=C(C)C(OC3CC(OC)C(OC4CC(OC)C(O)C(C)O4)C(C)O3)C(C)C=CC=C3COC4C(O)C(C)=CC(C(=O)O1)C34O)O2,strong,0.8055555555555556,0.9423076923076923,0,,0,0.0,0.7189102564102564,3,0.7189102564102564,2054,2067
1588,1578,M01588,M01578,CCCCC(=O)[O-],CCCCCC(=O)[O-],strong,0.8333333333333334,0.875,0,,0,0.0,0.71875,1,0.71875,1578,1588
631,600,M00631,M00600,CCOC(=O)Nc1cccc(OC(=O)Nc2ccccc2)c1,COC(=O)Nc1cccc(OC(=O)Nc2cccc(C)c2)c1,medium,0.6190476190476191,0.8205128205128205,1,O=C(Nc1ccccc1)Oc1ccccc1,2,0.9466801716388252,0.7185588023026003,1,0.7185588023026003,600,631
2481,2212,M02481,M02212,CCNc1nc(O)nc(NC(C)CC)n1,CCNc1nc(O)nc(NCC)n1,medium,0.6785714285714286,0.8837209302325582,1,c1ncncn1,40,0.6028054368020348,0.718493905221302,2,0.718493905221302,2212,2481
929,4588,M00929,M04588,O=C(O)COc1nc(Cl)c(Cl)cc1Cl,COC(=O)COc1nc(Cl)c(Cl)cc1Cl,medium,0.6857142857142857,0.868421052631579,1,c1ccncc1,41,0.5996365394334917,0.7184793155014899,1,0.7184793155014899,929,4588
1808,1510,M01808,M01510,CC(C)=CCCC(C)=CC=CC(C)=CC=CC(C)=CC=CC=C(C)C=CC=C(C)C=CC1=C(C)CCCC1(C)C,CC(C=CC1=C(C)CCCC1(C)C)=CC=CC(C)=CCO,medium,0.68,0.76,1,C1=CCCCC1,8,0.802209494641301,0.7183314241961952,1,0.7183314241961952,1510,1808
4438,4437,M04438,M04437,NC1CCC(c2ccc(Cl)c(Cl)c2)c2ccccc21,CNC1CCC(c2ccc(Cl)c(Cl)c2)c2ccccc21,medium,0.625,0.8275862068965517,1,c1ccc(C2CCCc3ccccc32)cc1,3,0.9088491513636503,0.7182239244286854,1,0.7182239244286854,4437,4438
751,789,M00751,M00789,COc1ccc(C(CN(C)C)C2(O)CCCCC2)cc1,CNCC(c1ccc(OC)cc1)C1(O)CCCCC1,medium,0.6666666666666666,0.7906976744186046,1,c1ccc(CC2CCCCC2)cc1,8,0.802209494641301,0.7180058428008462,2,0.7180058428008462,751,789
2558,719,M02558,M00719,CNC(=O)Nc1ccc(C)c(Cl)c1,CNC(=O)Nc1ccc(Cl)c(Cl)c1,medium,0.7419354838709677,0.9642857142857143,1,c1ccccc1,802,0.21161295934610674,0.7179746627959251,1,0.7179746627959251,719,2558
132,154,M00132,M00154,O=c1cc(-c2ccccc2)oc2cc(O)c(O)c(O)c12,O=c1cc(-c2ccccc2)oc2cc(O)cc(O)c12,medium,0.6842105263157895,0.8620689655172413,1,O=c1cc(-c2ccccc2)oc2ccccc12,37,0.6127978022039184,0.7179632274993718,1,0.7179632274993718,132,154
1170,1165,M01170,M01165,C=C1C(=O)OC2C1CCC(C)=C1C(=O)C=C(CO)C12,C=C1C(=O)OC2C3C(CO)=CC(=O)C3=C(C)CC(O)C12,medium,0.6346153846153846,0.8205128205128205,1,C=C1C(=O)OC2C3C=CC(=O)C3=CCCC12,4,0.8795051323147839,0.7178232057446534,2,0.7178232057446534,1165,1170
2129,227,M02129,M00227,CCCCC(=O)O,CCCCCC(=O)O,strong,0.8235294117647058,0.8947368421052632,0,,0,0.0,0.7178018575851393,1,0.7178018575851393,227,2129
1832,1716,M01832,M01716,O=C(O)CC(Nc1ncnc2c1ncn2C1OC(CO)C(O)C1O)C(=O)O,CNc1ncnc2c1ncn2C1OC(CO)C(O)C1O,medium,0.6607142857142857,0.890625,1,c1ncc2ncn(C3CCCO3)c2n1,26,0.6577388176437765,0.7177456440751379,2,0.7177456440751379,1716,1832
1695,1022,M01695,M01022,CC(=O)NCCCNCCCCN,CC(=O)NCCCCN,strong,0.8333333333333334,0.8709677419354839,0,,0,0.0,0.717741935483871,2,0.717741935483871,1022,1695
2344,4203,M02344,M04203,COCCOC(=O)C1=C(C)NC(C)=C(C(=O)OC(C)C)C1c1cccc([N+](=O)[O-])c1,COC(=O)C1=C(C#N)NC(C)=C(C(=O)OC(C)C)C1c1cccc([N+](=O)[O-])c1,medium,0.6612903225806451,0.7903225806451613,1,C1=CC(c2ccccc2)C=CN1,7,0.8176983027273006,0.7170095841187724,2,0.7170095841187724,2344,4203
1712,1691,M01712,M01691,CCCC(=O)OC(CC(=O)[O-])C[N+](C)(C)C,CCCCCC(=O)OC(CC(=O)[O-])C[N+](C)(C)C,strong,0.8,0.9473684210526315,0,,0,0.0,0.7168421052631578,2,0.7168421052631578,1691,1712
2833,562,M02833,M00562,CCCCOCCOCCO,CCCCCCCCCCCCOCCOCCOCCOCCOCCO,strong,0.8095238095238095,0.9230769230769231,0,,0,0.0,0.7164835164835165,3,0.7164835164835165,562,2833
813,751,M00813,M00751,COc1ccc(C(CN)C2(O)CCCCC2)cc1,COc1ccc(C(CN(C)C)C2(O)CCCCC2)cc1,medium,0.7,0.7045454545454546,1,c1ccc(CC2CCCCC2)cc1,8,0.802209494641301,0.7164677878325588,2,0.7164677878325588,751,813
2529,4203,M02529,M04203,CCOC(=O)C1=C(C)NC(C)=C(C(=O)OC)C1c1cccc([N+](=O)[O-])c1,COC(=O)C1=C(C#N)NC(C)=C(C(=O)OC(C)C)C1c1cccc([N+](=O)[O-])c1,medium,0.6333333333333333,0.8545454545454545,1,C1=CC(c2ccccc2)C=CN1,7,0.8176983027273006,0.7162911090454586,2,0.7162911090454586,2529,4203
395,1319,M00395,M01319,COc1cc(C(=O)O)ccc1O,COc1ccc(C(=O)O)cc1O,medium,0.7241379310344828,1.0,1,c1ccccc1,802,0.21161295934610674,0.7162247025226056,1,0.7162247025226056,395,1319
303,245,M00303,M00245,CC1OC(Oc2c(-c3cc(O)c(O)c(O)c3)oc3cc(O)cc(O)c3c2=O)C(O)C(O)C1O,O=C(O)C1OC(Oc2c(-c3ccc(O)cc3)oc3cc(O)cc(O)c3c2=O)C(O)C(O)C1O,medium,0.6129032258064516,0.9411764705882353,1,O=c1c(OC2CCCCO2)c(-c2ccccc2)oc2ccccc12,12,0.7538526280001345,0.7161139473309499,2,0.7161139473309499,245,303
15,33,M00015,M00033,COc1cc(-c2oc3cc(O)cc(O)c3c(=O)c2OC2OC(CO)C(O)C(O)C2O)ccc1O,O=c1c(OC2OC(CO)C(O)C(O)C2O)c(-c2ccc(OC3OC(CO)C(O)C(O)C3O)c(O)c2)oc2cc(O)cc(O)c12,strong,0.8064516129032258,0.9285714285714286,0,,0,0.0,0.7160138248847926,3,0.7160138248847926,15,33
3447,4063,M03447,M04063,CCC(N)Cc1ccc2c(c1)OCO2,CCC(Cc1ccc2c(c1)OCO2)NC,medium,0.631578947368421,0.9117647058823529,1,c1ccc2c(c1)OCO2,15,0.7265474540909509,0.7158706630052835,2,0.7158706630052835,3447,4063
817,814,M00817,M00814,N#Cc1nn(-c2c(Cl)cc(C(F)(F)F)cc2Cl)c(N)c1C(F)(F)F,N#Cc1nn(-c2c(Cl)cc(C(F)(F)F)cc2Cl)c(N)c1S(=O)C(F)(F)F,medium,0.6666666666666666,0.75,1,c1ccc(-n2cccn2)cc1,5,0.8555293230024756,0.7158293984503712,2,0.7158293984503712,814,817
728,2928,M00728,M02928,CCNc1nc(NC(C)(C)C)nc(SC)n1,CCNc1nc(S)nc(NC(C)(C)C)n1,medium,0.6363636363636364,0.9736842105263158,1,c1ncncn1,40,0.6028054368020348,0.7156600499700659,2,0.7156600499700659,728,2928
3582,4306,M03582,M04306,CN1CCN(C(c2ccccc2)c2ccc(Cl)cc2)CC1,Clc1ccc(C(c2ccccc2)N2CCNCC2)cc1,medium,0.6571428571428571,0.7948717948717948,1,c1ccc(C(c2ccccc2)N2CCNCC2)cc1,7,0.8176983027273006,0.7156584084127581,2,0.7156584084127581,3582,4306
739,667,M00739,M00667,CC(C)(Oc1ccc(C(=O)c2ccc(Cl)cc2)cc1)C(=O)O,CC(C)(Oc1ccc(Cl)cc1)C(=O)O,strong,0.8333333333333334,0.8620689655172413,0,,0,0.0,0.7155172413793103,1,0.7155172413793103,667,739
4594,2053,M04594,M02053,CNC(=O)Oc1cc(C)c(C)c(C)c1.CNC(=O)Oc1cc(C)cc(C)c1C,CNC(=O)Oc1cc(C)cc(C)c1C,strong,0.8709677419354839,0.7714285714285715,0,,0,0.0,0.7154377880184332,1,0.7154377880184332,2053,4594
2295,2921,M02295,M02921,Cc1cccc(C)c1N(Cn1cccn1)C(=O)CS(=O)CC(=O)O,Cc1cccc(C)c1N(Cn1cccn1)C(=O)CO,medium,0.6875,0.7205882352941176,1,c1ccc(NCn2cccn2)cc1,7,0.8176983027273006,0.7153018042326245,2,0.7153018042326245,2295,2921
3111,377,M03111,M00377,COc1c(O)cc(-c2oc3cc(O)cc(O)c3c(=O)c2OC2OC(C)C(O)C(O)C2O)cc1O,COc1cc(-c2oc3cc(O)cc(O)c3c(=O)c2OC2OC(CO)C(O)C(O)C2O)cc(OC)c1O,medium,0.65625,0.8333333333333334,1,O=c1c(OC2CCCCO2)c(-c2ccccc2)oc2ccccc12,12,0.7538526280001345,0.7151612275333534,2,0.7151612275333534,377,3111
933,932,M00933,M00932,COP(=S)(OC)Oc1nc(Cl)c(Cl)cc1Cl,CCOP(=S)(OCC)Oc1nc(Cl)c(Cl)cc1Cl,medium,0.6857142857142857,0.8541666666666666,1,c1ccncc1,41,0.5996365394334917,0.7149157190102619,1,0.7149157190102619,932,933
2813,823,M02813,M00823,NC(=O)N1c2ccccc2CC(O)c2ccccc21,NC(=O)N1c2ccccc2C(O)C(O)c2ccccc21,medium,0.6285714285714286,0.8604651162790697,1,c1ccc2c(c1)CCc1ccccc1N2,7,0.8176983027273006,0.7149138816217196,1,0.7149138816217196,823,2813
2516,4262,M02516,M04262,Nc1nc2c(ncn2COCCO)c(=O)[nH]1,Nc1nc2c(ncn2CCC(CO)CO)c(=O)[nH]1,medium,0.6170212765957447,0.8507462686567164,1,O=c1[nH]cnc2[nH]cnc12,4,0.8795051323147839,0.7148251029688435,1,0.7148251029688435,2516,4262
1462,193,M01462,M00193,COC(=O)Cc1c[nH]c2ccccc12,CCOC(=O)Cc1c[nH]c2ccccc12,medium,0.7297297297297297,0.78125,1,c1ccc2[nH]ccc2c1,63,0.5442457568182516,0.7147872013605755,1,0.7147872013605755,193,1462
786,4127,M00786,M04127,Cc1c(N)c(=O)n(-c2ccccc2)n1C,CNc1c(C)n(C)n(-c2ccccc2)c1=O,medium,0.6,0.9534883720930233,1,O=c1cc[nH]n1-c1ccccc1,10,0.7758207207981391,0.7147452011429767,1,0.7147452011429767,786,4127
1168,1164,M01168,M01164,CC1=C2C(=O)C=C(CO)C2C2OC(=O)C(C)C2CC1,CC1=C2C(=O)C=C(CO)C2C2OC(=O)C(C)C2C(O)C1,medium,0.6274509803921569,0.825,1,O=C1CC2CCC=C3C(=O)C=CC3C2O1,4,0.8795051323147839,0.7146463580825118,2,0.7146463580825118,1164,1168
4245,4246,M04245,M04246,COc1ccc2c3c1OC1C(=O)CCC4(O)C(C2)N(C)CCC314,COc1ccc2c3c1OC1C(=O)CCC4(O)C(C2)NCCC314,medium,0.6557377049180327,0.7833333333333333,1,O=C1CCC2C3Cc4cccc5c4C2(CCN3)C1O5,6,0.8352580650673657,0.7145646660442578,2,0.7145646660442578,4245,4246
3827,3502,M03827,M03502,COP(=S)(OC)Oc1cc(Cl)c(Cl)cc1Cl,COP(=S)(OC)Oc1cc(Cl)c(Br)cc1Cl,medium,0.7333333333333333,0.9705882352941176,1,c1ccccc1,802,0.21161295934610674,0.7143890027254454,1,0.7143890027254454,3502,3827
3954,3827,M03954,M03827,COP(=S)(OC)Oc1cc(Cl)c(I)cc1Cl,COP(=S)(OC)Oc1cc(Cl)c(Cl)cc1Cl,medium,0.7333333333333333,0.9705882352941176,1,c1ccccc1,802,0.21161295934610674,0.7143890027254454,1,0.7143890027254454,3827,3954
1870,1691,M01870,M01691,C[N+](C)(C)CC(CC(=O)[O-])OC(=O)CCCCC(=O)[O-].[H+],CCCCCC(=O)OC(CC(=O)[O-])C[N+](C)(C)C,strong,0.8055555555555556,0.9230769230769231,0,,0,0.0,0.7141025641025641,1,0.7141025641025641,1691,1870
3975,3972,M03975,M03972,CCCCCC(C)n1c(C)c(C(=O)c2cccc3ccccc23)c2ccccc21,CCCCCn1c(C)c(C(=O)c2cccc3ccccc23)c2ccccc21,medium,0.6538461538461539,0.9230769230769231,1,O=C(c1cccc2ccccc12)c1c[nH]c2ccccc12,39,0.6060525864057348,0.7139848110377833,1,0.7139848110377833,3972,3975
3168,3171,M03168,M03171,COc1ccc(-c2oc3cc(O)c(OC)c(O)c3c(=O)c2OC)cc1,COc1cc(-c2oc3cc(OC)c(OC)c(O)c3c(=O)c2OC)ccc1O,medium,0.6326530612244898,0.9696969696969697,1,O=c1cc(-c2ccccc2)oc2ccccc12,37,0.6127978022039184,0.7139357494895241,2,0.7139357494895241,3168,3171
3172,3168,M03172,M03168,COc1ccc(-c2oc3cc(OC)c(OC)c(O)c3c(=O)c2OC)cc1O,COc1ccc(-c2oc3cc(O)c(OC)c(O)c3c(=O)c2OC)cc1,medium,0.6326530612244898,0.9696969696969697,1,O=c1cc(-c2ccccc2)oc2ccccc12,37,0.6127978022039184,0.7139357494895241,1,0.7139357494895241,3168,3172
4139,662,M04139,M00662,O=[N+]([O-])c1cnc(CO)n1CCO,Cc1ncc([N+](=O)[O-])n1CCO,medium,0.6666666666666666,0.8688524590163934,1,c1c[nH]cn1,29,0.6438836066809098,0.7137956557562348,1,0.7137956557562348,662,4139
767,695,M00767,M00695,CCNc1nc(Cl)nc(NC(C)CC)n1,CCNc1nc(Cl)nc(NCC)n1,medium,0.6785714285714286,0.8648648648648649,1,c1ncncn1,40,0.6028054368020348,0.7137798888793786,2,0.7137798888793786,695,767
4448,4450,M04448,M04450,CCCc1nn(C)c2c(=O)[nH]c(-c3cc(S(=O)(=O)N4CCN(Cc5ccccc5)CC4)ccc3OCC)nc12,CCCc1nn(C)c2c(=O)[nH]c(-c3cc(S(=O)(=O)N4CCN(CCO)CC4)ccc3OCC)nc12,strong,0.8,0.9340659340659341,0,,0,0.0,0.7135164835164836,3,0.7135164835164836,4448,4450
3331,3330,M03331,M03330,CC(=O)c1ccc2c(c1)N(CC(C)N(C)C)c1ccccc1S2,CC(=O)c1ccc2c(c1)N(CCCN(C)C)c1ccccc1S2,medium,0.6470588235294118,0.8695652173913043,1,c1ccc2c(c1)Nc1ccccc1S2,16,0.7185751418868361,0.7134128697484986,2,0.7134128697484986,3330,3331
6,12,M00006,M00012,O=C(C=Cc1ccc(O)c(O)c1)OC(C(=O)O)C(O)C(=O)O,COc1cc(C=CC(=O)OC(C(=O)O)C(O)C(=O)O)ccc1O,medium,0.75,0.9259259259259259,1,c1ccccc1,802,0.21161295934610674,0.7132234253833974,1,0.7132234253833974,6,12
352,38,M00352,M00038,CC1OC(Oc2c(-c3ccc(O)c(O)c3)oc3cc(O)cc(O)c3c2=O)C(O)C(O)C1O,CC1OC(OCC2OC(Oc3c(-c4ccc(O)c(O)c4)oc4cc(O)cc(O)c4c3=O)C(O)C(O)C2O)C(O)C(O)C1O,strong,0.8360655737704918,0.8461538461538461,0,,0,0.0,0.7131778058007566,2,0.7131778058007566,38,352
4005,3991,M04005,M03991,CCCc1ccc(C(=O)c2cn(CCC)c3ccccc23)c2ccccc12,CCCCn1cc(C(=O)c2ccc(C)c3ccccc23)c2ccccc21,medium,0.6326530612244898,0.9705882352941176,1,O=C(c1cccc2ccccc12)c1c[nH]c2ccccc12,39,0.6060525864057348,0.7131467835190836,2,0.7131467835190836,3991,4005
3652,3653,M03652,M03653,CCCCCCCC(C)(C)c1ccc(C2CCCC(O)C2)c(O)c1,CCCCCCC(C)(C)c1ccc(C2CC(O)CCC2CCCO)c(O)c1,medium,0.6206896551724138,0.8974358974358975,1,c1ccc(C2CCCCC2)cc1,10,0.7758207207981391,0.7131458755821436,1,0.7131458755821436,3652,3653
3653,3651,M03653,M03651,CCCCCCC(C)(C)c1ccc(C2CC(O)CCC2CCCO)c(O)c1,CCCCCCC(C)(C)c1ccc(C2CCCC(O)C2)c(O)c1,medium,0.6206896551724138,0.8974358974358975,1,c1ccc(C2CCCCC2)cc1,10,0.7758207207981391,0.7131458755821436,1,0.7131458755821436,3651,3653
1431,1645,M01431,M01645,Nc1ccn(C2CC(O)C(CO)O2)c(=O)n1,Nc1ccn(C2CC(O)C(COP(=O)(O)OP(=O)(O)O)O2)c(=O)n1,medium,0.660377358490566,0.8309859154929577,1,O=c1ncccn1C1CCCO1,15,0.7265474540909509,0.7129550120812217,2,0.7129550120812217,1431,1645
3929,862,M03929,M00862,CC(=O)Oc1ccc2c3c1OC1C(OC(C)=O)C=CC4C(C2)N(C)CCC341,COc1ccc2c3c1OC1C(O)C=CC4C(C2)N(C)CCC341,medium,0.625,0.8703703703703703,1,C1=CC2C3Cc4cccc5c4C2(CCN3)C(C1)O5,8,0.802209494641301,0.7129240167887877,1,0.7129240167887877,862,3929
3327,3384,M03327,M03384,CC(C)C(NC(=O)c1nn(CCCCCCl)c2ccccc12)C(N)=O,COC(=O)C(NC(=O)c1nn(CCCCCF)c2ccccc12)C(C)C,medium,0.65,0.8103448275862069,1,c1ccc2[nH]ncc2c1,8,0.802209494641301,0.7129176310927469,2,0.7129176310927469,3327,3384
3992,3972,M03992,M03972,CCCCn1c(O)c(C(=O)c2cccc3ccccc23)c2ccccc21,CCCCCn1c(C)c(C(=O)c2cccc3ccccc23)c2ccccc21,medium,0.7446808510638298,0.7,1,O=C(c1cccc2ccccc12)c1c[nH]c2ccccc12,39,0.6060525864057348,0.712716398599158,1,0.712716398599158,3972,3992
210,209,M00210,M00209,COc1ccc(-c2coc3cc(OC)cc(O)c3c2=O)cc1,O=c1c(-c2ccc(O)cc2)coc2cc(O)cc(O)c12,medium,0.6428571428571429,0.8064516129032258,1,O=c1c(-c2ccccc2)coc2ccccc12,6,0.8352580650673657,0.712615898700197,2,0.712615898700197,209,210
729,701,M00729,M00701,Cc1cc(Cl)ccc1OC(C)C(=O)O,CC(Oc1ccc(Cl)cc1Cl)C(=O)O,medium,0.7352941176470589,0.9583333333333334,1,c1ccccc1,802,0.21161295934610674,0.7125017478234846,1,0.7125017478234846,701,729
1258,357,M01258,M00357,CC1OC(Oc2cc(O)c3c(=O)c(OC4OC(C)C(O)C(O)C4O)c(-c4ccc(O)cc4)oc3c2)C(O)C(O)C1O,CC1OC(OCC2OC(Oc3c(-c4ccc(O)cc4)oc4cc(OC5OC(C)C(O)C(O)C5O)cc(O)c4c3=O)C(O)C(O)C2O)C(O)C(O)C1O,strong,0.8333333333333334,0.85,0,,0,0.0,0.7125,1,0.7125,357,1258
2810,790,M02810,M00790,Cc1c(C=O)c(=O)n(-c2ccccc2)n1C,Cc1c(NC=O)c(=O)n(-c2ccccc2)n1C,medium,0.6052631578947368,0.9318181818181818,1,O=c1cc[nH]n1-c1ccccc1,10,0.7758207207981391,0.7124855483111084,1,0.7124855483111084,790,2810
2444,2441,M02444,M02441,COP(=O)(OC)Oc1nc(Cl)c(Cl)cc1Cl,CCOP(=O)(OCC)Oc1nc(Cl)c(Cl)cc1Cl,medium,0.6857142857142857,0.8444444444444444,1,c1ccncc1,41,0.5996365394334917,0.7124851634547062,1,0.7124851634547062,2441,2444
362,11,M00362,M00011,COc1cc2ccc(=O)oc2cc1O,O=c1ccc2cc(O)c(O)cc2o1,medium,0.65625,0.8387096774193549,1,O=c1ccc2ccccc2o1,15,0.7265474540909509,0.7124095374684813,2,0.7124095374684813,11,362
3357,4239,M03357,M04239,CCCSc1ccc2nc(NC(=O)OC)[nH]c2c1,CCCOc1ccc2nc(NC(=O)OC)[nH]c2c1,medium,0.66,0.8,1,c1ccc2[nH]cnc2c1,10,0.7758207207981391,0.712373108119721,1,0.712373108119721,3357,4239
2417,2421,M02417,M02421,COc1ccc(NS(=O)(=O)c2ccc(N)cc2)nn1,Nc1ccc(S(=O)(=O)Nc2ccc(Cl)nn2)cc1,medium,0.6410256410256411,0.765625,1,O=S(=O)(Nc1cccnn1)c1ccccc1,3,0.9088491513636503,0.7123490073199321,2,0.7123490073199321,2417,2421
4614,4615,M04614,M04615,CCCc1nc(C)c2c(=O)[nH]c(-c3cc(S(=O)(=O)N4CCN(CCO)CC4)ccc3OCC)nn12,CCCc1nc(C)c2c(=O)[nH]c(-c3cc(S(=O)(=O)N4CCCCC4)ccc3OCC)nn12,strong,0.8028169014084507,0.9222222222222223,0,,0,0.0,0.7122456964006261,2,0.7122456964006261,4614,4615
3235,3204,M03235,M03204,CCN=C1NC(=NC(C)C)NC(SC)N1,CCN=C1NC(=NC(C)C)NC(Cl)N1,medium,0.6571428571428571,0.7692307692307693,1,N=C1NCNC(=N)N1,6,0.8352580650673657,0.7118821163535115,2,0.7118821163535115,3204,3235
829,3297,M00829,M03297,Cc1cc(Cl)ccc1OCCCC(=O)O,O=C(O)CCCOc1ccc(Cl)cc1Cl,medium,0.7428571428571429,0.9375,1,c1ccccc1,802,0.21161295934610674,0.7118312296162017,1,0.7118312296162017,829,3297
780,2295,M00780,M02295,Cc1cccc(C)c1N(Cn1cccn1)C(=O)CS(=O)(=O)O,Cc1cccc(C)c1N(Cn1cccn1)C(=O)CS(=O)CC(=O)O,medium,0.6346153846153846,0.8333333333333334,1,c1ccc(NCn2cccn2)cc1,7,0.8176983027273006,0.7117573095116592,2,0.7117573095116592,780,2295
1317,1194,M01317,M01194,COc1cc(CC(=O)O)ccc1OS(=O)(=O)O,COc1cc(CCC(=O)O)ccc1OS(=O)(=O)O,medium,0.7435897435897436,0.9347826086956522,1,c1ccccc1,802,0.21161295934610674,0.7115914422296752,1,0.7115914422296752,1194,1317
2244,2665,M02244,M02665,c1ccc(Nc2ccccc2)cc1,Nc1ccc(Nc2ccccc2)cc1,medium,0.6666666666666666,0.7857142857142857,1,c1ccc(Nc2ccccc2)cc1,11,0.7643784743661259,0.7110853425834903,1,0.7110853425834903,2244,2665
4659,4762,M04659,M04762,C#CC1(O)CCC2C3CCC4=CC(=O)CCC4C3CCC21CC,CCC1(O)CCC2C3CCC4=CC(=O)CCC4C3CCC21C,medium,0.6363636363636364,0.918918918918919,1,O=C1C=C2CCC3C4CCCC4CCC3C2CC1,25,0.6627017793637848,0.7109531784524793,2,0.7109531784524793,4659,4762
2185,2116,M02185,M02116,CCCCC(O)C(=O)O,CCCCCCCCCCCCCCC(O)C(=O)O,strong,0.8181818181818182,0.88,0,,0,0.0,0.7109090909090909,3,0.7109090909090909,2116,2185
2185,431,M02185,M00431,CCCCC(O)C(=O)O,CCCCCCCCCCCCCCCCC(O)C(=O)O,strong,0.8181818181818182,0.88,0,,0,0.0,0.7109090909090909,1,0.7109090909090909,431,2185
2185,2115,M02185,M02115,CCCCC(O)C(=O)O,CCCCCCCCCCCCC(O)C(=O)O,strong,0.8181818181818182,0.88,0,,0,0.0,0.7109090909090909,2,0.7109090909090909,2115,2185
4065,3300,M04065,M03300,COC(=O)COc1ccc(Cl)cc1C,COC(=O)COc1ccc(Cl)cc1Cl,medium,0.7428571428571429,0.9333333333333333,1,c1ccccc1,802,0.21161295934610674,0.7107895629495351,1,0.7107895629495351,3300,4065
1398,417,M01398,M00417,CC1OC(n2cnc3c(N)ncnc32)C(O)C1O,CSCC1OC(n2cnc3c(N)ncnc32)C(O)C1O,medium,0.6666666666666666,0.847457627118644,1,c1ncc2ncn(C3CCCO3)c2n1,26,0.6577388176437765,0.7105252294262275,2,0.7105252294262275,417,1398
1183,1188,M01183,M01188,COc1ccc(CCC(=O)O)cc1OC1OC(C(=O)O)C(O)C(O)C1O,COc1ccc(C(=O)O)cc1OC1OC(C(=O)O)C(O)C(O)C1O,medium,0.6666666666666666,0.8333333333333334,1,c1ccc(OC2CCCCO2)cc1,22,0.6788243374826469,0.7101569839557303,2,0.7101569839557303,1183,1188
3661,4035,M03661,M04035,CC(CN(C)C)CN1c2ccccc2Sc2ccc(C#N)cc21,COc1ccc2c(c1)N(CC(C)CN(C)C)c1ccccc1S2,medium,0.6666666666666666,0.8085106382978723,1,c1ccc2c(c1)Nc1ccccc1S2,16,0.7185751418868361,0.7099139308574934,2,0.7099139308574934,3661,4035
1461,238,M01461,M00238,O=C([O-])Cc1c[nH]c2ccccc12,O=C(O)C(=O)Cc1c[nH]c2ccccc12,medium,0.7272727272727273,0.7666666666666667,1,c1ccc2[nH]ccc2c1,63,0.5442457568182516,0.7096671665530407,2,0.7096671665530407,238,1461
694,2299,M00694,M02299,COCC(C)N(C(=O)CS(=O)(=O)O)c1c(C)csc1C,COCC(C)N(C(=O)CS(=O)CC(=O)O)c1c(C)csc1C,medium,0.6346153846153846,0.8333333333333334,1,c1ccsc1,8,0.802209494641301,0.7094339882987593,1,0.7094339882987593,694,2299
4700,3526,M04700,M03526,C=CCSCC1Nc2cc(Cl)c(S(N)(=O)=O)cc2S(=O)(=O)N1,CC(C)CC1Nc2cc(Cl)c(S(N)(=O)=O)cc2S(=O)(=O)N1,medium,0.6181818181818182,0.863013698630137,1,O=S1(=O)NCNc2ccccc21,7,0.8176983027273006,0.7093172609757202,1,0.7093172609757202,3526,4700
3699,3761,M03699,M03761,CCN(CC)CCc1c[nH]c2ccccc12,CN(C)CCc1c[nH]c2ccccc12,medium,0.7058823529411765,0.8157894736842105,1,c1ccc2[nH]ccc2c1,63,0.5442457568182516,0.7091136437084962,2,0.7091136437084962,3699,3761
686,684,M00686,M00684,CC(=O)Nc1ccc(S(=O)(=O)Nc2ncccn2)cc1,COc1cc(OC)nc(NS(=O)(=O)c2ccc(NC(C)=O)cc2)n1,medium,0.627906976744186,0.8387096774193549,1,O=S(=O)(Nc1ncccn1)c1ccccc1,7,0.8176983027273006,0.7090763508104454,2,0.7090763508104454,684,686
111,110,M00111,M00110,O=C(O)CC(Nc1ncnc2c1ncn2C1OC(COP(=O)(O)O)C(O)C1O)C(=O)O,Nc1ncnc2c1ncn2C1OC(COP(=O)(O)O)C(O)C1O,medium,0.640625,0.9027777777777778,1,c1ncc2ncn(C3CCCO3)c2n1,26,0.6577388176437765,0.708730267091011,2,0.708730267091011,110,111
2237,786,M02237,M00786,Cc1c(C(C)C)c(=O)n(-c2ccccc2)n1C,Cc1c(N)c(=O)n(-c2ccccc2)n1C,medium,0.6176470588235294,0.8863636363636364,1,O=c1cc[nH]n1-c1ccccc1,10,0.7758207207981391,0.7085522525047476,2,0.7085522525047476,786,2237
4520,3706,M04520,M03706,COCCOc1c(OC)cc(Cc2cnc(N)nc2N)cc1OC,COc1ccc(Cc2cnc(N)nc2N)cc1OC,medium,0.6444444444444445,0.7592592592592593,1,c1ccc(Cc2cncnc2)cc1,4,0.8795051323147839,0.7084072513286991,2,0.7084072513286991,3706,4520
3761,3749,M03761,M03749,CN(C)CCc1c[nH]c2ccccc12,CC(C)N(CCc1c[nH]c2ccccc12)C(C)C,medium,0.6857142857142857,0.8611111111111112,1,c1ccc2[nH]ccc2c1,63,0.5442457568182516,0.7083432127290868,2,0.7083432127290868,3749,3761
1907,82,M01907,M00082,O=C(O)CCCc1c[nH]c2ccccc12,O=C(O)Cc1c[nH]c2ccccc12,medium,0.6571428571428571,0.9285714285714286,1,c1ccc2[nH]ccc2c1,63,0.5442457568182516,0.7080654349513091,1,0.7080654349513091,82,1907
1257,1112,M01257,M01112,COc1ccc(CC(=O)O)cc1OC,COc1cc(CC(=O)O)ccc1O,medium,0.7419354838709677,0.9230769230769231,1,c1ccccc1,802,0.21161295934610674,0.7076724649937274,1,0.7076724649937274,1112,1257
1158,365,M01158,M00365,COc1cc(C=CC(=O)O)cc(OC)c1OC,COc1cc(C=CC(=O)O)cc(OC)c1O,medium,0.7419354838709677,0.9230769230769231,1,c1ccccc1,802,0.21161295934610674,0.7076724649937274,1,0.7076724649937274,365,1158
4334,3450,M04334,M03450,CCCC(C(=O)OCCN(CC)CC)(c1ccccc1)c1ccccc1,CCN(CC)CCOC(=O)C(O)(c1ccccc1)c1ccccc1,medium,0.6829268292682927,0.813953488372093,1,c1ccc(Cc2ccccc2)cc1,33,0.6274242932504864,0.7073581136415719,1,0.7073581136415719,3450,4334
3993,3974,M03993,M03974,CC(O)CCn1cc(C(=O)c2cccc3ccccc23)c2ccccc21,CCCCCn1cc(C(=O)c2cccc3ccccc23)c2ccccc21,medium,0.7021276595744681,0.7804878048780488,1,O=C(c1cccc2ccccc12)c1c[nH]c2ccccc12,39,0.6060525864057348,0.7073064349250533,2,0.7073064349250533,3974,3993
1111,1309,M01111,M01309,O=S(=O)(O)Oc1ccccc1O,O=S(=O)(O)Oc1cccc(O)c1O,medium,0.7307692307692307,0.9473684210526315,1,c1ccccc1,802,0.21161295934610674,0.7070455876266123,1,0.7070455876266123,1111,1309
1330,1148,M01330,M01148,O=C(O)C1OC(Oc2cc(O)c3c(=O)c(O)c(-c4ccc(O)c(O)c4)oc3c2)C(O)C(O)C1O,O=c1c(O)c(-c2ccc(O)cc2)oc2cc(OC3OC(CO)C(O)C(O)C3O)cc(O)c12,medium,0.625,0.8,1,O=c1cc(-c2ccccc2)oc2cc(OC3CCCCO3)ccc12,4,0.8795051323147839,0.7069257698472176,1,0.7069257698472176,1148,1330
1247,1251,M01247,M01251,CS(=O)CCCC(=NOS(=O)(=O)O)SC1OC(CO)C(O)C(O)C1O,C=CCCC(=NOS(=O)(=O)O)SC1OC(CO)C(O)C(O)C1O,medium,0.6545454545454545,0.8591549295774648,1,C1CCOCC1,25,0.6627017793637848,0.7069212720262066,1,0.7069212720262066,1247,1251
2601,2741,M02601,M02741,CC(C)CCOC(=O)c1ccccc1C(=O)OCCC(C)C,CC(C)CCCCCCOC(=O)c1ccccc1C(=O)OCCCCCCC(C)C,medium,0.75,0.9,1,c1ccccc1,802,0.21161295934610674,0.7067419439019159,2,0.7067419439019159,2601,2741
2740,2601,M02740,M02601,CC(C)CCCCCCCOC(=O)c1ccccc1C(=O)OCCCCCCCC(C)C,CC(C)CCOC(=O)c1ccccc1C(=O)OCCC(C)C,medium,0.75,0.9,1,c1ccccc1,802,0.21161295934610674,0.7067419439019159,1,0.7067419439019159,2601,2740
915,4218,M00915,M04218,O=C(NC(=O)c1c(F)cccc1F)Nc1cc(Cl)c(F)c(Cl)c1F,O=C(NC(=O)c1c(F)cccc1F)Nc1cc(Cl)c(OC(F)(F)C(F)C(F)(F)F)c(Cl)c1F,medium,0.6415094339622641,0.8048780487804879,1,O=C(NC(=O)c1ccccc1)Nc1ccccc1,8,0.802209494641301,0.7064565967686756,1,0.7064565967686756,915,4218
2265,1932,M02265,M01932,CCOP(=S)(NC(C)C)Oc1ccccc1C(=O)OC(C)C,COP(=S)(NC(C)C)Oc1ccccc1C(=O)OC(C)C,medium,0.7608695652173914,0.8723404255319149,1,c1ccccc1,802,0.21161295934610674,0.7063487894153295,1,0.7063487894153295,1932,2265
4702,3319,M04702,M03319,CC12CCC3C(CC(O)C4=CC(=O)CCC43C)C1CCC2=O,CC12CCC3C(CCC4=CC(=O)CCC43C)C1CCC2=O,medium,0.6,0.8571428571428571,1,O=C1C=C2CCC3C4CCC(=O)C4CCC3C2CC1,4,0.8795051323147839,0.7062114841329319,1,0.7062114841329319,3319,4702
791,812,M00791,M00812,CN(C)CC(c1ccc(O)cc1)C1(O)CCCCC1,CNCC(c1ccc(O)cc1)C1(O)CCCCC1,medium,0.6410256410256411,0.8048780487804879,1,c1ccc(CC2CCCCC2)cc1,8,0.802209494641301,0.7061663210067017,2,0.7061663210067017,791,812
2478,772,M02478,M00772,CC(C)NCC(O)COc1ccc(C(=O)O)cc1,CC(C)NCC(O)COc1ccc(CC(=O)O)cc1,medium,0.7073170731707317,1.0,1,c1ccccc1,802,0.21161295934610674,0.7061321878043549,1,0.7061321878043549,772,2478
2139,153,M02139,M00153,CC(CCC(=O)O)C1CCC2C3C(OS(=O)(=O)O)CC4CC(O)CCC4(C)C3CC(O)C12C,CC(CCC(=O)O)C1CCC2C3C(O)CC4CC(O)CCC4(C)C3CC(O)C12C,medium,0.7419354838709677,0.6666666666666666,1,C1CCC2C(C1)CCC1C3CCCC3CCC21,33,0.6274242932504864,0.7059416009768202,1,0.7059416009768202,153,2139
772,2477,M00772,M02477,CC(C)NCC(O)COc1ccc(CC(=O)O)cc1,CC(C)NCC(O)COc1ccc(COCC(=O)O)cc1,medium,0.7272727272727273,0.95,1,c1ccccc1,802,0.21161295934610674,0.7056055802655523,2,0.7056055802655523,772,2477
1684,502,M01684,M00502,CC(CC(=O)O)C1CCC2C3CCC4CC(O)CCC4(C)C3CC(O)C12C,CC(CCC(=O)O)C1CCC2C3CCC4CC(O)CCC4(C)C3CCC12C,medium,0.6140350877192983,0.9722222222222222,1,C1CCC2C(C1)CCC1C3CCCC3CCC21,33,0.6274242932504864,0.7055902521747074,2,0.7055902521747074,502,1684
4268,2866,M04268,M02866,CCCCCCn1c(=O)c2c(ncn2C)n(C)c1=O,Cn1cnc2c1c(=O)n(CCCC(=O)O)c(=O)n2C,medium,0.6744186046511628,0.7761194029850746,1,O=c1[nH]c(=O)c2[nH]cnc2[nH]1,17,0.7110586460049512,0.7053398104377089,2,0.7053398104377089,2866,4268
130,549,M00130,M00549,OCC1OC(Oc2ccc(O)cc2)C(O)C(O)C1O,O=C(O)C=Cc1ccc(OC2OC(CO)C(O)C(O)C2O)cc1,medium,0.6136363636363636,0.9411764705882353,1,c1ccc(OC2CCCCO2)cc1,22,0.6788243374826469,0.7052995864512741,2,0.7052995864512741,130,549
4618,751,M04618,M00751,COc1ccc(C(C[N+](C)(C)[O-])C2(O)CCCCC2)cc1,COc1ccc(C(CN(C)C)C2(O)CCCCC2)cc1,medium,0.6363636363636364,0.8125,1,c1ccc(CC2CCCCC2)cc1,8,0.802209494641301,0.705274606014377,1,0.705274606014377,751,4618
1711,1011,M01711,M01011,CN(C)c1nc2c(ncn2C2OC(CO)C(O)C2O)c(=O)[nH]1,O=c1[nH]cnc2c1ncn2C1OC(CO)C(O)C1O,medium,0.6296296296296297,0.8787878787878788,1,O=c1[nH]cnc2c1ncn2C1CCCO1,16,0.7185751418868361,0.7052610187577729,2,0.7052610187577729,1011,1711
2235,746,M02235,M00746,CCNc1nc(O)nc(NC(C)(C)C)n1,CCNc1nc(NC(C)(C)C)nc(OC)n1,medium,0.6363636363636364,0.9318181818181818,1,c1ncncn1,40,0.6028054368020348,0.7051935427930325,2,0.7051935427930325,746,2235
3339,3881,M03339,M03881,O=C(O)c1cc(Oc2ccc(C(F)(F)F)cc2Cl)ccc1[N+](=O)[O-],CCOC(=O)COC(=O)c1cc(Oc2ccc(C(F)(F)F)cc2Cl)ccc1[N+](=O)[O-],medium,0.6779661016949152,0.8070175438596491,1,c1ccc(Oc2ccccc2)cc1,29,0.6438836066809098,0.7051165879839979,2,0.7051165879839979,3339,3881
2606,2306,M02606,M02306,CCCCCOC(=O)c1ccccc1C(=O)OCCCCC,CCCOC(=O)c1ccccc1C(=O)OCCC,medium,0.75,0.8928571428571429,1,c1ccccc1,802,0.21161295934610674,0.7049562296162016,1,0.7049562296162016,2306,2606
646,772,M00646,M00772,CC(C)NCC(O)COc1ccc(CC(N)=O)cc1,CC(C)NCC(O)COc1ccc(CC(=O)O)cc1,medium,0.7804878048780488,0.8181818181818182,1,c1ccccc1,802,0.21161295934610674,0.7045800813741998,1,0.7045800813741998,646,772
2112,2094,M02112,M02094,CCCCCCCCCCCCCCCCCCCC[n+]1cccc(S(=O)(=O)[O-])c1,CC[n+]1cccc(S(=O)(=O)[O-])c1,medium,0.6571428571428571,0.8431372549019608,1,c1cc[nH+]cc1,25,0.6627017793637848,0.7044752949157722,2,0.7044752949157722,2094,2112
2111,2094,M02111,M02094,CCCCCCCCCCCCCCCCCCC[n+]1cccc(S(=O)(=O)[O-])c1,CC[n+]1cccc(S(=O)(=O)[O-])c1,medium,0.6571428571428571,0.8431372549019608,1,c1cc[nH+]cc1,25,0.6627017793637848,0.7044752949157722,2,0.7044752949157722,2094,2111
2103,2094,M02103,M02094,CCCCCCCCCCC[n+]1cccc(S(=O)(=O)[O-])c1,CC[n+]1cccc(S(=O)(=O)[O-])c1,medium,0.6571428571428571,0.8431372549019608,1,c1cc[nH+]cc1,25,0.6627017793637848,0.7044752949157722,2,0.7044752949157722,2094,2103
2101,2094,M02101,M02094,CCCCCCCCC[n+]1cccc(S(=O)(=O)[O-])c1,CC[n+]1cccc(S(=O)(=O)[O-])c1,medium,0.6571428571428571,0.8431372549019608,1,c1cc[nH+]cc1,25,0.6627017793637848,0.7044752949157722,2,0.7044752949157722,2094,2101
2109,2094,M02109,M02094,CCCCCCCCCCCCCCCCC[n+]1cccc(S(=O)(=O)[O-])c1,CC[n+]1cccc(S(=O)(=O)[O-])c1,medium,0.6571428571428571,0.8431372549019608,1,c1cc[nH+]cc1,25,0.6627017793637848,0.7044752949157722,2,0.7044752949157722,2094,2109
2099,2094,M02099,M02094,CCCCCCC[n+]1cccc(S(=O)(=O)[O-])c1,CC[n+]1cccc(S(=O)(=O)[O-])c1,medium,0.6571428571428571,0.8431372549019608,1,c1cc[nH+]cc1,25,0.6627017793637848,0.7044752949157722,2,0.7044752949157722,2094,2099
2102,2094,M02102,M02094,CCCCCCCCCC[n+]1cccc(S(=O)(=O)[O-])c1,CC[n+]1cccc(S(=O)(=O)[O-])c1,medium,0.6571428571428571,0.8431372549019608,1,c1cc[nH+]cc1,25,0.6627017793637848,0.7044752949157722,2,0.7044752949157722,2094,2102
2098,2094,M02098,M02094,CCCCCC[n+]1cccc(S(=O)(=O)[O-])c1,CC[n+]1cccc(S(=O)(=O)[O-])c1,medium,0.6571428571428571,0.8431372549019608,1,c1cc[nH+]cc1,25,0.6627017793637848,0.7044752949157722,2,0.7044752949157722,2094,2098
2110,2094,M02110,M02094,CCCCCCCCCCCCCCCCCC[n+]1cccc(S(=O)(=O)[O-])c1,CC[n+]1cccc(S(=O)(=O)[O-])c1,medium,0.6571428571428571,0.8431372549019608,1,c1cc[nH+]cc1,25,0.6627017793637848,0.7044752949157722,2,0.7044752949157722,2094,2110
2100,2094,M02100,M02094,CCCCCCCC[n+]1cccc(S(=O)(=O)[O-])c1,CC[n+]1cccc(S(=O)(=O)[O-])c1,medium,0.6571428571428571,0.8431372549019608,1,c1cc[nH+]cc1,25,0.6627017793637848,0.7044752949157722,2,0.7044752949157722,2094,2100
2105,2094,M02105,M02094,CCCCCCCCCCCCC[n+]1cccc(S(=O)(=O)[O-])c1,CC[n+]1cccc(S(=O)(=O)[O-])c1,medium,0.6571428571428571,0.8431372549019608,1,c1cc[nH+]cc1,25,0.6627017793637848,0.7044752949157722,2,0.7044752949157722,2094,2105
2108,2094,M02108,M02094,CCCCCCCCCCCCCCCC[n+]1cccc(S(=O)(=O)[O-])c1,CC[n+]1cccc(S(=O)(=O)[O-])c1,medium,0.6571428571428571,0.8431372549019608,1,c1cc[nH+]cc1,25,0.6627017793637848,0.7044752949157722,2,0.7044752949157722,2094,2108
2107,2094,M02107,M02094,CCCCCCCCCCCCCCC[n+]1cccc(S(=O)(=O)[O-])c1,CC[n+]1cccc(S(=O)(=O)[O-])c1,medium,0.6571428571428571,0.8431372549019608,1,c1cc[nH+]cc1,25,0.6627017793637848,0.7044752949157722,2,0.7044752949157722,2094,2107
2104,2094,M02104,M02094,CCCCCCCCCCCC[n+]1cccc(S(=O)(=O)[O-])c1,CC[n+]1cccc(S(=O)(=O)[O-])c1,medium,0.6571428571428571,0.8431372549019608,1,c1cc[nH+]cc1,25,0.6627017793637848,0.7044752949157722,2,0.7044752949157722,2094,2104
2106,2094,M02106,M02094,CCCCCCCCCCCCCC[n+]1cccc(S(=O)(=O)[O-])c1,CC[n+]1cccc(S(=O)(=O)[O-])c1,medium,0.6571428571428571,0.8431372549019608,1,c1cc[nH+]cc1,25,0.6627017793637848,0.7044752949157722,2,0.7044752949157722,2094,2106
816,814,M00816,M00814,N#Cc1nn(-c2c(Cl)cc(C(F)(F)F)cc2Cl)c(N)c1SC(F)(F)F,N#Cc1nn(-c2c(Cl)cc(C(F)(F)F)cc2Cl)c(N)c1S(=O)C(F)(F)F,medium,0.6153846153846154,0.8269230769230769,1,c1ccc(-n2cccn2)cc1,5,0.8555293230024756,0.7042909369119097,2,0.7042909369119097,814,816
2823,4151,M02823,M04151,CN1CCN2c3ncccc3Cc3ccccc3C2C1,c1ccc2c(c1)Cc1cccnc1N1CCNCC21,medium,0.6170212765957447,0.7906976744186046,1,c1ccc2c(c1)Cc1cccnc1N1CCNCC21,3,0.9088491513636503,0.7042145572666455,2,0.7042145572666455,2823,4151
4515,3735,M04515,M03735,COP(=O)(OC)OC(=CCl)c1cc(Cl)c(Cl)cc1Cl,COP(=O)(OC)OC(=CCl)c1ccc(Cl)cc1Cl,medium,0.7027027027027027,1.0,1,c1ccccc1,802,0.21161295934610674,0.7033635655235376,1,0.7033635655235376,3735,4515
1612,1435,M01612,M01435,O=c1ccn(C2CC(O)C(COP(=O)(O)OP(=O)(O)OP(=O)(O)O)O2)c(=O)[nH]1,O=c1ccn(C2CC(O)C(CO)O2)c(=O)[nH]1,medium,0.6226415094339622,0.8529411764705882,1,O=c1ccn(C2CCCO2)c(=O)[nH]1,10,0.7758207207981391,0.7031933078977453,2,0.7031933078977453,1435,1612
692,716,M00692,M00716,CS(=O)(=O)c1ccc(C(=O)C2C(=O)CCCC2=O)c([N+](=O)[O-])c1,CS(=O)(=O)c1ccc(C(=O)C2C(=O)CCCC2=O)c(Cl)c1,medium,0.6666666666666666,0.6666666666666666,1,O=C1CCCC(=O)C1C(=O)c1ccccc1,3,0.9088491513636503,0.7029940393712142,1,0.7029940393712142,692,716
3127,3121,M03127,M03121,CC(=CCCC=C(C)CCC=C(C)CCC(O)C(C)(O)CO)CCC=C(C)CCC(O)C(C)(C)O,CC(=CCCC=C(C)CCC=C(C)CCC(O)C(C)(C)O)CCC=C(C)CCC(O)C(C)(C)O,strong,0.8125,0.8611111111111112,0,,0,0.0,0.7027777777777777,1,0.7027777777777777,3121,3127
730,2234,M00730,M02234,CC(C)Nc1nc(N)nc(Cl)n1,CCC(C)Nc1nc(N)nc(Cl)n1,medium,0.6774193548387096,0.8235294117647058,1,c1ncncn1,40,0.6028054368020348,0.7027547813647075,2,0.7027547813647075,730,2234
3947,3632,M03947,M03632,CN(C)CCCN1c2ccccc2CCc2ccccc21,CNCCCN1c2ccccc2CCc2ccccc21,medium,0.6111111111111112,0.8536585365853658,1,c1ccc2c(c1)CCc1ccccc1N2,7,0.8176983027273006,0.7027360462221032,2,0.7027360462221032,3632,3947
1635,1728,M01635,M01728,CC(=O)NCCCC(=O)O,CC(=O)NCCCNCCCC(=O)O,strong,0.8333333333333334,0.8108108108108109,0,,0,0.0,0.7027027027027027,1,0.7027027027027027,1635,1728
650,4470,M00650,M04470,Nc1ccc(S(=O)(=O)Nc2ncccn2)cc1,COc1cnc(NS(=O)(=O)c2ccc(N)cc2)nc1,medium,0.6216216216216216,0.8275862068965517,1,O=S(=O)(Nc1ncccn1)c1ccccc1,7,0.8176983027273006,0.7025242701062059,2,0.7025242701062059,650,4470
1337,3274,M01337,M03274,O=S(=O)(O)Oc1c[nH]c2ccccc12,O=S(=O)([O-])Oc1c[nH]c2ccccc12.[K+],medium,0.6764705882352942,0.86,1,c1ccc2[nH]ccc2c1,63,0.5442457568182516,0.7025192164639141,1,0.7025192164639141,1337,3274
1060,91,M01060,M00091,O=C1CCCCN1,O=C1CCCN1,strong,0.8235294117647058,0.8333333333333334,0,,0,0.0,0.7024509803921568,3,0.7024509803921568,91,1060
815,817,M00815,M00817,N#Cc1nn(-c2c(Cl)cc(C(F)(F)F)cc2Cl)c(N)c1S(=O)(=O)C(F)(F)F,N#Cc1nn(-c2c(Cl)cc(C(F)(F)F)cc2Cl)c(N)c1C(F)(F)F,medium,0.6666666666666666,0.6964285714285714,1,c1ccc(-n2cccn2)cc1,5,0.8555293230024756,0.7024365413075142,2,0.7024365413075142,815,817
4441,4443,M04441,M04443,CC(C)CC(N(C)C)C1(c2ccc(Cl)cc2)CCC1,CNC(CC(C)C)C1(c2ccc(Cl)cc2)CCC1,medium,0.6097560975609756,0.7777777777777778,1,c1ccc(C2CCC2)cc1,2,0.9466801716388252,0.7023001287268535,1,0.7023001287268535,4441,4443
983,274,M00983,M00274,NC(Cc1c[nH]c2ccc(O)cc12)C(=O)O,NC(Cc1c[nH]c2ccccc12)C(=O)O,medium,0.675,0.8611111111111112,1,c1ccc2[nH]ccc2c1,63,0.5442457568182516,0.7019146413005155,1,0.7019146413005155,274,983
2547,2239,M02547,M02239,C=CCOc1ccccc1OCC(O)CNC(C)C,C=CCc1ccccc1OCC(O)CNC(C)C,medium,0.7209302325581395,0.95,1,c1ccccc1,802,0.21161295934610674,0.7018000834367997,1,0.7018000834367997,2239,2547
393,1435,M00393,M01435,O=c1ccn(C2OC(CO)C(O)C2O)c(=O)[nH]1,O=c1ccn(C2CC(O)C(CO)O2)c(=O)[nH]1,medium,0.6,0.9016393442622951,1,O=c1ccn(C2CCCO2)c(=O)[nH]1,10,0.7758207207981391,0.7017829441852946,2,0.7017829441852946,393,1435
2909,1716,M02909,M01716,CC(O)C(NC(=O)Nc1ncnc2c1ncn2C1OC(CO)C(O)C1O)C(=O)O,CNc1ncnc2c1ncn2C1OC(CO)C(O)C1O,medium,0.6333333333333333,0.8923076923076924,1,c1ncc2ncn(C3CCCO3)c2n1,26,0.6577388176437765,0.7017377457234896,1,0.7017377457234896,1716,2909
1357,1663,M01357,M01663,O=C(O)c1ccc2ccccc2c1[O-],O=C(O)c1ccc2ccccc2c1O,medium,0.6333333333333333,0.875,1,c1ccc2ccccc2c1,21,0.6846698721617894,0.7014504808242683,1,0.7014504808242683,1357,1663
4619,3906,M04619,M03906,COc1ccc(CCNCCCC(C#N)(c2ccc(OC)c(OC)c2)C(C)C)cc1OC,COc1ccc(CCN(C)CCCC(C#N)(c2cc(OC)c(OC)c(OC)c2)C(C)C)cc1OC,medium,0.6,0.82,1,c1ccc(CCCCNCCc2ccccc2)cc1,3,0.9088491513636503,0.7013273727045475,2,0.7013273727045475,3906,4619
4080,3633,M04080,M03633,CC1N=C(c2ccccc2Cl)c2cc([N+](=O)[O-])ccc2NC1=O,O=C1CN=C(c2ccccc2Cl)c2cc([N+](=O)[O-])ccc2N1,medium,0.6296296296296297,0.896551724137931,1,O=C1CN=C(c2ccccc2)c2ccccc2N1,25,0.6627017793637848,0.7013209757168283,1,0.7013209757168283,3633,4080
311,1491,M00311,M01491,O=C(O)c1cccnc1,O=C([O-])c1cccnc1,medium,0.6538461538461539,0.875,1,c1ccncc1,41,0.5996365394334917,0.701003173222716,1,0.701003173222716,311,1491
4380,4098,M04380,M04098,CCCC(C(=O)c1ccc(C)cc1)N1CCCC1,Cc1ccc(C(=O)C(C)N2CCCC2)cc1,medium,0.6052631578947368,0.8235294117647058,1,O=C(CN1CCCC1)c1ccccc1,4,0.8795051323147839,0.7009660175252361,2,0.7009660175252361,4098,4380
3877,3876,M03877,M03876,CN1C(=O)CN=C(c2ccccc2F)c2cc(N)ccc21,CN1C(=O)CN=C(c2ccccc2F)c2cc([N+](=O)[O-])ccc21,medium,0.6862745098039216,0.7580645161290323,1,O=C1CN=C(c2ccccc2)c2ccccc2N1,25,0.6627017793637848,0.7006861018191788,1,0.7006861018191788,3876,3877
2341,2235,M02341,M02235,CC(C)(C)Nc1nc(O)nc(O)n1,CCNc1nc(O)nc(NC(C)(C)C)n1,medium,0.6666666666666666,0.8409090909090909,1,c1ncncn1,40,0.6028054368020348,0.700648088247578,1,0.700648088247578,2235,2341
3589,4478,M03589,M04478,CCOC(=O)c1ccccc1S(=O)(=O)NC(=O)Nc1nc(Cl)cc(OC)n1,COC(=O)c1ccccc1S(=O)(=O)NC(=O)Nc1nc(C)cc(C)n1,medium,0.6140350877192983,0.8266666666666667,1,O=C(Nc1ncccn1)NS(=O)(=O)c1ccccc1,6,0.8352580650673657,0.7003764290583504,1,0.7003764290583504,3589,4478
3647,862,M03647,M00862,COc1ccc2c3c1OC1C(O)C=CC4C(C2)NCCC341,COc1ccc2c3c1OC1C(O)C=CC4C(C2)N(C)CCC341,medium,0.6440677966101694,0.7735849056603774,1,C1=CC2C3Cc4cccc5c4C2(CCN3)C(C1)O5,8,0.802209494641301,0.7001683285773911,2,0.7001683285773911,862,3647
1427,526,M01427,M00526,Nc1ncnc2c1ncn2C1CC(O)C(CO)O1,Nc1ncnc2c1ncn2C1OC(CO)C(O)C1O,medium,0.6326530612244898,0.8870967741935484,1,c1ncc2ncn(C3CCCO3)c2n1,26,0.6577388176437765,0.7000268529296475,2,0.7000268529296475,526,1427
2307,2742,M02307,M02742,CCCCCCCCOC(=O)c1ccccc1C(=O)OCCCCCCCC,CCCCCCOC(=O)c1ccccc1C(=O)OCC(CC)CCCC,medium,0.7105263157894737,0.9666666666666667,1,c1ccccc1,802,0.21161295934610674,0.6997244000422669,1,0.6997244000422669,2307,2742
2735,2742,M02735,M02742,CCCCCCCCCCCCOC(=O)c1ccccc1C(=O)OCCCCCCCCCCCC,CCCCCCOC(=O)c1ccccc1C(=O)OCC(CC)CCCC,medium,0.7105263157894737,0.9666666666666667,1,c1ccccc1,802,0.21161295934610674,0.6997244000422669,1,0.6997244000422669,2735,2742
2737,2742,M02737,M02742,CCCCCCCOC(=O)c1ccccc1C(=O)OCCCCCCC,CCCCCCOC(=O)c1ccccc1C(=O)OCC(CC)CCCC,medium,0.7105263157894737,0.9666666666666667,1,c1ccccc1,802,0.21161295934610674,0.6997244000422669,1,0.6997244000422669,2737,2742
2739,2742,M02739,M02742,CCCCCCCCCCCOC(=O)c1ccccc1C(=O)OCCCCCCCCCCC,CCCCCCOC(=O)c1ccccc1C(=O)OCC(CC)CCCC,medium,0.7105263157894737,0.9666666666666667,1,c1ccccc1,802,0.21161295934610674,0.6997244000422669,1,0.6997244000422669,2739,2742
2764,2742,M02764,M02742,CCCCCCCCCCOC(=O)c1ccccc1C(=O)OCCCCCCCCCC,CCCCCCOC(=O)c1ccccc1C(=O)OCC(CC)CCCC,medium,0.7105263157894737,0.9666666666666667,1,c1ccccc1,802,0.21161295934610674,0.6997244000422669,1,0.6997244000422669,2742,2764
2742,2605,M02742,M02605,CCCCCCOC(=O)c1ccccc1C(=O)OCC(CC)CCCC,CCCCCCOC(=O)c1ccccc1C(=O)OCCCCCC,medium,0.7105263157894737,0.9666666666666667,1,c1ccccc1,802,0.21161295934610674,0.6997244000422669,2,0.6997244000422669,2605,2742
2743,2742,M02743,M02742,CCCCCCCCCOC(=O)c1ccccc1C(=O)OCCCCCCCCC,CCCCCCOC(=O)c1ccccc1C(=O)OCC(CC)CCCC,medium,0.7105263157894737,0.9666666666666667,1,c1ccccc1,802,0.21161295934610674,0.6997244000422669,1,0.6997244000422669,2742,2743
4208,3371,M04208,M03371,Cc1nnc2n1-c1ccc([N+](=O)[O-])cc1C(c1ccccc1)=NC2,Cc1nnc2n1-c1ccc(Cl)cc1C(c1ccccc1)=NC2,medium,0.6730769230769231,0.7169811320754716,1,c1ccc(C2=NCc3nncn3-c3ccccc32)cc1,10,0.7758207207981391,0.6994645449847426,2,0.6994645449847426,3371,4208
2260,2213,M02260,M02213,CNc1nc(NC(C)C)nc(SC)n1,CCNc1nc(NC(C)C)nc(SC)n1,medium,0.65625,0.8611111111111112,1,c1ncncn1,40,0.6028054368020348,0.699448593298083,1,0.699448593298083,2213,2260
1134,1128,M01134,M01128,O=C(O)c1cccc(O)c1O,O=C(O)c1ccc(O)c(O)c1O,medium,0.6956521739130435,1.0,1,c1ccccc1,802,0.21161295934610674,0.6991332482497421,1,0.6991332482497421,1128,1134
4026,3339,M04026,M03339,CCOC(=O)C(C)OC(=O)c1cc(Oc2ccc(C(F)(F)F)cc2Cl)ccc1[N+](=O)[O-],O=C(O)c1cc(Oc2ccc(C(F)(F)F)cc2Cl)ccc1[N+](=O)[O-],medium,0.6557377049180327,0.8363636363636363,1,c1ccc(Oc2ccccc2)cc1,29,0.6438836066809098,0.6991160730438651,2,0.6991160730438651,3339,4026
933,2444,M00933,M02444,COP(=S)(OC)Oc1nc(Cl)c(Cl)cc1Cl,COP(=O)(OC)Oc1nc(Cl)c(Cl)cc1Cl,medium,0.6470588235294118,0.8837209302325582,1,c1ccncc1,41,0.5996365394334917,0.6991110075908104,2,0.6991110075908104,933,2444
3513,4093,M03513,M04093,CN(C)CCc1c[nH]c2ccc(O)cc12,COc1ccc2[nH]cc(CCN(C)C)c2c1,medium,0.65,0.9090909090909091,1,c1ccc2[nH]ccc2c1,63,0.5442457568182516,0.698909590795465,1,0.698909590795465,3513,4093
555,3221,M00555,M03221,C#CC1(OC(C)=O)CCC2C3CCC4=CC(=O)CCC4C3CCC21C,C#CC1(O)CCC2C3CCC4=CC(=O)CCC4C3CCC21C,medium,0.6785714285714286,0.7692307692307693,1,O=C1C=C2CCC3C4CCCC4CCC3C2CC1,25,0.6627017793637848,0.6988558163551172,1,0.6988558163551172,555,3221
2909,1832,M02909,M01832,CC(O)C(NC(=O)Nc1ncnc2c1ncn2C1OC(CO)C(O)C1O)C(=O)O,O=C(O)CC(Nc1ncnc2c1ncn2C1OC(CO)C(O)C1O)C(=O)O,medium,0.6212121212121212,0.9090909090909091,1,c1ncc2ncn(C3CCCO3)c2n1,26,0.6577388176437765,0.6986608226465665,2,0.6986608226465665,1832,2909
3767,3768,M03767,M03768,CCc1cc(OC)c(CC(C)N)cc1OC,COc1cc(CC(C)N)c(OC)cc1C,medium,0.7096774193548387,0.9642857142857143,1,c1ccccc1,802,0.21161295934610674,0.6986198240862478,1,0.6986198240862478,3767,3768
1819,1346,M01819,M01346,CC(=O)Nc1ccc(OC2OC(C(=O)O)C(O)C(O)C2O)cc1,Cc1ccc(OC2OC(C(=O)O)C(O)C(O)C2O)cc1,medium,0.6904761904761905,0.7297297297297297,1,c1ccc(OC2CCCCO2)cc1,22,0.6788243374826469,0.6985417973405438,1,0.6985417973405438,1346,1819
924,2635,M00924,M02635,CN1COCN(Cc2cnc(Cl)s2)C1=N[N+](=O)[O-],CN1COCN(Cc2cnc(Cl)s2)C1=N,medium,0.6041666666666666,0.7761194029850746,1,N=C1NCOCN1Cc1cncs1,2,0.9466801716388252,0.6985318764920924,1,0.6985318764920924,924,2635
1031,1030,M01031,M01030,CC(NC(=O)C(N)Cc1ccccc1)C(=O)NC(CO)C(=O)O,CC(C)CC(NC(=O)C(C)NC(=O)C(N)Cc1ccccc1)C(=O)O,medium,0.7906976744186046,0.7692307692307693,1,c1ccccc1,802,0.21161295934610674,0.6984682408607711,1,0.6984682408607711,1030,1031
689,2299,M00689,M02299,COCC(C)N(C(=O)CCl)c1c(C)csc1C,COCC(C)N(C(=O)CS(=O)CC(=O)O)c1c(C)csc1C,medium,0.673469387755102,0.6949152542372882,1,c1ccsc1,8,0.802209494641301,0.6981418704085783,2,0.6981418704085783,689,2299
4599,883,M04599,M00883,CNCCC=C1c2ccccc2CCc2ccccc21,CN(C)CCC=C1c2ccccc2CCc2ccccc21,medium,0.6111111111111112,0.7575757575757576,1,C=C1c2ccccc2CCc2ccccc21,2,0.9466801716388252,0.6980626318064299,1,0.6980626318064299,883,4599
1395,1733,M01395,M01733,O=C(O)Cc1cnc[nH]1,O=C(O)CCc1cnc[nH]1,medium,0.6551724137931034,0.8333333333333334,1,c1c[nH]cn1,29,0.6438836066809098,0.6980193226113318,1,0.6980193226113318,1395,1733
2406,2071,M02406,M02071,CNC(=O)Oc1cc(C)cc(C)c1,CNC(=O)Oc1cc(C)cc(C(C)C)c1,medium,0.7096774193548387,0.9615384615384616,1,c1ccccc1,802,0.21161295934610674,0.6979330108994346,1,0.6979330108994346,2071,2406
30,8,M00030,M00008,Oc1cc(O)cc(C=Cc2ccc(O)c(O)c2)c1,Oc1ccc(C=Cc2cc(O)cc(O)c2)cc1,medium,0.64,0.782608695652174,1,C(=Cc1ccccc1)c1ccccc1,9,0.7883542836784342,0.6979053164648086,1,0.6979053164648086,8,30
637,1927,M00637,M01927,CON=C(C(=O)OC)c1ccccc1COc1ccccc1C,CNC(=O)C(=NOC)c1ccccc1COc1cc(C)ccc1C,medium,0.6226415094339622,0.782608695652174,1,c1ccc(COc2ccccc2)cc1,5,0.8555293230024756,0.6975664780237922,1,0.6975664780237922,637,1927
3848,3852,M03848,M03852,CCC(=O)N(c1ccccc1)C1CCN(CCc2ccccc2)CC1C,CCC(=O)N(c1ccc(F)cc1)C1CCN(CCc2ccccc2)CC1,medium,0.6071428571428571,0.8043478260869565,1,c1ccc(CCN2CCC(Nc3ccccc3)CC2)cc1,4,0.8795051323147839,0.697298440654671,2,0.697298440654671,3848,3852
3812,3533,M03812,M03533,CCNC(C)C(=O)c1ccc2c(c1)OCO2,CCC(NC)C(=O)c1ccc2c(c1)OCO2,medium,0.627906976744186,0.8461538461538461,1,c1ccc2c(c1)OCO2,15,0.7265474540909509,0.6972647656986158,2,0.6972647656986158,3533,3812
3326,3351,M03326,M03351,CCCCCn1nc(C(=O)NC(C(N)=O)C(C)C)c2ccccc21,CC(C)(C)C(NC(=O)c1nn(CCCCCF)c2ccccc12)C(N)=O,medium,0.6166666666666667,0.8275862068965517,1,c1ccc2[nH]ncc2c1,8,0.802209494641301,0.697227975920333,2,0.697227975920333,3326,3351
4706,4707,M04706,M04707,CCC1(CC)C(=O)NC(=O)NC1=O,CCC1(CCC(C)C)C(=O)NC(=O)NC1=O,medium,0.6153846153846154,0.8297872340425532,1,O=C1CC(=O)NC(=O)N1,8,0.802209494641301,0.6970090019376026,1,0.6970090019376026,4706,4707
1250,1251,M01250,M01251,CS(=O)CCCCC(=NOS(=O)(=O)O)SC1OC(CO)C(O)C(O)C1O,C=CCCC(=NOS(=O)(=O)O)SC1OC(CO)C(O)C(O)C1O,medium,0.6428571428571429,0.8472222222222222,1,C1CCOCC1,25,0.6627017793637848,0.696925108174409,1,0.696925108174409,1250,1251
3350,3345,M03350,M03345,CCCCCn1nc(C(=O)NC(C(N)=O)C(C)(C)C)c2ccccc21,COC(=O)C(NC(=O)c1nn(CCCCCF)c2ccccc12)C(C)(C)C,medium,0.65,0.746031746031746,1,c1ccc2[nH]ncc2c1,8,0.802209494641301,0.6968393607041317,2,0.6968393607041317,3345,3350
6,41,M00006,M00041,O=C(C=Cc1ccc(O)c(O)c1)OC(C(=O)O)C(O)C(=O)O,O=C(C=Cc1ccc(O)cc1)OC(C(=O)O)C(O)C(=O)O,medium,0.725,0.92,1,c1ccccc1,802,0.21161295934610674,0.696741943901916,2,0.696741943901916,6,41
4070,4129,M04070,M04129,CC(C(=O)c1ccc2c(c1)OCO2)N(C)C,CNC(C)C(=O)c1ccc2c(c1)OCO2,medium,0.6410256410256411,0.8108108108108109,1,c1ccc2c(c1)OCO2,15,0.7265474540909509,0.69630020543173,2,0.69630020543173,4070,4129
236,2581,M00236,M02581,O=C(O)c1c[nH]c2ccccc12,C=C(C(=O)O)c1c[nH]c2ccccc12,medium,0.7,0.7777777777777778,1,c1ccc2[nH]ccc2c1,63,0.5442457568182516,0.6960813079671822,1,0.6960813079671822,236,2581
3499,3498,M03499,M03498,O=C1Nc2ccc(Br)cc2C(c2ccccn2)=NC1O,O=C1CN=C(c2ccccn2)c2cc(Br)ccc2N1,medium,0.6078431372549019,0.7551020408163265,1,O=C1CN=C(c2ccccn2)c2ccccc2N1,2,0.9466801716388252,0.6954834183028465,1,0.6954834183028465,3498,3499
3517,3518,M03517,M03518,CCC(NC)C(=O)c1ccccc1,CCC(NC)C(=O)c1ccc(C)cc1,medium,0.7096774193548387,0.95,1,c1ccccc1,802,0.21161295934610674,0.6950483955148192,1,0.6950483955148192,3517,3518
3564,4078,M03564,M04078,CCNC(C)C(=O)c1ccccc1,CCNC(C)C(=O)c1ccc(C)cc1,medium,0.7096774193548387,0.95,1,c1ccccc1,802,0.21161295934610674,0.6950483955148192,1,0.6950483955148192,3564,4078
1287,1288,M01287,M01288,O=C1c2ccccc2C(=O)c2c1cc(O)c(CO)c2O,Cc1c(O)cc2c(c1O)C(=O)c1ccccc1C2=O,medium,0.6111111111111112,0.8,1,O=C1c2ccccc2C(=O)c2ccccc21,5,0.8555293230024756,0.6949960651170379,1,0.6949960651170379,1287,1288
3600,3552,M03600,M03552,CN(C)CCC(c1ccc(Cl)cc1)c1ccccn1,CN(C)CCOC(c1ccc(Cl)cc1)c1ccccn1,medium,0.6222222222222222,0.8048780487804879,1,c1ccc(Cc2ccccn2)cc1,8,0.802209494641301,0.6948842697246504,2,0.6948842697246504,3552,3600
2234,767,M02234,M00767,CCC(C)Nc1nc(N)nc(Cl)n1,CCNc1nc(Cl)nc(NC(C)CC)n1,medium,0.6470588235294118,0.8648648648648649,1,c1ncncn1,40,0.6028054368020348,0.6948723258541685,2,0.6948723258541685,767,2234
3599,4344,M03599,M04344,CN(C)CCN1c2ccccc2Sc2ccc(Cl)cc21,CN(C)CCCN1c2ccccc2Sc2ccccc21,medium,0.625,0.8478260869565217,1,c1ccc2c(c1)Nc1ccccc1S2,16,0.7185751418868361,0.6947427930221558,1,0.6947427930221558,3599,4344
3259,151,M03259,M00151,CCCCCCCCCCCCCCCC(=O)OC1CCC2(C)C(=CCC3C2CCC2(C)C(C(C)CCCC(C)C)CCC32)C1,CC(C)CCCC(C)C1CCC2C3CC=C4CC(O)CCC4(C)C3CCC12C,medium,0.6470588235294118,0.7948717948717948,1,C1=C2CCCCC2C2CCC3CCCC3C2C1,16,0.7185751418868361,0.6947395141186212,1,0.6947395141186212,151,3259
1420,3872,M01420,M03872,CC(=O)OCC(=O)C1(O)CCC2C3CCC4=CC(=O)CCC4(C)C3C(O)CC21C,CC(=O)OCC(=O)C1(O)CCC2C3CCC4=CC(=O)CCC4(C)C3(F)C(O)CC21C,medium,0.6086956521739131,0.92,1,O=C1C=C2CCC3C4CCCC4CCC3C2CC1,25,0.6627017793637848,0.6946226582089156,2,0.6946226582089156,1420,3872
2144,1623,M02144,M01623,O=C(O)c1ccccn1,O=C([O-])c1ccccn1,medium,0.64,0.8823529411764706,1,c1ccncc1,41,0.5996365394334917,0.6945337162091414,1,0.6945337162091414,1623,2144
4094,982,M04094,M00982,COc1ccc2[nH]cc(CC(=O)O)c2c1,O=C(O)Cc1c[nH]c2ccc(O)cc12,medium,0.6410256410256411,0.9117647058823529,1,c1ccc2[nH]ccc2c1,63,0.5442457568182516,0.6941934246087106,1,0.6941934246087106,982,4094
3172,197,M03172,M00197,COc1ccc(-c2oc3cc(OC)c(OC)c(O)c3c(=O)c2OC)cc1O,COc1ccc(-c2cc(=O)c3c(OC)c(OC)c(OC)cc3o2)cc1O,medium,0.6,0.96875,1,O=c1cc(-c2ccccc2)oc2ccccc12,37,0.6127978022039184,0.6941071703305878,2,0.6941071703305878,197,3172
3650,4293,M03650,M04293,CC(=O)CC(c1ccc(Cl)cc1)c1c(O)c2ccccc2oc1=O,CCC(c1ccccc1)c1c(O)c2ccccc2oc1=O,medium,0.6170212765957447,0.75,1,O=c1oc2ccccc2cc1Cc1ccccc1,3,0.9088491513636503,0.6940401386619943,1,0.6940401386619943,3650,4293
2906,1191,M02906,M01191,NCCc1ccc(OC2OC(C(=O)O)C(O)C(O)C2O)c(O)c1,O=C(O)CCc1ccc(O)c(OC2OC(C(=O)O)C(O)C(O)C2O)c1,medium,0.6862745098039216,0.7209302325581395,1,c1ccc(OC2CCCCO2)cc1,22,0.6788243374826469,0.6938209146442849,1,0.6938209146442849,1191,2906
777,786,M00777,M00786,Cc1c(N(C)C)c(=O)n(-c2ccccc2)n1C,Cc1c(N)c(=O)n(-c2ccccc2)n1C,medium,0.6,0.8695652173913043,1,O=c1cc[nH]n1-c1ccccc1,10,0.7758207207981391,0.6937644124675469,1,0.6937644124675469,777,786
125,1236,M00125,M01236,O=c1cc(-c2ccc(O)cc2)oc2cc(O)cc(O)c12,COc1ccc(-c2cc(=O)c3c(O)cc(O)cc3o2)cc1O,medium,0.6666666666666666,0.8064516129032258,1,O=c1cc(-c2ccccc2)oc2ccccc12,37,0.6127978022039184,0.6935325735563942,2,0.6935325735563942,125,1236
693,2299,M00693,M02299,COCC(C)N(C(=O)C(=O)O)c1c(C)csc1C,COCC(C)N(C(=O)CS(=O)CC(=O)O)c1c(C)csc1C,medium,0.6530612244897959,0.7241379310344828,1,c1ccsc1,8,0.802209494641301,0.6932026416486934,2,0.6932026416486934,693,2299
3715,3835,M03715,M03835,COC(=O)C(C)Oc1ccc(Cl)cc1Cl,COC(=O)C(C)Oc1cc(Cl)c(Cl)cc1Cl,medium,0.6857142857142857,1.0,1,c1ccccc1,802,0.21161295934610674,0.6931705153304875,2,0.6931705153304875,3715,3835
2606,2732,M02606,M02732,CCCCCOC(=O)c1ccccc1C(=O)OCCCCC,CCCCOC(=O)COC(=O)c1ccccc1C(=O)OCCCC,medium,0.7272727272727273,0.9,1,c1ccccc1,802,0.21161295934610674,0.6931055802655524,2,0.6931055802655524,2606,2732
3894,3339,M03894,M03339,CS(=O)(=O)NC(=O)c1cc(Oc2ccc(C(F)(F)F)cc2Cl)ccc1[N+](=O)[O-],O=C(O)c1cc(Oc2ccc(C(F)(F)F)cc2Cl)ccc1[N+](=O)[O-],medium,0.7142857142857143,0.6716417910447762,1,c1ccc(Oc2ccccc2)cc1,29,0.6438836066809098,0.6930644173347591,1,0.6930644173347591,3339,3894
2810,786,M02810,M00786,Cc1c(C=O)c(=O)n(-c2ccccc2)n1C,Cc1c(N)c(=O)n(-c2ccccc2)n1C,medium,0.6,0.8666666666666667,1,O=c1cc[nH]n1-c1ccccc1,10,0.7758207207981391,0.6930397747863876,2,0.6930397747863876,786,2810
1548,1510,M01548,M01510,CC(C=CC1=C(C)CCCC1(C)C)=CC=CC(C)=CC(=O)[O-],CC(C=CC1=C(C)CCCC1(C)C)=CC=CC(C)=CCO,medium,0.6666666666666666,0.6896551724137931,1,C1=CCCCC1,8,0.802209494641301,0.6927452172996434,1,0.6927452172996434,1510,1548
304,1021,M00304,M01021,CC(=O)NC(Cc1ccc(O)cc1)C(=O)O,CC(=O)NC(Cc1ccccc1)C(=O)O,medium,0.75,0.84375,1,c1ccccc1,802,0.21161295934610674,0.6926794439019159,1,0.6926794439019159,304,1021
2294,2921,M02294,M02921,Cc1cccc(C(=O)O)c1N(Cn1cccn1)C(=O)C(=O)O,Cc1cccc(C)c1N(Cn1cccn1)C(=O)CO,medium,0.6122448979591837,0.8103448275862069,1,c1ccc(NCn2cccn2)cc1,7,0.8176983027273006,0.692587891081157,1,0.692587891081157,2294,2921
4572,4571,M04572,M04571,COc1cccc(C2(O)CCCCC2C[N+](C)(C)[O-])c1,CNCC1CCCCC1(O)c1cccc(OC)c1,medium,0.68,0.6727272727272727,1,c1ccc(C2CCCCC2)cc1,10,0.7758207207981391,0.6925549263015391,2,0.6925549263015391,4571,4572
221,3277,M00221,M03277,NC(CCC(=O)NC(CSSCC(NC(=O)CCC(N)C(=O)O)C(=O)NCC(=O)O)C(=O)NCC(=O)O)C(=O)O,NC(CCC(=O)NC(CSCO)C(=O)NCC(=O)O)C(=O)O,strong,0.8048780487804879,0.8372093023255814,0,,0,0.0,0.692229154849688,1,0.692229154849688,221,3277
477,486,M00477,M00486,CC(C)CCCC(C)C1CCC2C3CCC4CCCCC4(C)C3CCC12C,CC(C)CCCC(C)C1CCC2C3CCC4CC(O)CCC4(C)C3CCC12C,medium,0.7142857142857143,0.6774193548387096,1,C1CCC2C(C1)CCC1C3CCCC3CCC21,33,0.6274242932504864,0.6920399112686789,1,0.6920399112686789,477,486
1383,3760,M01383,M03760,COc1cc(CCN)ccc1O,COc1ccc(CCN)cc1OC,medium,0.7241379310344828,0.9032258064516129,1,c1ccccc1,802,0.21161295934610674,0.6920311541355089,1,0.6920311541355089,1383,3760
2928,710,M02928,M00710,CCNc1nc(S)nc(NC(C)(C)C)n1,CCNc1nc(Cl)nc(NC(C)(C)C)n1,medium,0.6774193548387096,0.7804878048780488,1,c1ncncn1,40,0.6028054368020348,0.6919943796430432,2,0.6919943796430432,710,2928
1520,382,M01520,M00382,Cc1ncc(C[n+]2csc(CCOP(=O)([O-])OP(=O)(O)O)c2C)c(N)n1,Cc1ncc(C[n+]2csc(CCO)c2C)c(N)n1,medium,0.6206896551724138,0.75,1,c1ncc(C[n+]2ccsc2)cn1,4,0.8795051323147839,0.691839562950666,1,0.691839562950666,382,1520
4091,4093,M04091,M04093,C=CCN(CC=C)CCc1c[nH]c2ccc(OC)cc12,COc1ccc2[nH]cc(CCN(C)C)c2c1,medium,0.6818181818181818,0.8043478260869565,1,c1ccc2[nH]ccc2c1,63,0.5442457568182516,0.6918147291353859,1,0.6918147291353859,4091,4093
3774,3761,M03774,M03761,CCCN(CCC)CCc1c[nH]c2ccccc12,CN(C)CCc1c[nH]c2ccccc12,medium,0.6857142857142857,0.7948717948717948,1,c1ccc2[nH]ccc2c1,63,0.5442457568182516,0.6917833836692578,2,0.6917833836692578,3761,3774
762,760,M00762,M00760,CC(C)N(C(=O)CS(=O)(=O)O)c1ccccc1,CC(C)N(C(=O)CS(=O)(=O)O)c1ccc(F)cc1,medium,0.7142857142857143,0.9245283018867925,1,c1ccccc1,802,0.21161295934610674,0.6914454479450427,1,0.6914454479450427,760,762
11,390,M00011,M00390,O=c1ccc2cc(O)c(O)cc2o1,O=c1ccc2ccc(O)cc2o1,medium,0.6428571428571429,0.7857142857142857,1,O=c1ccc2ccccc2o1,15,0.7265474540909509,0.6911249752564999,2,0.6911249752564999,11,390
1511,529,M01511,M00529,C[S+](CCC(N)C(=O)[O-])CC1OC(n2cnc3c(N)ncnc32)C(O)C1O,Nc1ncnc2c1ncn2C1OC(CSCCC([NH3+])C(=O)[O-])C(O)C1O,medium,0.6,0.9295774647887324,1,c1ncc2ncn(C3CCCO3)c2n1,26,0.6577388176437765,0.6910551888437496,1,0.6910551888437496,529,1511
1192,1194,M01192,M01194,O=C(O)CCc1ccc(O)c(OS(=O)(=O)O)c1,COc1cc(CCC(=O)O)ccc1OS(=O)(=O)O,medium,0.7,0.9565217391304348,1,c1ccccc1,802,0.21161295934610674,0.6908723786845247,1,0.6908723786845247,1192,1194
1192,1327,M01192,M01327,O=C(O)CCc1ccc(O)c(OS(=O)(=O)O)c1,COc1ccc(CCC(=O)O)cc1OS(=O)(=O)O,medium,0.7,0.9565217391304348,1,c1ccccc1,802,0.21161295934610674,0.6908723786845247,2,0.6908723786845247,1192,1327
4200,3879,M04200,M03879,O=C1Nc2ccc([N+](=O)[O-])cc2C(c2ccccc2F)=NC1O,O=C1CN=C(c2ccccc2F)c2cc([N+](=O)[O-])ccc2N1,medium,0.6415094339622641,0.8253968253968254,1,O=C1CN=C(c2ccccc2)c2ccccc2N1,25,0.6627017793637848,0.6906601336311325,1,0.6906601336311325,3879,4200
805,422,M00805,M00422,Nc1ccn(C2OC(CO)C(O)C2(F)F)c(=O)n1,Nc1ccn(C2OC(CO)C(O)C2O)c(=O)n1,medium,0.6041666666666666,0.875,1,O=c1ncccn1C1CCCO1,15,0.7265474540909509,0.6902321181136427,1,0.6902321181136427,422,805
3203,3204,M03203,M03204,CCN=C1NC(=NC(C)C)NC(OC)N1,CCN=C1NC(=NC(C)C)NC(Cl)N1,medium,0.6571428571428571,0.6818181818181818,1,N=C1NCNC(=N)N1,6,0.8352580650673657,0.6900289695003646,1,0.6900289695003646,3203,3204
1318,1182,M01318,M01182,O=C(O)C=Cc1ccc(O)c(OS(=O)(=O)O)c1,COc1ccc(C=CC(=O)O)cc1OS(=O)(=O)O,medium,0.7,0.9512195121951219,1,c1ccccc1,802,0.21161295934610674,0.6895468219506964,2,0.6895468219506964,1182,1318
1193,1318,M01193,M01318,COc1cc(C=CC(=O)O)ccc1OS(=O)(=O)O,O=C(O)C=Cc1ccc(O)c(OS(=O)(=O)O)c1,medium,0.7,0.9512195121951219,1,c1ccccc1,802,0.21161295934610674,0.6895468219506964,1,0.6895468219506964,1193,1318
1182,1322,M01182,M01322,COc1ccc(C=CC(=O)O)cc1OS(=O)(=O)O,O=C(O)C=Cc1ccc(OS(=O)(=O)O)c(O)c1,medium,0.7,0.9512195121951219,1,c1ccccc1,802,0.21161295934610674,0.6895468219506964,2,0.6895468219506964,1182,1322
1193,1322,M01193,M01322,COc1cc(C=CC(=O)O)ccc1OS(=O)(=O)O,O=C(O)C=Cc1ccc(OS(=O)(=O)O)c(O)c1,medium,0.7,0.9512195121951219,1,c1ccccc1,802,0.21161295934610674,0.6895468219506964,2,0.6895468219506964,1193,1322
2960,2918,M02960,M02918,NC1=NCCN1Cc1ccc(Cl)nc1,O=NNC1=NCCN1Cc1ccc(Cl)nc1,medium,0.6,0.7719298245614035,1,C1=NCCN1Cc1cccnc1,3,0.9088491513636503,0.6893098288448984,1,0.6893098288448984,2918,2960
604,2459,M00604,M02459,CCc1cccc(CC)c1N(COC)C(=O)CS(=O)(=O)O,CCCCOCN(C(=O)CS(=O)(=O)O)c1c(CC)cccc1CC,medium,0.7045454545454546,0.9384615384615385,1,c1ccccc1,802,0.21161295934610674,0.6890846012445733,1,0.6890846012445733,604,2459
239,274,M00239,M00274,O=C(O)C(O)Cc1c[nH]c2ccccc12,NC(Cc1c[nH]c2ccccc12)C(=O)O,medium,0.7027027027027027,0.7428571428571429,1,c1ccc2[nH]ccc2c1,63,0.5442457568182516,0.6889727708586451,1,0.6889727708586451,239,274
2439,2274,M02439,M02274,Cc1nc(N)nc(N)n1,Nc1nc(N)nc(N)n1,medium,0.6153846153846154,0.9166666666666666,1,c1ncncn1,40,0.6028054368020348,0.6888182514177411,1,0.6888182514177411,2274,2439
2307,2732,M02307,M02732,CCCCCCCCOC(=O)c1ccccc1C(=O)OCCCCCCCC,CCCCOC(=O)COC(=O)c1ccccc1C(=O)OCCCC,medium,0.7058823529411765,0.9333333333333333,1,c1ccccc1,802,0.21161295934610674,0.6886046889999552,2,0.6886046889999552,2307,2732
2737,2732,M02737,M02732,CCCCCCCOC(=O)c1ccccc1C(=O)OCCCCCCC,CCCCOC(=O)COC(=O)c1ccccc1C(=O)OCCCC,medium,0.7058823529411765,0.9333333333333333,1,c1ccccc1,802,0.21161295934610674,0.6886046889999552,2,0.6886046889999552,2732,2737
2743,2732,M02743,M02732,CCCCCCCCCOC(=O)c1ccccc1C(=O)OCCCCCCCCC,CCCCOC(=O)COC(=O)c1ccccc1C(=O)OCCCC,medium,0.7058823529411765,0.9333333333333333,1,c1ccccc1,802,0.21161295934610674,0.6886046889999552,2,0.6886046889999552,2732,2743
2735,2732,M02735,M02732,CCCCCCCCCCCCOC(=O)c1ccccc1C(=O)OCCCCCCCCCCCC,CCCCOC(=O)COC(=O)c1ccccc1C(=O)OCCCC,medium,0.7058823529411765,0.9333333333333333,1,c1ccccc1,802,0.21161295934610674,0.6886046889999552,2,0.6886046889999552,2732,2735
2764,2732,M02764,M02732,CCCCCCCCCCOC(=O)c1ccccc1C(=O)OCCCCCCCCCC,CCCCOC(=O)COC(=O)c1ccccc1C(=O)OCCCC,medium,0.7058823529411765,0.9333333333333333,1,c1ccccc1,802,0.21161295934610674,0.6886046889999552,2,0.6886046889999552,2732,2764
2605,2732,M02605,M02732,CCCCCCOC(=O)c1ccccc1C(=O)OCCCCCC,CCCCOC(=O)COC(=O)c1ccccc1C(=O)OCCCC,medium,0.7058823529411765,0.9333333333333333,1,c1ccccc1,802,0.21161295934610674,0.6886046889999552,2,0.6886046889999552,2605,2732
2739,2732,M02739,M02732,CCCCCCCCCCCOC(=O)c1ccccc1C(=O)OCCCCCCCCCCC,CCCCOC(=O)COC(=O)c1ccccc1C(=O)OCCCC,medium,0.7058823529411765,0.9333333333333333,1,c1ccccc1,802,0.21161295934610674,0.6886046889999552,2,0.6886046889999552,2732,2739
1124,395,M01124,M00395,COc1ccc(C(=O)O)cc1OC,COc1cc(C(=O)O)ccc1O,medium,0.7142857142857143,0.9130434782608695,1,c1ccccc1,802,0.21161295934610674,0.6885742420385619,1,0.6885742420385619,395,1124
1319,1124,M01319,M01124,COc1ccc(C(=O)O)cc1O,COc1ccc(C(=O)O)cc1OC,medium,0.7142857142857143,0.9130434782608695,1,c1ccccc1,802,0.21161295934610674,0.6885742420385619,2,0.6885742420385619,1124,1319
3709,3533,M03709,M03533,CCC(C(=O)c1ccc2c(c1)OCO2)N(C)C,CCC(NC)C(=O)c1ccc2c(c1)OCO2,medium,0.627906976744186,0.8095238095238095,1,c1ccc2c(c1)OCO2,15,0.7265474540909509,0.6881072565411067,2,0.6881072565411067,3533,3709
1178,1177,M01178,M01177,COc1cc(C(=O)O)ccc1OC1OC(C(=O)O)C(O)C(O)C1C,O=C(O)c1ccc(O)c(OC2OC(C(=O)O)C(O)C(O)C2O)c1,medium,0.6,0.9032258064516129,1,c1ccc(OC2CCCCO2)cc1,22,0.6788243374826469,0.6876301022353003,2,0.6876301022353003,1177,1178
3296,3300,M03296,M03300,COC(=O)COc1cc(Cl)c(Cl)cc1Cl,COC(=O)COc1ccc(Cl)cc1Cl,medium,0.6764705882352942,1.0,1,c1ccccc1,802,0.21161295934610674,0.6876242968430925,1,0.6876242968430925,3296,3300
3306,3294,M03306,M03294,CCc1cc(OC)c(CCN)cc1OC,COc1cc(CCN)c(OC)cc1C,medium,0.6896551724137931,0.967741935483871,1,c1ccccc1,802,0.21161295934610674,0.6874705312211595,2,0.6874705312211595,3294,3306
641,2057,M00641,M02057,CN(C)C(=O)Nc1ccc(Cl)cc1,CN(C)C(=O)Nc1ccc(Oc2ccc(Cl)cc2)cc1,strong,0.8275862068965517,0.7631578947368421,0,,0,0.0,0.6873411978221415,1,0.6873411978221415,641,2057
3605,3834,M03605,M03834,COP(=S)(OC)Oc1ccc([N+](=O)[O-])c(Cl)c1,COP(=S)(OC)Oc1ccc([N+](=O)[O-])c(C)c1,medium,0.717948717948718,0.8979591836734694,1,c1ccccc1,802,0.21161295934610674,0.687000970589514,1,0.687000970589514,3605,3834
1091,996,M01091,M00996,CC(=O)NC(Cc1cnc[nH]1)C(=O)O,NCCC(=O)NC(Cc1cnc[nH]1)C(=O)O,medium,0.6666666666666666,0.7608695652173914,1,c1c[nH]cn1,29,0.6438836066809098,0.6867999323064843,2,0.6867999323064843,996,1091
2204,2091,M02204,M02091,CON(C)C(=O)Nc1ccc(Cl)cc1,CON(C)C(=O)Nc1ccc(Br)cc1,medium,0.696969696969697,0.9473684210526315,1,c1ccccc1,802,0.21161295934610674,0.686765867346892,1,0.686765867346892,2091,2204
3805,46,M03805,M00046,CCOC1OC(C(=O)O)C(O)C(O)C1O,COC1OC(C(=O)O)C(O)C(O)C1O,medium,0.6451612903225806,0.8,1,C1CCOCC1,25,0.6627017793637848,0.6865020410981162,1,0.6865020410981162,46,3805
729,4082,M00729,M04082,Cc1cc(Cl)ccc1OC(C)C(=O)O,COC(=O)C(C)Oc1ccc(Cl)cc1C,medium,0.7222222222222222,0.8846153846153846,1,c1ccccc1,802,0.21161295934610674,0.6862291233890954,2,0.6862291233890954,729,4082
3163,3161,M03163,M03161,CC(C)=CCC1CC2(CC=C(C)C)C(=O)C(C(=O)CC(C)C)=C(O)OC2=C(C(CC(=O)O)c2ccccc2)C1(C)C,CCC(C)C(=O)C1=C(O)OC2=C(C(CC(=O)O)c3ccccc3)C(C)(C)C(CCC(C)(C)NC(C)=O)CC2(CC=C(C)C)C1=O,medium,0.6265060240963856,0.75,1,O=C1C=COC2=C(Cc3ccccc3)CCCC12,7,0.8176983027273006,0.6860583598669264,2,0.6860583598669264,3161,3163
3581,2854,M03581,M02854,C#CC(C)OC(=O)Nc1cccc(Cl)c1,CC(C)OC(=O)Nc1cccc(Cl)c1,medium,0.717948717948718,0.8928571428571429,1,c1ccccc1,802,0.21161295934610674,0.6857254603854325,1,0.6857254603854325,2854,3581
2406,2407,M02406,M02407,CNC(=O)Oc1cc(C)cc(C)c1,CNC(=O)Oc1cc(C)c(C)c(C)c1,medium,0.7037037037037037,0.9259259259259259,1,c1ccccc1,802,0.21161295934610674,0.6854456476056197,2,0.6854456476056197,2406,2407
1005,116,M01005,M00116,NC1C(O)OC(CO)C(O)C1O,OCC1OC(O)C(O)C(O)C1O,medium,0.6521739130434783,0.7777777777777778,1,C1CCOCC1,25,0.6627017793637848,0.6851540591750992,1,0.6851540591750992,116,1005
1166,54,M01166,M00054,CCCOC(=O)c1cc(O)c(O)c(O)c1,CCOC(=O)c1cc(O)c(O)c(O)c1,medium,0.7241379310344828,0.875,1,c1ccccc1,802,0.21161295934610674,0.6849747025226056,1,0.6849747025226056,54,1166
3538,2364,M03538,M02364,CN(C)C(=O)OC1N=C(c2ccccc2)c2cc(Cl)ccc2N(C)C1=O,CN1C(=O)C(O)N=C(c2ccccc2)c2cc(Cl)ccc21,medium,0.6481481481481481,0.7857142857142857,1,O=C1CN=C(c2ccccc2)c2ccccc2N1,25,0.6627017793637848,0.6847227272220281,1,0.6847227272220281,2364,3538
3723,4344,M03723,M04344,CCN(CC)CCN1c2ccccc2Sc2ccccc21,CN(C)CCCN1c2ccccc2Sc2ccccc21,medium,0.6111111111111112,0.8409090909090909,1,c1ccc2c(c1)Nc1ccccc1S2,16,0.7185751418868361,0.6846802106769648,1,0.6846802106769648,3723,4344
4270,4129,M04270,M04129,CCCC(NC)C(=O)c1ccc2c(c1)OCO2,CNC(C)C(=O)c1ccc2c(c1)OCO2,medium,0.6428571428571429,0.7560975609756098,1,c1ccc2c(c1)OCO2,15,0.7265474540909509,0.6837207940718308,1,0.6837207940718308,4129,4270
3133,3132,M03133,M03132,C=C(C)C(CC=C(C)C)Cc1c(O)cc(OC)c2c1OC(c1ccc(O)cc1O)CC2=O,C=C(C)C(CCC(C)(C)O)Cc1c(O)cc(O)c2c1OC(c1ccc(O)cc1O)CC2=O,medium,0.625,0.8,1,O=C1CC(c2ccccc2)Oc2ccccc21,16,0.7185751418868361,0.6827862712830254,1,0.6827862712830254,3132,3133
2623,3881,M02623,M03881,CCOc1cc(Oc2ccc(C(F)(F)F)cc2Cl)ccc1[N+](=O)[O-],CCOC(=O)COC(=O)c1cc(Oc2ccc(C(F)(F)F)cc2Cl)ccc1[N+](=O)[O-],medium,0.639344262295082,0.8103448275862069,1,c1ccc(Oc2ccccc2)cc1,29,0.6438836066809098,0.6827753052757374,1,0.6827753052757374,2623,3881
430,698,M00430,M00698,Cc1cc(Cl)ccc1OCC(=O)O,O=C(O)COc1ccc(Cl)cc1Cl,medium,0.696969696969697,0.9310344827586207,1,c1ccccc1,802,0.21161295934610674,0.6826823827733893,1,0.6826823827733893,430,698
2492,4732,M02492,M04732,CCCCCCCCCCCCc1ccccc1S(=O)(=O)O,CCCCCCCCCCCCc1ccccc1S(=O)(=O)[O-],medium,0.7058823529411765,0.9069767441860465,1,c1ccccc1,802,0.21161295934610674,0.6820155417131335,1,0.6820155417131335,2492,4732
137,211,M00137,M00211,O=C(O)c1ccc(O)cc1O,O=C(O)c1cc(O)ccc1O,medium,0.6666666666666666,1.0,1,c1ccccc1,802,0.21161295934610674,0.6817419439019159,1,0.6817419439019159,137,211
701,4743,M00701,M04743,CC(Oc1ccc(Cl)cc1Cl)C(=O)O,CC(Oc1cc(Cl)c(Cl)cc1Cl)C(=O)O,medium,0.6666666666666666,1.0,1,c1ccccc1,802,0.21161295934610674,0.6817419439019159,2,0.6817419439019159,701,4743
3735,1942,M03735,M01942,COP(=O)(OC)OC(=CCl)c1ccc(Cl)cc1Cl,CCOP(=O)(OCC)OC(=CCl)c1ccc(Cl)cc1Cl,medium,0.75,0.8,1,c1ccccc1,802,0.21161295934610674,0.6817419439019159,2,0.6817419439019159,1942,3735
396,159,M00396,M00159,COc1cc(C=O)ccc1O,COc1cc(C=CC=O)ccc1O,medium,0.6875,0.95,1,c1ccccc1,802,0.21161295934610674,0.6817419439019159,1,0.6817419439019159,159,396
4627,4359,M04627,M04359,CN(CCO)CC(O)Cn1cnc2c1c(=O)n(C)c(=O)n2C,CC(O)Cn1cnc2c1c(=O)n(C)c(=O)n2C,medium,0.625,0.8,1,O=c1[nH]c(=O)c2[nH]cnc2[nH]1,17,0.7110586460049512,0.6816587969007426,2,0.6816587969007426,4359,4627
3876,3879,M03876,M03879,CN1C(=O)CN=C(c2ccccc2F)c2cc([N+](=O)[O-])ccc21,O=C1CN=C(c2ccccc2F)c2cc([N+](=O)[O-])ccc2N1,medium,0.6,0.8870967741935484,1,O=C1CN=C(c2ccccc2)c2ccccc2N1,25,0.6627017793637848,0.6811794604529549,2,0.6811794604529549,3876,3879
1296,33,M01296,M00033,O=c1c(OC2OC(CO)C(O)C(O)C2O)c(-c2ccc(OS(=O)(=O)O)c(O)c2)oc2cc(O)cc(O)c12,O=c1c(OC2OC(CO)C(O)C(O)C2O)c(-c2ccc(OC3OC(CO)C(O)C(O)C3O)c(O)c2)oc2cc(O)cc(O)c12,strong,0.8548387096774194,0.6724137931034483,0,,0,0.0,0.6810066740823137,1,0.6810066740823137,33,1296
4069,4072,M04069,M04072,CC(Cc1ccc2c(c1)OCO2)N(C)C,CNC(C)Cc1ccc2c(c1)OCO2,medium,0.6216216216216216,0.7948717948717948,1,c1ccc2c(c1)OCO2,15,0.7265474540909509,0.6806730398045643,1,0.6806730398045643,4069,4072
640,2204,M00640,M02204,CON(C)C(=O)Nc1ccc(Cl)c(Cl)c1,CON(C)C(=O)Nc1ccc(Cl)cc1,medium,0.6857142857142857,0.9487179487179487,1,c1ccccc1,802,0.21161295934610674,0.6803500025099746,2,0.6803500025099746,640,2204
3749,3699,M03749,M03699,CC(C)N(CCc1c[nH]c2ccccc12)C(C)C,CCN(CC)CCc1c[nH]c2ccccc12,medium,0.6486486486486487,0.8378378378378378,1,c1ccc2[nH]ccc2c1,63,0.5442457568182516,0.6802855121713863,2,0.6802855121713863,3699,3749
1675,3493,M01675,M03493,CC(CCCC(C)C1CCC2C3CCC4=CC(=O)C=CC4(C)C3CCC12C)C(=O)O,CC12C=CC(=O)C=C1CCC1C2CCC2(C)C(O)CCC12,medium,0.6101694915254238,0.8205128205128205,1,O=C1C=CC2C(=C1)CCC1C3CCCC3CCC21,15,0.7265474540909509,0.680212018157102,1,0.680212018157102,1675,3493
1151,197,M01151,M00197,COc1c(O)cc2oc(-c3ccc(O)c(O)c3)cc(=O)c2c1O,COc1ccc(-c2cc(=O)c3c(OC)c(OC)c(OC)cc3o2)cc1O,medium,0.625,0.8529411764705882,1,O=c1cc(-c2ccccc2)oc2ccccc12,37,0.6127978022039184,0.6801549644482349,1,0.6801549644482349,197,1151
1144,395,M01144,M00395,COC(=O)c1ccc(O)c(OC)c1,COc1cc(C(=O)O)ccc1O,medium,0.7,0.9130434782608695,1,c1ccccc1,802,0.21161295934610674,0.6800028134671333,1,0.6800028134671333,395,1144
1136,229,M01136,M00229,Cc1ccc(C(=O)NCC(=O)O)cc1,O=C(O)CNC(=O)c1ccccc1,medium,0.6785714285714286,0.9642857142857143,1,c1ccccc1,802,0.21161295934610674,0.6799562296162017,1,0.6799562296162017,229,1136
2623,3339,M02623,M03339,CCOc1cc(Oc2ccc(C(F)(F)F)cc2Cl)ccc1[N+](=O)[O-],O=C(O)c1cc(Oc2ccc(C(F)(F)F)cc2Cl)ccc1[N+](=O)[O-],medium,0.6481481481481481,0.7777777777777778,1,c1ccc(Oc2ccccc2)cc1,29,0.6438836066809098,0.6799158743354698,2,0.6799158743354698,2623,3339
3294,3295,M03294,M03295,COc1cc(CCN)c(OC)cc1C,CCCc1cc(OC)c(CCN)cc1OC,medium,0.6896551724137931,0.9375,1,c1ccccc1,802,0.21161295934610674,0.6799100473501918,2,0.6799100473501918,3294,3295
1460,82,M01460,M00082,NC(=O)Cc1c[nH]c2ccccc12,O=C(O)Cc1c[nH]c2ccccc12,medium,0.71875,0.6666666666666666,1,c1ccc2[nH]ccc2c1,63,0.5442457568182516,0.6795535301894043,1,0.6795535301894043,82,1460
3349,4155,M03349,M04155,CC(C)(C)C(NC(=O)c1cn(CCCCCF)c2ccccc12)C(N)=O,COC(=O)C(NC(=O)c1cn(CCCCCF)c2ccccc12)C(C)C,medium,0.6610169491525424,0.8035714285714286,1,c1ccc2[nH]ccc2c1,63,0.5442457568182516,0.6791398901571203,2,0.6791398901571203,3349,4155
1144,107,M01144,M00107,COC(=O)c1ccc(O)c(OC)c1,COc1cc(C(C)=O)ccc1O,medium,0.7,0.9090909090909091,1,c1ccccc1,802,0.21161295934610674,0.6790146711746432,2,0.6790146711746432,107,1144
1112,1161,M01112,M01161,COc1cc(CC(=O)O)ccc1O,COc1cc(CCC(=O)O)ccc1O,medium,0.7058823529411765,0.8928571428571429,1,c1ccccc1,802,0.21161295934610674,0.6784856413809076,2,0.6784856413809076,1112,1161
1151,276,M01151,M00276,COc1c(O)cc2oc(-c3ccc(O)c(O)c3)cc(=O)c2c1O,O=c1cc(-c2ccc(O)c(O)c2)oc2cc(O)cc(O)c12,medium,0.6,0.90625,1,O=c1cc(-c2ccccc2)oc2ccccc12,37,0.6127978022039184,0.6784821703305878,2,0.6784821703305878,276,1151
800,4566,M00800,M04566,CCN(CC)CC(=O)Nc1c(C)cccc1C,CCN(CC)CC(=O)Nc1c(C)cccc1C(=O)OC,medium,0.7368421052631579,0.8181818181818182,1,c1ccccc1,802,0.21161295934610674,0.6783926616052652,1,0.6783926616052652,800,4566
4069,4066,M04069,M04066,CC(Cc1ccc2c(c1)OCO2)N(C)C,CC(N)Cc1ccc2c(c1)OCO2,medium,0.6571428571428571,0.7,1,c1ccc2c(c1)OCO2,15,0.7265474540909509,0.678267832399357,2,0.678267832399357,4066,4069
1247,1249,M01247,M01249,CS(=O)CCCC(=NOS(=O)(=O)O)SC1OC(CO)C(O)C(O)C1O,C=CCC(=NOS(=O)(=O)O)SC1OC(CO)C(O)C(O)C1O,medium,0.6181818181818182,0.8309859154929577,1,C1CCOCC1,25,0.6627017793637848,0.6780608366868981,2,0.6780608366868981,1247,1249
2164,2747,M02164,M02747,CCC(C)c1ccccc1OC(=O)NC,CNC(=O)Oc1ccccc1C(C)C,medium,0.7142857142857143,0.8709677419354839,1,c1ccccc1,802,0.21161295934610674,0.6780553079572155,1,0.6780553079572155,2164,2747
3973,3992,M03973,M03992,CCCn1c(C)c(C(=O)c2cccc3ccccc23)c2ccccc21,CCCCn1c(O)c(C(=O)c2cccc3ccccc23)c2ccccc21,medium,0.6808510638297872,0.7142857142857143,1,O=C(c1cccc2ccccc12)c1c[nH]c2ccccc12,39,0.6060525864057348,0.6779899548301611,1,0.6779899548301611,3973,3992
3519,3520,M03519,M03520,Cc1ccc(Cl)c(OCC(O)CNC(C)(C)C)c1,CC(C)(C)NCC(O)COc1cc(C(=O)O)ccc1Cl,medium,0.6956521739130435,0.9148936170212766,1,c1ccccc1,802,0.21161295934610674,0.6778566525050612,1,0.6778566525050612,3519,3520
8,32,M00008,M00032,Oc1ccc(C=Cc2cc(O)cc(O)c2)cc1,COc1cc(C=Cc2ccc(O)cc2)cc(OC)c1,medium,0.6296296296296297,0.7272727272727273,1,C(=Cc1ccccc1)c1ccccc1,9,0.7883542836784342,0.6778491021477248,2,0.6778491021477248,8,32
3404,3405,M03404,M03405,CCNC(C)Cc1ccccc1,CCCNC(C)Cc1ccccc1,medium,0.7142857142857143,0.8695652173913043,1,c1ccccc1,802,0.21161295934610674,0.6777046768211706,1,0.6777046768211706,3404,3405
2697,3094,M02697,M03094,CC(C)=CCOc1c2occc2cc2ccc(=O)oc12,COc1c2occc2cc2ccc(=O)oc12,medium,0.6136363636363636,0.7368421052631579,1,O=c1ccc2cc3ccoc3cc2o1,6,0.8352580650673657,0.6776810542577125,1,0.6776810542577125,2697,3094
1309,1315,M01309,M01315,O=S(=O)(O)Oc1cccc(O)c1O,COc1cccc(OS(=O)(=O)O)c1O,medium,0.6896551724137931,0.925,1,c1ccccc1,802,0.21161295934610674,0.6767850473501918,2,0.6767850473501918,1309,1315
1572,151,M01572,M00151,CCCCCCCCC=CCCCCCCCC(=O)OC1CCC2(C)C(=CCC3C2CCC2(C)C(C(C)CCCC(C)C)CCC32)C1,CC(C)CCCC(C)C1CCC2C3CC=C4CC(O)CCC4(C)C3CCC12C,medium,0.6164383561643836,0.7948717948717948,1,C1=C2CCCCC2C2CCC3CCCC3C2C1,16,0.7185751418868361,0.6763672336996043,1,0.6763672336996043,151,1572
3737,2824,M03737,M02824,CC(CN1c2ccccc2Sc2ccc(S(=O)(=O)N(C)C)cc21)N(C)C,CC(CN1c2ccccc2Sc2ccccc21)N(C)C,medium,0.6744186046511628,0.6551724137931034,1,c1ccc2c(c1)Nc1ccccc1S2,16,0.7185751418868361,0.6762305375219989,1,0.6762305375219989,2824,3737
1991,2078,M01991,M02078,CNC(=O)Oc1ccc(N(C)C)c(C)c1,CNC(=O)Oc1cc(C)c(N(C)C)c(C)c1,medium,0.6571428571428571,1.0,1,c1ccccc1,802,0.21161295934610674,0.6760276581876303,1,0.6760276581876303,1991,2078
4170,851,M04170,M00851,Oc1ccc2c3c1OC1C(O)C=CC4C(C2)NCCC341,CN1CCC23c4c5ccc(O)c4OC2C(O)C=CC3C1C5,medium,0.6071428571428571,0.7647058823529411,1,C1=CC2C3Cc4cccc5c4C2(CCN3)C(C1)O5,8,0.802209494641301,0.6757936090701447,2,0.6757936090701447,851,4170
704,3710,M00704,M03710,COc1c(Cl)ccc(Cl)c1C(=O)O,COC(=O)c1c(Cl)ccc(Cl)c1OC,medium,0.6896551724137931,0.92,1,c1ccccc1,802,0.21161295934610674,0.6755350473501919,1,0.6755350473501919,704,3710
1323,1181,M01323,M01181,COc1cc(CCC(=O)O)ccc1OC1OC(C(=O)O)C(O)C(O)C1O,COc1cc(C=CC(=O)O)ccc1OC1OC(C(=O)O)C(O)C(O)C1O,medium,0.6181818181818182,0.8108108108108109,1,c1ccc(OC2CCCCO2)cc1,22,0.6788243374826469,0.6754354442341907,2,0.6754354442341907,1181,1323
720,741,M00720,M00741,CN(C)S(=O)(=O)Nc1ccccc1,Cc1ccc(NS(=O)(=O)N(C)C)cc1,medium,0.6666666666666666,0.9743589743589743,1,c1ccccc1,802,0.21161295934610674,0.6753316874916595,1,0.6753316874916595,720,741
607,604,M00607,M00604,CCOCN(C(=O)CS(=O)(=O)O)c1c(C)cccc1CC,CCc1cccc(CC)c1N(COC)C(=O)CS(=O)(=O)O,medium,0.6818181818181818,0.9375,1,c1ccccc1,802,0.21161295934610674,0.675207852992825,1,0.675207852992825,604,607
1819,1175,M01819,M01175,CC(=O)Nc1ccc(OC2OC(C(=O)O)C(O)C(O)C2O)cc1,O=C(O)c1ccc(OC2OC(C(=O)O)C(O)C(O)C2O)cc1,medium,0.6511627906976745,0.7297297297297297,1,c1ccc(OC2CCCCO2)cc1,22,0.6788243374826469,0.6749537574734341,2,0.6749537574734341,1175,1819
2459,607,M02459,M00607,CCCCOCN(C(=O)CS(=O)(=O)O)c1c(CC)cccc1CC,CCOCN(C(=O)CS(=O)(=O)O)c1c(C)cccc1CC,medium,0.6808510638297872,0.9384615384615385,1,c1ccccc1,802,0.21161295934610674,0.6748679668151729,2,0.6748679668151729,607,2459
2051,695,M02051,M00695,CCNc1nc(Cl)nc(N(CC)CC)n1,CCNc1nc(Cl)nc(NCC)n1,medium,0.6428571428571429,0.7948717948717948,1,c1ncncn1,40,0.6028054368020348,0.6748530499525397,1,0.6748530499525397,695,2051
3517,4267,M03517,M04267,CCC(NC)C(=O)c1ccccc1,CCCC(NC)C(=O)c1ccccc1,medium,0.7419354838709677,0.7916666666666666,1,c1ccccc1,802,0.21161295934610674,0.6748199008911633,2,0.6748199008911633,3517,4267
4234,4233,M04234,M04233,CNCCOC(c1ccccc1)c1ccccc1C,Cc1ccccc1C(OCCN(C)C)c1ccccc1,medium,0.6410256410256411,0.7837837837837838,1,c1ccc(Cc2ccccc2)cc1,33,0.6274242932504864,0.6746749745489036,1,0.6746749745489036,4233,4234
3203,3235,M03203,M03235,CCN=C1NC(=NC(C)C)NC(OC)N1,CCN=C1NC(=NC(C)C)NC(SC)N1,medium,0.6216216216216216,0.7045454545454546,1,N=C1NCNC(=N)N1,6,0.8352580650673657,0.6743980463694415,2,0.6743980463694415,3203,3235
4071,4066,M04071,M04066,CCNC(C)Cc1ccc2c(c1)OCO2,CC(N)Cc1ccc2c(c1)OCO2,medium,0.6216216216216216,0.7692307692307693,1,c1ccc2c(c1)OCO2,15,0.7265474540909509,0.6742627833943079,2,0.6742627833943079,4066,4071
992,856,M00992,M00856,CC(NC(=O)C(Cc1ccccc1)NC(=O)C(N)CC(=O)O)C(=O)O,COC(=O)C(Cc1ccccc1)NC(=O)C(N)CC(=O)O,medium,0.6888888888888889,0.9166666666666666,1,c1ccccc1,802,0.21161295934610674,0.6742419439019159,1,0.6742419439019159,856,992
3303,3308,M03303,M03308,COc1cc(CCN)c(OC)cc1Br,COc1cc(CCN)c(OC)cc1I,medium,0.6774193548387096,0.9411764705882353,1,c1ccccc1,802,0.21161295934610674,0.6734876744522006,1,0.6734876744522006,3303,3308
3598,3597,M03598,M03597,CC(CCCNCCO)Nc1ccnc2cc(Cl)ccc12,CCN(CC)CCCC(C)Nc1ccnc2cc(Cl)ccc12,medium,0.6481481481481481,0.7272727272727273,1,c1ccc2ncccc2c1,21,0.6846698721617894,0.6734075515313391,2,0.6734075515313391,3597,3598
1460,1470,M01460,M01470,NC(=O)Cc1c[nH]c2ccccc12,NC(=O)C(N)Cc1c[nH]c2ccccc12,medium,0.6216216216216216,0.875,1,c1ccc2[nH]ccc2c1,63,0.5442457568182516,0.6733598364957106,2,0.6733598364957106,1460,1470
615,2653,M00615,M02653,CCN(CC)C(=O)C(C)Oc1cccc2ccccc12,CCNC(=O)C(C)Oc1cccc2ccccc12,medium,0.627906976744186,0.775,1,c1ccc2ccccc2c1,21,0.6846698721617894,0.67319466687078,1,0.67319466687078,615,2653
1671,4857,M01671,M04857,CC(CCCC(C)C1CCC2C3CCC4=CC(=O)CCC4(C)C3CCC12C)C(=O)O,CC12CCC(=O)C=C1CCC1C2CCC2(C)C(O)CCC12,medium,0.603448275862069,0.8461538461538461,1,O=C1C=C2CCC3C4CCCC4CCC3C2CC1,25,0.6627017793637848,0.6730126939602706,2,0.6730126939602706,1671,4857
2610,817,M02610,M00817,CCS(=O)c1c(C#N)nn(-c2c(Cl)cc(C(F)(F)F)cc2Cl)c1N,N#Cc1nn(-c2c(Cl)cc(C(F)(F)F)cc2Cl)c(N)c1C(F)(F)F,medium,0.6274509803921569,0.6724137931034483,1,c1ccc(-n2cccn2)cc1,5,0.8555293230024756,0.6729034349615275,2,0.6729034349615275,817,2610
107,395,M00107,M00395,COc1cc(C(C)=O)ccc1O,COc1cc(C(=O)O)ccc1O,medium,0.7241379310344828,0.8260869565217391,1,c1ccccc1,802,0.21161295934610674,0.6727464416530404,2,0.6727464416530404,107,395
215,213,M00215,M00213,CC(C)=CCCC(C)=CCOC(=O)Cc1ccccc1,CC(C)=CCCC(C)=CCOC(=O)c1ccccc1,medium,0.6666666666666666,0.9629629629629629,1,c1ccccc1,802,0.21161295934610674,0.6724826846426567,1,0.6724826846426567,213,215
1015,987,M01015,M00987,CNCC(O)c1ccc(O)c(OC)c1,CNCC(O)c1ccc(O)c(O)c1,medium,0.6764705882352942,0.9393939393939394,1,c1ccccc1,802,0.21161295934610674,0.6724727816915773,1,0.6724727816915773,987,1015
2219,3222,M02219,M03222,CCOP(=O)(OCC)Oc1ccc([N+](=O)[O-])cc1,CCOP(=S)(OCC)Oc1ccc([N+](=O)[O-])cc1,medium,0.6944444444444444,0.8958333333333334,1,c1ccccc1,802,0.21161295934610674,0.672366943901916,1,0.672366943901916,2219,3222
2254,718,M02254,M00718,CCOP(=S)(OCC)Oc1cc(C)nc(N(CC)CC)n1,CCOP(=S)(OCC)Oc1cc(C)nc(C(C)C)n1,medium,0.6046511627906976,0.8070175438596491,1,c1cncnc1,16,0.7185751418868361,0.6723313549223563,2,0.6723313549223563,718,2254
4114,889,M04114,M00889,CNC(C)C(=O)c1ccccc1,CNC(C)C(=O)c1ccc(C)cc1,medium,0.6785714285714286,0.9333333333333333,1,c1ccccc1,802,0.21161295934610674,0.6722181343781064,1,0.6722181343781064,889,4114
2378,2406,M02378,M02406,CNC(=O)Oc1cccc(C)c1,CNC(=O)Oc1cc(C)cc(C)c1,medium,0.6666666666666666,0.96,1,c1ccccc1,802,0.21161295934610674,0.6717419439019159,1,0.6717419439019159,2378,2406
430,4065,M00430,M04065,Cc1cc(Cl)ccc1OCC(=O)O,COC(=O)COc1ccc(Cl)cc1C,medium,0.7142857142857143,0.84375,1,c1ccccc1,802,0.21161295934610674,0.6712508724733446,2,0.6712508724733446,430,4065
3430,2274,M03430,M02274,Nc1nc(N)nc(Cl)n1,Nc1nc(N)nc(N)n1,medium,0.6153846153846154,0.8461538461538461,1,c1ncncn1,40,0.6028054368020348,0.671190046289536,1,0.671190046289536,2274,3430
3800,649,M03800,M00649,COC(=O)CCc1ccc(OCC(O)CNC(C)C)cc1,COCCc1ccc(OCC(O)CNC(C)C)cc1,medium,0.7045454545454546,0.8666666666666667,1,c1ccccc1,802,0.21161295934610674,0.6711358832958554,1,0.6711358832958554,649,3800
3298,3300,M03298,M03300,COC(=O)CCCOc1ccc(Cl)cc1Cl,COC(=O)COc1ccc(Cl)cc1Cl,medium,0.7027027027027027,0.8709677419354839,1,c1ccccc1,802,0.21161295934610674,0.6711055010074086,1,0.6711055010074086,3298,3300
3973,3978,M03973,M03978,CCCn1c(C)c(C(=O)c2cccc3ccccc23)c2ccccc21,CCCCCn1c(O)c(C(=O)c2cccc3ccccc23)c2ccccc21,medium,0.6666666666666666,0.72,1,O=C(c1cccc2ccccc12)c1c[nH]c2ccccc12,39,0.6060525864057348,0.6709078879608602,2,0.6709078879608602,3973,3978
1462,1461,M01462,M01461,COC(=O)Cc1c[nH]c2ccccc12,O=C([O-])Cc1c[nH]c2ccccc12,medium,0.6388888888888888,0.8214285714285714,1,c1ccc2[nH]ccc2c1,63,0.5442457568182516,0.6703273397132138,2,0.6703273397132138,1461,1462
1932,2005,M01932,M02005,COP(=S)(NC(C)C)Oc1ccccc1C(=O)OC(C)C,COP(N)(=S)Oc1ccccc1C(=O)OC(C)C,medium,0.6666666666666666,0.9534883720930233,1,c1ccccc1,802,0.21161295934610674,0.6701140369251718,2,0.6701140369251718,1932,2005
2477,2479,M02477,M02479,CC(C)NCC(O)COc1ccc(COCC(=O)O)cc1,CC(C)NCC(O)COc1ccc(COCCO)cc1,medium,0.6956521739130435,0.8837209302325582,1,c1ccccc1,802,0.21161295934610674,0.6700634808078816,2,0.6700634808078816,2477,2479
2414,3823,M02414,M03823,CCOC(=O)C1=C(COCCN)NC(C)=C(C(=O)OC)C1c1ccccc1Cl,CCOC(=O)C1=C(C)NC(C)=C(C(=O)OC)C1c1cccc(Cl)c1Cl,medium,0.6140350877192983,0.7142857142857143,1,C1=CC(c2ccccc2)C=CN1,7,0.8176983027273006,0.6696472266121025,1,0.6696472266121025,2414,3823
1808,2133,M01808,M02133,CC(C)=CCCC(C)=CC=CC(C)=CC=CC(C)=CC=CC=C(C)C=CC=C(C)C=CC1=C(C)CCCC1(C)C,CC(C=CC1=C(C)CCCC1(C)C)=CC=CC(C)=CC(=O)O,medium,0.6153846153846154,0.72,1,C1=CCCCC1,8,0.802209494641301,0.6695621934269643,2,0.6695621934269643,1808,2133
2407,920,M02407,M00920,CNC(=O)Oc1cc(C)c(C)c(C)c1,CNC(=O)Oc1cc(C)c(SC)c(C)c1,medium,0.7,0.8709677419354839,1,c1ccccc1,802,0.21161295934610674,0.6694838793857869,2,0.6694838793857869,920,2407
761,763,M00761,M00763,CC(C)N(C(=O)C(=O)O)c1ccc(F)cc1,CC(C)N(C(=O)C(=O)O)c1ccccc1,medium,0.7,0.8709677419354839,1,c1ccccc1,802,0.21161295934610674,0.6694838793857869,1,0.6694838793857869,761,763
698,4697,M00698,M04697,O=C(O)COc1ccc(Cl)cc1Cl,O=C(O)COc1cc(Cl)c(Cl)cc1Cl,medium,0.6451612903225806,1.0,1,c1ccccc1,802,0.21161295934610674,0.6688387180954644,2,0.6688387180954644,698,4697
3524,703,M03524,M00703,CCCCOCN(C(=O)CCl)c1c(CC)cccc1CC,CCc1cccc(CC)c1N(COC)C(=O)CCl,medium,0.6829268292682927,0.9090909090909091,1,c1ccccc1,802,0.21161295934610674,0.6687707687356189,1,0.6687707687356189,703,3524
2499,2514,M02499,M02514,CCOC(=O)c1ccc(O)cc1,CCCOC(=O)c1ccc(O)cc1,medium,0.7142857142857143,0.8333333333333334,1,c1ccccc1,802,0.21161295934610674,0.6686467058066778,1,0.6686467058066778,2499,2514
1250,1249,M01250,M01249,CS(=O)CCCCC(=NOS(=O)(=O)O)SC1OC(CO)C(O)C(O)C1O,C=CCC(=NOS(=O)(=O)O)SC1OC(CO)C(O)C(O)C1O,medium,0.6071428571428571,0.8194444444444444,1,C1CCOCC1,25,0.6627017793637848,0.6685520923013931,2,0.6685520923013931,1249,1250
982,82,M00982,M00082,O=C(O)Cc1c[nH]c2ccc(O)cc12,O=C(O)Cc1c[nH]c2ccccc12,medium,0.6285714285714286,0.8387096774193549,1,c1ccc2[nH]ccc2c1,63,0.5442457568182516,0.6684571400204335,2,0.6684571400204335,82,982
2649,4649,M02649,M04649,CCCN(CCOc1c(Cl)cc(Cl)cc1Cl)C(N)=O,CCCN(CCOc1c(Cl)cc(Cl)cc1Cl)C(=O)NC=O,medium,0.6818181818181818,0.9090909090909091,1,c1ccccc1,802,0.21161295934610674,0.6681055802655523,1,0.6681055802655523,2649,4649
3858,3480,M03858,M03480,CC(C)OC(=O)C(C)N(C(=O)c1ccccc1)c1ccc(F)c(Cl)c1,CCOC(=O)C(C)N(C(=O)c1ccccc1)c1ccc(Cl)c(Cl)c1,medium,0.6,0.7857142857142857,1,O=C(Nc1ccccc1)c1ccccc1,13,0.744107216431016,0.6680446538932238,2,0.6680446538932238,3480,3858
365,199,M00365,M00199,COc1cc(C=CC(=O)O)cc(OC)c1O,COc1cc(C=CC(=O)O)ccc1O,medium,0.6764705882352942,0.92,1,c1ccccc1,802,0.21161295934610674,0.6676242968430924,2,0.6676242968430924,199,365
3978,3979,M03978,M03979,CCCCCn1c(O)c(C(=O)c2cccc3ccccc23)c2ccccc21,CCCCCn1cc(C(=O)c2cccc3ccccc23)c2c(O)cccc21,medium,0.6111111111111112,0.8367346938775511,1,O=C(c1cccc2ccccc12)c1c[nH]c2ccccc12,39,0.6060525864057348,0.6667582280969147,2,0.6667582280969147,3978,3979
3357,3358,M03357,M03358,CCCSc1ccc2nc(NC(=O)OC)[nH]c2c1,CCCS(=O)(=O)c1ccc2nc(NC(=O)OC)[nH]c2c1,medium,0.6037735849056604,0.75,1,c1ccc2[nH]cnc2c1,10,0.7758207207981391,0.666137259063117,2,0.666137259063117,3357,3358
67,4342,M00067,M04342,O=C(O)C1CCCN1,NC(=O)C1CCCN1,medium,0.625,0.7058823529411765,1,C1CCNC1,11,0.7643784743661259,0.6661273593902131,1,0.6661273593902131,67,4342
4618,789,M04618,M00789,COc1ccc(C(C[N+](C)(C)[O-])C2(O)CCCCC2)cc1,CNCC(c1ccc(OC)cc1)C1(O)CCCCC1,medium,0.6363636363636364,0.6538461538461539,1,c1ccc(CC2CCCCC2)cc1,8,0.802209494641301,0.6656111444759154,2,0.6656111444759154,789,4618
387,237,M00387,M00237,OCCc1c[nH]c2ccccc12,O=C(O)CCc1c[nH]c2ccccc12,medium,0.6363636363636364,0.8064516129032258,1,c1ccc2[nH]ccc2c1,63,0.5442457568182516,0.6650679485667259,1,0.6650679485667259,237,387
239,82,M00239,M00082,O=C(O)C(O)Cc1c[nH]c2ccccc12,O=C(O)Cc1c[nH]c2ccccc12,medium,0.6111111111111112,0.8666666666666667,1,c1ccc2[nH]ccc2c1,63,0.5442457568182516,0.6649701968560711,2,0.6649701968560711,82,239
229,1195,M00229,M01195,O=C(O)CNC(=O)c1ccccc1,O=C(O)CNC(=O)c1ccc(O)cc1,medium,0.7037037037037037,0.84375,1,c1ccccc1,802,0.21161295934610674,0.6649016661241383,2,0.6649016661241383,229,1195
890,4110,M00890,M04110,CCC(=O)C(CC(C)N(C)C)(c1ccccc1)c1ccccc1,CCC(=O)C(CCN(C)C)(c1ccccc1)c1ccccc1,medium,0.6052631578947368,0.8285714285714286,1,c1ccc(Cc2ccccc2)cc1,33,0.6274242932504864,0.6644143958672721,1,0.6644143958672721,890,4110
4050,3716,M04050,M03716,CN1C(=O)C(O)N=C(c2ccccc2Cl)c2cc(Cl)ccc21,CN1C(=O)CN=C(c2ccccc2Cl)c2cc(Cl)ccc21,medium,0.6,0.82,1,O=C1CN=C(c2ccccc2)c2ccccc2N1,25,0.6627017793637848,0.6644052669045677,2,0.6644052669045677,3716,4050
1140,1144,M01140,M01144,COC(=O)c1ccc(O)c(O)c1,COC(=O)c1ccc(O)c(OC)c1,medium,0.6896551724137931,0.875,1,c1ccccc1,802,0.21161295934610674,0.6642850473501918,1,0.6642850473501918,1140,1144
3835,4743,M03835,M04743,COC(=O)C(C)Oc1cc(Cl)c(Cl)cc1Cl,CC(Oc1cc(Cl)c(Cl)cc1Cl)C(=O)O,medium,0.6875,0.88,1,c1ccccc1,802,0.21161295934610674,0.6642419439019159,2,0.6642419439019159,3835,4743
101,8,M00101,M00008,Oc1ccc(C=Cc2ccccc2)cc1,Oc1ccc(C=Cc2cc(O)cc(O)c2)cc1,medium,0.6086956521739131,0.7222222222222222,1,C(=Cc1ccccc1)c1ccccc1,9,0.7883542836784342,0.6640260894116685,1,0.6640260894116685,8,101
1264,1263,M01264,M01263,COc1cccc(C=CC(=O)O)c1,COc1ccc(C=CC(=O)O)cc1,medium,0.6363636363636364,1.0,1,c1ccccc1,802,0.21161295934610674,0.6635601257200978,1,0.6635601257200978,1263,1264
4115,4116,M04115,M04116,CNC(C)C(=O)c1cccc(F)c1,CNC(C)C(=O)c1ccc(F)cc1,medium,0.6363636363636364,1.0,1,c1ccccc1,802,0.21161295934610674,0.6635601257200978,1,0.6635601257200978,4115,4116
1315,1311,M01315,M01311,COc1cccc(OS(=O)(=O)O)c1O,COc1c(O)cccc1OS(=O)(=O)O,medium,0.6363636363636364,1.0,1,c1ccccc1,802,0.21161295934610674,0.6635601257200978,2,0.6635601257200978,1311,1315
1138,1136,M01138,M01136,Cc1cccc(C(=O)NCC(=O)O)c1,Cc1ccc(C(=O)NCC(=O)O)cc1,medium,0.6363636363636364,1.0,1,c1ccccc1,802,0.21161295934610674,0.6635601257200978,1,0.6635601257200978,1136,1138
2806,4717,M02806,M04717,Cc1cc(C(C)(C)C)c(O)c(C(C)(C)C)c1,CC(C)(C)c1cc(C(C)(C)C)c(O)c(C(C)(C)C)c1,medium,0.6363636363636364,1.0,1,c1ccccc1,802,0.21161295934610674,0.6635601257200978,1,0.6635601257200978,2806,4717
1179,1176,M01179,M01176,COc1cc(C(=O)O)ccc1OS(=O)(=O)O,O=C(O)c1ccc(O)c(OS(=O)(=O)O)c1,medium,0.6571428571428571,0.95,1,c1ccccc1,802,0.21161295934610674,0.6635276581876303,1,0.6635276581876303,1176,1179
1179,1186,M01179,M01186,COc1cc(C(=O)O)ccc1OS(=O)(=O)O,O=C(O)c1ccc(OS(=O)(=O)O)c(O)c1,medium,0.6571428571428571,0.95,1,c1ccccc1,802,0.21161295934610674,0.6635276581876303,2,0.6635276581876303,1179,1186
1189,1176,M01189,M01176,COc1ccc(C(=O)O)cc1OS(=O)(=O)O,O=C(O)c1ccc(O)c(OS(=O)(=O)O)c1,medium,0.6571428571428571,0.95,1,c1ccccc1,802,0.21161295934610674,0.6635276581876303,1,0.6635276581876303,1176,1189
1189,1186,M01189,M01186,COc1ccc(C(=O)O)cc1OS(=O)(=O)O,O=C(O)c1ccc(OS(=O)(=O)O)c(O)c1,medium,0.6571428571428571,0.95,1,c1ccccc1,802,0.21161295934610674,0.6635276581876303,2,0.6635276581876303,1186,1189
3750,3749,M03750,M03749,CC(C)N(CCc1c[nH]c2cccc(O)c12)C(C)C,CC(C)N(CCc1c[nH]c2ccccc12)C(C)C,medium,0.65,0.7674418604651163,1,c1ccc2[nH]ccc2c1,63,0.5442457568182516,0.6634973286390168,2,0.6634973286390168,3749,3750
2741,2307,M02741,M02307,CC(C)CCCCCCOC(=O)c1ccccc1C(=O)OCCCCCCC(C)C,CCCCCCCCOC(=O)c1ccccc1C(=O)OCCCCCCCC,medium,0.6764705882352942,0.9032258064516129,1,c1ccccc1,802,0.21161295934610674,0.6634307484559957,2,0.6634307484559957,2307,2741
2740,2307,M02740,M02307,CC(C)CCCCCCCOC(=O)c1ccccc1C(=O)OCCCCCCCC(C)C,CCCCCCCCOC(=O)c1ccccc1C(=O)OCCCCCCCC,medium,0.6764705882352942,0.9032258064516129,1,c1ccccc1,802,0.21161295934610674,0.6634307484559957,2,0.6634307484559957,2307,2740
854,695,M00854,M00695,CCNc1nc(Cl)nc(NC(C)(C)C#N)n1,CCNc1nc(Cl)nc(NCC)n1,medium,0.6129032258064516,0.8205128205128205,1,c1ncncn1,40,0.6028054368020348,0.6632909561323813,2,0.6632909561323813,695,854
1900,82,M01900,M00082,N=C(O)Cc1c[nH]c2ccccc12,O=C(O)Cc1c[nH]c2ccccc12,medium,0.6875,0.6764705882352942,1,c1ccc2[nH]ccc2c1,63,0.5442457568182516,0.6632545105815612,1,0.6632545105815612,82,1900
1837,1917,M01837,M01917,O=C(O)c1ccc(CO)o1,O=C(O)c1ccc(C(=O)O)o1,medium,0.6086956521739131,0.7391304347826086,1,c1ccoc1,12,0.7538526280001345,0.6630778942000202,1,0.6630778942000202,1837,1917
748,4648,M00748,M04648,CCc1cccc(C)c1N(C(=O)CS(=O)(=O)O)C(C)COC,CCc1cccc(C)c1N(C(=O)CS(=O)(=O)O)C(C)C(=O)O,medium,0.6938775510204082,0.8571428571428571,1,c1ccccc1,802,0.21161295934610674,0.6623541887998752,1,0.6623541887998752,748,4648
2680,2513,M02680,M02513,COC(=O)c1ccc(C(=O)OC)cc1,COC(=O)c1ccc(O)cc1,strong,0.8,0.6,1,c1ccccc1,802,0.21161295934610674,0.661741943901916,1,0.661741943901916,2513,2680
662,4553,M00662,M04553,Cc1ncc([N+](=O)[O-])n1CCO,CCS(=O)(=O)CCn1c([N+](=O)[O-])cnc1C,medium,0.6410256410256411,0.7183098591549296,1,c1c[nH]cn1,29,0.6438836066809098,0.6607753904062535,2,0.6607753904062535,662,4553
1317,1327,M01317,M01327,COc1cc(CC(=O)O)ccc1OS(=O)(=O)O,COc1ccc(CCC(=O)O)cc1OS(=O)(=O)O,medium,0.6585365853658537,0.9347826086956522,1,c1ccccc1,802,0.21161295934610674,0.6605595472953413,2,0.6605595472953413,1317,1327
829,430,M00829,M00430,Cc1cc(Cl)ccc1OCCCC(=O)O,Cc1cc(Cl)ccc1OCC(=O)O,medium,0.6944444444444444,0.8484848484848485,1,c1ccccc1,802,0.21161295934610674,0.6605298226897948,2,0.6605298226897948,430,829
4091,4092,M04091,M04092,C=CCN(CC=C)CCc1c[nH]c2ccc(OC)cc12,COc1ccc2[nH]cc(CCN(C(C)C)C(C)C)c2c1,medium,0.6382978723404256,0.782608695652174,1,c1ccc2[nH]ccc2c1,63,0.5442457568182516,0.6602677608400365,2,0.6602677608400365,4091,4092
2337,4534,M02337,M04534,COC(=O)NC(=S)Nc1ccccc1NC(=S)NC(=O)OC,CCOC(=O)NC(=S)Nc1ccccc1NC(=S)NC(=O)OCC,medium,0.696969696969697,0.8409090909090909,1,c1ccccc1,802,0.21161295934610674,0.6601510348110069,1,0.6601510348110069,2337,4534
1225,2133,M01225,M02133,CC(C=CC=C(C)C=CC1=C(C)CCCC1(C)C)=CC=CC=C(C)C=CC=C(C)C=CC1=C(C)CCCC1(C)C,CC(C=CC1=C(C)CCCC1(C)C)=CC=CC(C)=CC(=O)O,strong,0.8,0.72,0,,0,0.0,0.6599999999999999,1,0.6599999999999999,1225,2133
1138,229,M01138,M00229,Cc1cccc(C(=O)NCC(=O)O)c1,O=C(O)CNC(=O)c1ccccc1,medium,0.6451612903225806,0.9642857142857143,1,c1ccccc1,802,0.21161295934610674,0.659910146666893,2,0.659910146666893,229,1138
3297,698,M03297,M00698,O=C(O)CCCOc1ccc(Cl)cc1Cl,O=C(O)COc1ccc(Cl)cc1Cl,medium,0.696969696969697,0.8387096774193549,1,c1ccccc1,802,0.21161295934610674,0.6596011814385729,2,0.6596011814385729,698,3297
2294,700,M02294,M00700,Cc1cccc(C(=O)O)c1N(Cn1cccn1)C(=O)C(=O)O,Cc1cccc(C)c1N(Cn1cccn1)C(=O)CCl,medium,0.6,0.7068965517241379,1,c1ccc(NCn2cccn2)cc1,7,0.8176983027273006,0.6593788833401295,2,0.6593788833401295,700,2294
3662,3795,M03662,M03795,CCOP(=S)(Oc1ccc(C#N)cc1)c1ccccc1,CCOP(=S)(Oc1ccc([N+](=O)[O-])cc1)c1ccccc1,medium,0.6,0.6521739130434783,1,S=[PH](Oc1ccccc1)c1ccccc1,3,0.9088491513636503,0.659370850965417,1,0.659370850965417,3662,3795
983,982,M00983,M00982,NC(Cc1c[nH]c2ccc(O)cc12)C(=O)O,O=C(O)Cc1c[nH]c2ccc(O)cc12,medium,0.625,0.8108108108108109,1,c1ccc2[nH]ccc2c1,63,0.5442457568182516,0.6593395662254404,2,0.6593395662254404,982,983
627,2293,M00627,M02293,COCC(=O)N(c1c(C)cccc1C)C(C)C(=O)OC,COCC(=O)N(c1c(C)cccc1C(=O)O)C(C)C(=O)O,medium,0.6590909090909091,0.9285714285714286,1,c1ccccc1,802,0.21161295934610674,0.6593393464993186,1,0.6593393464993186,627,2293
2457,717,M02457,M00717,CN(C)C(=O)Nc1ccc(C(=O)O)c(Cl)c1,CN(C)C(=O)Nc1ccc(Cl)c(Cl)c1,medium,0.7058823529411765,0.8157894736842105,1,c1ccccc1,802,0.21161295934610674,0.6592187240876745,1,0.6592187240876745,717,2457
2078,2407,M02078,M02407,CNC(=O)Oc1cc(C)c(N(C)C)c(C)c1,CNC(=O)Oc1cc(C)c(C)c(C)c1,medium,0.7241379310344828,0.7714285714285715,1,c1ccccc1,802,0.21161295934610674,0.6590818453797485,2,0.6590818453797485,2078,2407
2208,3853,M02208,M03853,COP(=S)(OC)Oc1ccc(SC)c(C)c1,COP(=O)(OC)Oc1ccc(SC)c(C)c1,medium,0.6666666666666666,0.9090909090909091,1,c1ccccc1,802,0.21161295934610674,0.6590146711746432,1,0.6590146711746432,2208,3853
1223,1651,M01223,M01651,O=C([O-])CCc1ccccc1O,O=C(O)CCc1ccccc1O,medium,0.6785714285714286,0.88,1,c1ccccc1,802,0.21161295934610674,0.6588848010447731,1,0.6588848010447731,1223,1651
4752,680,M04752,M00680,O=C(NCC(O)CO)c1c(I)c(C(=O)NCC(O)CO)c(I)c(N(CCO)C(=O)CO)c1I,CN(C(=O)CO)c1c(I)c(C(=O)NCC(O)CO)c(I)c(C(=O)NCC(O)CO)c1I,medium,0.6888888888888889,0.8545454545454545,1,c1ccccc1,802,0.21161295934610674,0.6587116408716129,1,0.6587116408716129,680,4752
2906,1187,M02906,M01187,NCCc1ccc(OC2OC(C(=O)O)C(O)C(O)C2O)c(O)c1,O=C(O)c1ccc(OC2OC(C(=O)O)C(O)C(O)C2O)c(O)c1,medium,0.6530612244897959,0.6585365853658537,1,c1ccc(OC2CCCCO2)cc1,22,0.6788243374826469,0.658294531657738,2,0.658294531657738,1187,2906
1392,1495,M01392,M01495,COc1cc(C(O)CO)ccc1O,COc1cc(C(O)CN)ccc1O,medium,0.7272727272727273,0.7575757575757576,1,c1ccccc1,802,0.21161295934610674,0.6574995196594917,1,0.6574995196594917,1392,1495
2287,2306,M02287,M02306,CCOC(=O)c1ccccc1C(=O)OCC,CCCOC(=O)c1ccccc1C(=O)OCCC,medium,0.6923076923076923,0.84,1,c1ccccc1,802,0.21161295934610674,0.6571265592865313,1,0.6571265592865313,2287,2306
2594,2451,M02594,M02451,Nc1c(Cl)cccc1Cl,Cc1cccc(Cl)c1N,medium,0.65,0.9411764705882353,1,c1ccccc1,802,0.21161295934610674,0.6570360615489748,1,0.6570360615489748,2451,2594
3513,3761,M03513,M03761,CN(C)CCc1c[nH]c2ccc(O)cc12,CN(C)CCc1c[nH]c2ccccc12,medium,0.6216216216216216,0.8095238095238095,1,c1ccc2[nH]ccc2c1,63,0.5442457568182516,0.656990788876663,2,0.656990788876663,3513,3761
1195,1313,M01195,M01313,O=C(O)CNC(=O)c1ccc(O)cc1,O=C(O)CNC(=O)c1cccc(O)c1,medium,0.625,1.0,1,c1ccccc1,802,0.21161295934610674,0.656741943901916,2,0.656741943901916,1195,1313
4254,3222,M04254,M03222,COP(=S)(OC)Oc1ccc([N+](=O)[O-])cc1,CCOP(=S)(OCC)Oc1ccc([N+](=O)[O-])cc1,medium,0.6857142857142857,0.8541666666666666,1,c1ccccc1,802,0.21161295934610674,0.6567121819971541,1,0.6567121819971541,3222,4254
344,342,M00344,M00342,Cc1ncc(COP(=O)(O)O)c(CN)c1O,Cc1ncc(COP(=O)(O)O)c(C=O)c1O,medium,0.627906976744186,0.7592592592592593,1,c1ccncc1,41,0.5996365394334917,0.6565044817763501,1,0.6565044817763501,342,344
4270,3812,M04270,M03812,CCCC(NC)C(=O)c1ccc2c(c1)OCO2,CCNC(C)C(=O)c1ccc2c(c1)OCO2,medium,0.6,0.75,1,c1ccc2c(c1)OCO2,15,0.7265474540909509,0.6564821181136427,2,0.6564821181136427,3812,4270
3298,3297,M03298,M03297,COC(=O)CCCOc1ccc(Cl)cc1Cl,O=C(O)CCCOc1ccc(Cl)cc1Cl,medium,0.7222222222222222,0.7647058823529411,1,c1ccccc1,802,0.21161295934610674,0.6562517478234846,2,0.6562517478234846,3297,3298
1972,2236,M01972,M02236,CCCC(Cn1cncn1)c1ccc(Cl)cc1Cl,FC(F)C(F)(F)OCC(Cn1cncn1)c1ccc(Cl)cc1Cl,medium,0.6037735849056604,0.673469387755102,1,c1ccc(CCn2cncn2)cc1,6,0.8352580650673657,0.6559202076422765,1,0.6559202076422765,1972,2236
2478,2477,M02478,M02477,CC(C)NCC(O)COc1ccc(C(=O)O)cc1,CC(C)NCC(O)COc1ccc(COCC(=O)O)cc1,medium,0.6444444444444445,0.95,1,c1ccccc1,802,0.21161295934610674,0.6559086105685826,2,0.6559086105685826,2477,2478
270,62,M00270,M00062,NC(Cc1ccccc1)C(=O)O,NC(Cc1ccc(O)cc1)C(=O)O,medium,0.7037037037037037,0.8076923076923077,1,c1ccccc1,802,0.21161295934610674,0.6558872430472151,1,0.6558872430472151,62,270
387,1047,M00387,M01047,OCCc1c[nH]c2ccccc12,NCCc1c[nH]c2ccccc12,medium,0.6666666666666666,0.696969696969697,1,c1ccc2[nH]ccc2c1,63,0.5442457568182516,0.6558792877651619,2,0.6558792877651619,387,1047
3954,3502,M03954,M03502,COP(=S)(OC)Oc1cc(Cl)c(I)cc1Cl,COP(=S)(OC)Oc1cc(Cl)c(Br)cc1Cl,medium,0.6470588235294118,0.9428571428571428,1,c1ccccc1,802,0.21161295934610674,0.6556915237338488,2,0.6556915237338488,3502,3954
1372,2130,M01372,M02130,O=C([O-])C(=O)Cc1ccc(O)cc1,O=C(O)C(=O)Cc1ccc(O)cc1,medium,0.68,0.8636363636363636,1,c1ccccc1,802,0.21161295934610674,0.655651034811007,1,0.655651034811007,1372,2130
3495,4116,M03495,M04116,CNC(C)C(=O)c1ccc(Br)cc1,CNC(C)C(=O)c1ccc(F)cc1,medium,0.6666666666666666,0.8947368421052632,1,c1ccccc1,802,0.21161295934610674,0.6554261544282317,2,0.6554261544282317,3495,4116
3620,3495,M03620,M03495,CNC(C)C(=O)c1ccc(Cl)cc1,CNC(C)C(=O)c1ccc(Br)cc1,medium,0.6666666666666666,0.8947368421052632,1,c1ccccc1,802,0.21161295934610674,0.6554261544282317,1,0.6554261544282317,3495,3620
3620,4116,M03620,M04116,CNC(C)C(=O)c1ccc(Cl)cc1,CNC(C)C(=O)c1ccc(F)cc1,medium,0.6666666666666666,0.8947368421052632,1,c1ccccc1,802,0.21161295934610674,0.6554261544282317,2,0.6554261544282317,3620,4116
3931,3934,M03931,M03934,CNC(C)Cc1ccc(O)c(O)c1,CNC(C)Cc1ccc(O)c(OC)c1,medium,0.6764705882352942,0.8709677419354839,1,c1ccccc1,802,0.21161295934610674,0.6553662323269634,1,0.6553662323269634,3931,3934
3765,3767,M03765,M03767,COc1cc(CC(C)N)c(OC)cc1Cl,CCc1cc(OC)c(CC(C)N)cc1OC,medium,0.6875,0.84375,1,c1ccccc1,802,0.21161295934610674,0.655179443901916,1,0.655179443901916,3765,3767
3767,3763,M03767,M03763,CCc1cc(OC)c(CC(C)N)cc1OC,COc1cc(CC(C)N)c(OC)cc1Br,medium,0.6875,0.84375,1,c1ccccc1,802,0.21161295934610674,0.655179443901916,2,0.655179443901916,3763,3767
608,3524,M00608,M03524,CCOCN(C(=O)CCl)c1c(C)cccc1CC,CCCCOCN(C(=O)CCl)c1c(CC)cccc1CC,medium,0.6590909090909091,0.9090909090909091,1,c1ccccc1,802,0.21161295934610674,0.6544692166291887,1,0.6544692166291887,608,3524
3763,3765,M03763,M03765,COc1cc(CC(C)N)c(OC)cc1Br,COc1cc(CC(C)N)c(OC)cc1Cl,medium,0.6470588235294118,0.9375,1,c1ccccc1,802,0.21161295934610674,0.654352238019563,2,0.654352238019563,3763,3765
145,3817,M00145,M03817,Cn1c(=O)c2c(ncn2C)n(C)c1=O,Cn1c(=O)c2c(ncn2CCO)n(C)c1=O,medium,0.6,0.75,1,O=c1[nH]c(=O)c2[nH]cnc2[nH]1,17,0.7110586460049512,0.6541587969007426,1,0.6541587969007426,145,3817
158,366,M00158,M00366,COc1cc(C=CCO)ccc1O,COc1cc(C=CCO)cc(OC)c1O,medium,0.6666666666666666,0.8888888888888888,1,c1ccccc1,802,0.21161295934610674,0.6539641661241382,1,0.6539641661241382,158,366
608,703,M00608,M00703,CCOCN(C(=O)CCl)c1c(C)cccc1CC,CCc1cccc(CC)c1N(COC)C(=O)CCl,medium,0.6585365853658537,0.9069767441860465,1,c1ccccc1,802,0.21161295934610674,0.6536080811679398,2,0.6536080811679398,608,703
2747,2044,M02747,M02044,CNC(=O)Oc1ccccc1C(C)C,CNC(=O)Oc1ccccc1OC(C)C,medium,0.6470588235294118,0.9333333333333333,1,c1ccccc1,802,0.21161295934610674,0.6533105713528964,2,0.6533105713528964,2044,2747
1225,1510,M01225,M01510,CC(C=CC=C(C)C=CC1=C(C)CCCC1(C)C)=CC=CC=C(C)C=CC=C(C)C=CC1=C(C)CCCC1(C)C,CC(C=CC1=C(C)CCCC1(C)C)=CC=CC(C)=CCO,strong,0.8,0.6923076923076923,0,,0,0.0,0.6530769230769231,2,0.6530769230769231,1225,1510
818,646,M00818,M00646,NCC(O)COc1ccc(CC(N)=O)cc1,CC(C)NCC(O)COc1ccc(CC(N)=O)cc1,medium,0.6585365853658537,0.9047619047619048,1,c1ccccc1,802,0.21161295934610674,0.6530543713119044,1,0.6530543713119044,646,818
641,717,M00641,M00717,CN(C)C(=O)Nc1ccc(Cl)cc1,CN(C)C(=O)Nc1ccc(Cl)c(Cl)c1,medium,0.6451612903225806,0.9354838709677419,1,c1ccccc1,802,0.21161295934610674,0.6527096858373999,1,0.6527096858373999,641,717
4254,2218,M04254,M02218,COP(=S)(OC)Oc1ccc([N+](=O)[O-])cc1,COP(=O)(OC)Oc1ccc([N+](=O)[O-])cc1,medium,0.6666666666666666,0.8837209302325582,1,c1ccccc1,802,0.21161295934610674,0.6526721764600555,2,0.6526721764600555,2218,4254
3800,772,M03800,M00772,COC(=O)CCc1ccc(OCC(O)CNC(C)C)cc1,CC(C)NCC(O)COc1ccc(CC(=O)O)cc1,medium,0.6666666666666666,0.8837209302325582,1,c1ccccc1,802,0.21161295934610674,0.6526721764600555,2,0.6526721764600555,772,3800
2954,701,M02954,M00701,CC(Oc1c(Cl)cc(Cl)cc1Cl)C(=O)O,CC(Oc1ccc(Cl)cc1Cl)C(=O)O,medium,0.6176470588235294,1.0,1,c1ccccc1,802,0.21161295934610674,0.6523301791960336,1,0.6523301791960336,701,2954
1384,973,M01384,M00973,COc1cc(CC(N)C(=O)O)ccc1O,NC(Cc1ccc(O)c(O)c1)C(=O)O,medium,0.6666666666666666,0.8823529411764706,1,c1ccccc1,802,0.21161295934610674,0.6523301791960336,1,0.6523301791960336,973,1384
1015,1495,M01015,M01495,CNCC(O)c1ccc(O)c(OC)c1,COc1cc(C(O)CN)ccc1O,medium,0.6666666666666666,0.8823529411764706,1,c1ccccc1,802,0.21161295934610674,0.6523301791960336,2,0.6523301791960336,1015,1495
3358,4239,M03358,M04239,CCCS(=O)(=O)c1ccc2nc(NC(=O)OC)[nH]c2c1,CCCOc1ccc2nc(NC(=O)OC)[nH]c2c1,medium,0.6153846153846154,0.6666666666666666,1,c1ccc2[nH]cnc2c1,10,0.7758207207981391,0.6522705440171568,2,0.6522705440171568,3358,4239
4278,4277,M04278,M04277,O=C1Nc2ccc(Br)cc2C(c2ccccc2Cl)=NC1O,O=C1CN=C(c2ccccc2Cl)c2cc(Br)ccc2N1,medium,0.6,0.7708333333333334,1,O=C1CN=C(c2ccccc2)c2ccccc2N1,25,0.6627017793637848,0.6521136002379011,2,0.6521136002379011,4277,4278
1218,1254,M01218,M01254,O=C(O)C(O)Cc1ccc(O)cc1,O=C(O)C(O)Cc1ccccc1,medium,0.6923076923076923,0.8181818181818182,1,c1ccccc1,802,0.21161295934610674,0.6516720138319859,1,0.6516720138319859,1218,1254
4297,3814,M04297,M03814,CNCC(O)c1cccc(O)c1,CCNCC(O)c1cccc(O)c1,medium,0.696969696969697,0.8064516129032258,1,c1ccccc1,802,0.21161295934610674,0.6515366653095407,1,0.6515366653095407,3814,4297
696,699,M00696,M00699,CCc1cccc(C)c1N(C(=O)C(=O)O)C(C)COC,CCc1cccc(C)c1N(C(=O)CCl)C(C)COC,medium,0.717391304347826,0.7555555555555555,1,c1ccccc1,802,0.21161295934610674,0.6510656153995005,1,0.6510656153995005,696,699
3737,3331,M03737,M03331,CC(CN1c2ccccc2Sc2ccc(S(=O)(=O)N(C)C)cc21)N(C)C,CC(=O)c1ccc2c(c1)N(CC(C)N(C)C)c1ccccc1S2,medium,0.6346153846153846,0.65,1,c1ccc2c(c1)Nc1ccccc1S2,16,0.7185751418868361,0.6510555020522562,2,0.6510555020522562,3331,3737
605,2476,M00605,M02476,CCc1cccc(CC)c1N(COC)C(=O)C(=O)O,CCCCOCN(C(=O)C(=O)O)c1c(CC)cccc1CC,medium,0.675,0.8571428571428571,1,c1ccccc1,802,0.21161295934610674,0.6510276581876303,1,0.6510276581876303,605,2476
3310,3309,M03310,M03309,COc1cc(SC(C)C)c(OC)cc1CCN,CCSc1cc(OC)c(CCN)cc1OC,medium,0.6486486486486487,0.918918918918919,1,c1ccccc1,802,0.21161295934610674,0.6506608628208349,1,0.6506608628208349,3309,3310
1311,1309,M01311,M01309,COc1c(O)cccc1OS(=O)(=O)O,O=S(=O)(O)Oc1cccc(O)c1O,medium,0.6451612903225806,0.925,1,c1ccccc1,802,0.21161295934610674,0.6500887180954644,2,0.6500887180954644,1309,1311
675,680,M00675,M00680,CC(=O)N(CC(O)CO)c1c(I)c(C(=O)NCC(O)CO)c(I)c(C(=O)NCC(O)CO)c1I,CN(C(=O)CO)c1c(I)c(C(=O)NCC(O)CO)c(I)c(C(=O)NCC(O)CO)c1I,medium,0.6304347826086957,0.96,1,c1ccccc1,802,0.21161295934610674,0.6500028134671334,1,0.6500028134671334,675,680
1493,1047,M01493,M01047,CNCCc1c[nH]c2ccccc12,NCCc1c[nH]c2ccccc12,medium,0.6060606060606061,0.8181818181818182,1,c1ccc2[nH]ccc2c1,63,0.5442457568182516,0.6498186817045559,1,0.6498186817045559,1047,1493
4487,4297,M04487,M04297,CNCC(O)c1ccc(O)cc1,CNCC(O)c1cccc(O)c1,medium,0.6129032258064516,1.0,1,c1ccccc1,802,0.21161295934610674,0.6494838793857869,1,0.6494838793857869,4297,4487
3768,3763,M03768,M03763,COc1cc(CC(C)N)c(OC)cc1C,COc1cc(CC(C)N)c(OC)cc1Br,medium,0.6666666666666666,0.8709677419354839,1,c1ccccc1,802,0.21161295934610674,0.6494838793857869,2,0.6494838793857869,3763,3768
2053,2407,M02053,M02407,CNC(=O)Oc1cc(C)cc(C)c1C,CNC(=O)Oc1cc(C)c(C)c(C)c1,medium,0.6129032258064516,1.0,1,c1ccccc1,802,0.21161295934610674,0.6494838793857869,1,0.6494838793857869,2053,2407
3400,3402,M03400,M03402,CNC(C)Cc1cccc(F)c1,CNC(C)Cc1ccc(F)cc1,medium,0.6129032258064516,1.0,1,c1ccccc1,802,0.21161295934610674,0.6494838793857869,1,0.6494838793857869,3400,3402
3503,3502,M03503,M03502,CCOP(=S)(OCC)Oc1cc(Cl)c(Br)cc1Cl,COP(=S)(OC)Oc1cc(Cl)c(Br)cc1Cl,medium,0.6857142857142857,0.825,1,c1ccccc1,802,0.21161295934610674,0.6494205153304874,1,0.6494205153304874,3502,3503
4332,3524,M04332,M03524,CCCOCCN(C(=O)CCl)c1c(CC)cccc1CC,CCCCOCN(C(=O)CCl)c1c(CC)cccc1CC,medium,0.6590909090909091,0.8888888888888888,1,c1ccccc1,802,0.21161295934610674,0.6494187115786836,1,0.6494187115786836,3524,4332
2358,666,M02358,M00666,CC(Cc1ccc(C(C)C(=O)O)cc1)C(=O)O,CC(C)Cc1ccc(C(C)C(=O)O)cc1,medium,0.7586206896551724,0.65,1,c1ccccc1,802,0.21161295934610674,0.6494143576950194,1,0.6494143576950194,666,2358
1384,1909,M01384,M01909,COc1cc(CC(N)C(=O)O)ccc1O,COc1cc(CC(O)C(=O)O)ccc1O,medium,0.7105263157894737,0.7647058823529411,1,c1ccccc1,802,0.21161295934610674,0.6492342039638355,2,0.6492342039638355,1384,1909
2219,2218,M02219,M02218,CCOP(=O)(OCC)Oc1ccc([N+](=O)[O-])cc1,COP(=O)(OC)Oc1ccc([N+](=O)[O-])cc1,medium,0.6764705882352942,0.8444444444444444,1,c1ccccc1,802,0.21161295934610674,0.6487354079542036,2,0.6487354079542036,2218,2219
363,3513,M00363,M03513,NCCc1c[nH]c2ccc(O)cc12,CN(C)CCc1c[nH]c2ccc(O)cc12,medium,0.6486486486486487,0.7111111111111111,1,c1ccc2[nH]ccc2c1,63,0.5442457568182516,0.6486038304897047,1,0.6486038304897047,363,3513
2323,2922,M02323,M02922,CCc1cccc(C)c1NC(=O)CO,CCc1cccc(C)c1NC(=O)CCl,medium,0.7352941176470589,0.7027027027027027,1,c1ccccc1,802,0.21161295934610674,0.648594090165827,1,0.648594090165827,2323,2922
2139,181,M02139,M00181,CC(CCC(=O)O)C1CCC2C3C(OS(=O)(=O)O)CC4CC(O)CCC4(C)C3CC(O)C12C,CC(CCC(=O)O)C1CCC2C3CCC4CC(O)CCC4(C)C3CC(O)C12C,medium,0.6461538461538462,0.6666666666666666,1,C1CCC2C(C1)CCC1C3CCCC3CCC21,33,0.6274242932504864,0.6484726183465473,2,0.6484726183465473,181,2139
4360,3761,M04360,M03761,CN(C)CCc1c[nH]c2cccc(O)c12,CN(C)CCc1c[nH]c2ccccc12,medium,0.6216216216216216,0.7727272727272727,1,c1ccc2[nH]ccc2c1,63,0.5442457568182516,0.6477916546775287,2,0.6477916546775287,3761,4360
3348,3325,M03348,M03325,CCCCCn1cc(C(=O)NC(C(N)=O)C(C)(C)C)c2ccccc21,CC(C)C(NC(=O)c1cn(CCCCCF)c2ccccc12)C(N)=O,medium,0.6101694915254238,0.8,1,c1ccc2[nH]ccc2c1,63,0.5442457568182516,0.6477385584379919,1,0.6477385584379919,3325,3348
1122,1309,M01122,M01309,O=S(=O)(O)Oc1c(O)cccc1O,O=S(=O)(O)Oc1cccc(O)c1O,medium,0.6296296296296297,0.9487179487179487,1,c1ccccc1,802,0.21161295934610674,0.646699208859181,1,0.646699208859181,1122,1309
2476,3524,M02476,M03524,CCCCOCN(C(=O)C(=O)O)c1c(CC)cccc1CC,CCCCOCN(C(=O)CCl)c1c(CC)cccc1CC,medium,0.6976744186046512,0.7843137254901961,1,c1ccccc1,802,0.21161295934610674,0.6464250264372557,2,0.6464250264372557,2476,3524
3396,3397,M03396,M03397,CC(N)Cc1cccc(F)c1,CC(N)Cc1ccc(F)cc1,medium,0.6071428571428571,1.0,1,c1ccccc1,802,0.21161295934610674,0.6460276581876303,1,0.6460276581876303,3396,3397
2603,2306,M02603,M02306,COCCOC(=O)c1ccccc1C(=O)OCCOC,CCCOC(=O)c1ccccc1C(=O)OCCC,medium,0.6785714285714286,0.8275862068965517,1,c1ccccc1,802,0.21161295934610674,0.645781352768911,1,0.645781352768911,2306,2603
4536,4529,M04536,M04529,CN1CCN(CCCN2c3ccccc3Sc3ccc(S(=O)(=O)N(C)C)cc32)CC1,CCSc1ccc2c(c1)N(CCCN1CCN(C)CC1)c1ccccc1S2,medium,0.603448275862069,0.6615384615384615,1,c1ccc2c(c1)Sc1ccccc1N2CCCN1CCNCC1,9,0.7883542836784342,0.6457067234536219,1,0.6457067234536219,4529,4536
1724,1192,M01724,M01192,NCCc1ccc(O)c(OS(=O)(=O)O)c1,O=C(O)CCc1ccc(O)c(OS(=O)(=O)O)c1,medium,0.7027027027027027,0.7692307692307693,1,c1ccccc1,802,0.21161295934610674,0.6456712578312299,2,0.6456712578312299,1192,1724
2602,2306,M02602,M02306,CCOCCOC(=O)c1ccccc1C(=O)OCCOCC,CCCOC(=O)c1ccccc1C(=O)OCCC,medium,0.6896551724137931,0.8,1,c1ccccc1,802,0.21161295934610674,0.6455350473501918,1,0.6455350473501918,2306,2602
2288,2601,M02288,M02601,CC(C)COC(=O)c1ccccc1C(=O)OCC(C)C,CC(C)CCOC(=O)c1ccccc1C(=O)OCCC(C)C,medium,0.6666666666666666,0.8518518518518519,1,c1ccccc1,802,0.21161295934610674,0.6447049068648789,1,0.6447049068648789,2288,2601
606,608,M00606,M00608,CCOCN(C(=O)C(=O)O)c1c(C)cccc1CC,CCOCN(C(=O)CCl)c1c(C)cccc1CC,medium,0.7142857142857143,0.7346938775510204,1,c1ccccc1,802,0.21161295934610674,0.6439868418610997,1,0.6439868418610997,606,608
3595,3591,M03595,M03591,CC(C)OC(=O)C(O)(c1ccc(Cl)cc1)c1ccc(Cl)cc1,CCOC(=O)C(O)(c1ccc(Cl)cc1)c1ccc(Cl)cc1,medium,0.6,0.7586206896551724,1,c1ccc(Cc2ccccc2)cc1,33,0.6274242932504864,0.643768816401366,2,0.643768816401366,3591,3595
1900,1460,M01900,M01460,N=C(O)Cc1c[nH]c2ccccc12,NC(=O)Cc1c[nH]c2ccccc12,medium,0.6176470588235294,0.7647058823529411,1,c1ccc2[nH]ccc2c1,63,0.5442457568182516,0.6434015694050906,2,0.6434015694050906,1460,1900
1907,387,M01907,M00387,O=C(O)CCCc1c[nH]c2ccccc12,OCCc1c[nH]c2ccccc12,medium,0.6,0.8064516129032258,1,c1ccc2[nH]ccc2c1,63,0.5442457568182516,0.6432497667485441,2,0.6432497667485441,387,1907
224,1220,M00224,M01220,COc1ccccc1O,COc1cccc(O)c1O,medium,0.6818181818181818,0.8095238095238095,1,c1ccccc1,802,0.21161295934610674,0.6432138053737775,1,0.6432138053737775,224,1220
1122,1311,M01122,M01311,O=S(=O)(O)Oc1c(O)cccc1O,COc1c(O)cccc1OS(=O)(=O)O,medium,0.6333333333333333,0.925,1,c1ccccc1,802,0.21161295934610674,0.6429919439019159,2,0.6429919439019159,1122,1311
1222,1651,M01222,M01651,O=C(O)Cc1ccccc1O,O=C(O)CCc1ccccc1O,medium,0.6538461538461539,0.875,1,c1ccccc1,802,0.21161295934610674,0.6427996362096082,1,0.6427996362096082,1222,1651
1313,229,M01313,M00229,O=C(O)CNC(=O)c1cccc(O)c1,O=C(O)CNC(=O)c1ccccc1,medium,0.6666666666666666,0.84375,1,c1ccccc1,802,0.21161295934610674,0.6426794439019159,2,0.6426794439019159,229,1313
2309,696,M02309,M00696,CCc1cccc(C)c1N(C(=O)C(=O)O)C(C)C(=O)O,CCc1cccc(C)c1N(C(=O)C(=O)O)C(C)COC,medium,0.6818181818181818,0.8048780487804879,1,c1ccccc1,802,0.21161295934610674,0.6420523651879471,1,0.6420523651879471,696,2309
3304,3303,M03304,M03303,COc1cc(CCN)c(OC)cc1Cl,COc1cc(CCN)c(OC)cc1Br,medium,0.625,0.9411764705882353,1,c1ccccc1,802,0.21161295934610674,0.6420360615489749,1,0.6420360615489749,3303,3304
3308,3304,M03308,M03304,COc1cc(CCN)c(OC)cc1I,COc1cc(CCN)c(OC)cc1Cl,medium,0.625,0.9411764705882353,1,c1ccccc1,802,0.21161295934610674,0.6420360615489749,2,0.6420360615489749,3304,3308
2091,2458,M02091,M02458,CON(C)C(=O)Nc1ccc(Br)cc1,CON(C)C(=O)Nc1ccc(Br)c(Cl)c1,medium,0.631578947368421,0.925,1,c1ccccc1,802,0.21161295934610674,0.6419393123229686,2,0.6419393123229686,2091,2458
1374,52,M01374,M00052,O=C(O)c1ccc([O-])c(O)c1,O=C(O)c1ccc(O)c(O)c1,medium,0.64,0.9047619047619048,1,c1ccccc1,802,0.21161295934610674,0.6419324200923922,1,0.6419324200923922,52,1374
2193,717,M02193,M00717,COc1ccc(NC(=O)N(C)C)cc1Cl,CN(C)C(=O)Nc1ccc(Cl)c(Cl)c1,medium,0.6857142857142857,0.7948717948717948,1,c1ccccc1,802,0.21161295934610674,0.6418884640484361,1,0.6418884640484361,717,2193
1487,274,M01487,M00274,CC(=O)NC(Cc1c[nH]c2ccccc12)C(=O)O,NC(Cc1c[nH]c2ccccc12)C(=O)O,medium,0.6046511627906976,0.7894736842105263,1,c1ccc2[nH]ccc2c1,63,0.5442457568182516,0.6417959822497878,1,0.6417959822497878,274,1487
2603,2602,M02603,M02602,COCCOC(=O)c1ccccc1C(=O)OCCOC,CCOCCOC(=O)c1ccccc1C(=O)OCCOCC,medium,0.6666666666666666,0.8387096774193549,1,c1ccccc1,802,0.21161295934610674,0.6414193632567546,2,0.6414193632567546,2602,2603
1221,1185,M01221,M01185,O=C(O)Cc1cccc(O)c1,O=C(O)CCc1cccc(O)c1,medium,0.6551724137931034,0.8636363636363636,1,c1ccccc1,802,0.21161295934610674,0.6407544830868689,1,0.6407544830868689,1185,1221
641,712,M00641,M00712,CN(C)C(=O)Nc1ccc(Cl)cc1,CC(C)c1ccc(NC(=O)N(C)C)cc1,medium,0.6666666666666666,0.8333333333333334,1,c1ccccc1,802,0.21161295934610674,0.6400752772352493,2,0.6400752772352493,641,712
625,3439,M00625,M03439,CSc1nc(NC(C)C)nc(NC(C)C)n1,CSc1nc(N=[N+]=[N-])nc(NC(C)C)n1,medium,0.6060606060606061,0.7435897435897436,1,c1ncncn1,40,0.6028054368020348,0.6399546150541048,2,0.6399546150541048,625,3439
1115,1139,M01115,M01139,O=C(O)CCc1ccc(O)c(O)c1,O=C(O)Cc1ccc(O)c(O)c1,medium,0.6428571428571429,0.8888888888888888,1,c1ccccc1,802,0.21161295934610674,0.639678451838424,2,0.639678451838424,1115,1139
21,1140,M00021,M01140,COC(=O)c1cc(O)c(O)c(O)c1,COC(=O)c1ccc(O)c(O)c1,medium,0.6296296296296297,0.92,1,c1ccccc1,802,0.21161295934610674,0.6395197216796937,1,0.6395197216796937,21,1140
4510,4553,M04510,M04553,Cc1ncc([N+](=O)[O-])n1CCCO,CCS(=O)(=O)CCn1c([N+](=O)[O-])cnc1C,medium,0.6097560975609756,0.7083333333333334,1,c1c[nH]cn1,29,0.6438836066809098,0.6395195328720552,1,0.6395195328720552,4510,4553
889,3759,M00889,M03759,CNC(C)C(=O)c1ccc(C)cc1,CNC(C)C(=O)c1ccc(C)c(C)c1,medium,0.6451612903225806,0.8823529411764706,1,c1ccccc1,802,0.21161295934610674,0.639426953389582,2,0.639426953389582,889,3759
360,1134,M00360,M01134,O=C(O)c1ccccc1O,O=C(O)c1cccc(O)c1O,medium,0.6521739130434783,0.8636363636363636,1,c1ccccc1,802,0.21161295934610674,0.6389553826370938,1,0.6389553826370938,360,1134
1147,365,M01147,M00365,COc1ccc(C=CC(=O)O)cc1O,COc1cc(C=CC(=O)O)cc(OC)c1O,medium,0.6285714285714286,0.92,1,c1ccccc1,802,0.21161295934610674,0.6388848010447731,2,0.6388848010447731,365,1147
3712,3503,M03712,M03503,CCOP(=S)(OCC)Oc1ccc(Cl)cc1Cl,CCOP(=S)(OCC)Oc1cc(Cl)c(Br)cc1Cl,medium,0.6052631578947368,0.9743589743589743,1,c1ccccc1,802,0.21161295934610674,0.6384895822285016,1,0.6384895822285016,3503,3712
1493,3761,M01493,M03761,CNCCc1c[nH]c2ccccc12,CN(C)CCc1c[nH]c2ccccc12,medium,0.6,0.7837837837837838,1,c1ccc2[nH]ccc2c1,63,0.5442457568182516,0.6375828094686836,2,0.6375828094686836,1493,3761
2220,2477,M02220,M02477,CC(C)NCC(O)COc1ccc(COCCOC(C)C)cc1,CC(C)NCC(O)COc1ccc(COCC(=O)O)cc1,medium,0.6666666666666666,0.8222222222222222,1,c1ccccc1,802,0.21161295934610674,0.6372974994574715,2,0.6372974994574715,2220,2477
975,263,M00975,M00263,Nc1c(O)cccc1C(=O)CC(N)C(=O)O,Nc1ccccc1C(=O)CC(N)C(=O)O,medium,0.6388888888888888,0.8888888888888888,1,c1ccccc1,802,0.21161295934610674,0.6372974994574715,1,0.6372974994574715,263,975
1909,1112,M01909,M01112,COc1cc(CC(O)C(=O)O)ccc1O,COc1cc(CC(=O)O)ccc1O,medium,0.6216216216216216,0.9259259259259259,1,c1ccccc1,802,0.21161295934610674,0.6361963983563704,2,0.6361963983563704,1112,1909
3311,3295,M03311,M03295,CCCSc1cc(OC)c(CCN)cc1OC,CCCc1cc(OC)c(CCN)cc1OC,medium,0.6470588235294118,0.8648648648648649,1,c1ccccc1,802,0.21161295934610674,0.6361934542357792,2,0.6361934542357792,3295,3311
4605,3640,M04605,M03640,CC(C)(C)NCC(O)c1ccccc1Cl,CC(C)NCC(O)c1ccccc1Cl,medium,0.6285714285714286,0.9090909090909091,1,c1ccccc1,802,0.21161295934610674,0.6361575283175004,1,0.6361575283175004,3640,4605
3820,3676,M03820,M03676,COP(=S)(OC)Oc1ccc(S(=O)(=O)N(C)C)cc1,COP(=S)(OC)Oc1ccc(S(N)(=O)=O)cc1,medium,0.6571428571428571,0.84,1,c1ccccc1,802,0.21161295934610674,0.6360276581876303,1,0.6360276581876303,3676,3820
2565,673,M02565,M00673,CCN(CC)C(=O)c1cccc(C(=O)O)c1,CCN(CC)C(=O)c1cccc(C)c1,medium,0.6875,0.7666666666666667,1,c1ccccc1,802,0.21161295934610674,0.6359086105685826,1,0.6359086105685826,673,2565
605,606,M00605,M00606,CCc1cccc(CC)c1N(COC)C(=O)C(=O)O,CCOCN(C(=O)C(=O)O)c1c(C)cccc1CC,medium,0.6341463414634146,0.8913043478260869,1,c1ccccc1,802,0.21161295934610674,0.6350558357364865,2,0.6350558357364865,605,606
2404,2358,M02404,M02358,CC(CO)Cc1ccc(C(C)C(=O)O)cc1,CC(Cc1ccc(C(C)C(=O)O)cc1)C(=O)O,medium,0.6875,0.7619047619047619,1,c1ccccc1,802,0.21161295934610674,0.6347181343781064,1,0.6347181343781064,2358,2404
649,2479,M00649,M02479,COCCc1ccc(OCC(O)CNC(C)C)cc1,CC(C)NCC(O)COc1ccc(COCCO)cc1,medium,0.6444444444444445,0.8636363636363636,1,c1ccccc1,802,0.21161295934610674,0.6343177014776735,2,0.6343177014776735,649,2479
1838,1344,M01838,M01344,O=S(=O)(O)Oc1ccccc1,Cc1ccc(OS(=O)(=O)O)cc1,medium,0.6,0.9696969696969697,1,c1ccccc1,802,0.21161295934610674,0.6341661863261584,1,0.6341661863261584,1344,1838
396,87,M00396,M00087,COc1cc(C=O)ccc1O,C=Cc1ccc(O)c(OC)c1,medium,0.6666666666666666,0.8095238095238095,1,c1ccccc1,802,0.21161295934610674,0.6341228962828683,2,0.6341228962828683,87,396
1594,2890,M01594,M02890,OCc1cccc(O)c1,OCCc1cccc(O)c1,medium,0.6666666666666666,0.8095238095238095,1,c1ccccc1,802,0.21161295934610674,0.6341228962828683,1,0.6341228962828683,1594,2890
853,4488,M00853,M04488,CNC(C)C(O)c1ccccc1,CNC(C)C(O)c1ccc(O)cc1,medium,0.6666666666666666,0.8095238095238095,1,c1ccccc1,802,0.21161295934610674,0.6341228962828683,1,0.6341228962828683,853,4488
4244,3528,M04244,M03528,CCCCOc1cc(C(=O)OCCN(CC)CC)ccc1N,CCCCOc1ccc(C(=O)OCCN(CC)CC)cc1,medium,0.6666666666666666,0.8085106382978723,1,c1ccccc1,802,0.21161295934610674,0.633869603476384,1,0.633869603476384,3528,4244
2736,2604,M02736,M02604,CC(C)OC(=O)c1ccccc1C(=O)OC(C)C,CC(C)CC(C)OC(=O)c1ccccc1C(=O)OC(C)CC(C)C,medium,0.6428571428571429,0.8636363636363636,1,c1ccccc1,802,0.21161295934610674,0.6333653205252926,1,0.6333653205252926,2604,2736
1256,2314,M01256,M02314,COc1ccccc1C(=O)O,CC(=O)Oc1ccccc1C(=O)O,medium,0.6428571428571429,0.8636363636363636,1,c1ccccc1,802,0.21161295934610674,0.6333653205252926,1,0.6333653205252926,1256,2314
39,395,M00039,M00395,COc1cc(C(=O)O)cc(OC)c1O,COc1cc(C(=O)O)ccc1O,medium,0.6206896551724138,0.9166666666666666,1,c1ccccc1,802,0.21161295934610674,0.633322403672031,1,0.633322403672031,39,395
2061,641,M02061,M00641,CN(C)C(=O)Nc1ccccc1,CN(C)C(=O)Nc1ccc(Cl)cc1,medium,0.6428571428571429,0.8620689655172413,1,c1ccccc1,802,0.21161295934610674,0.632973470995512,1,0.632973470995512,641,2061
2138,2854,M02138,M02854,CC(C)OC(=O)Nc1ccccc1,CC(C)OC(=O)Nc1cccc(Cl)c1,medium,0.6470588235294118,0.8518518518518519,1,c1ccccc1,802,0.21161295934610674,0.632940200982526,1,0.632940200982526,2138,2854
1026,1495,M01026,M01495,NCC(O)c1ccc(O)c(O)c1,COc1cc(C(O)CN)ccc1O,medium,0.625,0.9032258064516129,1,c1ccccc1,802,0.21161295934610674,0.6325483955148192,1,0.6325483955148192,1026,1495
159,199,M00159,M00199,COc1cc(C=CC=O)ccc1O,COc1cc(C=CC(=O)O)ccc1O,medium,0.6388888888888888,0.8695652173913043,1,c1ccccc1,802,0.21161295934610674,0.6324665815830753,2,0.6324665815830753,159,199
4561,3602,M04561,M03602,CCCCNC(=O)NS(=O)(=O)c1ccc(C)cc1,CCCNC(=O)NS(=O)(=O)c1ccc(Cl)cc1,medium,0.625,0.9016393442622951,1,c1ccccc1,802,0.21161295934610674,0.6321517799674897,2,0.6321517799674897,3602,4561
712,2061,M00712,M02061,CC(C)c1ccc(NC(=O)N(C)C)cc1,CN(C)C(=O)Nc1ccccc1,medium,0.6,0.9615384615384616,1,c1ccccc1,802,0.21161295934610674,0.6321265592865314,2,0.6321265592865314,712,2061
711,726,M00711,M00726,CC(C)c1ccc(NC(N)=O)cc1,CNC(=O)Nc1ccc(C(C)C)cc1,medium,0.6333333333333333,0.88,1,c1ccccc1,802,0.21161295934610674,0.631741943901916,1,0.631741943901916,711,726
3712,4558,M03712,M04558,CCOP(=S)(OCC)Oc1ccc(Cl)cc1Cl,CCCSP(=S)(OCC)Oc1ccc(Cl)cc1Cl,medium,0.6341463414634146,0.8780487804878049,1,c1ccccc1,802,0.21161295934610674,0.631741943901916,2,0.631741943901916,3712,4558
4324,2478,M04324,M02478,CC(=O)Nc1ccc(OCC(O)CNC(C)C)cc1,CC(C)NCC(O)COc1ccc(C(=O)O)cc1,medium,0.6666666666666666,0.8,1,c1ccccc1,802,0.21161295934610674,0.631741943901916,1,0.631741943901916,2478,4324
1840,1344,M01840,M01344,CCc1ccc(OS(=O)(=O)O)cc1,Cc1ccc(OS(=O)(=O)O)cc1,medium,0.6071428571428571,0.9428571428571428,1,c1ccccc1,802,0.21161295934610674,0.631741943901916,1,0.631741943901916,1344,1840
2502,2499,M02502,M02499,CCCCOC(=O)c1ccc(O)cc1,CCOC(=O)c1ccc(O)cc1,medium,0.6666666666666666,0.8,1,c1ccccc1,802,0.21161295934610674,0.631741943901916,2,0.631741943901916,2499,2502
12,41,M00012,M00041,COc1cc(C=CC(=O)OC(C(=O)O)C(O)C(=O)O)ccc1O,O=C(C=Cc1ccc(O)cc1)OC(C(=O)O)C(O)C(=O)O,medium,0.6444444444444445,0.8518518518518519,1,c1ccccc1,802,0.21161295934610674,0.6313715735315456,2,0.6313715735315456,12,41
4104,3760,M04104,M03760,COc1cc(CCN)cc(OC)c1OC,COc1ccc(CCN)cc1OC,medium,0.6206896551724138,0.90625,1,c1ccccc1,802,0.21161295934610674,0.6307182370053643,1,0.6307182370053643,3760,4104
702,2457,M00702,M02457,Cc1ccc(NC(=O)N(C)C)cc1Cl,CN(C)C(=O)Nc1ccc(C(=O)O)c(Cl)c1,medium,0.6666666666666666,0.7948717948717948,1,c1ccccc1,802,0.21161295934610674,0.6304598926198647,2,0.6304598926198647,702,2457
193,1461,M00193,M01461,CCOC(=O)Cc1c[nH]c2ccccc12,O=C([O-])Cc1c[nH]c2ccccc12,medium,0.6052631578947368,0.7419354838709677,1,c1ccc2[nH]ccc2c1,63,0.5442457568182516,0.6302786292273217,2,0.6302786292273217,193,1461
1111,1311,M01111,M01311,O=S(=O)(O)Oc1ccccc1O,COc1c(O)cccc1OS(=O)(=O)O,medium,0.6129032258064516,0.9230769230769231,1,c1ccccc1,802,0.21161295934610674,0.6302531101550177,2,0.6302531101550177,1111,1311
1329,1115,M01329,M01115,COc1ccc(CCC(=O)O)cc1O,O=C(O)CCc1ccc(O)c(O)c1,medium,0.6363636363636364,0.8666666666666667,1,c1ccccc1,802,0.21161295934610674,0.6302267923867644,2,0.6302267923867644,1115,1329
137,1362,M00137,M01362,O=C(O)c1ccc(O)cc1O,CC(=O)c1ccc(O)cc1O,medium,0.64,0.8571428571428571,1,c1ccccc1,802,0.21161295934610674,0.6300276581876303,2,0.6300276581876303,137,1362
1174,1838,M01174,M01838,O=C(O)c1ccc(OS(=O)(=O)O)cc1,O=S(=O)(O)Oc1ccccc1,medium,0.6153846153846154,0.9142857142857143,1,c1ccccc1,802,0.21161295934610674,0.6295441417041138,1,0.6295441417041138,1174,1838
987,4487,M00987,M04487,CNCC(O)c1ccc(O)c(O)c1,CNCC(O)c1ccc(O)cc1,medium,0.6333333333333333,0.8709677419354839,1,c1ccccc1,802,0.21161295934610674,0.6294838793857869,2,0.6294838793857869,987,4487
3408,274,M03408,M00274,CC(N)Cc1c[nH]c2ccccc12,NC(Cc1c[nH]c2ccccc12)C(=O)O,medium,0.6216216216216216,0.696969696969697,1,c1ccc2[nH]ccc2c1,63,0.5442457568182516,0.6288522607381349,2,0.6288522607381349,274,3408
1381,974,M01381,M00974,Nc1c([O-])cccc1C(=O)O,Nc1c(O)cccc1C(=O)O,medium,0.6071428571428571,0.9310344827586207,1,c1ccccc1,802,0.21161295934610674,0.6287862788772854,1,0.6287862788772854,974,1381
62,973,M00062,M00973,NC(Cc1ccc(O)cc1)C(=O)O,NC(Cc1ccc(O)c(O)c1)C(=O)O,medium,0.6451612903225806,0.8387096774193549,1,c1ccccc1,802,0.21161295934610674,0.6285161374503031,2,0.6285161374503031,62,973
3834,4254,M03834,M04254,COP(=S)(OC)Oc1ccc([N+](=O)[O-])c(C)c1,COP(=S)(OC)Oc1ccc([N+](=O)[O-])cc1,medium,0.6052631578947368,0.9333333333333333,1,c1ccccc1,802,0.21161295934610674,0.6282331719720914,2,0.6282331719720914,3834,4254
2068,2213,M02068,M02213,COCCCNc1nc(NC(C)C)nc(SC)n1,CCNc1nc(NC(C)C)nc(SC)n1,medium,0.6153846153846154,0.6730769230769231,1,c1ncncn1,40,0.6028054368020348,0.6279208155203053,1,0.6279208155203053,2068,2213
4752,675,M04752,M00675,O=C(NCC(O)CO)c1c(I)c(C(=O)NCC(O)CO)c(I)c(N(CCO)C(=O)CO)c1I,CC(=O)N(CC(O)CO)c1c(I)c(C(=O)NCC(O)CO)c(I)c(C(=O)NCC(O)CO)c1I,medium,0.6382978723404256,0.8518518518518519,1,c1ccccc1,802,0.21161295934610674,0.6276836302691342,2,0.6276836302691342,675,4752
1378,1652,M01378,M01652,Nc1cc(C(=O)O)ccc1[O-],Nc1cc(C(=O)O)ccc1O,medium,0.6071428571428571,0.9259259259259259,1,c1ccccc1,802,0.21161295934610674,0.6275091396691117,1,0.6275091396691117,1378,1652
4324,646,M04324,M00646,CC(=O)Nc1ccc(OCC(O)CNC(C)C)cc1,CC(C)NCC(O)COc1ccc(CC(N)=O)cc1,medium,0.6222222222222222,0.8888888888888888,1,c1ccccc1,802,0.21161295934610674,0.6272974994574716,2,0.6272974994574716,646,4324
2401,2603,M02401,M02603,CCCCOC(=O)c1ccccc1C(=O)OCCCC,COCCOC(=O)c1ccccc1C(=O)OCCOC,medium,0.6333333333333333,0.8620689655172413,1,c1ccccc1,802,0.21161295934610674,0.6272591852812263,2,0.6272591852812263,2401,2603
1823,1348,M01823,M01348,O=C(O)CC(O)c1cccc(O)c1,O=C(O)CC(O)c1ccccc1,medium,0.6551724137931034,0.8095238095238095,1,c1ccccc1,802,0.21161295934610674,0.6272263445587304,1,0.6272263445587304,1348,1823
3296,4697,M03296,M04697,COC(=O)COc1cc(Cl)c(Cl)cc1Cl,O=C(O)COc1cc(Cl)c(Cl)cc1Cl,medium,0.6451612903225806,0.8333333333333334,1,c1ccccc1,802,0.21161295934610674,0.6271720514287977,2,0.6271720514287977,3296,4697
1364,211,M01364,M00211,O=C(O)c1cc(O)ccc1[O-],O=C(O)c1cc(O)ccc1O,medium,0.6153846153846154,0.9047619047619048,1,c1ccccc1,802,0.21161295934610674,0.6271631893231614,1,0.6271631893231614,211,1364
782,793,M00782,M00793,COCCN(C(=O)CCl)c1c(C)cccc1C,COCCN(C(=O)C(=O)O)c1c(C)cccc1C,medium,0.6666666666666666,0.78,1,c1ccccc1,802,0.21161295934610674,0.626741943901916,1,0.626741943901916,782,793
2193,702,M02193,M00702,COc1ccc(NC(=O)N(C)C)cc1Cl,Cc1ccc(NC(=O)N(C)C)cc1Cl,medium,0.6486486486486487,0.8205128205128205,1,c1ccccc1,802,0.21161295934610674,0.6260593382193103,2,0.6260593382193103,702,2193
1929,2382,M01929,M02382,CCOP(=O)(NC(C)C)Oc1ccc(SC)c(C)c1,CCOP(=O)(NC(C)C)Oc1ccc(S(C)(=O)=O)c(C)c1,medium,0.6458333333333334,0.8269230769230769,1,c1ccccc1,802,0.21161295934610674,0.6259727131326852,1,0.6259727131326852,1929,2382
342,341,M00342,M00341,Cc1ncc(COP(=O)(O)O)c(C=O)c1O,Cc1ncc(CO)c(C=O)c1O,medium,0.6153846153846154,0.6666666666666666,1,c1ccncc1,41,0.5996365394334917,0.6258429168124596,2,0.6258429168124596,341,342
1342,1111,M01342,M01111,Cc1ccccc1OS(=O)(=O)O,O=S(=O)(O)Oc1ccccc1O,medium,0.6071428571428571,0.918918918918919,1,c1ccccc1,802,0.21161295934610674,0.62575738791736,1,0.62575738791736,1111,1342
1321,1322,M01321,M01322,O=C(O)C=Cc1ccc(OS(=O)(=O)O)cc1,O=C(O)C=Cc1ccc(OS(=O)(=O)O)c(O)c1,medium,0.6052631578947368,0.9230769230769231,1,c1ccccc1,802,0.21161295934610674,0.6256690694079888,2,0.6256690694079888,1321,1322
1321,1318,M01321,M01318,O=C(O)C=Cc1ccc(OS(=O)(=O)O)cc1,O=C(O)C=Cc1ccc(O)c(OS(=O)(=O)O)c1,medium,0.6052631578947368,0.9230769230769231,1,c1ccccc1,802,0.21161295934610674,0.6256690694079888,1,0.6256690694079888,1318,1321
2902,4748,M02902,M04748,Nc1cc(Cl)c(S(N)(=O)=O)cc1S(N)(=O)=O,Nc1cc(Cl)c(S(N)(=O)=O)cc1C(=O)O,medium,0.6129032258064516,0.9038461538461539,1,c1ccccc1,802,0.21161295934610674,0.6254454178473254,1,0.6254454178473254,2902,4748
39,1124,M00039,M01124,COc1cc(C(=O)O)cc(OC)c1O,COc1ccc(C(=O)O)cc1OC,medium,0.6071428571428571,0.9166666666666666,1,c1ccccc1,802,0.21161295934610674,0.6251943248542969,2,0.6251943248542969,39,1124
1033,1394,M01033,M01394,NC(C(=O)O)c1ccccc1,NC(C(=O)O)c1ccc(O)cc1,medium,0.6666666666666666,0.7727272727272727,1,c1ccccc1,802,0.21161295934610674,0.6249237620837341,1,0.6249237620837341,1033,1394
1114,2130,M01114,M02130,O=C(O)Cc1ccc(O)cc1,O=C(O)C(=O)Cc1ccc(O)cc1,medium,0.6666666666666666,0.7727272727272727,1,c1ccccc1,802,0.21161295934610674,0.6249237620837341,1,0.6249237620837341,1114,2130
3310,3311,M03310,M03311,COc1cc(SC(C)C)c(OC)cc1CCN,CCCSc1cc(OC)c(CCN)cc1OC,medium,0.6153846153846154,0.8947368421052632,1,c1ccccc1,802,0.21161295934610674,0.624656923659001,2,0.624656923659001,3310,3311
2748,3210,M02748,M03210,CON(C)C(O)=Nc1ccc(Cl)c(Cl)c1,CN(C)C(O)=Nc1ccc(Cl)c(Cl)c1,medium,0.696969696969697,0.6976744186046512,1,c1ccccc1,802,0.21161295934610674,0.624342366734897,2,0.624342366734897,2748,3210
1373,1214,M01373,M01214,O=C(O)C(O)c1ccc(O)c(O)c1,COc1cc(C(O)C(=O)O)ccc1O,medium,0.625,0.8695652173913043,1,c1ccccc1,802,0.21161295934610674,0.624133248249742,1,0.624133248249742,1214,1373
1545,1328,M01545,M01328,O=C([O-])Cc1ccccc1,O=C(O)Cc1ccccc1,medium,0.6666666666666666,0.7692307692307693,1,c1ccccc1,802,0.21161295934610674,0.6240496362096083,1,0.6240496362096083,1328,1545
1648,1219,M01648,M01219,O=C(O)C(O)c1ccccc1,O=C([O-])C(O)c1ccccc1,medium,0.6521739130434783,0.8,1,c1ccccc1,802,0.21161295934610674,0.623046291728003,1,0.623046291728003,1219,1648
715,719,M00715,M00719,NC(=O)Nc1ccc(Cl)c(Cl)c1,CNC(=O)Nc1ccc(Cl)c(Cl)c1,medium,0.6129032258064516,0.8928571428571429,1,c1ccccc1,802,0.21161295934610674,0.6226981651000727,1,0.6226981651000727,715,719
792,2473,M00792,M02473,COCCN(C(=O)CS(=O)(=O)O)c1c(C)cccc1C,Cc1cccc(C)c1N(CC(=O)O)C(=O)CS(=O)(=O)O,medium,0.6428571428571429,0.8208955223880597,1,c1ccccc1,802,0.21161295934610674,0.6226801102132167,1,0.6226801102132167,792,2473
1546,2130,M01546,M02130,O=C(O)C(=O)Cc1ccccc1,O=C(O)C(=O)Cc1ccc(O)cc1,medium,0.6666666666666666,0.7619047619047619,1,c1ccccc1,802,0.21161295934610674,0.6222181343781064,1,0.6222181343781064,1546,2130
144,1147,M00144,M01147,O=C(O)C=Cc1ccc(O)c(O)c1,COc1ccc(C=CC(=O)O)cc1O,medium,0.6363636363636364,0.8333333333333334,1,c1ccccc1,802,0.21161295934610674,0.6218934590534311,2,0.6218934590534311,144,1147
144,199,M00144,M00199,O=C(O)C=Cc1ccc(O)c(O)c1,COc1cc(C=CC(=O)O)ccc1O,medium,0.6363636363636364,0.8333333333333334,1,c1ccccc1,802,0.21161295934610674,0.6218934590534311,1,0.6218934590534311,144,199
1487,239,M01487,M00239,CC(=O)NC(Cc1c[nH]c2ccccc12)C(=O)O,O=C(O)C(O)Cc1c[nH]c2ccccc12,medium,0.6190476190476191,0.675,1,c1ccc2[nH]ccc2c1,63,0.5442457568182516,0.6218154349513091,2,0.6218154349513091,239,1487
1392,1015,M01392,M01015,COc1cc(C(O)CO)ccc1O,CNCC(O)c1ccc(O)c(OC)c1,medium,0.6857142857142857,0.7142857142857143,1,c1ccccc1,802,0.21161295934610674,0.621741943901916,2,0.621741943901916,1015,1392
1375,1392,M01375,M01392,OCC(O)c1ccc(O)c(O)c1,COc1cc(C(O)CO)ccc1O,medium,0.6129032258064516,0.8888888888888888,1,c1ccccc1,802,0.21161295934610674,0.6217061016080092,1,0.6217061016080092,1375,1392
1841,1291,M01841,M01291,Cc1ccc(C(C)C)c(OS(=O)(=O)O)c1,Cc1ccc(O)c(OS(=O)(=O)O)c1,medium,0.6176470588235294,0.875,1,c1ccccc1,802,0.21161295934610674,0.6210801791960336,1,0.6210801791960336,1291,1841
1158,199,M01158,M00199,COc1cc(C=CC(=O)O)cc(OC)c1OC,COc1cc(C=CC(=O)O)ccc1O,medium,0.6285714285714286,0.8461538461538461,1,c1ccccc1,802,0.21161295934610674,0.6204232625832347,2,0.6204232625832347,199,1158
375,396,M00375,M00396,COc1cc(C=O)cc(OC)c1O,COc1cc(C=O)ccc1O,medium,0.6206896551724138,0.8636363636363636,1,c1ccccc1,802,0.21161295934610674,0.6200648279144552,1,0.6200648279144552,375,396
4083,3405,M04083,M03405,CC(Cc1ccccc1)NCCCCl,CCCNC(C)Cc1ccccc1,medium,0.65625,0.7777777777777778,1,c1ccccc1,802,0.21161295934610674,0.6199363883463604,1,0.6199363883463604,3405,4083
2287,2602,M02287,M02602,CCOC(=O)c1ccccc1C(=O)OCC,CCOCCOC(=O)c1ccccc1C(=O)OCCOCC,medium,0.6785714285714286,0.7241379310344828,1,c1ccccc1,802,0.21161295934610674,0.6199192838033938,2,0.6199192838033938,2287,2602
4114,3495,M04114,M03495,CNC(C)C(=O)c1ccccc1,CNC(C)C(=O)c1ccc(Br)cc1,medium,0.6551724137931034,0.7777777777777778,1,c1ccccc1,802,0.21161295934610674,0.6192898366222225,2,0.6192898366222225,3495,4114
617,3965,M00617,M03965,CCCN(CCC)c1c([N+](=O)[O-])cc(C(F)(F)F)cc1[N+](=O)[O-],CCCN(CCC)c1c([N+](=O)[O-])cc(C(C)C)cc1[N+](=O)[O-],medium,0.6153846153846154,0.8727272727272727,1,c1ccccc1,802,0.21161295934610674,0.6191545313145034,1,0.6191545313145034,617,3965
3396,3400,M03396,M03400,CC(N)Cc1cccc(F)c1,CNC(C)Cc1cccc(F)c1,medium,0.6451612903225806,0.8,1,c1ccccc1,802,0.21161295934610674,0.6188387180954644,2,0.6188387180954644,3396,3400
83,1143,M00083,M01143,O=C(O)c1c(O)cccc1O,COc1cccc(O)c1C(=O)O,medium,0.6153846153846154,0.8695652173913043,1,c1ccccc1,802,0.21161295934610674,0.6183640174805113,1,0.6183640174805113,83,1143
1361,1134,M01361,M01134,O=C(O)c1cccc(O)c1[O-],O=C(O)c1cccc(O)c1O,medium,0.6153846153846154,0.8695652173913043,1,c1ccccc1,802,0.21161295934610674,0.6183640174805113,1,0.6183640174805113,1134,1361
1347,52,M01347,M00052,Cc1cc(C(=O)O)ccc1O,O=C(O)c1ccc(O)c(O)c1,medium,0.64,0.8095238095238095,1,c1ccccc1,802,0.21161295934610674,0.6181228962828684,1,0.6181228962828684,52,1347
884,3401,M00884,M03401,CC(N)Cc1ccccc1,Cc1cccc(CC(C)N)c1,medium,0.6153846153846154,0.8666666666666667,1,c1ccccc1,802,0.21161295934610674,0.6176393797993519,1,0.6176393797993519,884,3401
1825,1648,M01825,M01648,O=C(O)C(O)c1ccc(O)cc1,O=C(O)C(O)c1ccccc1,medium,0.6521739130434783,0.7777777777777778,1,c1ccccc1,802,0.21161295934610674,0.6174907361724474,1,0.6174907361724474,1648,1825
2934,713,M02934,M00713,CCNc1nc(N)nc(O)n1,CCNc1nc(N)nc(Cl)n1,medium,0.6,0.6666666666666666,1,c1ncncn1,40,0.6028054368020348,0.6170874821869718,2,0.6170874821869718,713,2934
2771,3762,M02771,M03762,CC(C)(C)c1cc([N+](=O)[O-])cc([N+](=O)[O-])c1O,Cc1cc([N+](=O)[O-])cc([N+](=O)[O-])c1O,medium,0.6060606060606061,0.8863636363636364,1,c1ccccc1,802,0.21161295934610674,0.6169692166291887,1,0.6169692166291887,2771,3762
2932,2645,M02932,M02645,CC(=O)N(C)c1ccccc1,CC(=O)N(C)c1ccc(N)cc1,medium,0.6153846153846154,0.8636363636363636,1,c1ccccc1,802,0.21161295934610674,0.6168818040417762,1,0.6168818040417762,2645,2932
1216,1221,M01216,M01221,O=C(O)Cc1cc(O)cc(O)c1,O=C(O)Cc1cccc(O)c1,medium,0.6153846153846154,0.8636363636363636,1,c1ccccc1,802,0.21161295934610674,0.6168818040417762,1,0.6168818040417762,1216,1221
4090,4092,M04090,M04092,COc1ccc2[nH]cc(CC(C)N)c2c1,COc1ccc2[nH]cc(CCN(C(C)C)C(C)C)c2c1,medium,0.6136363636363636,0.6666666666666666,1,c1ccc2[nH]ccc2c1,63,0.5442457568182516,0.6164853483712225,1,0.6164853483712225,4090,4092
1016,1058,M01016,M01058,Cc1ccccc1C(=O)NCC(=O)O,O=C(O)CNC(=O)c1ccccc1O,medium,0.65625,0.7631578947368421,1,c1ccccc1,802,0.21161295934610674,0.6162814175861265,1,0.6162814175861265,1016,1058
3557,3602,M03557,M03602,CCCCNC(=O)NS(=O)(=O)c1ccc(N)cc1,CCCNC(=O)NS(=O)(=O)c1ccc(Cl)cc1,medium,0.6097560975609756,0.873015873015873,1,c1ccccc1,802,0.21161295934610674,0.6158495706924696,2,0.6158495706924696,3557,3602
3843,3405,M03843,M03405,CC(Cc1ccccc1)NCCC#N,CCCNC(C)Cc1ccccc1,medium,0.6363636363636364,0.8076923076923077,1,c1ccccc1,802,0.21161295934610674,0.6154832026431747,1,0.6154832026431747,3405,3843
1004,1383,M01004,M01383,NCCc1ccc(O)c(O)c1,COc1cc(CCN)ccc1O,medium,0.6206896551724138,0.84375,1,c1ccccc1,802,0.21161295934610674,0.6150932370053643,1,0.6150932370053643,1004,1383
1028,1212,M01028,M01212,NCC(O)c1ccc(O)cc1,NCC(O)c1ccccc1,medium,0.625,0.8333333333333334,1,c1ccccc1,802,0.21161295934610674,0.6150752772352494,1,0.6150752772352494,1028,1212
1375,1026,M01375,M01026,OCC(O)c1ccc(O)c(O)c1,NCC(O)c1ccc(O)c(O)c1,medium,0.6666666666666666,0.7333333333333333,1,c1ccccc1,802,0.21161295934610674,0.6150752772352492,2,0.6150752772352492,1026,1375
3299,3300,M03299,M03300,CCCCOC(=O)COc1ccc(Cl)cc1Cl,COC(=O)COc1ccc(Cl)cc1Cl,medium,0.65,0.7714285714285715,1,c1ccccc1,802,0.21161295934610674,0.6145990867590588,1,0.6145990867590588,3299,3300
4332,703,M04332,M00703,CCCOCCN(C(=O)CCl)c1c(CC)cccc1CC,CCc1cccc(CC)c1N(COC)C(=O)CCl,medium,0.6190476190476191,0.8444444444444444,1,c1ccccc1,802,0.21161295934610674,0.6142816264415986,2,0.6142816264415986,703,4332
3692,3404,M03692,M03404,C#CCNC(C)Cc1ccccc1,CCNC(C)Cc1ccccc1,medium,0.6333333333333333,0.8095238095238095,1,c1ccccc1,802,0.21161295934610674,0.6141228962828683,1,0.6141228962828683,3404,3692
1332,137,M01332,M00137,COc1ccc(C(=O)O)c(O)c1,O=C(O)c1ccc(O)cc1O,medium,0.6071428571428571,0.8695652173913043,1,c1ccccc1,802,0.21161295934610674,0.6134189625354564,1,0.6134189625354564,137,1332
92,396,M00092,M00396,CCOc1cc(C=O)ccc1O,COc1cc(C=O)ccc1O,medium,0.65625,0.75,1,c1ccccc1,802,0.21161295934610674,0.612991943901916,1,0.612991943901916,92,396
124,1410,M00124,M01410,Nc1ccccc1C(=O)O,Nc1ccccc1C(=O)[O-],medium,0.625,0.8181818181818182,1,c1ccccc1,802,0.21161295934610674,0.6112873984473706,1,0.6112873984473706,124,1410
281,1264,M00281,M01264,O=C(O)C=Cc1cccc(O)c1,COc1cccc(C=CC(=O)O)c1,medium,0.6363636363636364,0.7894736842105263,1,c1ccccc1,802,0.21161295934610674,0.6109285467727293,1,0.6109285467727293,281,1264
3403,4322,M03403,M04322,CNC(C)Cc1ccc(OC)cc1,COc1ccc(CC(C)N)cc1,medium,0.6,0.875,1,c1ccccc1,802,0.21161295934610674,0.610491943901916,1,0.610491943901916,3403,4322
1113,1261,M01113,M01261,O=C(O)CCc1ccc(O)cc1,O=C(O)CCc1ccccc1,medium,0.6666666666666666,0.7142857142857143,1,c1ccccc1,802,0.21161295934610674,0.6103133724733445,1,0.6103133724733445,1113,1261
4300,3931,M04300,M03931,CNC(C)Cc1ccc(O)cc1,CNC(C)Cc1ccc(O)c(O)c1,medium,0.6333333333333333,0.7931034482758621,1,c1ccccc1,802,0.21161295934610674,0.6100178059708814,1,0.6100178059708814,3931,4300
2774,1125,M02774,M01125,CCCCCCCCc1ccc(O)cc1,CCCCCCCCCCCCCCCCCc1cc(O)cc(O)c1,medium,0.6296296296296297,0.8,1,c1ccccc1,802,0.21161295934610674,0.6095197216796937,1,0.6095197216796937,1125,2774
1125,2538,M01125,M02538,CCCCCCCCCCCCCCCCCc1cc(O)cc(O)c1,CCCCCCCCCc1ccc(O)cc1,medium,0.6296296296296297,0.8,1,c1ccccc1,802,0.21161295934610674,0.6095197216796937,1,0.6095197216796937,1125,2538
1126,2774,M01126,M02774,CCCCCCCCCCCCCCCCCCCCCCCCCc1cc(O)cc(O)c1,CCCCCCCCc1ccc(O)cc1,medium,0.6296296296296297,0.8,1,c1ccccc1,802,0.21161295934610674,0.6095197216796937,2,0.6095197216796937,1126,2774
1126,2538,M01126,M02538,CCCCCCCCCCCCCCCCCCCCCCCCCc1cc(O)cc(O)c1,CCCCCCCCCc1ccc(O)cc1,medium,0.6296296296296297,0.8,1,c1ccccc1,802,0.21161295934610674,0.6095197216796937,1,0.6095197216796937,1126,2538
3528,4336,M03528,M04336,CCCCOc1ccc(C(=O)OCCN(CC)CC)cc1,CCN(CC)CCOC(=O)c1ccc(N)cc1,medium,0.6666666666666666,0.7045454545454546,1,c1ccccc1,802,0.21161295934610674,0.6078783075382796,2,0.6078783075382796,3528,4336
891,3402,M00891,M03402,CNC(C)Cc1ccccc1,CNC(C)Cc1ccc(F)cc1,medium,0.6296296296296297,0.7894736842105263,1,c1ccccc1,802,0.21161295934610674,0.6068881427323254,1,0.6068881427323254,891,3402
537,62,M00537,M00062,COC(=O)C(N)Cc1ccc(O)cc1,NC(Cc1ccc(O)cc1)C(=O)O,medium,0.625,0.8,1,c1ccccc1,802,0.21161295934610674,0.6067419439019159,1,0.6067419439019159,62,537
25,1293,M00025,M01293,O=C(O)C=Cc1ccccc1O,O=C(O)C=Cc1ccc(O)cc1O,medium,0.6,0.8571428571428571,1,c1ccccc1,802,0.21161295934610674,0.6060276581876303,1,0.6060276581876303,25,1293
1113,1114,M01113,M01114,O=C(O)CCc1ccc(O)cc1,O=C(O)Cc1ccc(O)cc1,medium,0.6,0.8571428571428571,1,c1ccccc1,802,0.21161295934610674,0.6060276581876303,2,0.6060276581876303,1113,1114
4496,4497,M04496,M04497,CCC(c1cccc(O)c1)C(C)CN(C)C,CCC(c1cccc(O)c1)C(C)CNC,medium,0.6410256410256411,0.7575757575757576,1,c1ccccc1,802,0.21161295934610674,0.60575126791124,1,0.60575126791124,4496,4497
2572,134,M02572,M00134,O=C(O)c1cccc(C(=O)O)c1,O=C(O)c1ccccc1,medium,0.6666666666666666,0.6923076923076923,1,c1ccccc1,802,0.21161295934610674,0.604818866978839,1,0.604818866978839,134,2572
2288,2287,M02288,M02287,CC(C)COC(=O)c1ccccc1C(=O)OCC(C)C,CCOC(=O)c1ccccc1C(=O)OCC,medium,0.6071428571428571,0.8333333333333334,1,c1ccccc1,802,0.21161295934610674,0.6043609915209636,2,0.6043609915209636,2287,2288
1031,992,M01031,M00992,CC(NC(=O)C(N)Cc1ccccc1)C(=O)NC(CO)C(=O)O,CC(NC(=O)C(Cc1ccccc1)NC(=O)C(N)CC(=O)O)C(=O)O,medium,0.6041666666666666,0.8378378378378378,1,c1ccccc1,802,0.21161295934610674,0.6037014033613755,2,0.6037014033613755,992,1031
1650,1648,M01650,M01648,O=C(O)C(=O)C(O)c1ccccc1,O=C(O)C(O)c1ccccc1,medium,0.6521739130434783,0.7222222222222222,1,c1ccccc1,802,0.21161295934610674,0.6036018472835585,1,0.6036018472835585,1648,1650
1139,1112,M01139,M01112,O=C(O)Cc1ccc(O)c(O)c1,COc1cc(CC(=O)O)ccc1O,medium,0.6129032258064516,0.8148148148148148,1,c1ccccc1,802,0.21161295934610674,0.6031875830894906,2,0.6031875830894906,1112,1139
21,54,M00021,M00054,COC(=O)c1cc(O)c(O)c(O)c1,CCOC(=O)c1cc(O)c(O)c(O)c1,medium,0.6071428571428571,0.8275862068965517,1,c1ccccc1,802,0.21161295934610674,0.6029242099117682,2,0.6029242099117682,21,54
935,2407,M00935,M02407,CNC(=O)Oc1cc(C)c(S(C)=O)c(C)c1,CNC(=O)Oc1cc(C)c(C)c(C)c1,medium,0.6774193548387096,0.6585365853658537,1,c1ccccc1,802,0.21161295934610674,0.6028277031466052,1,0.6028277031466052,935,2407
2198,2451,M02198,M02451,Cc1cccc(C)c1N,Cc1cccc(Cl)c1N,medium,0.65,0.7222222222222222,1,c1ccccc1,802,0.21161295934610674,0.6022974994574716,1,0.6022974994574716,2198,2451
3403,4300,M03403,M04300,CNC(C)Cc1ccc(OC)cc1,CNC(C)Cc1ccc(O)cc1,medium,0.6,0.84,1,c1ccccc1,802,0.21161295934610674,0.6017419439019159,2,0.6017419439019159,3403,4300
4115,4114,M04115,M04114,CNC(C)C(=O)c1cccc(F)c1,CNC(C)C(=O)c1ccccc1,medium,0.625,0.7777777777777778,1,c1ccccc1,802,0.21161295934610674,0.6011863883463604,2,0.6011863883463604,4114,4115
2558,702,M02558,M00702,CNC(=O)Nc1ccc(C)c(Cl)c1,Cc1ccc(NC(=O)N(C)C)cc1Cl,medium,0.6285714285714286,0.7647058823529411,1,c1ccccc1,802,0.21161295934610674,0.6000612716330084,2,0.6000612716330084,702,2558
4117,889,M04117,M00889,CNC(C)C(=O)c1ccc(OC)cc1,CNC(C)C(=O)c1ccc(C)cc1,medium,0.6451612903225806,0.7142857142857143,1,c1ccccc1,802,0.21161295934610674,0.597410146666893,1,0.597410146666893,889,4117
3395,3398,M03395,M03398,CC(N)Cc1ccccc1F,CNC(C)Cc1ccccc1F,medium,0.6,0.8181818181818182,1,c1ccccc1,802,0.21161295934610674,0.5962873984473706,1,0.5962873984473706,3395,3398
360,1361,M00360,M01361,O=C(O)c1ccccc1O,O=C(O)c1cccc(O)c1[O-],medium,0.6,0.8181818181818182,1,c1ccccc1,802,0.21161295934610674,0.5962873984473706,2,0.5962873984473706,360,1361
667,2226,M00667,M02226,CC(C)(Oc1ccc(Cl)cc1)C(=O)O,CCOC(=O)C(C)(C)Oc1ccc(Cl)cc1,medium,0.6176470588235294,0.7741935483870968,1,c1ccccc1,802,0.21161295934610674,0.5958785662928079,1,0.5958785662928079,667,2226
947,1004,M00947,M01004,OCCc1ccc(O)c(O)c1,NCCc1ccc(O)c(O)c1,medium,0.64,0.71875,1,c1ccccc1,802,0.21161295934610674,0.595429443901916,1,0.595429443901916,947,1004
2136,1648,M02136,M01648,O=C(O)C(O)c1cccc(O)c1,O=C(O)C(O)c1ccccc1,medium,0.6153846153846154,0.7777777777777778,1,c1ccccc1,802,0.21161295934610674,0.5954171575771297,1,0.5954171575771297,1648,2136
4554,3802,M04554,M03802,CCC(C)N(C(=O)SCc1ccccc1)C(C)CC,CCN(C(=O)SCc1ccccc1)C(C)C(C)C,medium,0.6,0.8064516129032258,1,c1ccccc1,802,0.21161295934610674,0.5933548471277224,1,0.5933548471277224,3802,4554
2731,1539,M02731,M01539,Cc1ccc(O)cc1,Oc1ccc(O)cc1,medium,0.6153846153846154,0.7692307692307693,1,c1ccccc1,802,0.21161295934610674,0.5932804054403775,1,0.5932804054403775,1539,2731
1350,2893,M01350,M02893,COc1cccc(OC)c1O,COc1cccc(CO)c1O,medium,0.64,0.7037037037037037,1,c1ccccc1,802,0.21161295934610674,0.5916678698278419,1,0.5916678698278419,1350,2893
96,1113,M00096,M01113,CC(=O)CCc1ccc(O)cc1,O=C(O)CCc1ccc(O)cc1,medium,0.6538461538461539,0.6666666666666666,1,c1ccccc1,802,0.21161295934610674,0.590716302876275,1,0.590716302876275,96,1113
2464,4717,M02464,M04717,CC(C)(C)c1cc(C(=O)O)c(O)c(C(C)(C)C)c1,CC(C)(C)c1cc(C(C)(C)C)c(O)c(C(C)(C)C)c1,medium,0.6296296296296297,0.72,1,c1ccccc1,802,0.21161295934610674,0.5895197216796937,1,0.5895197216796937,2464,4717
891,3400,M00891,M03400,CNC(C)Cc1ccccc1,CNC(C)Cc1cccc(F)c1,medium,0.6,0.7894736842105263,1,c1ccccc1,802,0.21161295934610674,0.5891103649545475,2,0.5891103649545475,891,3400
2472,782,M02472,M00782,COCCN(C(=O)CO)c1c(C)cccc1C(=O)O,COCCN(C(=O)CCl)c1c(C)cccc1C,medium,0.6136363636363636,0.7547169811320755,1,c1ccccc1,802,0.21161295934610674,0.588603007366753,1,0.588603007366753,782,2472
4244,4336,M04244,M04336,CCCCOc1cc(C(=O)OCCN(CC)CC)ccc1N,CCN(CC)CCOC(=O)c1ccc(N)cc1,medium,0.6,0.7872340425531915,1,c1ccccc1,802,0.21161295934610674,0.5885504545402138,2,0.5885504545402138,4244,4336
158,159,M00158,M00159,COc1cc(C=CCO)ccc1O,COc1cc(C=CC=O)ccc1O,medium,0.6111111111111112,0.76,1,c1ccccc1,802,0.21161295934610674,0.5884086105685826,2,0.5884086105685826,158,159
2308,793,M02308,M00793,Cc1cccc(C)c1N(CC(=O)O)C(=O)C(=O)O,COCCN(C(=O)C(=O)O)c1c(C)cccc1C,medium,0.6216216216216216,0.7291666666666666,1,c1ccccc1,802,0.21161295934610674,0.5870065835415555,1,0.5870065835415555,793,2308
323,144,M00323,M00144,O=C(O)C=Cc1ccc(O)cc1,O=C(O)C=Cc1ccc(O)c(O)c1,medium,0.6071428571428571,0.7619047619047619,1,c1ccccc1,802,0.21161295934610674,0.5865038486638208,1,0.5865038486638208,144,323
4120,3916,M04120,M03916,COc1ccccc1OCC(O)COC(N)=O,COc1ccccc1OCC(O)CO,medium,0.6388888888888888,0.6829268292682927,1,c1ccccc1,802,0.21161295934610674,0.5858069845523225,1,0.5858069845523225,3916,4120
4078,889,M04078,M00889,CCNC(C)C(=O)c1ccc(C)cc1,CNC(C)C(=O)c1ccc(C)cc1,medium,0.6451612903225806,0.6666666666666666,1,c1ccccc1,802,0.21161295934610674,0.585505384762131,2,0.585505384762131,889,4078
4191,717,M04191,M00717,CCCCN(C)C(=O)Nc1ccc(Cl)c(Cl)c1,CN(C)C(=O)Nc1ccc(Cl)c(Cl)c1,medium,0.631578947368421,0.6976744186046512,1,c1ccccc1,802,0.21161295934610674,0.5851079169741313,1,0.5851079169741313,717,4191
3397,884,M03397,M00884,CC(N)Cc1ccc(F)cc1,CC(N)Cc1ccccc1,medium,0.6,0.7647058823529411,1,c1ccccc1,802,0.21161295934610674,0.5829184144901512,2,0.5829184144901512,884,3397
3732,4336,M03732,M04336,CCN(CC)CC(C)(C)COC(=O)c1ccc(N)cc1,CCN(CC)CCOC(=O)c1ccc(N)cc1,medium,0.625,0.7045454545454546,1,c1ccccc1,802,0.21161295934610674,0.5828783075382796,1,0.5828783075382796,3732,4336
2609,3210,M02609,M03210,CCCCN(C)C(O)=Nc1ccc(Cl)c(Cl)c1,CN(C)C(O)=Nc1ccc(Cl)c(Cl)c1,medium,0.6216216216216216,0.7111111111111111,1,c1ccccc1,802,0.21161295934610674,0.5824926946526667,1,0.5824926946526667,2609,3210
3563,3385,M03563,M03385,CC(C(=O)c1ccccc1)N(C)C,CCN(CC)C(C)C(=O)c1ccccc1,medium,0.6333333333333333,0.68,1,c1ccccc1,802,0.21161295934610674,0.5817419439019159,1,0.5817419439019159,3385,3563
3510,45,M03510,M00045,CCOc1ccc(NC(=O)CC(C)O)cc1,CCOc1ccc(NC(C)=O)cc1,medium,0.6111111111111112,0.7297297297297297,1,c1ccccc1,802,0.21161295934610674,0.5808410430010151,1,0.5808410430010151,45,3510
1328,1114,M01328,M01114,O=C(O)Cc1ccccc1,O=C(O)Cc1ccc(O)cc1,medium,0.6363636363636364,0.6666666666666666,1,c1ccccc1,802,0.21161295934610674,0.5802267923867644,2,0.5802267923867644,1114,1328
1261,1185,M01261,M01185,O=C(O)CCc1ccccc1,O=C(O)CCc1cccc(O)c1,medium,0.6296296296296297,0.6818181818181818,1,c1ccccc1,802,0.21161295934610674,0.5799742671342392,2,0.5799742671342392,1185,1261
4486,719,M04486,M00719,COC(=O)Nc1ccc(Cl)c(Cl)c1,CNC(=O)Nc1ccc(Cl)c(Cl)c1,medium,0.625,0.6875,1,c1ccccc1,802,0.21161295934610674,0.578616943901916,1,0.578616943901916,719,4486
3701,3832,M03701,M03832,CCNC(C)Cc1cccc(C(F)(F)F)c1,CC(N)Cc1cccc(C(F)(F)F)c1,medium,0.6388888888888888,0.6538461538461539,1,c1ccccc1,802,0.21161295934610674,0.5785368156967877,1,0.5785368156967877,3701,3832
920,2078,M00920,M02078,CNC(=O)Oc1cc(C)c(SC)c(C)c1,CNC(=O)Oc1cc(C)c(N(C)C)c(C)c1,medium,0.6176470588235294,0.6923076923076923,1,c1ccccc1,802,0.21161295934610674,0.5754071022729568,2,0.5754071022729568,920,2078
877,856,M00877,M00856,COC(=O)C(Cc1ccccc1)NC(=O)C(CC(=O)O)NCCC(C)(C)C,COC(=O)C(Cc1ccccc1)NC(=O)C(N)CC(=O)O,medium,0.62,0.6862745098039216,1,c1ccccc1,802,0.21161295934610674,0.5753105713528963,1,0.5753105713528963,856,877
3401,3396,M03401,M03396,Cc1cccc(CC(C)N)c1,CC(N)Cc1cccc(F)c1,medium,0.6206896551724138,0.6842105263157895,1,c1ccccc1,802,0.21161295934610674,0.5752083685843117,2,0.5752083685843117,3396,3401
3399,3395,M03399,M03395,Cc1ccccc1CC(C)N,CC(N)Cc1ccccc1F,medium,0.6071428571428571,0.7142857142857143,1,c1ccccc1,802,0.21161295934610674,0.5745990867590588,1,0.5745990867590588,3395,3399
3564,4114,M03564,M04114,CCNC(C)C(=O)c1ccccc1,CNC(C)C(=O)c1ccccc1,medium,0.6333333333333333,0.65,1,c1ccccc1,802,0.21161295934610674,0.574241943901916,2,0.574241943901916,3564,4114
1058,229,M01058,M00229,O=C(O)CNC(=O)c1ccccc1O,O=C(O)CNC(=O)c1ccccc1,medium,0.6,0.7297297297297297,1,c1ccccc1,802,0.21161295934610674,0.5741743763343484,2,0.5741743763343484,229,1058
1372,1114,M01372,M01114,O=C([O-])C(=O)Cc1ccc(O)cc1,O=C(O)Cc1ccc(O)cc1,medium,0.6,0.7272727272727273,1,c1ccccc1,802,0.21161295934610674,0.5735601257200977,2,0.5735601257200977,1114,1372
743,679,M00743,M00679,CC(=O)Nc1c(I)c(C(=O)O)c(I)c(C(=O)NCCO)c1I,CC(=O)Nc1c(I)c(NC(C)=O)c(I)c(C(=O)O)c1I,medium,0.6285714285714286,0.6521739130434783,1,c1ccccc1,802,0.21161295934610674,0.5719282793056426,1,0.5719282793056426,679,743
711,712,M00711,M00712,CC(C)c1ccc(NC(N)=O)cc1,CC(C)c1ccc(NC(=O)N(C)C)cc1,medium,0.6129032258064516,0.6896551724137931,1,c1ccccc1,802,0.21161295934610674,0.5718976724892353,2,0.5718976724892353,711,712
1057,137,M01057,M00137,Nc1ccc(C(=O)O)c(O)c1,O=C(O)c1ccc(O)cc1O,medium,0.6153846153846154,0.6785714285714286,1,c1ccccc1,802,0.21161295934610674,0.5706155702755424,1,0.5706155702755424,137,1057
1218,62,M01218,M00062,O=C(O)C(O)Cc1ccc(O)cc1,NC(Cc1ccc(O)cc1)C(=O)O,medium,0.6206896551724138,0.6551724137931034,1,c1ccccc1,802,0.21161295934610674,0.5679488404536401,2,0.5679488404536401,62,1218
4117,4114,M04117,M04114,CNC(C)C(=O)c1ccc(OC)cc1,CNC(C)C(=O)c1ccccc1,medium,0.6129032258064516,0.6666666666666666,1,c1ccccc1,802,0.21161295934610674,0.5661505460524536,2,0.5661505460524536,4114,4117
3806,3807,M03806,M03807,CCSCc1ccccc1OC(=O)NC,CCS(=O)(=O)Cc1ccccc1OC(=O)NC,medium,0.6097560975609756,0.673469387755102,1,c1ccccc1,802,0.21161295934610674,0.5659629493772769,1,0.5659629493772769,3806,3807
666,2372,M00666,M02372,CC(C)Cc1ccc(C(C)C(=O)O)cc1,CC(C(=O)O)c1ccc(CC(C)(C)O)cc1,medium,0.6060606060606061,0.6818181818181818,1,c1ccccc1,802,0.21161295934610674,0.565832852992825,2,0.565832852992825,666,2372
2526,3965,M02526,M03965,CCCN(CCC)c1c([N+](=O)[O-])cc(S(N)(=O)=O)cc1[N+](=O)[O-],CCCN(CCC)c1c([N+](=O)[O-])cc(C(C)C)cc1[N+](=O)[O-],medium,0.6,0.6956521739130435,1,c1ccccc1,802,0.21161295934610674,0.5656549873801768,1,0.5656549873801768,2526,3965
1310,2730,M01310,M02730,Oc1cccc(O)c1,Cc1cccc(O)c1,medium,0.6111111111111112,0.6666666666666666,1,c1ccccc1,802,0.21161295934610674,0.5650752772352493,1,0.5650752772352493,1310,2730
2800,2452,M02800,M02452,CCOC(=O)c1ccc(N(C)C)cc1,CCOC(=O)c1ccc(N)cc1,medium,0.6129032258064516,0.6551724137931034,1,c1ccccc1,802,0.21161295934610674,0.5632769828340628,1,0.5632769828340628,2452,2800
1219,1650,M01219,M01650,O=C([O-])C(O)c1ccccc1,O=C(O)C(=O)C(O)c1ccccc1,medium,0.6,0.6666666666666666,1,c1ccccc1,802,0.21161295934610674,0.5584086105685826,2,0.5584086105685826,1219,1650
