canonical_smiles,mol_id,MW,LogP,TPSA,HBD,HBA,RotatableBonds,scaffold,scaffold_specificity,scaffold_size
Oc1cc(O)c2c(c1)OC(c1ccc(O)c(O)c1)C(O)C2,M00000,290.271,1.5460999999999998,110.38000000000001,5.0,6.0,1.0,c1ccc(C2CCc3ccccc3O2)cc1,0.8352580650673657,6
O=C(OC1Cc2c(O)cc(O)cc2OC1c1ccc(O)c(O)c1)c1cc(O)c(O)c(O)c1,M00001,442.37600000000015,2.5276000000000005,177.14,7.0,10.0,3.0,O=C(OC1Cc2ccccc2OC1c1ccccc1)c1ccccc1,0.9466801716388252,2
Oc1cc(O)c2c(c1)OC(c1cc(O)c(O)c(O)c1)C(O)C2,M00002,306.27000000000004,1.2517,130.61,6.0,7.0,1.0,c1ccc(C2CCc3ccccc3O2)cc1,0.8352580650673657,6
O=C(O)c1cc(O)cc(O)c1,M00003,154.12099999999998,0.7959999999999998,77.76,3.0,3.0,1.0,c1ccccc1,0.21161295934610674,802
O=C(O)c1ccc(O)cc1,M00004,138.12199999999999,1.0903999999999998,57.53,2.0,2.0,1.0,c1ccccc1,0.21161295934610674,802
OCC1OC(Oc2cc(O)cc(C=Cc3ccc(O)c(O)c3)c2)C(O)C(O)C1O,M00005,406.38700000000006,0.1524999999999993,160.07,7.0,9.0,5.0,C(=Cc1cccc(OC2CCCCO2)c1)c1ccccc1,0.8795051323147839,4
O=C(C=Cc1ccc(O)c(O)c1)OC(C(=O)O)C(O)C(=O)O,M00006,312.23,-0.4471000000000001,161.59,5.0,7.0,6.0,c1ccccc1,0.21161295934610674,802
OCC1OC(Oc2cc(O)cc(C=Cc3ccc(O)cc3)c2)C(O)C(O)C1O,M00007,390.38800000000003,0.44689999999999946,139.84,6.0,8.0,5.0,C(=Cc1cccc(OC2CCCCO2)c1)c1ccccc1,0.8795051323147839,4
Oc1ccc(C=Cc2cc(O)cc(O)c2)cc1,M00008,228.247,2.9738000000000016,60.69,3.0,3.0,2.0,C(=Cc1ccccc1)c1ccccc1,0.7883542836784342,9
O=c1oc2c(O)c(O)cc3c(=O)oc4c(O)c(O)cc1c4c23,M00009,302.194,1.3127999999999997,141.34,4.0,8.0,0.0,O=c1oc2cccc3c(=O)oc4cccc1c4c23,1.0,1
Oc1ccc(C2Oc3cc(O)cc(O)c3CC2O)cc1,M00010,274.272,1.8404999999999996,90.15,4.0,5.0,1.0,c1ccc(C2CCc3ccccc3O2)cc1,0.8352580650673657,6
O=c1ccc2cc(O)c(O)cc2o1,M00011,178.143,1.2042,70.67,2.0,4.0,0.0,O=c1ccc2ccccc2o1,0.7265474540909509,15
COc1cc(C=CC(=O)OC(C(=O)O)C(O)C(=O)O)ccc1O,M00012,326.257,-0.14410000000000034,150.58999999999997,4.0,7.0,7.0,c1ccccc1,0.21161295934610674,802
COc1cc2ccc(=O)oc2c(OC2OC(CO)C(O)C(O)C2O)c1O,M00013,370.31,-1.3141000000000005,159.05,5.0,10.0,4.0,O=c1ccc2cccc(OC3CCCCO3)c2o1,1.0,1
COc1ccc(C2CC(=O)c3c(O)cc(O)cc3O2)cc1O,M00014,302.28200000000004,2.518500000000001,96.22000000000001,3.0,6.0,2.0,O=C1CC(c2ccccc2)Oc2ccccc21,0.7185751418868361,16
COc1cc(-c2oc3cc(O)cc(O)c3c(=O)c2OC2OC(CO)C(O)C(O)C2O)ccc1O,M00015,478.4060000000001,-0.23589999999999983,199.51,7.0,12.0,5.0,O=c1c(OC2CCCCO2)c(-c2ccccc2)oc2ccccc12,0.7538526280001345,12
COc1cc(-c2oc3cc(O)cc(O)c3c(=O)c2OC2OC(COC3OC(C)C(O)C(O)C3O)C(O)C(O)C2O)ccc1O,M00016,624.5480000000003,-1.3840999999999999,258.42999999999995,9.0,16.0,7.0,O=c1c(OC2CCCC(COC3CCCCO3)O2)c(-c2ccccc2)oc2ccccc12,0.8795051323147839,4
COc1cc(C=Cc2cc(O)cc(OC3OC(CO)C(O)C(O)C3O)c2)ccc1O,M00017,420.41400000000004,0.4554999999999996,149.07,6.0,9.0,6.0,C(=Cc1cccc(OC2CCCCO2)c1)c1ccccc1,0.8795051323147839,4
O=c1c(OC2OC(CO)C(O)C(O)C2O)c(-c2ccc(O)cc2)oc2cc(O)cc(O)c12,M00018,448.3800000000002,-0.24449999999999966,190.27999999999997,7.0,11.0,4.0,O=c1c(OC2CCCCO2)c(-c2ccccc2)oc2ccccc12,0.7538526280001345,12
CC1OC(OCC2OC(Oc3c(-c4ccc(O)cc4)oc4cc(O)cc(O)c4c3=O)C(O)C(O)C2O)C(O)C(O)C1O,M00019,594.5220000000004,-1.3927000000000005,249.19999999999996,9.0,15.0,6.0,O=c1c(OC2CCCC(COC3CCCCO3)O2)c(-c2ccccc2)oc2ccccc12,0.8795051323147839,4
O=c1cc(-c2ccc(O)c(O)c2)oc2cc(OC3OC(CO)C(O)C(O)C3O)cc(O)c12,M00020,448.3800000000001,-0.24450000000000022,190.27999999999997,7.0,11.0,4.0,O=c1cc(-c2ccccc2)oc2cc(OC3CCCCO3)ccc12,0.8795051323147839,4
COC(=O)c1cc(O)c(O)c(O)c1,M00021,184.147,0.5899999999999996,86.99000000000001,3.0,5.0,1.0,c1ccccc1,0.21161295934610674,802
O=c1c(O)c(-c2cc(O)c(O)c(O)c2)oc2cc(O)cc(O)c12,M00022,318.237,1.6935999999999998,151.59,6.0,8.0,1.0,O=c1cc(-c2ccccc2)oc2ccccc12,0.6127978022039184,37
O=C1CC(c2ccc(O)cc2)Oc2cc(O)cc(O)c21,M00023,272.25600000000003,2.5099000000000014,86.99000000000001,3.0,5.0,1.0,O=C1CC(c2ccccc2)Oc2ccccc21,0.7185751418868361,16
O=C1CC(c2ccc(O)cc2)Oc2cc(OC3OC(CO)C(O)C(O)C3O)cc(O)c21,M00024,434.3970000000001,-0.01700000000000018,166.14000000000001,6.0,10.0,4.0,O=C1CC(c2ccccc2)Oc2cc(OC3CCCCO3)ccc21,0.9466801716388252,2
O=C(O)C=Cc1ccccc1O,M00025,164.16,1.49,57.53,2.0,2.0,2.0,c1ccccc1,0.21161295934610674,802
COc1cc(-c2oc3cc(=O)cc4oc(O)cc(c2OC2OC(CO)C(O)C(O)C2O)c43)cc(OC)c1O,M00026,532.4540000000003,0.8132999999999992,201.64999999999998,6.0,13.0,6.0,O=c1cc2occc3c(OC4CCCCO4)c(-c4ccccc4)oc(c1)c23,0.8555293230024756,5
Oc1ccc(C2c3c(O)cc(O)cc3C3C(c4ccc(O)cc4)c4c(O)cc(O)cc4C23)cc1,M00027,454.4780000000002,5.078600000000007,121.38000000000001,6.0,6.0,2.0,c1ccc(C2c3ccccc3C3C(c4ccccc4)c4ccccc4C23)cc1,1.0,1
O=C(CCc1ccc(O)cc1)c1c(O)cc(O)cc1OC1OC(CO)C(O)C(O)C1O,M00028,436.4130000000001,-0.2024000000000002,177.14,7.0,10.0,7.0,O=C(CCc1ccccc1)c1ccccc1OC1CCCCO1,1.0,1
O=C(CCc1ccc(O)cc1)c1c(O)cc(O)cc1O,M00029,274.272,2.324500000000001,97.99000000000001,4.0,5.0,4.0,O=C(CCc1ccccc1)c1ccccc1,0.9088491513636503,3
Oc1cc(O)cc(C=Cc2ccc(O)c(O)c2)c1,M00030,244.24599999999998,2.679400000000001,80.92,4.0,4.0,2.0,C(=Cc1ccccc1)c1ccccc1,0.7883542836784342,9
Oc1cc(O)c2c(c1)OC(c1ccc(O)c(O)c1)C(O)C2c1c(O)cc(O)c2c1OC(c1ccc(O)c(O)c1)C(O)C2,M00031,578.5260000000003,2.9950000000000028,220.75999999999996,10.0,12.0,3.0,c1ccc(C2CC(c3cccc4c3OC(c3ccccc3)CC4)c3ccccc3O2)cc1,1.0,1
COc1cc(C=Cc2ccc(O)cc2)cc(OC)c1,M00032,256.301,3.5798000000000023,38.69,1.0,3.0,4.0,C(=Cc1ccccc1)c1ccccc1,0.7883542836784342,9
O=c1c(OC2OC(CO)C(O)C(O)C2O)c(-c2ccc(OC3OC(CO)C(O)C(O)C3O)c(O)c2)oc2cc(O)cc(O)c12,M00033,626.5200000000002,-3.065799999999999,289.66,11.0,17.0,7.0,O=c1c(OC2CCCCO2)c(-c2ccc(OC3CCCCO3)cc2)oc2ccccc12,1.0,1
O=C(O)C1OC(Oc2c(-c3ccc(O)c(O)c3)oc3cc(O)cc(O)c3c2=O)C(O)C(O)C1O,M00034,478.3620000000002,-0.44659999999999994,227.57999999999996,8.0,12.0,4.0,O=c1c(OC2CCCCO2)c(-c2ccccc2)oc2ccccc12,0.7538526280001345,12
O=c1c(O)c(-c2ccc(OC3OC(CO)C(O)C(O)C3O)c(O)c2)oc2cc(O)cc(O)c12,M00035,464.3790000000002,-0.5389000000000004,210.51,8.0,12.0,4.0,O=c1cc(-c2ccc(OC3CCCCO3)cc2)oc2ccccc12,1.0,1
O=c1c(OS(=O)(=O)O)c(-c2ccc(O)c(O)c2)oc2cc(O)cc(O)c12,M00036,382.30200000000013,1.4640000000000006,174.73,5.0,9.0,3.0,O=c1cc(-c2ccccc2)oc2ccccc12,0.6127978022039184,37
O=c1c(OC2OC(C(O)CO)C(O)C2O)c(-c2ccc(O)c(O)c2)oc2cc(O)cc(O)c12,M00037,464.3790000000002,-0.5388999999999995,210.51,8.0,12.0,5.0,O=c1c(OC2CCCO2)c(-c2ccccc2)oc2ccccc12,1.0,1
CC1OC(OCC2OC(Oc3c(-c4ccc(O)c(O)c4)oc4cc(O)cc(O)c4c3=O)C(O)C(O)C2O)C(O)C(O)C1O,M00038,610.5210000000004,-1.6871000000000003,269.42999999999995,10.0,16.0,6.0,O=c1c(OC2CCCC(COC3CCCCO3)O2)c(-c2ccccc2)oc2ccccc12,0.8795051323147839,4
COc1cc(C(=O)O)cc(OC)c1O,M00039,198.17399999999998,1.1076,75.99000000000001,2.0,4.0,3.0,c1ccccc1,0.21161295934610674,802
O=C1c2c(O)cc(O)cc2OC(c2ccc(O)c(O)c2)C1O,M00040,304.25399999999996,1.1862999999999995,127.45000000000002,5.0,7.0,1.0,O=C1CC(c2ccccc2)Oc2ccccc21,0.7185751418868361,16
O=C(C=Cc1ccc(O)cc1)OC(C(=O)O)C(O)C(=O)O,M00041,296.23100000000005,-0.15270000000000034,141.35999999999999,4.0,6.0,6.0,c1ccccc1,0.21161295934610674,802
O=C(CCc1ccc(O)cc1)c1c(O)cc(O)c(C2OC(CO)C(O)C(O)C2O)c1O,M00042,436.4130000000001,-0.16060000000000035,188.14,8.0,10.0,6.0,O=C(CCc1ccccc1)c1cccc(C2CCCCO2)c1,1.0,1
COc1cc(O)c2c(=O)c(O)c(-c3ccc(O)c(OC)c3)oc2c1,M00043,330.2920000000001,2.594000000000001,109.36000000000001,3.0,7.0,3.0,O=c1cc(-c2ccccc2)oc2ccccc12,0.6127978022039184,37
CC1OC(OC2C(Oc3cc(O)c4c(c3)OC(c3ccc(O)cc3)CC4=O)OC(CO)C(O)C2O)C(O)C(O)C1O,M00044,580.5390000000003,-1.1652000000000007,225.05999999999997,8.0,14.0,6.0,O=C1CC(c2ccccc2)Oc2cc(OC3OCCCC3OC3CCCCO3)ccc21,0.9466801716388252,2
CCOc1ccc(NC(C)=O)cc1,M00045,179.219,2.0437,38.33,1.0,2.0,3.0,c1ccccc1,0.21161295934610674,802
COC1OC(C(=O)O)C(O)C(O)C1O,M00046,208.16600000000003,-2.474999999999999,116.45000000000002,4.0,6.0,2.0,C1CCOCC1,0.6627017793637848,25
COC(=O)C1=COC(O)C2C(CO)=CCC12,M00047,226.22799999999998,-0.0532999999999999,75.99000000000001,2.0,5.0,2.0,C1=CC2COC=CC2C1,1.0,1
COc1cc(-c2oc3cc(=O)cc4oc(O)c(C=[OH+])c(c2OC2OC(CO)C(O)C(O)C2O)c43)cc(OC)c1O,M00048,561.4720000000002,0.33609999999999934,223.04999999999995,6.0,13.0,7.0,O=c1cc2occc3c(OC4CCCCO4)c(-c4ccccc4)oc(c1)c23,0.8555293230024756,5
Oc1ccc(C2Oc3ccc(C=Cc4cc(O)cc5c4C(c4cc(O)cc(O)c4)C(c4ccc(O)cc4)O5)cc3C2c2cc(O)cc3c2C(c2cc(O)cc(O)c2)C(c2ccc(O)cc2)O3)cc1,M00049,906.9400000000003,11.004199999999978,209.75999999999996,9.0,12.0,8.0,C(=Cc1cccc2c1C(c1ccccc1)C(c1ccccc1)O2)c1ccc2c(c1)C(c1cccc3c1C(c1ccccc1)C(c1ccccc1)O3)C(c1ccccc1)O2,1.0,1
COc1cc(-c2oc3cc(=O)cc4oc(C)cc(c2OC2OC(CO)C(O)C(O)C2O)c43)cc(OC)c1O,M00050,530.4820000000002,1.4161199999999985,181.42,5.0,12.0,6.0,O=c1cc2occc3c(OC4CCCCO4)c(-c4ccccc4)oc(c1)c23,0.8555293230024756,5
O=C(OC1Cc2c(O)cc(O)cc2OC1c1cc(O)c(O)c(O)c1)c1cc(O)c(O)c(O)c1,M00051,458.37500000000017,2.233199999999999,197.36999999999998,8.0,11.0,3.0,O=C(OC1Cc2ccccc2OC1c1ccccc1)c1ccccc1,0.9466801716388252,2
O=C(O)c1ccc(O)c(O)c1,M00052,154.12099999999998,0.7959999999999998,77.76,3.0,3.0,1.0,c1ccccc1,0.21161295934610674,802
O=C1CC(c2ccc(O)c(O)c2)c2c(cc(O)c3c2OC(c2ccc(O)c(O)c2)C(O)C3)O1,M00053,452.4150000000002,2.692700000000003,156.91,6.0,9.0,2.0,O=C1CC(c2ccccc2)c2c(ccc3c2OC(c2ccccc2)CC3)O1,1.0,1
CCOC(=O)c1cc(O)c(O)c(O)c1,M00054,198.17399999999998,0.9800999999999997,86.99000000000001,3.0,5.0,2.0,c1ccccc1,0.21161295934610674,802
Oc1ccc(C2Oc3cc(O)cc4c3C2c2cc(O)cc(O)c2C(c2ccc(O)cc2)C4C2c3cc(O)cc4c3C(c3cc(O)cc(O)c3C2c2ccc(O)cc2)C(c2ccc(O)cc2)O4)cc1,M00055,906.9400000000003,10.43219999999998,220.75999999999996,10.0,12.0,5.0,c1ccc(C2Oc3cccc4c3C2c2ccccc2C(c2ccccc2)C4C2c3cccc4c3C(c3ccccc3C2c2ccccc2)C(c2ccccc2)O4)cc1,1.0,1
NC(N)=NCCCC(N)C(=O)O,M00056,174.20399999999998,-1.548099999999999,127.72000000000001,4.0,3.0,5.0,,0.0,0
O=C(O)C(O)C(O)C(=O)O,M00057,150.08599999999998,-2.1226,115.06000000000002,4.0,4.0,3.0,,0.0,0
O=C(O)C1(O)CC(O)C(O)C(O)C1,M00058,192.167,-2.3214000000000006,118.22000000000001,5.0,5.0,1.0,C1CCCCC1,0.6846698721617894,21
O=C(O)CCC(=O)O,M00059,118.088,-0.06420000000000009,74.6,2.0,2.0,3.0,,0.0,0
CCC(=O)O,M00060,74.079,0.481,37.3,1.0,1.0,1.0,,0.0,0
CC(O)(CC(=O)O)C(=O)O,M00061,148.114,-0.7032999999999998,94.83,3.0,3.0,3.0,,0.0,0
NC(Cc1ccc(O)cc1)C(=O)O,M00062,181.19099999999997,0.3466,83.55,3.0,3.0,3.0,c1ccccc1,0.21161295934610674,802
CCC(C)C(N)C(=O)O,M00063,131.175,0.44439999999999996,63.32000000000001,2.0,2.0,3.0,,0.0,0
C[N+](C)(C)CCO,M00064,104.17299999999999,-0.3150999999999999,20.23,1.0,1.0,2.0,,0.0,0
C[N+](C)(C)CC(=O)[O-],M00065,117.14799999999998,-1.5574999999999983,40.129999999999995,0.0,2.0,2.0,,0.0,0
CC(C)C(N)C(=O)O,M00066,117.14799999999998,0.05430000000000007,63.32000000000001,2.0,2.0,2.0,,0.0,0
O=C(O)C1CCCN1,M00067,115.13200000000002,-0.177,49.33,2.0,2.0,1.0,C1CCNC1,0.7643784743661259,11
NC(CCC(=O)NC(CS)C(=O)NCC(=O)O)C(=O)O,M00068,307.32800000000003,-2.2060999999999984,158.82,6.0,6.0,9.0,,0.0,0
O=c1cc[nH]c(=O)[nH]1,M00069,112.088,-0.9368000000000001,65.72,2.0,2.0,0.0,O=c1cc[nH]c(=O)[nH]1,0.7883542836784342,9
O=c1[nH]c(=O)c2[nH]c(=O)[nH]c2[nH]1,M00070,168.112,-1.7672000000000003,114.36999999999998,4.0,3.0,0.0,O=c1[nH]c(=O)c2[nH]c(=O)[nH]c2[nH]1,0.8352580650673657,6
O=c1[nH]c(=O)c2[nH]cnc2[nH]1,M00071,152.113,-1.0605000000000004,94.4,3.0,3.0,0.0,O=c1[nH]c(=O)c2[nH]cnc2[nH]1,0.7110586460049512,17
Oc1ccc(C=Cc2cc(O)cc3c2C(c2cc(O)cc(O)c2)C(c2ccc(O)cc2)O3)cc1,M00072,454.4780000000001,5.650600000000007,110.38000000000001,5.0,6.0,4.0,C(=Cc1cccc2c1C(c1ccccc1)C(c1ccccc1)O2)c1ccccc1,1.0,1
COc1cc(-c2oc3cc(=O)cc4oc(C(=O)O)cc(c2OC2OC(CO)C(O)C(O)C2O)c43)cc(OC)c1O,M00073,560.4640000000002,0.8058999999999987,218.71999999999997,6.0,13.0,7.0,O=c1cc2occc3c(OC4CCCCO4)c(-c4ccccc4)oc(c1)c23,0.8555293230024756,5
COc1cc(-c2oc3cc(=O)cc4occc(c2OC2OC(CO)C(O)C(O)C2O)c43)cc(OC)c1O,M00074,516.4550000000003,1.1076999999999988,181.42,5.0,12.0,6.0,O=c1cc2occc3c(OC4CCCCO4)c(-c4ccccc4)oc(c1)c23,0.8555293230024756,5
O=C(Oc1cc(O)cc2c1CC(O)C(c1ccc(O)c(O)c1)O2)c1cc(O)c(O)c(O)c1,M00075,442.37600000000015,2.1765,177.14,7.0,10.0,3.0,O=C(Oc1cccc2c1CCC(c1ccccc1)O2)c1ccccc1,1.0,1
CC1=CCCC(C)(C)C12CCC(C)O2,M00076,194.31799999999998,3.690400000000003,9.23,0.0,1.0,0.0,C1=CC2(CCC1)CCCO2,1.0,1
CC(C)=C1CCC(C)CC1=O,M00077,152.237,2.711900000000001,17.07,0.0,1.0,0.0,C=C1CCCCC1=O,1.0,1
NCCCN,M00078,74.127,-0.7060999999999997,52.04,2.0,2.0,2.0,,0.0,0
O=C(C=Cc1ccc(O)c(O)c1)OC1CC(OC(=O)C=Cc2ccc(O)c(O)c2)(C(=O)O)CC(O)C1O,M00079,516.4550000000003,1.0295999999999996,211.27999999999997,7.0,11.0,7.0,O=C(C=Cc1ccccc1)OC1CCCC(OC(=O)C=Cc2ccccc2)C1,1.0,1
NCCCCN,M00080,88.15400000000001,-0.3159999999999998,52.04,2.0,2.0,3.0,,0.0,0
CCCCCC(O)C=CC=CCC=CCC=CCCCC(=O)O,M00081,320.47300000000007,5.187500000000004,57.53,2.0,2.0,14.0,,0.0,0
O=C(O)Cc1c[nH]c2ccccc12,M00082,175.187,1.795,53.089999999999996,2.0,1.0,2.0,c1ccc2[nH]ccc2c1,0.5442457568182516,63
O=C(O)c1c(O)cccc1O,M00083,154.12099999999998,0.7959999999999998,77.76,3.0,3.0,1.0,c1ccccc1,0.21161295934610674,802
Nc1nc2c(ncn2C2CC(O)C(COP(=O)(O)O)O2)c(=O)[nH]1,M00084,347.224,-1.5405000000000006,185.80999999999997,5.0,9.0,4.0,O=c1[nH]cnc2c1ncn2C1CCCO1,0.7185751418868361,16
O=C(O)C(=O)C(O)C(O)C(O)CO,M00085,194.13899999999998,-3.284900000000001,135.29,5.0,6.0,5.0,,0.0,0
O=C(O)CCC(=O)C(=O)O,M00086,146.098,-0.49509999999999993,91.67,2.0,3.0,4.0,,0.0,0
C=Cc1ccc(O)c(OC)c1,M00087,150.177,2.0438,29.46,1.0,2.0,2.0,c1ccccc1,0.21161295934610674,802
CCC(C)C(=O)O,M00088,102.13299999999998,1.1171,37.3,1.0,1.0,2.0,,0.0,0
CCC(C)CN,M00089,87.16600000000001,0.9912000000000001,26.02,1.0,1.0,2.0,,0.0,0
CC(C)C(=O)OCCOc1ccccc1,M00090,208.257,2.2646000000000006,35.53,0.0,3.0,5.0,c1ccccc1,0.21161295934610674,802
O=C1CCCN1,M00091,85.10600000000001,-0.10360000000000008,29.1,1.0,1.0,0.0,O=C1CCCN1,0.8176983027273006,7
CCOc1cc(C=O)ccc1O,M00092,166.176,1.6034,46.53,1.0,3.0,3.0,c1ccccc1,0.21161295934610674,802
CC(O)(CC(=O)O)CC(=O)O,M00093,162.141,-0.3132,94.83,3.0,3.0,4.0,,0.0,0
O=Cc1cccc(O)c1,M00094,122.12299999999996,1.2046999999999999,37.3,1.0,2.0,1.0,c1ccccc1,0.21161295934610674,802
Cc1c[nH]c2ccccc12,M00095,131.17799999999997,2.4763200000000003,15.79,1.0,0.0,0.0,c1ccc2[nH]ccc2c1,0.5442457568182516,63
CC(=O)CCc1ccc(O)cc1,M00096,164.204,1.9138,37.3,1.0,2.0,3.0,c1ccccc1,0.21161295934610674,802
Nc1ccc(C(=O)O)cc1,M00097,137.138,0.9670000000000001,63.32000000000001,2.0,2.0,1.0,c1ccccc1,0.21161295934610674,802
CN(C)c1ccc(C=CC=O)cc1,M00098,175.23099999999997,1.9647,20.310000000000002,0.0,2.0,3.0,c1ccccc1,0.21161295934610674,802
O=c1cc(O)c2ccccc2o1,M00099,162.14399999999998,1.4986,50.44,1.0,3.0,0.0,O=c1ccc2ccccc2o1,0.7265474540909509,15
Cc1cc(=O)oc2cc(O)ccc12,M00100,176.171,1.8070199999999998,50.44,1.0,3.0,0.0,O=c1ccc2ccccc2o1,0.7265474540909509,15
Oc1ccc(C=Cc2ccccc2)cc1,M00101,196.24900000000002,3.5626000000000024,20.23,1.0,1.0,2.0,C(=Cc1ccccc1)c1ccccc1,0.7883542836784342,9
O=Cc1ccc(CO)o1,M00102,126.11099999999998,0.5844,50.44,1.0,3.0,2.0,c1ccoc1,0.7538526280001345,12
O=C(O)C(O)C(O)C(O)C(=O)CO,M00103,194.13899999999998,-3.284900000000001,135.29,5.0,6.0,5.0,,0.0,0
Cc1ccc(C=O)o1,M00104,110.112,1.40052,30.21,0.0,2.0,1.0,c1ccoc1,0.7538526280001345,12
COc1ccc2oc(-c3ccccc3)cc(=O)c2c1,M00105,252.269,3.468600000000002,39.44,0.0,3.0,2.0,O=c1cc(-c2ccccc2)oc2ccccc12,0.6127978022039184,37
CC(C=CC1(O)C(C)=CC(=O)CC1(C)C)=CC(=O)O,M00106,264.32099999999997,2.2499,74.6,2.0,3.0,3.0,O=C1C=CCCC1,0.8352580650673657,6
COc1cc(C(C)=O)ccc1O,M00107,166.176,1.6034,46.53,1.0,3.0,2.0,c1ccccc1,0.21161295934610674,802
CC(=O)NC(CS)C(=O)O,M00108,163.198,-0.4945,66.4,3.0,3.0,3.0,,0.0,0
Nc1ncnc2c1ncn2C1OC(CO)C(O)C1OP(=O)(O)O,M00109,347.22400000000005,-1.8630000000000004,186.07,5.0,10.0,4.0,c1ncc2ncn(C3CCCO3)c2n1,0.6577388176437765,26
Nc1ncnc2c1ncn2C1OC(COP(=O)(O)O)C(O)C1O,M00110,347.224,-1.8630000000000009,186.07,5.0,10.0,4.0,c1ncc2ncn(C3CCCO3)c2n1,0.6577388176437765,26
O=C(O)CC(Nc1ncnc2c1ncn2C1OC(COP(=O)(O)O)C(O)C1O)C(=O)O,M00111,463.29600000000016,-2.1054,246.67999999999995,7.0,12.0,9.0,c1ncc2ncn(C3CCCO3)c2n1,0.6577388176437765,26
O=C(O)CCCCC(=O)O,M00112,146.14200000000002,0.716,74.6,2.0,2.0,5.0,,0.0,0
OCC(O)C(O)C(O)CO,M00113,152.146,-2.9463000000000004,101.15,5.0,5.0,4.0,,0.0,0
NCCCCN=C(N)N,M00114,130.195,-1.0012999999999983,90.41999999999999,3.0,2.0,4.0,,0.0,0
CC(N)C(=O)O,M00115,89.09399999999998,-0.5817999999999999,63.32000000000001,2.0,2.0,1.0,,0.0,0
OCC1OC(O)C(O)C(O)C1O,M00116,180.156,-3.2214000000000005,110.38000000000001,5.0,6.0,1.0,C1CCOCC1,0.6627017793637848,25
NC(=O)CCCCC1CCSS1,M00117,205.348,2.1857999999999995,43.09,1.0,3.0,5.0,C1CSSC1,0.9466801716388252,2
Cc1c(C)c2c(c(C)c1O)CCC(C)(CCCC(C)CCCC(C)CCCC(C)C)O2,M00118,430.7170000000003,8.840260000000002,29.46,1.0,2.0,12.0,c1ccc2c(c1)CCCO2,0.9466801716388252,2
O=CC(O)C(O)C(O)C(O)CO,M00119,180.15599999999998,-3.3788000000000005,118.22000000000001,5.0,6.0,5.0,,0.0,0
Oc1ccc(C=C2c3cc(O)cc(O)c3C(c3ccc(O)cc3)C2c2cc(O)cc(O)c2)cc1,M00120,454.4780000000001,5.390100000000008,121.38000000000001,6.0,6.0,3.0,C(=C1c2ccccc2C(c2ccccc2)C1c1ccccc1)c1ccccc1,1.0,1
Oc1ccc(C2Oc3cc(O)c4c(c3C2c2cc(O)cc(O)c2)C2C(c3ccc(O)cc3)c3c(O)cc5c(c3C2C4c2ccc(O)cc2)C(c2cc(O)cc(O)c2)C(c2ccc(O)cc2)O5)cc1,M00121,906.9400000000003,10.432199999999982,220.75999999999996,10.0,12.0,6.0,c1ccc(C2Oc3ccc4c(c3C2c2ccccc2)C2C(c3ccccc3)c3ccc5c(c3C2C4c2ccccc2)C(c2ccccc2)C(c2ccccc2)O5)cc1,1.0,1
N#CC(OC1OC(COC2OC(CO)C(O)C(O)C2O)C(O)C(O)C1O)c1ccccc1,M00122,457.4320000000001,-3.108019999999997,202.32,7.0,12.0,7.0,c1ccc(COC2CCCC(COC3CCCCO3)O2)cc1,1.0,1
COc1ccc(C=O)cc1,M00123,136.14999999999998,1.5076999999999998,26.3,0.0,2.0,2.0,c1ccccc1,0.21161295934610674,802
Nc1ccccc1C(=O)O,M00124,137.138,0.9670000000000001,63.32000000000001,2.0,2.0,1.0,c1ccccc1,0.21161295934610674,802
O=c1cc(-c2ccc(O)cc2)oc2cc(O)cc(O)c12,M00125,270.24,2.576800000000001,90.9,3.0,5.0,1.0,O=c1cc(-c2ccccc2)oc2ccccc12,0.6127978022039184,37
O=c1cc(-c2ccc(O)cc2)oc2cc(OC3OC(CO)C(O)C(O)C3O)cc(O)c12,M00126,432.3810000000001,0.04989999999999978,170.04999999999998,6.0,10.0,4.0,O=c1cc(-c2ccccc2)oc2cc(OC3CCCCO3)ccc12,0.8795051323147839,4
O=c1cc(-c2ccc(O)cc2)oc2cc(OC3OC(CO)C(O)C(O)C3OC3OCC(O)(CO)C3O)cc(O)c12,M00127,564.4960000000002,-1.4851999999999999,228.96999999999994,8.0,14.0,7.0,O=c1cc(-c2ccccc2)oc2cc(OC3OCCCC3OC3CCCO3)ccc12,1.0,1
O=CC(O)C(O)C(O)CO,M00128,150.12999999999997,-2.7397000000000005,97.99000000000001,4.0,5.0,4.0,,0.0,0
CCCCCC=CCC=CCC=CCC=CCCCC(=O)O,M00129,304.47400000000005,6.216700000000006,37.3,1.0,1.0,14.0,,0.0,0
OCC1OC(Oc2ccc(O)cc2)C(O)C(O)C1O,M00130,272.253,-1.4291000000000003,119.61000000000001,5.0,7.0,3.0,c1ccc(OC2CCCCO2)cc1,0.6788243374826469,22
Oc1ccc(C2Oc3cc(O)cc4c3C2c2cc(O)cc3c2C(c2cc(O)cc5c2C4C(c2ccc(O)cc2)O5)C(c2ccc(O)cc2)O3)cc1,M00131,678.6930000000003,8.03040000000001,149.07,6.0,9.0,3.0,c1ccc(C2Oc3cccc4c3C2c2cccc3c2C(c2cccc5c2C4C(c2ccccc2)O5)C(c2ccccc2)O3)cc1,1.0,1
O=c1cc(-c2ccccc2)oc2cc(O)c(O)c(O)c12,M00132,270.24,2.576800000000001,90.9,3.0,5.0,1.0,O=c1cc(-c2ccccc2)oc2ccccc12,0.6127978022039184,37
CCCCCCCCCCCCCCCCCCCCCC(=O)O,M00133,340.59200000000004,7.892900000000008,37.3,1.0,1.0,20.0,,0.0,0
O=C(O)c1ccccc1,M00134,122.12299999999996,1.3848,37.3,1.0,1.0,1.0,c1ccccc1,0.21161295934610674,802
O=C(c1ccccc1)c1ccccc1,M00135,182.222,2.917600000000001,17.07,0.0,1.0,2.0,O=C(c1ccccc1)c1ccccc1,0.7538526280001345,12
O=C(OCc1ccccc1)c1ccccc1,M00136,212.248,3.0436000000000014,26.3,0.0,2.0,3.0,O=C(OCc1ccccc1)c1ccccc1,0.9466801716388252,2
O=C(O)c1ccc(O)cc1O,M00137,154.12099999999998,0.7959999999999998,77.76,3.0,3.0,1.0,c1ccccc1,0.21161295934610674,802
C=C(C)C1CCC2(C(=O)O)CCC3(C)C(CCC4C5(C)CCC(O)C(C)(C)C5CCC43C)C12,M00138,456.7110000000003,7.089500000000009,57.53,2.0,2.0,2.0,C1CCC2C(C1)CCC1C2CCC2C3CCCC3CCC21,0.9466801716388252,2
C=CC1=C(C)C(=Cc2[nH]c(Cc3[nH]c(C=C4NC(=O)C(C)=C4C=C)c(C)c3CCC(=O)O)c(CCC(=O)O)c2C)NC1=O,M00139,584.6730000000005,4.531240000000002,164.38,6.0,4.0,12.0,O=C1C=CC(=Cc2ccc(Cc3ccc(C=C4C=CC(=O)N4)[nH]3)[nH]2)N1,1.0,1
CC1=C(C=CC(C)O)C(C)(C)CCC1,M00140,194.31799999999993,3.450000000000002,20.23,1.0,1.0,2.0,C1=CCCCC1,0.802209494641301,8
O=C(O)CCCCC1SCC2NC(=O)NC21,M00141,244.31600000000003,0.7968000000000001,78.43,3.0,3.0,5.0,O=C1NC2CSCC2N1,1.0,1
CCCCCCCCCCCCCCCCCC(=O)OCCCC,M00142,340.5920000000001,7.591200000000009,26.3,0.0,2.0,19.0,,0.0,0
NCCCCCN,M00143,102.18100000000001,0.07410000000000017,52.04,2.0,2.0,4.0,,0.0,0
O=C(O)C=Cc1ccc(O)c(O)c1,M00144,180.159,1.1956,77.76,3.0,3.0,2.0,c1ccccc1,0.21161295934610674,802
Cn1c(=O)c2c(ncn2C)n(C)c1=O,M00145,194.194,-1.0293,61.82,0.0,6.0,0.0,O=c1[nH]c(=O)c2[nH]cnc2[nH]1,0.7110586460049512,17
CC12CCC(CC1=O)C2(C)C,M00146,152.237,2.401700000000001,17.07,0.0,1.0,0.0,O=C1CC2CCC1C2,1.0,1
OCC1OC(OC2C(CO)OC(O)C(O)C2O)C(O)C(O)C1O,M00147,342.297,-5.397199999999993,189.52999999999997,8.0,11.0,4.0,C1CCC(OC2CCCOC2)OC1,0.8555293230024756,5
CC(CCC(=O)O)C1CCC2C3C(O)CC4CC(O)CCC4(C)C3CCC12C,M00148,392.5800000000002,4.477900000000004,77.76,3.0,3.0,4.0,C1CCC2C(C1)CCC1C3CCCC3CCC21,0.6274242932504864,33
C=CC1CN2CCC1CC2C(O)c1ccnc2ccccc12,M00149,294.398,3.164600000000002,36.36,1.0,3.0,3.0,c1ccc2c(CC3CC4CCN3CC4)ccnc2c1,0.9466801716388252,2
O=C(C=Cc1ccc(O)c(O)c1)OC1CC(O)(C(=O)O)CC(O)C1O,M00150,354.31100000000004,-0.6459000000000001,164.75,6.0,8.0,4.0,O=C(C=Cc1ccccc1)OC1CCCCC1,0.9088491513636503,3
CC(C)CCCC(C)C1CCC2C3CC=C4CC(O)CCC4(C)C3CCC12C,M00151,386.6640000000002,7.388700000000009,20.23,1.0,1.0,5.0,C1=C2CCCCC2C2CCC3CCCC3C2C1,0.7185751418868361,16
CC(C)CCCC(C)C1CCC2C3CC4OC45CC(O)CCC5(C)C3CCC12C,M00152,402.66300000000024,6.599900000000009,32.76,1.0,2.0,5.0,C1CC2CCC3C(CC4OC45CCCCC35)C2C1,1.0,1
CC(CCC(=O)O)C1CCC2C3C(O)CC4CC(O)CCC4(C)C3CC(O)C12C,M00153,408.5790000000002,3.4487000000000023,97.99000000000001,4.0,4.0,4.0,C1CCC2C(C1)CCC1C3CCCC3CCC21,0.6274242932504864,33
O=c1cc(-c2ccccc2)oc2cc(O)cc(O)c12,M00154,254.24099999999999,2.8712000000000013,70.67,2.0,4.0,1.0,O=c1cc(-c2ccccc2)oc2ccccc12,0.6127978022039184,37
O=C(O)C=Cc1ccccc1,M00155,148.161,1.7844,37.3,1.0,1.0,2.0,c1ccccc1,0.21161295934610674,802
CCCCCCCCC=CCCCCCCCCCC(=O)O,M00156,310.522,6.888700000000007,37.3,1.0,1.0,17.0,,0.0,0
O=C(O)CC(O)(CC(=O)O)C(=O)O,M00157,192.123,-1.2484999999999995,132.13,4.0,4.0,5.0,,0.0,0
COc1cc(C=CCO)ccc1O,M00158,180.203,1.4062999999999997,49.69,2.0,3.0,3.0,c1ccccc1,0.21161295934610674,802
COc1cc(C=CC=O)ccc1O,M00159,178.18699999999998,1.6129,46.53,1.0,3.0,3.0,c1ccccc1,0.21161295934610674,802
O=C(C=Cc1ccc(O)c(O)c1)OC1C(O)CC(O)(C(=O)O)CC1O,M00160,354.3110000000001,-0.6459000000000006,164.75,6.0,8.0,4.0,O=C(C=Cc1ccccc1)OC1CCCCC1,0.9088491513636503,3
CC(C)c1ccc(C=O)cc1,M00161,148.20499999999998,2.6225000000000014,17.07,0.0,1.0,2.0,c1ccccc1,0.21161295934610674,802
Oc1cc(O)c2cc(O)c(-c3ccc(O)c(O)c3)[o+]c2c1,M00162,287.247,2.908900000000001,112.45,5.0,5.0,1.0,c1ccc(-c2ccc3ccccc3[o+]2)cc1,0.8555293230024756,5
OCC1OC(Oc2cc3c(O)cc(O)cc3[o+]c2-c2ccc(O)c(O)c2)C(O)C(O)C1O,M00163,449.3880000000001,0.38199999999999973,191.59999999999997,8.0,10.0,4.0,c1ccc(-c2[o+]c3ccccc3cc2OC2CCCCO2)cc1,0.802209494641301,8
OCC1OC(OC2C(Oc3cc4c(O)cc(O)cc4[o+]c3-c3ccc(O)c(O)c3)OC(CO)C(O)C2O)C(O)C(O)C1O,M00164,611.5290000000005,-1.793800000000001,270.74999999999994,11.0,15.0,7.0,c1ccc(-c2[o+]c3ccccc3cc2OC2OCCCC2OC2CCCCO2)cc1,1.0,1
OCC1OC(Oc2cc3c(OC4OC(CO)C(O)C(O)C4O)cc(O)cc3[o+]c2-c2ccc(O)c(O)c2)C(O)C(O)C1O,M00165,611.5290000000005,-2.1449000000000003,270.75,11.0,15.0,7.0,c1ccc(-c2[o+]c3cccc(OC4CCCCO4)c3cc2OC2CCCCO2)cc1,0.9088491513636503,3
Oc1cc(O)c2cc(OC3OCC(O)C(O)C3O)c(-c3ccc(O)c(O)c3)[o+]c2c1,M00166,419.36200000000014,1.021099999999999,171.37,7.0,9.0,3.0,c1ccc(-c2[o+]c3ccccc3cc2OC2CCCCO2)cc1,0.802209494641301,8
CC1OC(OCC2OC(Oc3cc4c(O)cc(O)cc4[o+]c3-c3ccc(O)c(O)c3)C(O)C(O)C2O)C(O)C(O)C1O,M00167,595.5300000000004,-0.7662000000000004,250.51999999999995,10.0,14.0,6.0,c1ccc(-c2[o+]c3ccccc3cc2OC2CCCC(COC3CCCCO3)O2)cc1,0.9466801716388252,2
O=C(CO)C(O)C(O)C(O)CO,M00168,180.15599999999998,-3.3772000000000006,118.22000000000001,5.0,6.0,5.0,,0.0,0
OCC1OC(O)C(O)C1O,M00169,150.13,-2.5823000000000005,90.15,4.0,5.0,1.0,C1CCOC1,0.8176983027273006,7
OCc1ccccc1OC1OC(CO)C(O)C(O)C1O,M00170,286.28,-1.6424000000000003,119.61000000000001,5.0,7.0,4.0,c1ccc(OC2CCCCO2)cc1,0.6788243374826469,22
CC(O)C(O)C(O)C(O)C=O,M00171,164.15699999999998,-2.3512000000000013,97.99000000000001,4.0,5.0,4.0,,0.0,0
O=CC(O)C(O)C(O)C(O)C(=O)O,M00172,194.13899999999998,-3.2865000000000006,135.29,5.0,6.0,5.0,,0.0,0
OCC1OC(OC2OC(CO)C(O)C(O)C2O)C(O)C(O)C1O,M00173,342.297,-5.397199999999993,189.52999999999997,8.0,11.0,4.0,C1CCC(OC2CCCCO2)OC1,1.0,1
O=c1c(-c2ccc(O)cc2)coc2cc(O)ccc12,M00174,254.24099999999999,2.871200000000001,70.67,2.0,4.0,1.0,O=c1c(-c2ccccc2)coc2ccccc12,0.8352580650673657,6
O=c1cc(O)c2cccc(O)c2o1,M00175,178.14299999999997,1.2041999999999997,70.67,2.0,4.0,0.0,O=c1ccc2ccccc2o1,0.7265474540909509,15
CCCCCCCCCC(=O)O,M00176,172.268,3.2117000000000013,37.3,1.0,1.0,8.0,,0.0,0
O=C1OC(C(O)CO)C(=O)C1=O,M00177,174.10799999999998,-2.5967999999999996,100.9,2.0,6.0,2.0,O=C1COC(=O)C1=O,1.0,1
O=c1cc2oc(-c3cc(O)c(O)c(O)c3)c(O)cc-2c(O)c1,M00178,302.23800000000006,1.9395999999999998,131.36,5.0,7.0,1.0,O=c1ccc2ccc(-c3ccccc3)oc-2c1,1.0,1
CC1OC(OCC2OC(Oc3cc4c(O)cc(O)cc4[o+]c3-c3cc(O)c(O)c(O)c3)C(O)C(O)C2O)C(O)C(O)C1O,M00179,611.5290000000005,-1.0606000000000002,270.74999999999994,11.0,15.0,6.0,c1ccc(-c2[o+]c3ccccc3cc2OC2CCCC(COC3CCCCO3)O2)cc1,0.9466801716388252,2
OCC1OC(Oc2cc3c(O)cc(O)cc3[o+]c2-c2cc(O)c(O)c(O)c2)C(O)C(O)C1O,M00180,465.3870000000001,0.08759999999999984,211.82999999999996,9.0,11.0,4.0,c1ccc(-c2[o+]c3ccccc3cc2OC2CCCCO2)cc1,0.802209494641301,8
CC(CCC(=O)O)C1CCC2C3CCC4CC(O)CCC4(C)C3CC(O)C12C,M00181,392.58000000000015,4.477900000000005,77.76,3.0,3.0,4.0,C1CCC2C(C1)CCC1C3CCCC3CCC21,0.6274242932504864,33
CCNCC,M00182,73.139,0.6157999999999999,12.03,1.0,1.0,2.0,,0.0,0
CC(=O)C=CC1C(C)CCCC1(C)C,M00183,194.31799999999996,3.594000000000003,17.07,0.0,1.0,2.0,C1CCCCC1,0.6846698721617894,21
O=C1c2c(O)cc(O)cc2OC(c2ccc(O)cc2)C1O,M00184,288.255,1.4806999999999992,107.22000000000001,4.0,6.0,1.0,O=C1CC(c2ccccc2)Oc2ccccc21,0.7185751418868361,16
CCCCCCCCCCCC=CC=CC=CC=CC=CC(=O)O,M00185,330.51200000000006,6.772900000000007,37.3,1.0,1.0,15.0,,0.0,0
CC(C)(CO)C(O)C(=O)NCCC(=O)O,M00186,219.23699999999997,-1.0432999999999995,106.86,4.0,4.0,6.0,,0.0,0
Oc1ccc(C=Cc2cc(O)cc3c2C(c2cc(O)cc4c2C(c2cc(O)cc(O)c2)C(c2ccc(O)cc2)O4)C(c2ccc(O)cc2)O3)cc1,M00187,680.7090000000003,8.32740000000001,160.07,7.0,9.0,6.0,C(=Cc1cccc2c1C(c1cccc3c1C(c1ccccc1)C(c1ccccc1)O3)C(c1ccccc1)O2)c1ccccc1,1.0,1
Cc1cc(O)c2c(c1)C(=O)c1cc(O)cc(O)c1C2=O,M00188,270.24,1.8872199999999997,94.83000000000001,3.0,5.0,0.0,O=C1c2ccccc2C(=O)c2ccccc21,0.8555293230024756,5
CC(C)C(C)C=CC(C)C1CCC2C3=CC=C4CC(O)CCC4(C)C3CCC21C,M00189,396.6590000000002,7.330800000000009,20.23,1.0,1.0,4.0,C1=C2CCCCC2C2CCC3CCCC3C2=C1,0.9466801716388252,2
O=C1CC(c2ccc(O)c(O)c2)Oc2cc(O)cc(O)c21,M00190,288.25500000000005,2.215500000000001,107.22000000000001,4.0,6.0,1.0,O=C1CC(c2ccccc2)Oc2ccccc21,0.7185751418868361,16
CC1(C)CCC2(CO)CCC3(C)C(=CCC4C5(C)CCC(O)C(C)(C)C5CCC43C)C2C1,M00191,442.7280000000003,7.141300000000009,40.46,2.0,2.0,1.0,C1=C2C3CCCCC3CCC2C2CCC3CCCCC3C2C1,0.8555293230024756,5
O=c1ccc2cc(OC3OC(CO)C(O)C(O)C3O)c(O)cc2o1,M00192,340.2840000000001,-1.322700000000001,149.82,5.0,9.0,3.0,O=c1ccc2cc(OC3CCCCO3)ccc2o1,1.0,1
CCOC(=O)Cc1c[nH]c2ccccc12,M00193,203.241,2.2735000000000003,42.09,1.0,2.0,3.0,c1ccc2[nH]ccc2c1,0.5442457568182516,63
CCCCCC=CCC=CCCCCCCCC(=O)OCC,M00194,308.506,6.363000000000007,26.3,0.0,2.0,15.0,,0.0,0
CCCCCCCCCCCCCC(=O)OCC,M00195,256.4299999999999,5.250600000000005,26.3,0.0,2.0,13.0,,0.0,0
C=CCc1ccc(OC(C)=O)c(OC)c1,M00196,206.24099999999996,2.349,35.53,0.0,3.0,4.0,c1ccccc1,0.21161295934610674,802
COc1ccc(-c2cc(=O)c3c(OC)c(OC)c(OC)cc3o2)cc1O,M00197,358.34600000000006,3.2000000000000024,87.36000000000001,1.0,7.0,5.0,O=c1cc(-c2ccccc2)oc2ccccc12,0.6127978022039184,37
Cc1cc2nc3c(=O)[nH]c(=O)nc-3n(CC(O)C(O)C(O)COP(=O)(O)OP(=O)(O)OCC3OC(n4cnc5c(N)ncnc54)C(O)C3O)c2cc1C,M00198,785.5569999999999,-2.4239599999999966,362.9299999999999,9.0,21.0,13.0,O=c1nc2n(CCCCCO[PH](=O)O[PH](=O)OCC3CCC(n4cnc5cncnc54)O3)c3ccccc3nc-2c(=O)[nH]1,1.0,1
COc1cc(C=CC(=O)O)ccc1O,M00199,194.186,1.4986,66.76,2.0,3.0,3.0,c1ccccc1,0.21161295934610674,802
Cc1cc2nc3c(=O)[nH]c(=O)nc-3n(CC(O)C(O)C(O)COP(=O)(O)O)c2cc1C,M00200,456.3480000000002,-1.6065599999999995,208.08999999999997,6.0,10.0,7.0,O=c1nc2[nH]c3ccccc3nc-2c(=O)[nH]1,0.9466801716388252,2
Nc1nc2ncc(CNc3ccc(C(=O)NC(CCC(=O)O)C(=O)O)cc3)nc2c(=O)[nH]1,M00201,441.40400000000017,-0.04479999999999945,213.27999999999994,6.0,9.0,9.0,O=c1[nH]cnc2ncc(CNc3ccccc3)nc12,1.0,1
O=C(O)C=CC(=O)O,M00202,116.07199999999999,-0.28819999999999985,74.6,2.0,2.0,2.0,,0.0,0
O=C(O)c1ccco1,M00203,112.08399999999997,0.9778,50.44,1.0,2.0,1.0,c1ccoc1,0.7538526280001345,12
O=Cc1ccco1,M00204,96.08499999999998,1.0920999999999998,30.21,0.0,2.0,1.0,c1ccoc1,0.7538526280001345,12
O=c1c(O)c(-c2ccccc2)oc2cc(O)cc(O)c12,M00205,270.24,2.576800000000001,90.9,3.0,5.0,1.0,O=c1cc(-c2ccccc2)oc2ccccc12,0.6127978022039184,37
O=C(O)c1cc(O)c(O)c(O)c1,M00206,170.11999999999998,0.5015999999999998,97.99000000000001,4.0,4.0,1.0,c1ccccc1,0.21161295934610674,802
NCCCC(=O)O,M00207,103.12099999999998,-0.19009999999999977,63.32000000000001,2.0,2.0,3.0,,0.0,0
NC(CCC(=O)NC(CS)C(=O)O)C(=O)O,M00208,250.27599999999998,-1.3222999999999996,129.72,5.0,5.0,7.0,,0.0,0
O=c1c(-c2ccc(O)cc2)coc2cc(O)cc(O)c12,M00209,270.24,2.576800000000001,90.9,3.0,5.0,1.0,O=c1c(-c2ccccc2)coc2ccccc12,0.8352580650673657,6
COc1ccc(-c2coc3cc(OC)cc(O)c3c2=O)cc1,M00210,298.29400000000004,3.182800000000002,68.9,1.0,5.0,3.0,O=c1c(-c2ccccc2)coc2ccccc12,0.8352580650673657,6
O=C(O)c1cc(O)ccc1O,M00211,154.12099999999998,0.7959999999999998,77.76,3.0,3.0,1.0,c1ccccc1,0.21161295934610674,802
CC(=O)CCC=C(C)CCC=C(C)C,M00212,194.31799999999998,4.048300000000003,17.07,0.0,1.0,6.0,,0.0,0
CC(C)=CCCC(C)=CCOC(=O)c1ccccc1,M00213,258.361,4.536100000000004,26.3,0.0,2.0,6.0,c1ccccc1,0.21161295934610674,802
CC(C)=CCCC(C)=CCOC1OC(CO)C(O)C(O)C1O,M00214,316.394,0.49559999999999965,99.38000000000001,4.0,6.0,7.0,C1CCOCC1,0.6627017793637848,25
CC(C)=CCCC(C)=CCOC(=O)Cc1ccccc1,M00215,272.388,4.465000000000004,26.3,0.0,2.0,7.0,c1ccccc1,0.21161295934610674,802
CCC(=O)OCC=C(C)CCC=C(C)C,M00216,210.31699999999995,3.6323000000000025,26.3,0.0,2.0,6.0,,0.0,0
C=C1CC23CC1(O)CCC2C12C=CC(O)C(C)(C(=O)O1)C2C3C(=O)O,M00217,346.3790000000001,1.0271000000000001,104.06000000000002,3.0,5.0,1.0,C=C1CC23CC1CCC2C12C=CCC(C(=O)O1)C2C3,1.0,1
O=C(O)C(O)C(O)C(O)C(O)CO,M00218,196.155,-3.4931000000000005,138.45000000000002,6.0,6.0,5.0,,0.0,0
O=P(O)(O)OCC1OC(O)C(O)C(O)C1O,M00219,260.135,-3.1044000000000005,156.91,6.0,7.0,3.0,C1CCOCC1,0.6627017793637848,25
O=C(O)CCCC(=O)O,M00220,132.115,0.32590000000000025,74.6,2.0,2.0,4.0,,0.0,0
NC(CCC(=O)NC(CSSCC(NC(=O)CCC(N)C(=O)O)C(=O)NCC(=O)O)C(=O)NCC(=O)O)C(=O)O,M00221,612.6400000000004,-3.8767999999999985,317.64,10.0,12.0,21.0,,0.0,0
O=C(O)C(O)CO,M00222,106.077,-1.5757999999999999,77.76,3.0,3.0,2.0,,0.0,0
NCC(=O)O,M00223,75.067,-0.9702999999999999,63.32000000000001,2.0,2.0,1.0,,0.0,0
COc1ccccc1O,M00224,124.13899999999997,1.4008,29.46,1.0,2.0,1.0,c1ccccc1,0.21161295934610674,802
N=C(N)N,M00225,59.071999999999996,-1.1614300000000002,75.89,3.0,1.0,0.0,,0.0,0
Nc1nc2nc[nH]c2c(=O)[nH]1,M00226,151.129,-0.7716000000000003,100.44999999999999,3.0,4.0,0.0,O=c1[nH]cnc2nc[nH]c12,0.9088491513636503,3
CCCCCC(=O)O,M00227,116.15999999999998,1.6513,37.3,1.0,1.0,4.0,,0.0,0
CCCCCCN,M00228,101.19300000000001,1.5253999999999999,26.02,1.0,1.0,4.0,,0.0,0
O=C(O)CNC(=O)c1ccccc1,M00229,179.175,0.5009999999999994,66.4,2.0,2.0,3.0,c1ccccc1,0.21161295934610674,802
NCCc1cnc[nH]1,M00230,111.14799999999998,-0.08910000000000035,54.699999999999996,2.0,2.0,2.0,c1c[nH]cn1,0.6438836066809098,29
CC(CCC(=O)O)C1CCC2C3C(O)C(O)C4CC(O)CCC4(C)C3CCC12C,M00231,408.57900000000024,3.4487000000000023,97.99000000000001,4.0,4.0,4.0,C1CCC2C(C1)CCC1C3CCCC3CCC21,0.6274242932504864,33
CC(CCC(=O)O)C1CCC2C3CC(O)C4CC(O)CCC4(C)C3CCC12C,M00232,392.5800000000002,4.477900000000004,77.76,3.0,3.0,4.0,C1CCC2C(C1)CCC1C3CCCC3CCC21,0.6274242932504864,33
c1ccc2[nH]ccc2c1,M00233,117.15099999999997,2.1678999999999995,15.79,1.0,0.0,0.0,c1ccc2[nH]ccc2c1,0.5442457568182516,63
O=C(O)c1cc2ccccc2[nH]1,M00234,161.16,1.8660999999999999,53.089999999999996,2.0,1.0,1.0,c1ccc2[nH]ccc2c1,0.5442457568182516,63
O=Cc1c[nH]c2ccccc12,M00235,145.16099999999997,1.9804,32.86,1.0,1.0,1.0,c1ccc2[nH]ccc2c1,0.5442457568182516,63
O=C(O)c1c[nH]c2ccccc12,M00236,161.16,1.8660999999999999,53.089999999999996,2.0,1.0,1.0,c1ccc2[nH]ccc2c1,0.5442457568182516,63
O=C(O)CCc1c[nH]c2ccccc12,M00237,189.21400000000003,2.1851000000000003,53.089999999999996,2.0,1.0,3.0,c1ccc2[nH]ccc2c1,0.5442457568182516,63
O=C(O)C(=O)Cc1c[nH]c2ccccc12,M00238,203.197,1.3641,70.16,2.0,2.0,3.0,c1ccc2[nH]ccc2c1,0.5442457568182516,63
O=C(O)C(O)Cc1c[nH]c2ccccc12,M00239,205.21300000000002,1.1559000000000004,73.32,3.0,2.0,3.0,c1ccc2[nH]ccc2c1,0.5442457568182516,63
CC(C)CCN,M00240,87.16600000000001,0.9912000000000001,26.02,1.0,1.0,2.0,,0.0,0
CC(C)C(O)(CC(=O)O)C(=O)O,M00241,176.16799999999998,-0.06720000000000004,94.83,3.0,3.0,4.0,,0.0,0
COc1cc(-c2oc3cc(O)cc(O)c3c(=O)c2O)ccc1O,M00242,316.265,2.291000000000001,120.36000000000001,4.0,7.0,2.0,O=c1cc(-c2ccccc2)oc2ccccc12,0.6127978022039184,37
CCC=CCC1C(=O)CCC1CC(=O)O,M00243,210.27299999999997,2.4127,54.370000000000005,1.0,2.0,5.0,O=C1CCCC1,0.9466801716388252,2
O=c1c(O)c(-c2ccc(O)cc2)oc2cc(O)cc(O)c12,M00244,286.23900000000003,2.2824000000000004,111.13000000000001,4.0,6.0,1.0,O=c1cc(-c2ccccc2)oc2ccccc12,0.6127978022039184,37
O=C(O)C1OC(Oc2c(-c3ccc(O)cc3)oc3cc(O)cc(O)c3c2=O)C(O)C(O)C1O,M00245,462.36300000000017,-0.1521999999999999,207.34999999999997,7.0,11.0,4.0,O=c1c(OC2CCCCO2)c(-c2ccccc2)oc2ccccc12,0.7538526280001345,12
CC(O)C(=O)O,M00246,90.07799999999999,-0.5482,57.53,2.0,2.0,1.0,,0.0,0
CC(C)=CCCC(C)C1CCC2(C)C3=C(CCC12C)C1(C)CCC(O)C(C)(C)C1CC3,M00247,426.7290000000002,8.479100000000006,20.23,1.0,1.0,4.0,C1CCC2C3=C(CCC2C1)C1CCCC1CC3,1.0,1
CCCCCCCCC=CCCCCCCCC(=O)OC(COC(=O)CCCCCCCCCCCCCCC)COP(=O)([O-])OCC[N+](C)(C)C,M00248,760.0910000000001,11.167999999999992,111.19000000000001,0.0,8.0,39.0,,0.0,0
COc1cc(-c2oc3cc(O)cc(O)c3c(=O)c2O)cc(O)c1O,M00249,332.264,1.9966000000000008,140.59,5.0,8.0,2.0,O=c1cc(-c2ccccc2)oc2ccccc12,0.6127978022039184,37
O=C1OC(C(O)CO)C(O)=C1O,M00250,176.124,-1.4073999999999995,107.22000000000001,4.0,6.0,2.0,O=C1C=CCO1,0.9466801716388252,2
NC(=O)CC(N)C(=O)O,M00251,132.119,-1.7263000000000002,106.41000000000001,3.0,3.0,3.0,,0.0,0
NC(CC(=O)O)C(=O)O,M00252,133.10299999999998,-1.127,100.62000000000002,3.0,3.0,3.0,,0.0,0
NC(=O)NCCCC(N)C(=O)O,M00253,175.188,-1.1531999999999993,118.44000000000001,4.0,3.0,5.0,,0.0,0
NC(CCSCC(N)C(=O)O)C(=O)O,M00254,222.26599999999996,-1.0664999999999987,126.64,4.0,5.0,7.0,,0.0,0
NC(CS)C(=O)O,M00255,121.16099999999997,-0.6719000000000002,63.32000000000001,3.0,3.0,2.0,,0.0,0
NC(CCC(=O)O)C(=O)O,M00256,147.13,-0.7368999999999997,100.62000000000002,3.0,3.0,4.0,,0.0,0
NC(=O)CCC(N)C(=O)O,M00257,146.14600000000002,-1.3361999999999998,106.41000000000001,3.0,3.0,4.0,,0.0,0
NC(Cc1cnc[nH]1)C(=O)O,M00258,155.15699999999998,-0.6359000000000001,92.0,3.0,3.0,3.0,c1c[nH]cn1,0.6438836066809098,29
NC(CCO)C(=O)O,M00259,119.11999999999998,-1.2192999999999998,83.55,3.0,3.0,3.0,,0.0,0
C=CC(C)(CCC=C(C)C)OC(=O)c1ccccc1,M00260,258.361,4.534500000000004,26.3,0.0,2.0,6.0,c1ccccc1,0.21161295934610674,802
CCCCCC=CCC=CCCCCCCCC(=O)O,M00261,280.4519999999999,5.884500000000005,37.3,1.0,1.0,14.0,,0.0,0
CCC=CCC=CCC=CCCCCCCCC(=O)O,M00262,278.4359999999999,5.660500000000005,37.3,1.0,1.0,13.0,,0.0,0
Nc1ccccc1C(=O)CC(N)C(=O)O,M00263,208.21699999999998,0.2535000000000001,106.41000000000001,3.0,4.0,4.0,c1ccccc1,0.21161295934610674,802
CC(C)CC(N)C(=O)O,M00264,131.175,0.44439999999999996,63.32000000000001,2.0,2.0,3.0,,0.0,0
NCCCCC(N)C(=O)O,M00265,146.19,-0.4726999999999995,89.34,3.0,3.0,5.0,,0.0,0
O=C(O)CC(O)C(=O)O,M00266,134.087,-1.0934000000000001,94.83,3.0,3.0,3.0,,0.0,0
CSCCC(N)C(=O)O,M00267,149.215,0.1513999999999998,63.32000000000001,2.0,3.0,4.0,,0.0,0
CCCC(N)C(=O)O,M00268,117.14799999999998,0.19839999999999997,63.32000000000001,2.0,2.0,3.0,,0.0,0
NCCCC(N)C(=O)O,M00269,132.163,-0.8627999999999991,89.34,3.0,3.0,4.0,,0.0,0
NC(Cc1ccccc1)C(=O)O,M00270,165.19199999999995,0.641,63.32000000000001,2.0,2.0,3.0,c1ccccc1,0.21161295934610674,802
NC(CCCCNC(CCC(=O)O)C(=O)O)C(=O)O,M00271,276.289,-0.5237999999999989,149.95,5.0,5.0,11.0,,0.0,0
NC(CO)C(=O)O,M00272,105.09299999999999,-1.6093999999999997,83.55,3.0,3.0,2.0,,0.0,0
CC(O)C(N)C(=O)O,M00273,119.11999999999999,-1.2208999999999997,83.55,3.0,3.0,2.0,,0.0,0
NC(Cc1c[nH]c2ccccc12)C(=O)O,M00274,204.22899999999998,1.1223000000000003,79.11,3.0,2.0,3.0,c1ccc2[nH]ccc2c1,0.5442457568182516,63
C=C(C)C1CCC2(C)CCC3(C)C(CCC4C5(C)CCC(O)C(C)(C)C5CCC43C)C12,M00275,426.72900000000027,8.02480000000001,20.23,1.0,1.0,1.0,C1CCC2C(C1)CCC1C2CCC2C3CCCC3CCC21,0.9466801716388252,2
O=c1cc(-c2ccc(O)c(O)c2)oc2cc(O)cc(O)c12,M00276,286.23900000000003,2.2824000000000004,111.13000000000001,4.0,6.0,1.0,O=c1cc(-c2ccccc2)oc2ccccc12,0.6127978022039184,37
O=C(O)CC(=O)O,M00277,104.06099999999999,-0.4543,74.6,2.0,2.0,2.0,,0.0,0
COc1cc(-c2oc3cc(=O)cc(OC4OC(CO)C(O)C(O)C4O)c-3cc2OC2OC(CO)C(O)C(O)C2O)cc(OC)c1O,M00278,654.5740000000003,-2.508199999999999,267.65999999999997,9.0,17.0,9.0,O=c1cc2oc(-c3ccccc3)c(OC3CCCCO3)cc-2c(OC2CCCCO2)c1,1.0,1
COc1cc(-c2oc3cc(=O)cc(O)c-3cc2OC2OC(CO)C(O)C(O)C2O)cc(OC)c1O,M00279,492.43300000000016,0.018699999999999273,188.51,6.0,12.0,6.0,O=c1ccc2cc(OC3CCCCO3)c(-c3ccccc3)oc-2c1,1.0,1
OCC(O)C(O)C(O)C(O)CO,M00280,182.172,-3.5854000000000004,121.38000000000001,6.0,6.0,5.0,,0.0,0
O=C(O)C=Cc1cccc(O)c1,M00281,164.16,1.49,57.53,2.0,2.0,2.0,c1ccccc1,0.21161295934610674,802
OCC1OC(OCC2OC(O)C(O)C(O)C2O)C(O)C(O)C1O,M00282,342.297,-5.397199999999993,189.52999999999997,8.0,11.0,4.0,C1CCC(COC2CCCCO2)OC1,1.0,1
CCCCCCCCCCCCCCCCCCCC(=O)OC,M00283,326.565,7.201100000000008,26.3,0.0,2.0,18.0,,0.0,0
CCCCCCCCCCCCCCCCCCCCCC(=O)OC,M00284,354.6190000000001,7.981300000000009,26.3,0.0,2.0,20.0,,0.0,0
CCCCCCCC(=O)OC,M00285,158.24099999999999,2.5199000000000007,26.3,0.0,2.0,6.0,,0.0,0
CCCCCCCCC=CCCCCCCCCCC(=O)OC,M00286,324.54900000000004,6.977100000000008,26.3,0.0,2.0,17.0,,0.0,0
CCCCCCCCCCCCCCCCCCCCC(=O)OC,M00287,340.59200000000004,7.591200000000009,26.3,0.0,2.0,19.0,,0.0,0
CCCCCCCCCCCCCCCCC(=O)OC,M00288,284.4839999999999,6.030800000000006,26.3,0.0,2.0,15.0,,0.0,0
CCC=CCC1C(=O)CCC1CC(=O)OC,M00289,224.29999999999995,2.501100000000001,43.370000000000005,0.0,3.0,5.0,O=C1CCCC1,0.9466801716388252,2
CCC=CCC=CCC=CCCCCCCCC(=O)OC,M00290,292.46299999999997,5.748900000000005,26.3,0.0,2.0,13.0,,0.0,0
CCCCCCCCCCCCCC(=O)OC,M00291,242.40299999999993,4.8605000000000045,26.3,0.0,2.0,12.0,,0.0,0
CCCCCCCCCCCCCCCCCCC(=O)OC,M00292,312.53799999999995,6.811000000000008,26.3,0.0,2.0,17.0,,0.0,0
CCCCCCCCC=CCCCCCCCC(=O)OC,M00293,296.49499999999995,6.1969000000000065,26.3,0.0,2.0,15.0,,0.0,0
CCCCCCCCCCCCCCCC(=O)OC,M00294,270.45699999999994,5.640700000000005,26.3,0.0,2.0,14.0,,0.0,0
CCCCCCC=CCCCCCCCC(=O)OC,M00295,268.4409999999999,5.416700000000005,26.3,0.0,2.0,13.0,,0.0,0
CCCCCCCCCCCCCCCCCC(=O)OC,M00296,298.51099999999997,6.420900000000007,26.3,0.0,2.0,16.0,,0.0,0
COC(=O)CCS,M00297,120.17300000000002,0.4792999999999999,26.3,1.0,3.0,2.0,,0.0,0
COC(=O)c1ccccc1O,M00298,152.14899999999997,1.1787999999999998,46.53,1.0,3.0,1.0,c1ccccc1,0.21161295934610674,802
O=c1c(O)c(-c2ccc(O)cc2O)oc2cc(O)cc(O)c12,M00299,302.23800000000006,1.987999999999999,131.36,5.0,7.0,1.0,O=c1cc(-c2ccccc2)oc2ccccc12,0.6127978022039184,37
C1COCCN1,M00300,87.122,-0.3938000000000001,21.259999999999998,1.0,2.0,0.0,C1COCCN1,0.8795051323147839,4
O=C(O)C(O)C(O)C(O)C(O)C(=O)O,M00301,210.138,-3.4008000000000007,155.52,6.0,6.0,5.0,,0.0,0
OC1C(O)C(O)C(O)C(O)C1O,M00302,180.156,-3.8346000000000005,121.38000000000001,6.0,6.0,0.0,C1CCCCC1,0.6846698721617894,21
CC1OC(Oc2c(-c3cc(O)c(O)c(O)c3)oc3cc(O)cc(O)c3c2=O)C(O)C(O)C1O,M00303,464.37900000000013,0.1942999999999998,210.50999999999996,8.0,12.0,3.0,O=c1c(OC2CCCCO2)c(-c2ccccc2)oc2ccccc12,0.7538526280001345,12
CC(=O)NC(Cc1ccc(O)cc1)C(=O)O,M00304,223.22799999999998,0.5239999999999998,86.63000000000001,3.0,3.0,4.0,c1ccccc1,0.21161295934610674,802
CC(=O)NC1C(O)OC(CO)C(O)C1O,M00305,221.209,-3.077599999999999,119.25000000000001,5.0,6.0,2.0,C1CCOCC1,0.6627017793637848,25
CC(=O)NC1C(O)CC(O)(C(=O)O)OC1C(O)C(O)CO,M00306,309.271,-3.871799999999999,176.77999999999997,7.0,8.0,5.0,C1CCOCC1,0.6627017793637848,25
CCCCCCC(=O)O,M00307,130.187,2.0414,37.3,1.0,1.0,5.0,,0.0,0
O=C1CCC(=O)N1O,M00308,115.088,-0.4754,57.61,1.0,3.0,0.0,O=C1CCC(=O)N1,1.0,1
NC(=O)c1cccnc1,M00309,122.12699999999997,0.18050000000000016,55.980000000000004,1.0,2.0,1.0,c1ccncc1,0.5996365394334917,41
CN1CCCC1c1cccnc1,M00310,162.236,1.8483,16.130000000000003,0.0,2.0,1.0,c1cncc(C2CCCN2)c1,0.9466801716388252,2
O=C(O)c1cccnc1,M00311,123.11099999999998,0.7797999999999999,50.19,1.0,2.0,1.0,c1ccncc1,0.5996365394334917,41
Nc1ncnc2c1ncn2C1OC(COP(=O)(O)OP(=O)(O)OCC2OC([n+]3cccc(C(=O)O)c3)C(O)C2O)C(O)C1O,M00312,665.4220000000005,-2.4165999999999976,312.46999999999997,8.0,17.0,11.0,O=[PH](OCC1CCC(n2cnc3cncnc32)O1)O[PH](=O)OCC1CCC([n+]2ccccc2)O1,0.8352580650673657,6
O=C(O)c1ccc[n+](C2OC(COP(=O)([O-])O)C(O)C2O)c1,M00313,335.205,-2.2311999999999994,160.46,4.0,7.0,5.0,c1cc[n+](C2CCCO2)cc1,0.9466801716388252,2
CCCCCCCCC(=O)O,M00314,158.241,2.821600000000001,37.3,1.0,1.0,7.0,,0.0,0
CCCCCCCC(=O)O,M00315,144.214,2.4314999999999998,37.3,1.0,1.0,6.0,,0.0,0
CCCCCCCCOC1OC(CO)C(O)C(O)C1O,M00316,292.372,0.16339999999999988,99.38000000000001,4.0,6.0,9.0,C1CCOCC1,0.6627017793637848,25
CCCCCCCCN,M00317,129.247,2.3056,26.02,1.0,1.0,6.0,,0.0,0
CCCCCCCCC=CCCCCCCCC(=O)O,M00318,282.4679999999999,6.1085000000000065,37.3,1.0,1.0,15.0,,0.0,0
NC(COP(=O)(O)O)C(=O)O,M00319,185.072,-1.4924000000000002,130.07999999999998,4.0,4.0,4.0,,0.0,0
O=c1cc(-c2ccc(O)c(O)c2)oc2c(C3OC(CO)C(O)C(O)C3O)c(O)cc(O)c12,M00320,448.3800000000001,-0.20270000000000032,201.27999999999997,8.0,11.0,3.0,O=c1cc(-c2ccccc2)oc2c(C3CCCCO3)cccc12,0.9466801716388252,2
CCCCCCCCCCCCCCCC(=O)O,M00321,256.4299999999999,5.552300000000005,37.3,1.0,1.0,14.0,,0.0,0
CCCCCCC=CCCCCCCCC(=O)O,M00322,254.4139999999999,5.328300000000005,37.3,1.0,1.0,13.0,,0.0,0
O=C(O)C=Cc1ccc(O)cc1,M00323,164.16,1.49,57.53,2.0,2.0,2.0,c1ccccc1,0.21161295934610674,802
OCC1OC(Oc2cc3c(OC4OC(CO)C(O)C(O)C4O)cc(O)cc3[o+]c2-c2ccc(O)cc2)C(O)C(O)C1O,M00324,595.5300000000004,-1.850500000000001,250.51999999999998,10.0,14.0,7.0,c1ccc(-c2[o+]c3cccc(OC4CCCCO4)c3cc2OC2CCCCO2)cc1,0.9088491513636503,3
OCC1OC(Oc2cc3c(O)cc(O)cc3[o+]c2-c2ccc(O)cc2)C(O)C(O)C1O,M00325,433.38900000000007,0.6763999999999999,171.36999999999998,7.0,9.0,4.0,c1ccc(-c2[o+]c3ccccc3cc2OC2CCCCO2)cc1,0.802209494641301,8
O=c1c(OC2OC(COC3OCC(O)C(O)C3O)C(O)C(O)C2O)c(-c2ccc(O)c(O)c2)oc2cc(O)cc(O)c12,M00326,596.4940000000003,-2.0755999999999992,269.42999999999995,10.0,16.0,6.0,O=c1c(OC2CCCC(COC3CCCCO3)O2)c(-c2ccccc2)oc2ccccc12,0.8795051323147839,4
COc1cc(-c2[o+]c3cc(O)cc(OC4OC(CO)C(O)C(O)C4O)c3cc2OC2OC(CO)C(O)C(O)C2O)ccc1O,M00327,625.5560000000004,-1.8419000000000005,259.74999999999994,10.0,15.0,8.0,c1ccc(-c2[o+]c3cccc(OC4CCCCO4)c3cc2OC2CCCCO2)cc1,0.9088491513636503,3
COc1cc(-c2[o+]c3cc(O)cc(O)c3cc2OC2OC(CO)C(O)C(O)C2O)ccc1O,M00328,463.41500000000013,0.6849999999999992,180.6,7.0,10.0,5.0,c1ccc(-c2[o+]c3ccccc3cc2OC2CCCCO2)cc1,0.802209494641301,8
COc1cc(-c2[o+]c3cc(O)cc(O)c3cc2OC2OCC(O)C(O)C2O)ccc1O,M00329,433.3890000000001,1.3240999999999994,160.37,6.0,9.0,4.0,c1ccc(-c2[o+]c3ccccc3cc2OC2CCCCO2)cc1,0.802209494641301,8
COc1cc(-c2oc3cc(=O)cc(O)c-3cc2OC2OC(COC(=O)C=Cc3ccc(O)cc3)C(O)C(O)C2O)ccc1O,M00330,608.5520000000004,1.979999999999999,205.57999999999998,6.0,13.0,8.0,O=C(C=Cc1ccccc1)OCC1CCCC(Oc2cc3ccc(=O)cc-3oc2-c2ccccc2)O1,1.0,1
COc1cc(-c2[o+]c3cc(O)cc(O)c3cc2O)cc(O)c1O,M00331,317.273,2.9175000000000004,121.68000000000002,5.0,6.0,2.0,c1ccc(-c2ccc3ccccc3[o+]2)cc1,0.8555293230024756,5
COc1cc(-c2[o+]c3cc(O)cc(O)c3cc2OC2OC(CO)C(O)C(O)C2O)cc(O)c1O,M00332,479.41400000000016,0.3905999999999992,200.82999999999998,8.0,11.0,5.0,c1ccc(-c2[o+]c3ccccc3cc2OC2CCCCO2)cc1,0.802209494641301,8
NCCc1ccccc1,M00333,121.18299999999995,1.1878,26.02,1.0,1.0,2.0,c1ccccc1,0.21161295934610674,802
COC1C(O)C(O)C(O)C(O)C1O,M00334,194.18300000000002,-3.1805,110.38000000000001,5.0,6.0,1.0,C1CCCCC1,0.6846698721617894,21
O=C(O)C1CNCCN1,M00335,130.14700000000002,-1.3675999999999995,61.36,3.0,3.0,1.0,C1CNCCN1,0.8352580650673657,6
C1CCNCC1,M00336,85.15,0.7599,12.03,1.0,1.0,0.0,C1CCNCC1,0.7265474540909509,15
O=C(C=CC=Cc1ccc2c(c1)OCO2)N1CCCCC1,M00337,285.343,2.997200000000001,38.77,0.0,3.0,3.0,O=C(C=CC=Cc1ccc2c(c1)OCO2)N1CCCCC1,1.0,1
O=C(O)c1ccc2c(c1)OCO2,M00338,166.13199999999995,1.1134999999999997,55.760000000000005,1.0,3.0,1.0,c1ccc2c(c1)OCO2,0.7265474540909509,15
Oc1cc(O)c2c(c1)OC1(c3ccc(O)c(O)c3)Oc3cc(O)c4c(c3C2C1O)OC(c1ccc(O)c(O)c1)C(O)C4,M00339,576.5100000000003,2.7935000000000016,209.75999999999996,9.0,12.0,2.0,c1ccc(C2CCc3ccc4c(c3O2)C2CC(c3ccccc3)(Oc3ccccc32)O4)cc1,1.0,1
CCCN,M00340,59.11199999999999,0.3551000000000001,26.02,1.0,1.0,1.0,,0.0,0
Cc1ncc(CO)c(C=O)c1O,M00341,167.164,0.40041999999999983,70.42,2.0,4.0,2.0,c1ccncc1,0.5996365394334917,41
Cc1ncc(COP(=O)(O)O)c(C=O)c1O,M00342,247.143,0.5174199999999998,116.95,3.0,5.0,4.0,c1ccncc1,0.5996365394334917,41
Cc1ncc(CO)c(CN)c1O,M00343,168.19599999999997,0.046620000000000106,79.37,3.0,4.0,2.0,c1ccncc1,0.5996365394334917,41
Cc1ncc(COP(=O)(O)O)c(CN)c1O,M00344,248.17499999999998,0.16362000000000004,125.9,4.0,5.0,4.0,c1ccncc1,0.5996365394334917,41
Cc1ncc(CO)c(CO)c1O,M00345,169.18,0.08021999999999985,73.58000000000001,3.0,4.0,2.0,c1ccncc1,0.5996365394334917,41
Oc1ccccc1O,M00346,110.11199999999998,1.0977999999999999,40.46,2.0,2.0,0.0,c1ccccc1,0.21161295934610674,802
C1CCNC1,M00347,71.123,0.36979999999999996,12.03,1.0,1.0,0.0,C1CCNC1,0.7643784743661259,11
CC(=O)C(=O)O,M00348,88.06199999999998,-0.34000000000000014,54.370000000000005,1.0,2.0,1.0,,0.0,0
O=c1c(O)c(-c2ccc(O)c(O)c2)oc2cc(O)cc(O)c12,M00349,302.23800000000006,1.988,131.36,5.0,7.0,1.0,O=c1cc(-c2ccccc2)oc2ccccc12,0.6127978022039184,37
O=c1c(OC2OC(CO)C(O)C(O)C2O)c(-c2ccc(O)c(O)c2)oc2cc(O)cc(O)c12,M00350,464.37900000000025,-0.5388999999999995,210.51,8.0,12.0,4.0,O=c1c(OC2CCCCO2)c(-c2ccccc2)oc2ccccc12,0.7538526280001345,12
CC(=O)OCC1OC(Oc2c(-c3ccc(O)c(O)c3)oc3cc(O)cc(O)c3c2=O)C(O)C(O)C1O,M00351,506.4160000000002,0.031899999999999984,216.57999999999998,7.0,13.0,5.0,O=c1c(OC2CCCCO2)c(-c2ccccc2)oc2ccccc12,0.7538526280001345,12
CC1OC(Oc2c(-c3ccc(O)c(O)c3)oc3cc(O)cc(O)c3c2=O)C(O)C(O)C1O,M00352,448.38000000000017,0.4886999999999995,190.27999999999997,7.0,11.0,3.0,O=c1c(OC2CCCCO2)c(-c2ccccc2)oc2ccccc12,0.7538526280001345,12
OCC1OC(OCC2OC(OC3(CO)OC(CO)C(O)C3O)C(O)C(O)C2O)C(O)C(O)C1O,M00353,504.43800000000005,-7.571399999999989,268.67999999999995,11.0,16.0,8.0,C1CCC(OCC2CCCC(OC3CCCO3)O2)OC1,1.0,1
COc1cc(O)c2c(=O)c(O)c(-c3ccc(O)c(O)c3)oc2c1,M00354,316.26500000000004,2.2910000000000013,120.36000000000001,4.0,7.0,2.0,O=c1cc(-c2ccccc2)oc2ccccc12,0.6127978022039184,37
CC1OC(O)C(O)C(O)C1O,M00355,164.15699999999998,-2.1938,90.15,4.0,5.0,0.0,C1CCOCC1,0.6627017793637848,25
Cc1cc2nc3c(=O)[nH]c(=O)nc-3n(CC(O)C(O)C(O)CO)c2cc1C,M00356,376.36900000000014,-1.7235599999999989,161.56,5.0,9.0,5.0,O=c1nc2[nH]c3ccccc3nc-2c(=O)[nH]1,0.9466801716388252,2
CC1OC(OCC2OC(Oc3c(-c4ccc(O)cc4)oc4cc(OC5OC(C)C(O)C(O)C5O)cc(O)c4c3=O)C(O)C(O)C2O)C(O)C(O)C1O,M00357,740.6640000000006,-2.891999999999999,308.12,11.0,19.0,8.0,O=c1c(OC2CCCC(COC3CCCCO3)O2)c(-c2ccccc2)oc2cc(OC3CCCCO3)ccc12,0.9466801716388252,2
O=C(C=Cc1ccc(O)c(O)c1)OC(Cc1ccc(O)c(O)c1)C(=O)O,M00358,360.3180000000001,1.7612999999999996,144.52,5.0,7.0,6.0,O=C(C=Cc1ccccc1)OCCc1ccccc1,0.9466801716388252,2
COc1cc(O)c2c(c1)OC(c1ccc(O)cc1)CC2=O,M00359,286.2830000000001,2.8129,75.99000000000001,2.0,5.0,2.0,O=C1CC(c2ccccc2)Oc2ccccc21,0.7185751418868361,16
O=C(O)c1ccccc1O,M00360,138.12199999999999,1.0903999999999998,57.53,2.0,2.0,1.0,c1ccccc1,0.21161295934610674,802
C=CC(C)(O)CCC1C(C)(O)CCC2C(C)(C)CCCC21C,M00361,308.5060000000001,4.697200000000005,40.46,2.0,2.0,4.0,C1CCC2CCCCC2C1,1.0,1
COc1cc2ccc(=O)oc2cc1O,M00362,192.17,1.5071999999999997,59.67,1.0,4.0,1.0,O=c1ccc2ccccc2o1,0.7265474540909509,15
NCCc1c[nH]c2ccc(O)cc12,M00363,176.21899999999997,1.3747,62.040000000000006,3.0,2.0,2.0,c1ccc2[nH]ccc2c1,0.5442457568182516,63
O=C(O)C1=CC(O)C(O)C(O)C1,M00364,174.152,-1.5162000000000004,97.99000000000001,4.0,4.0,1.0,C1=CCCCC1,0.802209494641301,8
COc1cc(C=CC(=O)O)cc(OC)c1O,M00365,224.212,1.5071999999999999,75.99000000000001,2.0,4.0,4.0,c1ccccc1,0.21161295934610674,802
COc1cc(C=CCO)cc(OC)c1O,M00366,210.22899999999998,1.4148999999999998,58.92,2.0,4.0,4.0,c1ccccc1,0.21161295934610674,802
COc1ccc(-c2cc(=O)c3c(OC)c(OC)c(OC)cc3o2)cc1OC,M00367,372.3730000000001,3.503000000000003,76.36000000000001,0.0,7.0,6.0,O=c1cc(-c2ccccc2)oc2ccccc12,0.6127978022039184,37
CC1CCC2(CO)CCC3(C)C(=CCC4C5(C)CCC(O)C(C)(C)C5CCC43C)C2C1C,M00368,442.72800000000024,6.997200000000009,40.46,2.0,2.0,1.0,C1=C2C3CCCCC3CCC2C2CCC3CCCCC3C2C1,0.8555293230024756,5
CC=CC=CC(=O)O,M00369,112.12799999999999,1.2033,37.3,1.0,1.0,2.0,,0.0,0
NCCCCNCCCN,M00370,145.25,-0.3362999999999989,64.07,3.0,3.0,7.0,,0.0,0
NCCCNCCCCNCCCN,M00371,202.34599999999995,-0.35659999999999775,76.1,4.0,4.0,11.0,,0.0,0
OCC1OC(OCC2OC(OCC3OC(OC4(CO)OC(CO)C(O)C4O)C(O)C(O)C3O)C(O)C(O)C2O)C(O)C(O)C1O,M00372,666.5790000000005,-9.747200000000014,347.83000000000004,14.0,21.0,11.0,C1CCC(OCC2CCCC(OCC3CCCC(OC4CCCO4)O3)O2)OC1,1.0,1
OCC1OC(OC2(CO)OC(CO)C(O)C2O)C(O)C(O)C1O,M00373,342.297,-5.395599999999993,189.52999999999997,8.0,11.0,5.0,C1CCC(OC2CCCO2)OC1,0.9088491513636503,3
COc1cc(C=NN=Cc2cc(OC)c(O)c(OC)c2)cc(OC)c1O,M00374,360.3660000000001,2.585200000000001,102.10000000000002,2.0,8.0,7.0,C(=NN=Cc1ccccc1)c1ccccc1,1.0,1
COc1cc(C=O)cc(OC)c1O,M00375,182.17499999999998,1.2218999999999998,55.760000000000005,1.0,4.0,3.0,c1ccccc1,0.21161295934610674,802
COc1cc(-c2oc3cc(O)cc(O)c3c(=O)c2O)cc(OC)c1O,M00376,346.29100000000005,2.299600000000001,129.59,4.0,8.0,3.0,O=c1cc(-c2ccccc2)oc2ccccc12,0.6127978022039184,37
COc1cc(-c2oc3cc(O)cc(O)c3c(=O)c2OC2OC(CO)C(O)C(O)C2O)cc(OC)c1O,M00377,508.4320000000002,-0.2272999999999999,208.73999999999998,7.0,13.0,6.0,O=c1c(OC2CCCCO2)c(-c2ccccc2)oc2ccccc12,0.7538526280001345,12
CC(CCC(=O)NCCS(=O)(=O)O)C1CCC2C3C(O)CC4CC(O)CCC4(C)C3CC(O)C12C,M00378,515.7130000000003,2.368100000000001,144.16,5.0,6.0,7.0,C1CCC2C(C1)CCC1C3CCCC3CCC21,0.6274242932504864,33
CC(C)(C)c1cc(O)ccc1O,M00379,166.21999999999997,2.395300000000001,40.46,2.0,2.0,0.0,c1ccccc1,0.21161295934610674,802
Cn1cnc2c1c(=O)[nH]c(=O)n2C,M00380,180.16699999999997,-1.0397,72.68,1.0,5.0,0.0,O=c1[nH]c(=O)c2[nH]cnc2[nH]1,0.7110586460049512,17
Cn1c(=O)c2[nH]cnc2n(C)c1=O,M00381,180.16699999999997,-1.0397000000000005,72.68,1.0,5.0,0.0,O=c1[nH]c(=O)c2[nH]cnc2[nH]1,0.7110586460049512,17
Cc1ncc(C[n+]2csc(CCO)c2C)c(N)n1,M00382,265.36199999999997,0.60774,75.91,2.0,5.0,4.0,c1ncc(C[n+]2ccsc2)cn1,0.8795051323147839,4
O=C(O)C(O)C(O)CO,M00383,136.103,-2.2148999999999996,97.99000000000001,4.0,4.0,3.0,,0.0,0
O=CC(O)C(O)CO,M00384,120.10399999999998,-2.1006,77.76,3.0,4.0,3.0,,0.0,0
CC1(O)CCC(C(C)(C)O)CC1,M00385,172.26799999999997,1.6985,40.46,2.0,2.0,1.0,C1CCCCC1,0.6846698721617894,21
C[n+]1cccc(C(=O)[O-])c1,M00386,137.138,-1.1254000000000004,44.01,0.0,2.0,1.0,c1cc[nH+]cc1,0.6627017793637848,25
OCCc1c[nH]c2ccccc12,M00387,161.20399999999998,1.7026999999999999,36.019999999999996,2.0,1.0,2.0,c1ccc2[nH]ccc2c1,0.5442457568182516,63
NCCc1ccc(O)cc1,M00388,137.18199999999996,0.8934,46.25,2.0,2.0,2.0,c1ccccc1,0.21161295934610674,802
OCCc1ccc(O)cc1,M00389,138.16599999999997,0.927,40.46,2.0,2.0,2.0,c1ccccc1,0.21161295934610674,802
O=c1ccc2ccc(O)cc2o1,M00390,162.14399999999998,1.4986,50.44,1.0,3.0,0.0,O=c1ccc2ccccc2o1,0.7265474540909509,15
NC(N)=O,M00391,60.056,-0.9762000000000002,69.11,2.0,1.0,0.0,,0.0,0
CCOC(N)=O,M00392,89.09400000000001,0.10160000000000025,52.32,1.0,2.0,1.0,,0.0,0
O=c1ccn(C2OC(CO)C(O)C2O)c(=O)[nH]1,M00393,244.20300000000003,-2.8519,124.78,4.0,7.0,2.0,O=c1ccn(C2CCCO2)c(=O)[nH]1,0.7758207207981391,10
CC1CCC2(C(=O)O)CCC3(C)C(=CCC4C5(C)CCC(O)C(C)(C)C5CCC43C)C2C1C,M00394,456.7110000000003,7.089500000000009,57.53,2.0,2.0,1.0,C1=C2C3CCCCC3CCC2C2CCC3CCCCC3C2C1,0.8555293230024756,5
COc1cc(C(=O)O)ccc1O,M00395,168.148,1.0989999999999998,66.76,2.0,3.0,2.0,c1ccccc1,0.21161295934610674,802
COc1cc(C=O)ccc1O,M00396,152.14899999999997,1.2132999999999998,46.53,1.0,3.0,2.0,c1ccccc1,0.21161295934610674,802
Oc1ccc(C2Oc3cc(O)c4c(c3C2c2cc(O)cc(O)c2)C2c3c(O)cc5c(c3C(C4c3ccc(O)cc3)C2c2ccc(O)cc2)C(c2cc(O)cc(O)c2)C(c2ccc(O)cc2)O5)cc1,M00397,906.9400000000004,10.432199999999982,220.75999999999996,10.0,12.0,6.0,c1ccc(C2Oc3ccc4c(c3C2c2ccccc2)C2c3ccc5c(c3C(C4c3ccccc3)C2c2ccccc2)C(c2ccccc2)C(c2ccccc2)O5)cc1,1.0,1
CC(=CCC1=C(C)C(=O)c2ccccc2C1=O)CCCC(C)CCCC(C)CCCC(C)C,M00398,450.7070000000004,9.1576,34.14,0.0,2.0,14.0,O=C1C=CC(=O)c2ccccc21,0.8795051323147839,4
OC1COC(O)C(O)C1O,M00399,150.13,-2.5823000000000005,90.15,4.0,5.0,0.0,C1CCOCC1,0.6627017793637848,25
OCC(O)C(O)CO,M00400,122.11999999999999,-2.3071999999999995,80.92,4.0,4.0,3.0,,0.0,0
O=Cc1ccc(O)c(O)c1,M00401,138.12199999999999,0.9102999999999999,57.53,2.0,3.0,1.0,c1ccccc1,0.21161295934610674,802
O=C(O)C=C(CC(=O)O)C(=O)O,M00402,174.108,-0.44329999999999964,111.89999999999999,3.0,3.0,4.0,,0.0,0
O=C(O)CO,M00403,76.051,-0.9367000000000001,57.53,2.0,2.0,1.0,,0.0,0
O=CC(=O)O,M00404,74.035,-0.7301,54.370000000000005,1.0,2.0,1.0,,0.0,0
CCCCCCCCCCCCCCCCCCCCCCCC(=O)O,M00405,368.64600000000013,8.673100000000005,37.3,1.0,1.0,22.0,,0.0,0
O=C(O)C(=O)O,M00406,90.03399999999999,-0.8443999999999998,74.6,2.0,2.0,0.0,,0.0,0
OCC1OC(Oc2ccccc2)C(O)C(O)C1O,M00407,256.254,-1.1347000000000005,99.38000000000001,4.0,6.0,3.0,c1ccc(OC2CCCCO2)cc1,0.6788243374826469,22
CC(CCC(=O)NCCOS(=O)(=O)O)C1CCC2C3C(O)CC4CC(O)CCC4(C)C3CCC12C,M00408,515.7130000000004,3.3289000000000017,133.16,4.0,6.0,8.0,C1CCC2C(C1)CCC1C3CCCC3CCC21,0.6274242932504864,33
Nc1ncnc2nc[nH]c12,M00409,135.13,-0.0648999999999999,80.47999999999999,2.0,4.0,0.0,c1ncc2[nH]cnc2n1,0.8352580650673657,6
NCCCCCCCCN,M00410,144.262,1.2444000000000002,52.04,2.0,2.0,7.0,,0.0,0
O=C(O)Cn1ccc2ccccc21,M00411,175.18699999999998,1.7259,42.23,1.0,2.0,2.0,c1ccc2[nH]ccc2c1,0.5442457568182516,63
Cn1cc(CC(N)C(=O)O)c2ccccc21,M00412,218.25600000000003,1.1326999999999996,68.25,2.0,3.0,3.0,c1ccc2[nH]ccc2c1,0.5442457568182516,63
NC(CCCC(=O)O)C(=O)O,M00413,161.15699999999998,-0.3468000000000003,100.62000000000002,3.0,3.0,5.0,,0.0,0
Nc1cccc(C(=O)O)c1,M00414,137.138,0.9670000000000001,63.32000000000001,2.0,2.0,1.0,c1ccccc1,0.21161295934610674,802
Nc1ncnc2c1ncn2C1OC(CO)C(OP(=O)(O)O)C1O,M00415,347.22400000000005,-1.8630000000000009,186.07,5.0,10.0,4.0,c1ncc2ncn(C3CCCO3)c2n1,0.6577388176437765,26
NC(N)=NCCCC(=O)O,M00416,145.162,-0.8754,101.7,3.0,2.0,4.0,,0.0,0
CSCC1OC(n2cnc3c(N)ncnc32)C(O)C1O,M00417,297.34000000000003,-0.6093000000000002,119.31000000000002,3.0,9.0,3.0,c1ncc2ncn(C3CCCO3)c2n1,0.6577388176437765,26
COc1ccc2ncccc2c1,M00418,159.188,2.2434000000000003,22.12,0.0,2.0,1.0,c1ccc2ncccc2c1,0.6846698721617894,21
Cn1c[n+](C2OC(CO)C(O)C2O)c2nc(N)[nH]c(=O)c21,M00419,298.27900000000005,-3.2571999999999988,150.5,5.0,8.0,2.0,O=c1[nH]cnc2c1[nH]c[n+]2C1CCCO1,1.0,1
CC(=CCNc1ncnc2c1ncn2C1OC(CO)C(O)C1O)CO,M00420,351.36300000000006,-1.2117,145.78,5.0,10.0,6.0,c1ncc2ncn(C3CCCO3)c2n1,0.6577388176437765,26
NC(=O)NC1NC(=O)NC1=O,M00421,158.117,-2.1798,113.32,4.0,3.0,1.0,O=C1CNC(=O)N1,1.0,1
Nc1ccn(C2OC(CO)C(O)C2O)c(=O)n1,M00422,243.21900000000002,-2.563,130.82999999999998,4.0,8.0,2.0,O=c1ncccn1C1CCCO1,0.7265474540909509,15
Nc1ccnc(=O)[nH]1,M00423,111.104,-0.6479000000000001,71.77,2.0,3.0,0.0,O=c1nccc[nH]1,0.8795051323147839,4
C=C1C(=O)OC2C1CCC(=C)C1CCC(=C)C12,M00424,230.30699999999993,3.0166000000000013,26.3,0.0,2.0,0.0,C=C1C(=O)OC2C1CCC(=C)C1CCC(=C)C12,0.9466801716388252,2
CC1=NCCC(C(=O)O)N1,M00425,142.158,-0.14869999999999983,61.69,2.0,3.0,1.0,C1=NCCCN1,1.0,1
CC([NH3+])C(=O)NC(C)C(=O)[O-],M00426,160.17299999999997,-3.1285999999999987,96.87,2.0,3.0,3.0,,0.0,0
NCCSCC(N)C(=O)O,M00427,164.23,-0.9097999999999995,89.34,3.0,4.0,5.0,,0.0,0
Oc1cccc2cccnc12,M00428,145.16099999999997,1.9403999999999995,33.120000000000005,1.0,2.0,0.0,c1ccc2ncccc2c1,0.6846698721617894,21
CC(=CCNc1ncnc2nc[nH]c12)CO,M00429,219.24800000000002,0.7033999999999998,86.72000000000001,3.0,5.0,4.0,c1ncc2[nH]cnc2n1,0.8352580650673657,6
Cc1cc(Cl)ccc1OCC(=O)O,M00430,200.62099999999998,2.11182,46.53,1.0,2.0,3.0,c1ccccc1,0.21161295934610674,802
CCCCCCCCCCCCCCCCC(O)C(=O)O,M00431,300.48299999999995,5.3033000000000055,57.53,2.0,2.0,16.0,,0.0,0
O=C(O)c1cccc(O)c1,M00432,138.12199999999999,1.0903999999999998,57.53,2.0,2.0,1.0,c1ccccc1,0.21161295934610674,802
CCC(C)C(=O)C(=O)O,M00433,130.143,0.6861999999999999,54.370000000000005,1.0,2.0,3.0,,0.0,0
O=Cc1ccc(O)cc1,M00434,122.12299999999996,1.2047,37.3,1.0,2.0,1.0,c1ccccc1,0.21161295934610674,802
CC(C)CC(=O)C(=O)O,M00435,130.143,0.6861999999999999,54.370000000000005,1.0,2.0,3.0,,0.0,0
O=C(COP(=O)(O)O)C(O)C(O)C(O)CO,M00436,260.135,-3.2602000000000007,164.75,6.0,7.0,7.0,,0.0,0
CCCCCCCCCCCCCC(=O)OCC(O)COP(=O)([O-])OCC[N+](C)(C)C,M00437,467.58400000000023,3.799400000000002,105.12000000000002,1.0,7.0,21.0,,0.0,0
CCCCCCCCCCCCCCCC(=O)OCC(O)COP(=O)([O-])OCC[N+](C)(C)C,M00438,495.63800000000026,4.579600000000004,105.12000000000002,1.0,7.0,23.0,,0.0,0
CCCCCCC=CCCCCCCCC(=O)OCC(O)COP(=O)([O-])OCC[N+](C)(C)C,M00439,493.62200000000024,4.3556000000000035,105.12000000000002,1.0,7.0,22.0,,0.0,0
CCCCCCCCCCCCCCCCOCC(COP(=O)([O-])OCC[N+](C)(C)C)OC(C)=O,M00440,523.6920000000002,5.6238000000000055,94.12,0.0,7.0,25.0,,0.0,0
CCCCCCCCC=CCCCCCCCC(=O)OCC(O)COP(=O)([O-])OCC[N+](C)(C)C,M00441,521.6760000000003,5.135800000000004,105.12000000000002,1.0,7.0,24.0,,0.0,0
CCCCCC=CCC=CCCCCCCCC(=O)OCC(O)COP(=O)([O-])OCC[N+](C)(C)C,M00442,519.6600000000002,4.911800000000003,105.12000000000002,1.0,7.0,23.0,,0.0,0
CCC=CCC=CCC=CCCCCCCCC(=O)OCC(O)COP(=O)([O-])OCC[N+](C)(C)C,M00443,517.6440000000002,4.687800000000004,105.12000000000002,1.0,7.0,22.0,,0.0,0
CCCCCCCCC=CCC=CCC=CCCCC(=O)OCC(O)COP(=O)([O-])OCC[N+](C)(C)C,M00444,545.6980000000003,5.468000000000006,105.12000000000002,1.0,7.0,24.0,,0.0,0
CCCCCC=CCC=CCC=CCC=CCCCC(=O)OCC(O)COP(=O)([O-])OCC[N+](C)(C)C,M00445,543.6820000000002,5.244000000000005,105.12000000000002,1.0,7.0,23.0,,0.0,0
CCC=CCC=CCC=CCC=CCC=CCCCC(=O)OCC(O)COP(=O)([O-])OCC[N+](C)(C)C,M00446,541.6660000000003,5.020000000000005,105.12000000000002,1.0,7.0,22.0,,0.0,0
CCC=CCC=CCC=CCC=CCC=CCC=CCCC(=O)OCC(O)COP(=O)([O-])OCC[N+](C)(C)C,M00447,567.7040000000003,5.576200000000005,105.12000000000002,1.0,7.0,23.0,,0.0,0
CCCCCC=CCC=CCCCCCCCCCC(=O)OC(COC(=O)CCCCCCCCCCCCC)COP(=O)([O-])OCC[N+](C)(C)C,M00448,758.075,10.943999999999992,111.19000000000001,0.0,8.0,38.0,,0.0,0
CCC=CCC=CCC=CCCCCCCCC(=O)OC(COC(=O)CCCCCCCCCCCCCCC)COP(=O)([O-])OCC[N+](C)(C)C,M00449,756.0590000000001,10.719999999999994,111.19000000000001,0.0,8.0,37.0,,0.0,0
CCCCCC=CCC=CCC=CCC=CCCCC(=O)OC(COC(=O)CCCCCCCCCCCCC)COP(=O)([O-])OCC[N+](C)(C)C,M00450,754.0430000000001,10.495999999999995,111.19000000000001,0.0,8.0,36.0,,0.0,0
CCCCCC=CCC=CCCCCCCCC(=O)OCC(COP(=O)([O-])OCC[N+](C)(C)C)OC=CCCCCCCCCCCCCCCCC,M00451,770.1299999999992,12.321199999999985,94.12,0.0,7.0,40.0,,0.0,0
CCCCCCCCC=CCC=CCC=CCCCC(=O)OCC(COP(=O)([O-])OCC[N+](C)(C)C)OC=CCCCCCCCCCCCCCC,M00452,768.1139999999995,12.097199999999987,94.12,0.0,7.0,39.0,,0.0,0
CCCCCC=CCC=CCC=CCC=CCCCC(=O)OC(COC(=O)CCCCCCCCCCCCCCC)COP(=O)(O)OCC[N+](C)(C)C,M00453,783.105,11.908199999999985,108.36000000000001,1.0,7.0,38.0,,0.0,0
CCCCCC=CCC=CCC=CCC=CCCCC(=O)OC(COC(=O)CCCCCC=CCCCCCCCC)COP(=O)([O-])OCC[N+](C)(C)C,M00454,780.081,11.052199999999992,111.19000000000001,0.0,8.0,37.0,,0.0,0
CCCCCC=CCC=CCC=CCCCCC(=O)OCC(COP(=O)([O-])OCC[N+](C)(C)C)OC(=O)CCCCCCCCCCCCCCCCCCC,M00455,812.166999999999,12.280399999999986,111.19,0.0,8.0,41.0,,0.0,0
CCCCCC=CCC=CCC=CCC=CCCCCCC(=O)OC(COC(=O)CCCCCCCCCCCCCCC)COP(=O)([O-])OCC[N+](C)(C)C,M00456,810.1509999999998,12.056399999999986,111.19000000000001,0.0,8.0,40.0,,0.0,0
CCCCCC=CCC=CCC=CCC=CCC=CCCC(=O)OC(COC(=O)CCCCCCCCCCCCCCC)COP(=O)([O-])OCC[N+](C)(C)C,M00457,808.1349999999999,11.832399999999987,111.19000000000001,0.0,8.0,39.0,,0.0,0
CCC=CCC=CCC=CCC=CCC=CCC=CCCC(=O)OC(COC(=O)CCCCCCCCCCCCCCC)COP(=O)([O-])OCC[N+](C)(C)C,M00458,806.1189999999999,11.608399999999989,111.19000000000001,0.0,8.0,38.0,,0.0,0
CCC=CCC=CCC=CCC=CCC=CCC=CCCC(=O)OC(COC(=O)CCCCCC=CCCCCCCCC)COP(=O)([O-])OCC[N+](C)(C)C,M00459,804.1029999999998,11.38439999999999,111.19000000000001,0.0,8.0,37.0,,0.0,0
CCCCCC=CCC=CCC=CCC=CCC=CCCC(=O)OC(COC(=O)CCCCCCCCCCCCCCCCC)COP(=O)([O-])OCC[N+](C)(C)C,M00460,836.1889999999997,12.612599999999983,111.19000000000001,0.0,8.0,41.0,,0.0,0
CCC=CCC=CCC=CCC=CCC=CCC=CCCC(=O)OC(COC(=O)CCCCCCCCCCCCCCCCC)COP(=O)([O-])OCC[N+](C)(C)C,M00461,834.1729999999998,12.388599999999984,111.19000000000001,0.0,8.0,40.0,,0.0,0
CCCCCC=CCC=CCC=CCC=CCCCCCC(=O)OCC(COP(=O)([O-])OCC[N+](C)(C)C)OC(=O)CCCCC=CCC=CCC=CCCCCC,M00462,832.1569999999997,12.164599999999986,111.19,0.0,8.0,39.0,,0.0,0
CCCCCCCCCCCCCCCCOCC(O)COP(=O)([O-])OCC[N+](C)(C)C,M00463,481.6550000000002,5.053000000000004,88.05,1.0,6.0,24.0,,0.0,0
CCCCCCCCC=CCCCCCCCCOCC(O)COP(=O)([O-])OCC[N+](C)(C)C,M00464,507.69300000000027,5.609200000000005,88.05,1.0,6.0,25.0,,0.0,0
CCCCCCCCCCCCCCCCCC(=O)OCC(O)COP(=O)(O)OCCN,M00465,481.6110000000002,5.244300000000005,128.31000000000003,3.0,7.0,24.0,,0.0,0
CCCCCCCCC=CCCCCCCCC(=O)OCC(O)COP(=O)(O)OCCN,M00466,479.5950000000002,5.020300000000005,128.31000000000003,3.0,7.0,23.0,,0.0,0
CCCCCC=CCC=CCC=CCC=CCCCC(=O)OCC(O)COP(=O)(O)OCCN,M00467,501.60100000000034,5.128500000000006,128.31000000000003,3.0,7.0,22.0,,0.0,0
CCCCCCCCCCCCCC=CC(O)C(COP(=O)([O-])OCC[N+](C)(C)C)NC(=O)CCCCCCCCCCCCCC,M00468,689.0159999999995,9.3884,107.92000000000002,2.0,6.0,35.0,,0.0,0
CCCCCC=CCC=CCCCCCCCC(=O)OCC(COP(=O)(O)OCC[N+](C)(C)C)OC(=O)CCCCCCCC=CCC=CCCCCC,M00469,783.1049999999993,11.908199999999988,108.36000000000001,1.0,7.0,38.0,,0.0,0
CCCCCCCCC=CCCCCCCCC(=O)OCC(COP(=O)(O)OCC(O)CO)OC(=O)CCCCCCCC=CCCCCCCCC,M00470,775.0579999999992,11.003199999999994,148.82,3.0,9.0,40.0,,0.0,0
CCCCCCCCC=CCCCCCCCC(=O)OCC(COP(=O)([O-])OCC[N+](C)(C)C)OC(=O)CCCCCCCC=CCCCCCCCC,M00471,786.1289999999992,11.724199999999989,111.19,0.0,8.0,40.0,,0.0,0
CCCCCCCCC=CCCCCCCCC(=O)OCC(COP(=O)(O)OCCN)OC(=O)CCCCCCCC=CCCCCCCCC,M00472,744.0479999999993,11.60869999999999,134.38,2.0,8.0,39.0,,0.0,0
CCCCCC=CCC=CCCCCCCCC(=O)OCC(O)CO,M00473,354.531,4.696300000000005,66.76,2.0,4.0,17.0,,0.0,0
CCCCCCC=CCCCCCCCC(=O)OCC(O)CO,M00474,328.493,4.140100000000005,66.76,2.0,4.0,16.0,,0.0,0
CCCCCCCCC=CCCCCCCCC(=O)OCC(O)CO,M00475,356.547,4.920300000000006,66.76,2.0,4.0,18.0,,0.0,0
CC(C)C(O)CCC(C)C1CCC2C3CC=C4CC(O)CCC4(C)C3CCC12C,M00476,402.66300000000024,6.359500000000009,40.46,2.0,2.0,5.0,C1=C2CCCCC2C2CCC3CCCC3C2C1,0.7185751418868361,16
CC(C)CCCC(C)C1CCC2C3CCC4CCCCC4(C)C3CCC12C,M00477,372.6810000000002,8.497800000000005,0.0,0.0,0.0,5.0,C1CCC2C(C1)CCC1C3CCCC3CCC21,0.6274242932504864,33
CCCCCCCCCCCCCCCCCCCC(=O)O,M00478,312.53799999999995,7.112700000000007,37.3,1.0,1.0,18.0,,0.0,0
CCC(CCC(C)C1CCC2C3CC=C4CC(OC5OC(CO)C(O)C(O)C5O)CCC4(C)C3CCC12C)C(C)C,M00479,576.8590000000002,5.849000000000006,99.38000000000001,4.0,6.0,9.0,C1=C2CC(OC3CCCCO3)CCC2C2CCC3CCCC3C2C1,1.0,1
CC(C)C(C)C=CC(C)C1CCC2C3CC=C4CC(O)CCC4(C)C3CCC12C,M00480,398.67500000000024,7.410700000000009,20.23,1.0,1.0,4.0,C1=C2CCCCC2C2CCC3CCCC3C2C1,0.7185751418868361,16
CCC(CCC(C)C1CCC2C3CC=C4CC(O)CCC4(C)C3CCC12C)C(C)C,M00481,414.7180000000003,8.02480000000001,20.23,1.0,1.0,6.0,C1=C2CCCCC2C2CCC3CCCC3C2C1,0.7185751418868361,16
CCCCCCCCCCCCCCCC(=O)OC(CC(=O)[O-])C[N+](C)(C)C,M00482,399.61600000000016,4.2257000000000025,66.43,0.0,4.0,19.0,,0.0,0
CC(=O)OC(CC(=O)[O-])C[N+](C)(C)C,M00483,203.23799999999997,-1.2356999999999976,66.43,0.0,4.0,5.0,,0.0,0
CC(C)C(C)CCC(C)C1CCC2C3CC=C4CC(O)CCC4(C)C3CCC12C,M00484,400.69100000000026,7.634700000000009,20.23,1.0,1.0,5.0,C1=C2CCCCC2C2CCC3CCCC3C2C1,0.7185751418868361,16
CCCCCCCCCCCCCC=CC(O)C(CO)NC(=O)CCCCCCCCCCCCCCCCC,M00485,565.9680000000004,10.343199999999996,69.56,3.0,3.0,32.0,,0.0,0
CC(C)CCCC(C)C1CCC2C3CCC4CC(O)CCC4(C)C3CCC12C,M00486,388.68000000000023,7.468600000000009,20.23,1.0,1.0,5.0,C1CCC2C(C1)CCC1C3CCCC3CCC21,0.6274242932504864,33
CCCCCCC=CCCCCCCCCCC(=O)O,M00487,282.4679999999999,6.1085000000000065,37.3,1.0,1.0,15.0,,0.0,0
CC(C)=CCCC(C)C1CCC2C3CC=C4CC(O)CCC4(C)C3CCC12C,M00488,384.64800000000025,7.308800000000009,20.23,1.0,1.0,4.0,C1=C2CCCCC2C2CCC3CCCC3C2C1,0.7185751418868361,16
CCC=CCC=CCC=CCC=CCC=CCC=CCCC(=O)O,M00489,328.4960000000001,6.548900000000006,37.3,1.0,1.0,14.0,,0.0,0
CCCCCCCCCCCCCC=CC(O)C(N)CO,M00490,299.499,3.924200000000002,66.48,3.0,3.0,15.0,,0.0,0
CCCCCCCCC=CCCCCCCCCCCCC(=O)O,M00491,338.5760000000001,7.668900000000008,37.3,1.0,1.0,19.0,,0.0,0
C[N+](C)(C)CC(O)CC(=O)[O-],M00492,161.20099999999996,-1.8064999999999984,60.36,1.0,3.0,4.0,,0.0,0
CC(CCC(=O)NCC(=O)O)C1CCC2C3C(O)CC4CC(O)CCC4(C)C3CC(O)C12C,M00493,465.6310000000003,2.564899999999999,127.09000000000002,5.0,5.0,6.0,C1CCC2C(C1)CCC1C3CCCC3CCC21,0.6274242932504864,33
CC(CCC(=O)NCC(=O)O)C1CCC2C3C(O)CC4CC(O)CCC4(C)C3CCC12C,M00494,449.63200000000035,3.594100000000001,106.86000000000001,4.0,4.0,6.0,C1CCC2C(C1)CCC1C3CCCC3CCC21,0.6274242932504864,33
CC(CCC(=O)NCC(=O)O)C1CCC2C3CCC4CC(O)CCC4(C)C3CC(O)C12C,M00495,449.63200000000023,3.594100000000002,106.86000000000001,4.0,4.0,6.0,C1CCC2C(C1)CCC1C3CCCC3CCC21,0.6274242932504864,33
CC(CCC(=O)NCC(=O)O)C1CCC2C3CCC4CC(O)CCC4(C)C3CCC12C,M00496,433.63300000000027,4.623300000000004,86.63000000000001,3.0,3.0,6.0,C1CCC2C(C1)CCC1C3CCCC3CCC21,0.6274242932504864,33
CCCCCC=CCC=CCCCCCCCC(=O)OCC(COC(=O)CCCCCCCC=CCC=CCCCCC)OC(=O)CCCCCCCC=CCC=CCCCCC,M00497,879.4049999999993,17.42509999999997,78.9,0.0,6.0,47.0,,0.0,0
CCCCCCCCC=CCCCCCCCC(=O)OCC(COC(=O)CCCCCCCC=CCCCCCCCC)OC(=O)CCCCCCCC=CCCCCCCCC,M00498,885.4529999999991,18.097099999999976,78.9,0.0,6.0,50.0,,0.0,0
CCCCCCCCCCCCCCCC(=O)OCC(COC(=O)CCCCCCCCCCCCCCC)OC(=O)CCCCCCCCCCCCCCC,M00499,807.3389999999995,16.428499999999964,78.9,0.0,6.0,47.0,,0.0,0
CCCCCCC=CCCCCCCCC(=O)OCC(COC(=O)CCCCCCCC=CCCCCCC)OC(=O)CCCCCCCC=CCCCCCC,M00500,801.2909999999995,15.756499999999962,78.9,0.0,6.0,44.0,,0.0,0
CCCCCCCCCCCCCCCCCC(=O)OCC(COC(=O)CCCCCCCCCCCCCCCCC)OC(=O)CCCCCCCCCCCCCCCCC,M00501,891.500999999999,18.769099999999984,78.9,0.0,6.0,53.0,,0.0,0
CC(CCC(=O)O)C1CCC2C3CCC4CC(O)CCC4(C)C3CCC12C,M00502,376.5810000000002,5.507100000000006,57.53,2.0,2.0,4.0,C1CCC2C(C1)CCC1C3CCCC3CCC21,0.6274242932504864,33
CCCCCCCCCCCCCCCCC(=O)O,M00503,270.4569999999999,5.9424000000000055,37.3,1.0,1.0,15.0,,0.0,0
CCCCC=CCCCCCCCC(=O)O,M00504,226.35999999999993,4.548100000000003,37.3,1.0,1.0,11.0,,0.0,0
CCCCCCCCCCCCCC(=O)O,M00505,228.37599999999995,4.772100000000004,37.3,1.0,1.0,12.0,,0.0,0
CC1(C)CCC2(C(=O)O)CCC3(C)C(=CCC4C5(C)CCC(O)C(C)(C)C5CCC43C)C2C1,M00506,456.7110000000003,7.233600000000009,57.53,2.0,2.0,1.0,C1=C2C3CCCCC3CCC2C2CCC3CCCCC3C2C1,0.8555293230024756,5
CCCCCCCCC=CCCCCCCCC(=O)OC(CC(=O)[O-])C[N+](C)(C)C,M00507,425.65400000000017,4.781900000000004,66.43,0.0,4.0,20.0,,0.0,0
CC(=O)C1CCC2C3CCC4=CC(=O)CCC4(C)C3CCC12C,M00508,314.46900000000005,4.723500000000005,34.14,0.0,2.0,1.0,O=C1C=C2CCC3C4CCCC4CCC3C2CC1,0.6627017793637848,25
CCCCCCCCCCCCCCCCCC(=O)O,M00509,284.4839999999999,6.332500000000007,37.3,1.0,1.0,16.0,,0.0,0
CCC(C=CC(C)C1CCC2C3CC=C4CC(O)CCC4(C)C3CCC12C)C(C)C,M00510,412.7020000000003,7.8008000000000095,20.23,1.0,1.0,5.0,C1=C2CCCCC2C2CCC3CCCC3C2C1,0.7185751418868361,16
CC(CCC(=O)NCCS(=O)(=O)O)C1CCC2C3C(O)CC4CC(O)CCC4(C)C3CCC12C,M00511,499.71400000000034,3.3973000000000013,123.93,4.0,5.0,7.0,C1CCC2C(C1)CCC1C3CCCC3CCC21,0.6274242932504864,33
CC(CCC(=O)NCCS(=O)(=O)O)C1CCC2C3CCC4CC(O)CCC4(C)C3CC(O)C12C,M00512,499.71400000000034,3.3973000000000013,123.93,4.0,5.0,7.0,C1CCC2C(C1)CCC1C3CCCC3CCC21,0.6274242932504864,33
NC(CF)(C(=O)O)C(O)CCc1ccccc1,M00513,241.26199999999997,0.7316999999999989,83.55000000000001,3.0,3.0,6.0,c1ccccc1,0.21161295934610674,802
CCCCCCCCCCCCCCCCC(=O)OCC(COC(=O)CCCCCCCCCCCCCCCC)OC(=O)CCCCCCCCCCCCCCCC,M00514,849.4199999999992,17.598799999999972,78.9,0.0,6.0,50.0,,0.0,0
CCC(=O)C(=O)O,M00515,102.08899999999998,0.05009999999999998,54.370000000000005,1.0,2.0,2.0,,0.0,0
O=c1nc[nH]c2nc[nH]c12,M00516,136.11399999999998,-0.35380000000000006,74.43,2.0,3.0,0.0,O=c1nc[nH]c2nc[nH]c12,0.9466801716388252,2
O=C(O)C1CCCCN1,M00517,129.15900000000002,0.21310000000000012,49.33,2.0,2.0,1.0,C1CCNCC1,0.7265474540909509,15
O=C(O)CC(C(=O)O)C(O)C(=O)O,M00518,192.123,-1.3926,132.13,4.0,4.0,5.0,,0.0,0
O=C(O)CCCCCCCC(=O)O,M00519,188.22299999999998,1.8863,74.6,2.0,2.0,8.0,,0.0,0
O=P(O)(O)OC(CO)CO,M00520,172.07299999999998,-1.5511000000000001,107.22000000000001,4.0,4.0,4.0,,0.0,0
O=C(O)CCCCC1CCSS1,M00521,206.332,2.7851000000000017,37.3,1.0,3.0,5.0,C1CSSC1,0.9466801716388252,2
Nc1nc2c(ncn2C2OC(CO)C(O)C2O)c(=O)[nH]1,M00522,283.24399999999997,-2.6867000000000005,159.51,5.0,9.0,2.0,O=c1[nH]cnc2c1ncn2C1CCCO1,0.7185751418868361,16
O=C1CCC(C(=O)O)N1,M00523,129.11499999999998,-0.6504000000000001,66.4,2.0,2.0,1.0,O=C1CCCN1,0.8176983027273006,7
O=C(O)CCCCCCC(=O)O,M00524,174.196,1.4962000000000002,74.6,2.0,2.0,7.0,,0.0,0
O=C1OC(CO)C(O)C1O,M00525,148.114,-2.3741000000000008,86.99000000000001,3.0,5.0,1.0,O=C1CCCO1,0.8795051323147839,4
Nc1ncnc2c1ncn2C1OC(CO)C(O)C1O,M00526,267.245,-1.9800000000000006,139.54000000000002,4.0,9.0,2.0,c1ncc2ncn(C3CCCO3)c2n1,0.6577388176437765,26
O=C(O)C(O)C(O)C(O)C(O)COP(=O)(O)O,M00527,276.13399999999996,-3.376100000000001,184.98,7.0,7.0,7.0,,0.0,0
CC([NH3+])C(=O)[O-],M00528,89.094,-2.6332999999999993,67.77,1.0,2.0,1.0,,0.0,0
Nc1ncnc2c1ncn2C1OC(CSCCC([NH3+])C(=O)[O-])C(O)C1O,M00529,384.41800000000006,-3.4885999999999977,187.07999999999998,4.0,11.0,7.0,c1ncc2ncn(C3CCCO3)c2n1,0.6577388176437765,26
O=C([O-])C(O)C(O)C(O)C(O)C(=O)[O-],M00530,208.12199999999999,-6.070199999999996,161.18,4.0,8.0,5.0,,0.0,0
CS(=O)(=O)CCC(N)C(=O)O,M00531,181.213,-1.1669999999999983,97.46,2.0,4.0,4.0,,0.0,0
O=C(CO)COP(=O)(O)O,M00532,170.05700000000002,-1.3429000000000002,104.06,3.0,4.0,4.0,,0.0,0
O=C(CO)CO,M00533,90.078,-1.4599000000000002,57.53,2.0,3.0,2.0,,0.0,0
O=C(COP(=O)(O)O)Cc1cnc[nH]1,M00534,220.121,-0.3694000000000001,112.51000000000002,3.0,4.0,5.0,c1c[nH]cn1,0.6438836066809098,29
O=C1OC(CO)C(O)C(O)C1O,M00535,178.14000000000001,-3.0132000000000008,107.22000000000001,4.0,6.0,1.0,O=C1CCCCO1,0.9088491513636503,3
CC1(C)SC2C(NC(=O)C(C(=O)O)c3ccccc3)C(=O)N2C1C(=O)O,M00536,378.4060000000001,0.4864999999999999,124.01,3.0,5.0,5.0,O=C(Cc1ccccc1)NC1C(=O)N2CCSC12,0.8795051323147839,4
COC(=O)C(N)Cc1ccc(O)cc1,M00537,195.21800000000002,0.43499999999999944,72.55,2.0,4.0,3.0,c1ccccc1,0.21161295934610674,802
CC(=O)OC1CC(C)C(C=O)C2(O)C1C(C)(C)CC2(C)C=O,M00538,310.39000000000004,1.7553999999999998,80.67000000000002,1.0,5.0,3.0,C1CCC2CCCC2C1,1.0,1
O=P(O)(O)OCC1OC(CO)(OC2OC(CO)C(O)C(O)C2O)C(O)C1O,M00539,422.276,-5.278599999999992,236.05999999999997,9.0,12.0,7.0,C1CCC(OC2CCCO2)OC1,0.9088491513636503,3
O=C(O)c1nc2[nH]c(=O)[nH]c(=O)c2[nH]1,M00540,196.122,-1.3623000000000003,131.69999999999996,4.0,4.0,1.0,O=c1[nH]c(=O)c2[nH]cnc2[nH]1,0.7110586460049512,17
OCC1OC(OC2(COC3(CO)OC(CO)C(O)C3O)OC(CO)C(O)C2O)C(O)C(O)C1O,M00541,504.4380000000001,-7.569799999999988,268.67999999999995,11.0,16.0,9.0,C1CCC(OC2(COC3CCCO3)CCCO2)OC1,1.0,1
CC(O)(CO)C(O)COP(=O)(O)O,M00542,216.12599999999998,-1.8001,127.45000000000002,5.0,5.0,5.0,,0.0,0
O=P([O-])([O-])OP(=O)([O-])[O-],M00543,173.941,-3.3396000000000003,135.61,0.0,7.0,2.0,,0.0,0
C=CC=C(O)C(=O)O,M00544,114.09999999999997,0.6988999999999999,57.53,2.0,2.0,2.0,,0.0,0
OCC=Cc1ccc(O)cc1,M00545,150.177,1.3977,40.46,2.0,2.0,2.0,c1ccccc1,0.21161295934610674,802
CC(C(=O)[O-])=C(C)C(=O)[O-],M00546,142.10999999999999,-2.1773999999999987,80.25999999999999,0.0,4.0,2.0,,0.0,0
OC1C=Cc2sc3ccccc3c2C1O,M00547,218.27700000000002,2.3224000000000005,40.46,2.0,3.0,0.0,C1=Cc2sc3ccccc3c2CC1,1.0,1
O=C(O)C(O)C(O)C(O)CO,M00548,166.129,-2.8540000000000005,118.22000000000001,5.0,5.0,4.0,,0.0,0
O=C(O)C=Cc1ccc(OC2OC(CO)C(O)C(O)C2O)cc1,M00549,326.301,-1.0369000000000006,136.68,5.0,7.0,5.0,c1ccc(OC2CCCCO2)cc1,0.6788243374826469,22
O=C(O)C(=O)C(O)COP(=O)(O)O,M00550,214.06599999999997,-1.8897000000000002,141.36,4.0,5.0,5.0,,0.0,0
O=C(O)C1OC(O)C(O)C(O)C1O,M00551,194.139,-3.1291000000000007,127.45000000000002,5.0,6.0,1.0,C1CCOCC1,0.6627017793637848,25
CC1=CC2=CC(C)CC23OC(=C(C)C3=O)CC(C)(C)C=CC1=O,M00552,312.409,4.066200000000004,43.370000000000005,0.0,3.0,0.0,O=C1C=CCCC2=CC(=O)C3(CCC=C3C=C1)O2,1.0,1
O=c1ccc2cc3ccccc3cc2o1,M00553,196.20499999999998,2.946200000000001,30.21,0.0,2.0,0.0,O=c1ccc2cc3ccccc3cc2o1,1.0,1
COc1c2ccoc2c(OC)c2oc(=O)ccc12,M00554,246.21799999999996,2.556400000000001,61.81,0.0,5.0,2.0,O=c1ccc2cc3ccoc3cc2o1,0.8352580650673657,6
C#CC1(OC(C)=O)CCC2C3CCC4=CC(=O)CCC4C3CCC21C,M00555,340.46300000000014,4.0633000000000035,43.370000000000005,0.0,3.0,1.0,O=C1C=C2CCC3C4CCCC4CCC3C2CC1,0.6627017793637848,25
CC(=O)OC(C)(C)C1CCC2(C)COC3(C)C=COC23C1,M00556,294.391,3.206100000000002,44.760000000000005,0.0,4.0,2.0,C1=CC2OCC3CCCCC32O1,1.0,1
O=C(O)C=Cc1ccc(O)c(OC2OC(CO)C(O)C(O)C2O)c1,M00557,342.3,-1.3313000000000004,156.91,6.0,8.0,5.0,c1ccc(OC2CCCCO2)cc1,0.6788243374826469,22
C=CC#CC#CC1=CC=C(C#CC)SS1,M00558,228.34099999999998,3.3653000000000013,0.0,0.0,2.0,0.0,C1=CSSC=C1,1.0,1
CC(=O)NC=CSC1=C(C(=O)O)N2C(=O)C(C(C)OS(=O)(=O)O)C2C1,M00559,392.4110000000001,0.061700000000000255,150.31,3.0,7.0,7.0,O=C1CC2CC=CN12,1.0,1
N#CCC(N)C(=O)O,M00560,114.10399999999998,-0.6880200000000001,87.11,2.0,3.0,2.0,,0.0,0
O=C(O)C1OC(OC2C(C(=O)O)OC(O)C(O)C2O)C(O)C(O)C1O,M00561,370.26300000000003,-5.212599999999994,223.67,8.0,11.0,4.0,C1CCC(OC2CCCOC2)OC1,0.8555293230024756,5
CCCCCCCCCCCCOCCOCCOCCOCCOCCO,M00562,406.60400000000027,3.9826000000000037,66.38000000000001,1.0,6.0,25.0,,0.0,0
COc1cc(O)c(O)cc1C=CC(=O)OCC1OC(Oc2cc3oc(-c4ccc(O)cc4)cc(=O)c3c(O)c2C2OC(CO)C(O)C(O)C2O)C(O)C(O)C1O,M00563,786.6920000000007,-0.7510999999999999,315.96,11.0,19.0,10.0,O=C(C=Cc1ccccc1)OCC1CCCC(Oc2cc3oc(-c4ccccc4)cc(=O)c3cc2C2CCCCO2)O1,0.8555293230024756,5
COc1cc(C=CC(=O)OC2COC(OC3C(c4c(O)cc5oc(-c6ccc(O)cc6)cc(=O)c5c4O)OC(CO)C(O)C3O)C(O)C2O)cc(OC)c1O,M00564,770.6930000000006,0.5420999999999989,284.72999999999996,9.0,18.0,10.0,O=C(C=Cc1ccccc1)OC1CCC(OC2CCCOC2c2ccc3oc(-c4ccccc4)cc(=O)c3c2)OC1,0.9466801716388252,2
COc1cc(-c2cc(=O)c3c(O)c(C4OC(CO)C(O)C(O)C4OC4OCC(OC(=O)C=Cc5cc(OC)c(O)c(OC)c5)C(O)C4O)c(O)cc3o2)ccc1O,M00565,800.7190000000004,0.5506999999999984,293.96,9.0,19.0,11.0,O=C(C=Cc1ccccc1)OC1CCC(OC2CCCOC2c2ccc3oc(-c4ccccc4)cc(=O)c3c2)OC1,0.9466801716388252,2
COc1cc(-c2cc(=O)c3c(O)c(C4OC(CO)C(O)C(O)C4OC4OCC(O)C(O)C4O)c(O)cc3o2)ccc1O,M00566,594.5220000000002,-1.4364000000000001,249.19999999999996,9.0,15.0,6.0,O=c1cc(-c2ccccc2)oc2ccc(C3OCCCC3OC3CCCCO3)cc12,0.9466801716388252,2
COc1cc(-c2cc(=O)c3c(O)cc(OC4OC(COC5OC(CO)C(O)C(O)C5O)C(O)C(O)C4O)cc3o2)ccc1O,M00567,624.5480000000002,-2.1172999999999993,258.43,9.0,16.0,8.0,O=c1cc(-c2ccccc2)oc2cc(OC3CCCC(COC4CCCCO4)O3)ccc12,1.0,1
COc1cc(C=CC(=O)OCC2OC(Oc3cc4oc(-c5ccc(O)cc5)cc(=O)c4c(O)c3C3OC(CO)C(O)C(O)C3O)C(O)C(O)C2O)cc(OC)c1O,M00568,800.7190000000006,-0.44810000000000055,304.96,10.0,19.0,11.0,O=C(C=Cc1ccccc1)OCC1CCCC(Oc2cc3oc(-c4ccccc4)cc(=O)c3cc2C2CCCCO2)O1,0.8555293230024756,5
COc1cc(C=CC(=O)OCC2OC(Oc3cc4oc(-c5ccc(O)cc5)cc(=O)c4c(O)c3C3OC(CO)C(O)C(O)C3O)C(O)C(O)C2O)ccc1O,M00569,770.6930000000007,-0.4567000000000008,295.72999999999996,10.0,18.0,10.0,O=C(C=Cc1ccccc1)OCC1CCCC(Oc2cc3oc(-c4ccccc4)cc(=O)c3cc2C2CCCCO2)O1,0.8555293230024756,5
COc1cc(-c2cc(=O)c3c(O)cc(OC4OC(COC(=O)C=Cc5ccc(O)cc5)C(O)C(O)C4O)cc3o2)ccc1O,M00570,608.5520000000002,2.0284,205.58,6.0,13.0,8.0,O=C(C=Cc1ccccc1)OCC1CCCC(Oc2ccc3c(=O)cc(-c4ccccc4)oc3c2)O1,0.9466801716388252,2
COc1cc(C=CC(=O)OCC2OC(O)C(O)C(O)C2O)cc(OC)c1O,M00571,386.3530000000001,-1.2343000000000004,155.14000000000001,5.0,10.0,6.0,O=C(C=Cc1ccccc1)OCC1CCCCO1,1.0,1
COc1cc(C=CC(=O)OCC2OC(Oc3cc4oc(-c5ccc(O)c(O)c5)cc(=O)c4c(O)c3C3OC(CO)C(O)C(O)C3O)C(O)C(O)C2O)ccc1O,M00572,786.6920000000007,-0.7511000000000012,315.96,11.0,19.0,10.0,O=C(C=Cc1ccccc1)OCC1CCCC(Oc2cc3oc(-c4ccccc4)cc(=O)c3cc2C2CCCCO2)O1,0.8555293230024756,5
COc1cc(-c2cc(=O)c3c(O)c(C4OC(CO)C(O)C(O)C4O)c(OC4OC(COC(=O)C=Cc5cc(OC)c(O)c(OC)c5)C(O)C(O)C4O)cc3o2)ccc1O,M00573,830.7450000000005,-0.43949999999999906,314.18999999999994,10.0,20.0,12.0,O=C(C=Cc1ccccc1)OCC1CCCC(Oc2cc3oc(-c4ccccc4)cc(=O)c3cc2C2CCCCO2)O1,0.8555293230024756,5
COc1cc(C=CC(=O)NCCCCN=C(N)N)cc2c1OC(c1ccc(O)cc1)C2C(=O)NCCCCN=C(N)N,M00574,580.6899999999999,0.970900000000003,225.69,7.0,7.0,15.0,c1ccc(C2Cc3ccccc3O2)cc1,0.9466801716388252,2
NC(N)=NCCCCNC(=O)C=Cc1ccc2c(c1)C(C(=O)NCCCCN=C(N)N)C(c1ccc(O)cc1)O2,M00575,550.6640000000004,0.962300000000001,216.45999999999998,7.0,6.0,14.0,c1ccc(C2Cc3ccccc3O2)cc1,0.9466801716388252,2
COc1cc(C=CC(=O)OCC2OC(OC3C(c4c(O)cc5oc(-c6ccc(O)cc6)cc(=O)c5c4O)OC(CO)C(O)C3O)C(O)C(O)C2O)ccc1O,M00576,770.6930000000007,-0.10560000000000097,295.72999999999996,10.0,18.0,10.0,O=C(C=Cc1ccccc1)OCC1CCCC(OC2CCCOC2c2ccc3oc(-c4ccccc4)cc(=O)c3c2)O1,1.0,1
CC1OC(OC2C(Oc3cc4oc(-c5ccc(O)cc5)cc(=O)c4c(O)c3C3OC(CO)C(O)C(O)C3O)OC(CO)C(O)C2O)C(O)C(O)C1O,M00577,740.6640000000007,-3.583399999999999,319.12,12.0,19.0,8.0,O=c1cc(-c2ccccc2)oc2cc(OC3OCCCC3OC3CCCCO3)c(C3CCCCO3)cc12,0.9466801716388252,2
O=c1cc(-c2ccc(O)c(O)c2)oc2c(C3OC(CO)C(O)C(O)C3O)c(O)c(C3OCC(O)C(O)C3O)c(O)c12,M00578,580.4950000000002,-2.0487000000000006,271.19999999999993,11.0,15.0,4.0,O=c1cc(-c2ccccc2)oc2c(C3CCCCO3)cc(C3CCCCO3)cc12,0.9088491513636503,3
O=c1cc(-c2ccc(O)cc2)oc2c(C3OCC(O)C(O)C3O)c(O)c(C3OC(CO)C(O)C(O)C3O)c(O)c12,M00579,564.4960000000002,-1.7543000000000006,250.96999999999994,10.0,14.0,4.0,O=c1cc(-c2ccccc2)oc2c(C3CCCCO3)cc(C3CCCCO3)cc12,0.9088491513636503,3
O=c1cc(-c2ccc(O)cc2)oc2cc(OC3OC(CO)C(O)C(O)C3O)c(C3OC(CO)C(O)C(O)C3O)c(O)c12,M00580,594.5220000000003,-2.4352000000000005,260.19999999999993,10.0,15.0,6.0,O=c1cc(-c2ccccc2)oc2cc(OC3CCCCO3)c(C3CCCCO3)cc12,1.0,1
CC1OC(OC2C(Oc3cc4oc(-c5ccc(O)c(O)c5)cc(=O)c4c(O)c3C3OC(CO)C(O)C(O)C3O)OC(CO)C(O)C2O)C(O)C(O)C1O,M00581,756.6630000000007,-3.8778,339.35,13.0,20.0,8.0,O=c1cc(-c2ccccc2)oc2cc(OC3OCCCC3OC3CCCCO3)c(C3CCCCO3)cc12,0.9466801716388252,2
O=c1cc(-c2ccc(O)cc2)oc2c(C3OC(CO)C(O)C(O)C3O)c(O)c(C3OC(CO)C(O)C(O)C3O)c(O)c12,M00582,594.5220000000003,-2.3934,271.19999999999993,11.0,15.0,5.0,O=c1cc(-c2ccccc2)oc2c(C3CCCCO3)cc(C3CCCCO3)cc12,0.9088491513636503,3
O=c1cc(-c2ccc(O)cc2)oc2cc(O)c(C3OC(CO)C(O)C(O)C3OC3OCC(O)C(O)C3O)c(O)c12,M00583,564.4960000000002,-1.4450000000000005,239.96999999999994,9.0,14.0,5.0,O=c1cc(-c2ccccc2)oc2ccc(C3OCCCC3OC3CCCCO3)cc12,0.9466801716388252,2
COc1cc(C=CC(=O)OCC2OC(Oc3cc(O)c4c(=O)cc(-c5cc(OC)c(O)c(OC)c5)oc4c3)C(O)C(O)C2O)cc(OC)c1O,M00584,698.6300000000006,2.0541999999999994,233.26999999999995,6.0,16.0,11.0,O=C(C=Cc1ccccc1)OCC1CCCC(Oc2ccc3c(=O)cc(-c4ccccc4)oc3c2)O1,0.9466801716388252,2
Cc1nnc(-c2ccccc2)c(=O)[nH]1,M00585,187.202,1.1403199999999998,58.64,1.0,3.0,1.0,O=c1[nH]cnnc1-c1ccccc1,0.9466801716388252,2
N#Cc1cc(Br)c(O)c(Br)c1,M00586,276.91499999999996,2.78888,44.019999999999996,1.0,2.0,0.0,c1ccccc1,0.21161295934610674,802
CC(C)c1ccc(N)cc1,M00587,135.20999999999998,2.3922000000000008,26.02,1.0,1.0,1.0,c1ccccc1,0.21161295934610674,802
Cc1nnc(-c2ccccc2)c(=O)n1N,M00588,202.21699999999998,0.3275199999999999,73.8,1.0,5.0,1.0,O=c1[nH]cnnc1-c1ccccc1,0.9466801716388252,2
CCc1cccc(C)c1N1C(=O)COCC1C,M00589,233.31099999999992,2.30912,29.540000000000003,0.0,2.0,2.0,O=C1COCCN1c1ccccc1,1.0,1
CCN(CC)C(=O)SCc1ccccc1Cl,M00590,257.786,4.035000000000004,20.310000000000002,0.0,2.0,4.0,c1ccccc1,0.21161295934610674,802
CCCN(CCC)C(=O)SCc1ccccc1,M00591,251.395,4.161800000000003,20.310000000000002,0.0,2.0,6.0,c1ccccc1,0.21161295934610674,802
N#Cc1c(Cl)cccc1Cl,M00592,172.01399999999998,2.8650800000000007,23.79,0.0,1.0,0.0,c1ccccc1,0.21161295934610674,802
NC(=O)c1c(Cl)cccc1Cl,M00593,190.029,2.0923,43.09,1.0,1.0,1.0,c1ccccc1,0.21161295934610674,802
CC(C1CC1)C(O)(Cn1cncn1)c1ccc(Cl)cc1,M00594,291.78200000000004,2.865400000000001,50.94,1.0,4.0,5.0,c1ccc(C(CC2CC2)Cn2cncn2)cc1,1.0,1
N#Cc1cc(I)c(O)c(I)c1,M00595,370.91499999999996,2.4730799999999995,44.019999999999996,1.0,2.0,0.0,c1ccccc1,0.21161295934610674,802
Nc1cnn(-c2ccccc2)c(=O)c1Cl,M00596,221.647,1.4681,60.91,1.0,4.0,1.0,O=c1cccnn1-c1ccccc1,0.8795051323147839,4
COC=C(C(=O)OC)c1ccccc1Oc1cc(Oc2ccccc2C#N)ncn1,M00597,403.3940000000001,4.093180000000004,103.56,0.0,8.0,7.0,c1ccc(Oc2cc(Oc3ccccc3)ncn2)cc1,0.9466801716388252,2
CSc1nnc(C(C)(C)C)c(=O)n1N,M00598,214.29399999999998,0.37150000000000005,73.8,1.0,6.0,1.0,O=c1cnnc[nH]1,0.9088491513636503,3
CC(C)(C)c1n[nH]c(=O)n(N)c1=O,M00599,184.19899999999998,-1.057099999999999,93.77000000000001,2.0,5.0,0.0,O=c1cn[nH]c(=O)[nH]1,1.0,1
COC(=O)Nc1cccc(OC(=O)Nc2cccc(C)c2)c1,M00600,300.314,3.784220000000002,76.66,2.0,4.0,3.0,O=C(Nc1ccccc1)Oc1ccccc1,0.9466801716388252,2
Fc1ccc(C2(Cn3cncn3)OC2c2ccccc2Cl)cc1,M00601,329.76200000000006,3.7376000000000023,43.24,0.0,4.0,4.0,c1ccc(C2OC2(Cn2cncn2)c2ccccc2)cc1,1.0,1
CCCN(CCOc1c(Cl)cc(Cl)cc1Cl)C(=O)n1ccnc1,M00602,376.67100000000005,4.602400000000004,47.36,0.0,4.0,6.0,O=C(NCCOc1ccccc1)n1ccnc1,1.0,1
C[Si](Cn1cncn1)(c1ccc(F)cc1)c1ccc(F)cc1,M00603,315.399,1.9885,30.71,0.0,3.0,4.0,c1ccc([SiH](Cn2cncn2)c2ccccc2)cc1,1.0,1
CCc1cccc(CC)c1N(COC)C(=O)CS(=O)(=O)O,M00604,315.39099999999996,1.6360999999999999,83.91,1.0,4.0,7.0,c1ccccc1,0.21161295934610674,802
CCc1cccc(CC)c1N(COC)C(=O)C(=O)O,M00605,265.3089999999999,1.8329,66.84,1.0,3.0,5.0,c1ccccc1,0.21161295934610674,802
CCOCN(C(=O)C(=O)O)c1c(C)cccc1CC,M00606,265.30899999999997,1.96902,66.84,1.0,3.0,5.0,c1ccccc1,0.21161295934610674,802
CCOCN(C(=O)CS(=O)(=O)O)c1c(C)cccc1CC,M00607,315.3910000000001,1.77222,83.91,1.0,4.0,7.0,c1ccccc1,0.21161295934610674,802
CCOCN(C(=O)CCl)c1c(C)cccc1CC,M00608,269.772,3.1232200000000017,29.54,0.0,2.0,6.0,c1ccccc1,0.21161295934610674,802
Cc1ccc(N=CN(C)C=Nc2ccc(C)cc2C)c(C)c1,M00609,293.41400000000004,4.871880000000004,27.96,0.0,2.0,4.0,C(=Nc1ccccc1)NC=Nc1ccccc1,1.0,1
CCNC(=O)NC(=O)C(C#N)=NOC,M00610,198.182,-0.6419199999999998,103.58000000000001,2.0,5.0,3.0,,0.0,0
O=C(Nc1ccc(F)cc1F)c1cccnc1Oc1cccc(C(F)(F)F)c1,M00611,394.29900000000004,5.423200000000003,51.22,1.0,3.0,4.0,O=C(Nc1ccccc1)c1cccnc1Oc1ccccc1,1.0,1
CCOC1Oc2ccc(OS(C)(=O)=O)cc2C1(C)C,M00612,286.34900000000005,2.0576,61.830000000000005,0.0,5.0,4.0,c1ccc2c(c1)CCO2,0.8352580650673657,6
CC1(C)C(=O)Oc2ccc(OS(C)(=O)=O)cc21,M00613,256.279,1.2216,69.67,0.0,5.0,2.0,O=C1Cc2ccccc2O1,1.0,1
O=[N+]([O-])c1cc(C(F)(F)F)c(Cl)c([N+](=O)[O-])c1Nc1ncc(C(F)(F)F)cc1Cl,M00614,465.0930000000001,5.9860000000000015,111.2,1.0,6.0,4.0,c1ccc(Nc2ccccn2)cc1,0.9088491513636503,3
CCN(CC)C(=O)C(C)Oc1cccc2ccccc12,M00615,271.36,3.475500000000002,29.540000000000003,0.0,2.0,5.0,c1ccc2ccccc2c1,0.6846698721617894,21
CC(C)=NOCCOC(=O)C(C)Oc1ccc(Oc2cnc3cc(Cl)ccc3n2)cc1,M00616,443.88700000000017,4.798400000000004,92.13000000000001,0.0,8.0,9.0,c1ccc(Oc2cnc3ccccc3n2)cc1,0.9088491513636503,3
CCCN(CCC)c1c([N+](=O)[O-])cc(C(F)(F)F)cc1[N+](=O)[O-],M00617,335.28200000000004,4.148200000000004,89.52,0.0,5.0,7.0,c1ccccc1,0.21161295934610674,802
COC(=O)c1sccc1S(=O)(=O)NC(=O)Nc1nc(C)nc(OC)n1,M00618,387.39900000000017,0.5471199999999999,149.46999999999997,2.0,10.0,5.0,O=C(Nc1ncncn1)NS(=O)(=O)c1ccsc1,1.0,1
COc1nc(C)nc(N)n1,M00619,140.14600000000002,-0.22918000000000005,73.92,1.0,5.0,1.0,c1ncncn1,0.6028054368020348,40
COC(=O)c1ccccc1S(N)(=O)=O,M00620,215.22999999999996,0.12060000000000015,86.46000000000001,1.0,4.0,2.0,c1ccccc1,0.21161295934610674,802
COC(=O)c1ccccc1S(=O)(=O)NC(=O)Nc1nc(C)nc(OC)n1,M00621,381.3700000000001,0.48561999999999983,149.46999999999997,2.0,9.0,5.0,O=C(Nc1ncncn1)NS(=O)(=O)c1ccccc1,0.802209494641301,8
COc1cc(OC)nc(NC(=O)NS(=O)(=O)c2ncccc2C(=O)N(C)C)n1,M00622,410.41200000000015,0.10100000000000042,152.71000000000004,2.0,9.0,6.0,O=C(Nc1ncccn1)NS(=O)(=O)c1ccccn1,0.8555293230024756,5
CCS(=O)(=O)c1cccnc1S(=O)(=O)NC(=O)Nc1nc(OC)cc(OC)n1,M00623,431.4520000000002,0.19279999999999942,166.53999999999996,2.0,10.0,7.0,O=C(Nc1ncccn1)NS(=O)(=O)c1ccccn1,0.8555293230024756,5
COc1nc(NC(C)C)nc(NC(C)C)n1,M00624,225.296,1.5208,71.96000000000001,2.0,6.0,5.0,c1ncncn1,0.6028054368020348,40
CSc1nc(NC(C)C)nc(NC(C)C)n1,M00625,241.364,2.2340999999999998,62.730000000000004,2.0,6.0,5.0,c1ncncn1,0.6028054368020348,40
Nc1c(Cl)c(F)nc(OCC(=O)O)c1Cl,M00626,255.03199999999998,1.5731,85.44000000000001,2.0,4.0,3.0,c1ccncc1,0.5996365394334917,41
COCC(=O)N(c1c(C)cccc1C)C(C)C(=O)OC,M00627,279.336,1.8443400000000003,55.84,0.0,4.0,5.0,c1ccccc1,0.21161295934610674,802
CCNC(=O)C(C)OC(=O)Nc1ccccc1,M00628,236.27100000000002,1.7596999999999998,67.42999999999999,2.0,3.0,4.0,c1ccccc1,0.21161295934610674,802
Nc1nc2ccccc2[nH]1,M00629,133.15399999999997,1.1451,54.699999999999996,2.0,2.0,0.0,c1ccc2[nH]cnc2c1,0.7758207207981391,10
CC1(C)CON(Cc2ccccc2Cl)C1=O,M00630,239.702,2.6400000000000006,29.54,0.0,2.0,2.0,O=C1CCON1Cc1ccccc1,1.0,1
CCOC(=O)Nc1cccc(OC(=O)Nc2ccccc2)c1,M00631,300.314,3.8659000000000017,76.66,2.0,4.0,4.0,O=C(Nc1ccccc1)Oc1ccccc1,0.9466801716388252,2
CC(Cc1ccc(C(C)(C)C)cc1)CN1CC(C)OC(C)C1,M00632,303.49000000000007,4.271900000000004,12.47,0.0,2.0,4.0,c1ccc(CCCN2CCOCC2)cc1,0.9466801716388252,2
CC(Oc1ccc(Oc2ccc(C(F)(F)F)cn2)cc1)C(=O)O,M00633,327.258,3.744600000000002,68.65,1.0,4.0,5.0,c1ccc(Oc2ccccn2)cc1,0.8352580650673657,6
Cc1cc(C2CC2)nc(Nc2ccccc2)n1,M00634,225.29500000000004,3.4060200000000007,37.81,1.0,3.0,3.0,c1ccc(Nc2nccc(C3CC3)n2)cc1,1.0,1
O=C1CC(C(=O)O)CC(=O)C1=C(O)C1CC1,M00635,224.21199999999996,0.8412999999999999,91.67,2.0,4.0,2.0,O=C1CCCC(=O)C1=CC1CC1,0.9466801716388252,2
CCOC(=O)C1CC(=O)C(=C(O)C2CC2)C(=O)C1,M00636,252.26599999999993,1.3198,80.67000000000002,1.0,5.0,3.0,O=C1CCCC(=O)C1=CC1CC1,0.9466801716388252,2
CON=C(C(=O)OC)c1ccccc1COc1ccccc1C,M00637,313.353,3.097520000000002,57.120000000000005,0.0,5.0,6.0,c1ccc(COc2ccccc2)cc1,0.8555293230024756,5
COC(=O)NS(=O)(=O)c1ccc(N)cc1,M00638,230.245,0.3134999999999998,98.49,2.0,5.0,2.0,c1ccccc1,0.21161295934610674,802
CCNc1nc(NC(C)C)nc(OC)n1,M00639,211.26899999999998,1.1322999999999996,71.96000000000001,2.0,6.0,5.0,c1ncncn1,0.6028054368020348,40
CON(C)C(=O)Nc1ccc(Cl)c(Cl)c1,M00640,249.09699999999998,3.0185000000000013,41.57,1.0,2.0,2.0,c1ccccc1,0.21161295934610674,802
CN(C)C(=O)Nc1ccc(Cl)cc1,M00641,198.653,2.4335000000000004,32.34,1.0,1.0,1.0,c1ccccc1,0.21161295934610674,802
N#Cc1c[nH]cc1-c1cccc2c1OC(F)(F)O2,M00642,248.18799999999993,2.87488,58.040000000000006,1.0,3.0,1.0,c1cc2c(c(-c3cc[nH]c3)c1)OCO2,1.0,1
CC(C)(c1ccc(O)cc1)c1ccc(O)cc1,M00643,228.291,3.423700000000002,40.46,2.0,2.0,2.0,c1ccc(Cc2ccccc2)cc1,0.6274242932504864,33
c1ccc2n[nH]nc2c1,M00644,119.127,0.9578999999999998,41.57,1.0,2.0,0.0,c1ccc2n[nH]nc2c1,0.8352580650673657,6
Cc1ccc2n[nH]nc2c1,M00645,133.15400000000002,1.26632,41.57,1.0,2.0,0.0,c1ccc2n[nH]nc2c1,0.8352580650673657,6
CC(C)NCC(O)COc1ccc(CC(N)=O)cc1,M00646,266.34099999999995,0.45210000000000006,84.57999999999998,3.0,4.0,8.0,c1ccccc1,0.21161295934610674,802
CC(C)NCC(O)c1ccc(NS(C)(=O)=O)cc1,M00647,272.37,1.0895000000000001,78.43,3.0,4.0,6.0,c1ccccc1,0.21161295934610674,802
CC(C)NCC(O)COc1cccc2ccccc12,M00648,259.34900000000005,2.5775000000000006,41.489999999999995,2.0,3.0,6.0,c1ccc2ccccc2c1,0.6846698721617894,21
COCCc1ccc(OCC(O)CNC(C)C)cc1,M00649,267.36899999999997,1.6132,50.72,2.0,4.0,9.0,c1ccccc1,0.21161295934610674,802
Nc1ccc(S(=O)(=O)Nc2ncccn2)cc1,M00650,250.28300000000004,0.8596000000000001,97.97,2.0,5.0,3.0,O=S(=O)(Nc1ncccn1)c1ccccc1,0.8176983027273006,7
Cc1cc(C)nc(NS(=O)(=O)c2ccc(N)cc2)n1,M00651,278.337,1.4764399999999998,97.97,2.0,5.0,3.0,O=S(=O)(Nc1ncccn1)c1ccccc1,0.8176983027273006,7
COc1cc(NS(=O)(=O)c2ccc(N)cc2)nc(OC)n1,M00652,310.3350000000001,0.8768,116.43,2.0,7.0,5.0,O=S(=O)(Nc1ccncn1)c1ccccc1,0.8795051323147839,4
Nc1ccc(S(=O)(=O)Nc2nccs2)cc1,M00653,255.32400000000004,1.5261,85.08,2.0,5.0,3.0,O=S(=O)(Nc1nccs1)c1ccccc1,0.9466801716388252,2
CCC1OC(=O)CC(O)C(C)C(OC2OC(C)C(OC3CC(C)(O)C(O)C(C)O3)C(N(C)C)C2O)C(CC=O)CC(C)C(=O)C=CC(C)=CC1COC1OC(C)C(O)C(OC)C1OC,M00654,916.1120000000001,1.8335000000000106,238.66999999999996,5.0,18.0,13.0,O=C1C=CC=CC(COC2CCCCO2)COC(=O)CCCC(OC2CCC(OC3CCCCO3)CO2)CCC1,1.0,1
CCC1OC(=O)C(C)C(OC2CC(C)(OC)C(O)C(C)O2)C(C)C(OC2OC(C)CC(N(C)C)C2O)C(C)(O)CC(C)C(=O)C(C)C(O)C1(C)O,M00655,733.9370000000002,1.785600000000004,193.91,5.0,14.0,7.0,O=C1CCCCOC(=O)CC(OC2CCCCO2)CC(OC2CCCCO2)CCC1,0.9088491513636503,3
CCC1OC(=O)C(C)C(OC2CC(C)(OC)C(O)C(C)O2)C(C)C(OC2OC(C)CC(N(C)C)C2O)C(C)(O)CC(C)CN(C)C(C)C(O)C1(C)O,M00656,748.9960000000001,1.9007000000000054,180.08,5.0,14.0,7.0,O=C1CC(OC2CCCCO2)CC(OC2CCCCO2)CCCCNCCCCO1,1.0,1
CCC1OC(=O)C(C)C(OC2CC(C)(OC)C(O)C(C)O2)C(C)C(OC2OC(C)CC(N(C)C)C2O)C(C)(OC)CC(C)C(=O)C(C)C(O)C1(C)O,M00657,747.9640000000002,2.439700000000004,182.91,4.0,14.0,8.0,O=C1CCCCOC(=O)CC(OC2CCCCO2)CC(OC2CCCCO2)CCC1,0.9088491513636503,3
CCC1OC(=O)C(C)C(OC2CC(C)(OC)C(O)C(C)O2)C(C)C(OC2OC(C)CC(N(C)C)C2O)C(C)(O)CC(C)C(=NOCOCCOC)C(C)C(O)C1(C)O,M00658,837.058,2.2096000000000076,216.88999999999996,5.0,17.0,13.0,N=C1CCCCOC(=O)CC(OC2CCCCO2)CC(OC2CCCCO2)CCC1,1.0,1
NC(=O)N1c2ccccc2C=Cc2ccccc21,M00659,236.274,3.3872000000000018,46.330000000000005,1.0,1.0,0.0,C1=Cc2ccccc2Nc2ccccc21,0.8795051323147839,4
CCC1(c2ccccc2)C(=O)NCNC1=O,M00660,218.25599999999994,0.5378999999999999,58.2,2.0,2.0,2.0,O=C1NCNC(=O)C1c1ccccc1,1.0,1
CNC(=C[N+](=O)[O-])NCCSCc1ccc(CN(C)C)o1,M00661,314.411,1.4589999999999999,83.58,2.0,7.0,10.0,c1ccoc1,0.7538526280001345,12
Cc1ncc([N+](=O)[O-])n1CCO,M00662,171.15599999999998,0.09201999999999994,81.19,1.0,5.0,3.0,c1c[nH]cn1,0.6438836066809098,29
COc1cc(Cc2cnc(N)nc2N)cc(OC)c1OC,M00663,290.32300000000004,1.2575999999999998,105.51,2.0,7.0,5.0,c1ccc(Cc2cncnc2)cc1,0.8795051323147839,4
O=C(O)Cc1ccccc1Nc1c(Cl)cccc1Cl,M00664,296.153,4.364100000000001,49.33,2.0,2.0,4.0,c1ccc(Nc2ccccc2)cc1,0.7643784743661259,11
COc1ccc2cc(C(C)C(=O)O)ccc2c1,M00665,230.26299999999998,3.036500000000001,46.53,1.0,2.0,3.0,c1ccc2ccccc2c1,0.6846698721617894,21
CC(C)Cc1ccc(C(C)C(=O)O)cc1,M00666,206.28499999999997,3.073200000000001,37.3,1.0,1.0,4.0,c1ccccc1,0.21161295934610674,802
CC(C)(Oc1ccc(Cl)cc1)C(=O)O,M00667,214.648,2.582,46.53,1.0,2.0,3.0,c1ccccc1,0.21161295934610674,802
CC(C(=O)O)c1cccc(C(=O)c2ccccc2)c1,M00668,254.285,3.1057000000000015,54.37,1.0,2.0,4.0,O=C(c1ccccc1)c1ccccc1,0.7538526280001345,12
COc1ccc2c(c1)c(CC(=O)O)c(C)n2C(=O)c1ccc(Cl)cc1,M00669,357.793,3.9273200000000026,68.53,1.0,4.0,4.0,O=C(c1ccccc1)n1ccc2ccccc21,0.9466801716388252,2
Cc1cccc(Nc2ccccc2C(=O)O)c1C,M00670,241.29,3.7452400000000017,49.33,2.0,2.0,3.0,c1ccc(Nc2ccccc2)cc1,0.7643784743661259,11
CC(C)(Oc1ccc(CCNC(=O)c2ccc(Cl)cc2)cc1)C(=O)O,M00671,361.82500000000005,3.554500000000001,75.63,2.0,3.0,7.0,O=C(NCCc1ccccc1)c1ccccc1,1.0,1
CCCC1COC(Cn2cncn2)(c2ccc(Cl)cc2Cl)O1,M00672,342.2260000000001,3.653400000000003,49.17,0.0,5.0,5.0,c1ccc(C2(Cn3cncn3)OCCO2)cc1,0.9088491513636503,3
CCN(CC)C(=O)c1cccc(C)c1,M00673,191.274,2.4770200000000004,20.310000000000002,0.0,1.0,3.0,c1ccccc1,0.21161295934610674,802
COc1ccc(C(=O)c2ccccc2)c(O)c1,M00674,228.247,2.631800000000001,46.53,1.0,3.0,3.0,O=C(c1ccccc1)c1ccccc1,0.7538526280001345,12
CC(=O)N(CC(O)CO)c1c(I)c(C(=O)NCC(O)CO)c(I)c(C(=O)NCC(O)CO)c1I,M00675,821.1410000000001,-1.6274999999999986,199.89,8.0,9.0,12.0,c1ccccc1,0.21161295934610674,802
CCn1cc(C(=O)O)c(=O)c2cc(F)c(N3CCNCC3)cc21,M00676,319.336,1.2683,74.57000000000001,2.0,5.0,3.0,O=c1cc[nH]c2cc(N3CCNCC3)ccc12,1.0,1
Nc1ccc(S(=O)(=O)Nc2ccccn2)cc1,M00677,249.29500000000004,1.4646000000000001,85.08,2.0,4.0,3.0,O=S(=O)(Nc1ccccn1)c1ccccc1,1.0,1
CC(=O)Nc1c(C)n(C)n(-c2ccccc2)c1=O,M00678,245.282,1.4428199999999998,56.03,1.0,4.0,2.0,O=c1cc[nH]n1-c1ccccc1,0.7758207207981391,10
CC(=O)Nc1c(I)c(NC(C)=O)c(I)c(C(=O)O)c1I,M00679,613.9150000000002,3.1154,95.50000000000001,3.0,3.0,3.0,c1ccccc1,0.21161295934610674,802
CN(C(=O)CO)c1c(I)c(C(=O)NCC(O)CO)c(I)c(C(=O)NCC(O)CO)c1I,M00680,777.0880000000001,-1.3784999999999996,179.66,7.0,8.0,10.0,c1ccccc1,0.21161295934610674,802
CC(O)C(=O)Nc1c(I)c(C(=O)NC(CO)CO)c(I)c(C(=O)NC(CO)CO)c1I,M00681,777.0880000000001,-1.0143000000000004,188.45,8.0,8.0,10.0,c1ccccc1,0.21161295934610674,802
COCC(=O)Nc1c(I)c(C(=O)NCC(O)CO)c(I)c(C(=O)N(C)CC(O)CO)c1I,M00682,791.115,-0.4065000000000002,168.66,6.0,8.0,11.0,c1ccccc1,0.21161295934610674,802
CC(=O)Nc1ccc(O)cc1,M00683,151.165,1.3505999999999998,49.33,2.0,2.0,1.0,c1ccccc1,0.21161295934610674,802
COc1cc(OC)nc(NS(=O)(=O)c2ccc(NC(C)=O)cc2)n1,M00684,352.37200000000007,1.2530000000000001,119.51,2.0,7.0,6.0,O=S(=O)(Nc1ncccn1)c1ccccc1,0.8176983027273006,7
CC(=O)Nc1ccc(S(=O)(=O)Nc2nc(C)cc(C)n2)cc1,M00685,320.374,1.8526399999999998,101.05,2.0,5.0,4.0,O=S(=O)(Nc1ncccn1)c1ccccc1,0.8176983027273006,7
CC(=O)Nc1ccc(S(=O)(=O)Nc2ncccn2)cc1,M00686,292.32,1.2358,101.05,2.0,5.0,4.0,O=S(=O)(Nc1ncccn1)c1ccccc1,0.8176983027273006,7
CC(=O)Nc1ccc(S(=O)(=O)Nc2nccs2)cc1,M00687,297.361,1.9022999999999997,88.16,2.0,5.0,4.0,O=S(=O)(Nc1nccs1)c1ccccc1,0.9466801716388252,2
CC(C)N1C(=O)c2ccccc2NS1(=O)=O,M00688,240.284,1.2074999999999998,66.48,1.0,3.0,1.0,O=C1NS(=O)(=O)Nc2ccccc21,1.0,1
COCC(C)N(C(=O)CCl)c1c(C)csc1C,M00689,275.80100000000004,2.9716400000000016,29.54,0.0,3.0,5.0,c1ccsc1,0.802209494641301,8
CC(C)N(Cc1ccccc1)C(=O)C(C)(C)C,M00690,233.35499999999996,3.4697000000000022,20.310000000000002,0.0,1.0,3.0,c1ccccc1,0.21161295934610674,802
CCC(C)c1cc([N+](=O)[O-])cc([N+](=O)[O-])c1O,M00691,240.21499999999997,2.7221000000000015,106.51,1.0,5.0,4.0,c1ccccc1,0.21161295934610674,802
CS(=O)(=O)c1ccc(C(=O)C2C(=O)CCCC2=O)c([N+](=O)[O-])c1,M00692,339.32500000000005,1.1193000000000002,128.49,0.0,7.0,4.0,O=C1CCCC(=O)C1C(=O)c1ccccc1,0.9088491513636503,3
COCC(C)N(C(=O)C(=O)O)c1c(C)csc1C,M00693,271.338,1.8174399999999997,66.84,1.0,4.0,4.0,c1ccsc1,0.802209494641301,8
COCC(C)N(C(=O)CS(=O)(=O)O)c1c(C)csc1C,M00694,321.42,1.6206400000000003,83.91,1.0,5.0,6.0,c1ccsc1,0.802209494641301,8
CCNc1nc(Cl)nc(NCC)n1,M00695,201.661,1.3885999999999998,62.730000000000004,2.0,5.0,4.0,c1ncncn1,0.6028054368020348,40
CCc1cccc(C)c1N(C(=O)C(=O)O)C(C)COC,M00696,279.33599999999996,2.0099199999999997,66.84,1.0,3.0,5.0,c1ccccc1,0.21161295934610674,802
CCC(C)n1c(=O)[nH]c(C)c(Br)c1=O,M00697,261.11899999999997,1.5785200000000001,54.86,1.0,3.0,2.0,O=c1cc[nH]c(=O)[nH]1,0.7883542836784342,9
O=C(O)COc1ccc(Cl)cc1Cl,M00698,221.039,2.4568000000000003,46.53,1.0,2.0,3.0,c1ccccc1,0.21161295934610674,802
CCc1cccc(C)c1N(C(=O)CCl)C(C)COC,M00699,283.799,3.1641200000000014,29.540000000000003,0.0,2.0,6.0,c1ccccc1,0.21161295934610674,802
Cc1cccc(C)c1N(Cn1cccn1)C(=O)CCl,M00700,277.755,2.729440000000001,38.13,0.0,3.0,4.0,c1ccc(NCn2cccn2)cc1,0.8176983027273006,7
CC(Oc1ccc(Cl)cc1Cl)C(=O)O,M00701,235.06599999999997,2.845300000000001,46.53,1.0,2.0,3.0,c1ccccc1,0.21161295934610674,802
Cc1ccc(NC(=O)N(C)C)cc1Cl,M00702,212.68,2.7419200000000012,32.34,1.0,1.0,1.0,c1ccccc1,0.21161295934610674,802
CCc1cccc(CC)c1N(COC)C(=O)CCl,M00703,269.77199999999993,2.9871000000000016,29.54,0.0,2.0,6.0,c1ccccc1,0.21161295934610674,802
COc1c(Cl)ccc(Cl)c1C(=O)O,M00704,221.039,2.7002000000000006,46.53,1.0,2.0,2.0,c1ccccc1,0.21161295934610674,802
O=C(O)c1cn(C2CC2)c2cc(N3CCNCC3)c(F)cc2c1=O,M00705,331.34700000000004,1.5833,74.57,2.0,5.0,3.0,O=c1ccn(C2CC2)c2cc(N3CCNCC3)ccc12,0.9466801716388252,2
CC(C)Nc1nc(N)[nH]c(=O)n1,M00706,169.18800000000002,-0.43260000000000026,96.68999999999998,3.0,5.0,2.0,O=c1ncnc[nH]1,0.8352580650673657,6
CCNc1nc(NC(C)C)[nH]c(=O)n1,M00707,197.242,0.41699999999999965,82.7,3.0,5.0,4.0,O=c1ncnc[nH]1,0.8352580650673657,6
Cn1sc(Cl)cc1=O,M00708,149.602,1.1002,22.0,0.0,3.0,0.0,O=c1ccs[nH]1,0.8795051323147839,4
CSc1nc(N)nc(NC(C)(C)C)n1,M00709,213.31,1.3861,76.72,2.0,6.0,2.0,c1ncncn1,0.6028054368020348,40
CCNc1nc(Cl)nc(NC(C)(C)C)n1,M00710,229.715,2.1672000000000002,62.730000000000004,2.0,5.0,3.0,c1ncncn1,0.6028054368020348,40
CC(C)c1ccc(NC(N)=O)cc1,M00711,178.23499999999996,2.3006,55.12,2.0,1.0,2.0,c1ccccc1,0.21161295934610674,802
CC(C)c1ccc(NC(=O)N(C)C)cc1,M00712,206.289,2.903500000000001,32.34,1.0,1.0,2.0,c1ccccc1,0.21161295934610674,802
CCNc1nc(N)nc(Cl)n1,M00713,173.60700000000003,0.5389999999999999,76.72,2.0,5.0,2.0,c1ncncn1,0.6028054368020348,40
CCNc1nc(Cl)nc(NC(C)C)n1,M00714,215.68800000000002,1.7770999999999997,62.730000000000004,2.0,5.0,4.0,c1ncncn1,0.6028054368020348,40
NC(=O)Nc1ccc(Cl)c(Cl)c1,M00715,205.04399999999998,2.484000000000001,55.120000000000005,2.0,1.0,1.0,c1ccccc1,0.21161295934610674,802
CS(=O)(=O)c1ccc(C(=O)C2C(=O)CCCC2=O)c(Cl)c1,M00716,328.773,1.8645000000000003,85.35,0.0,5.0,3.0,O=C1CCCC(=O)C1C(=O)c1ccccc1,0.9088491513636503,3
CN(C)C(=O)Nc1ccc(Cl)c(Cl)c1,M00717,233.09799999999998,3.0869000000000018,32.34,1.0,1.0,1.0,c1ccccc1,0.21161295934610674,802
CCOP(=S)(OCC)Oc1cc(C)nc(C(C)C)n1,M00718,304.35200000000003,3.5847200000000026,53.47,0.0,6.0,7.0,c1cncnc1,0.7185751418868361,16
CNC(=O)Nc1ccc(Cl)c(Cl)c1,M00719,219.07099999999997,2.7447,41.13,2.0,1.0,1.0,c1ccccc1,0.21161295934610674,802
CN(C)S(=O)(=O)Nc1ccccc1,M00720,200.26300000000003,0.9049,49.410000000000004,1.0,2.0,3.0,c1ccccc1,0.21161295934610674,802
Cc1cc(NS(=O)(=O)c2ccc(N)cc2)no1,M00721,253.28300000000002,1.3660199999999998,98.22,2.0,5.0,3.0,O=S(=O)(Nc1ccon1)c1ccccc1,0.8795051323147839,4
CC(=O)Nc1ccc(S(=O)(=O)Nc2cc(C)on2)cc1,M00722,295.32,1.7422199999999999,101.3,2.0,5.0,4.0,O=S(=O)(Nc1ccon1)c1ccccc1,0.8795051323147839,4
CCCCCCCCn1sccc1=O,M00723,213.346,3.2703000000000024,22.0,0.0,3.0,7.0,O=c1ccs[nH]1,0.8795051323147839,4
O=c1[nH]sc2ccccc12,M00724,151.18999999999997,1.5896,32.86,1.0,2.0,0.0,O=c1[nH]sc2ccccc12,1.0,1
CSc1nc(NC2CC2)nc(NC(C)(C)C)n1,M00725,253.375,2.3782000000000005,62.730000000000004,2.0,6.0,4.0,c1ncnc(NC2CC2)n1,0.9088491513636503,3
CNC(=O)Nc1ccc(C(C)C)cc1,M00726,192.262,2.561300000000001,41.13,2.0,1.0,2.0,c1ccccc1,0.21161295934610674,802
CCCCNC(=O)OCC#CI,M00727,281.09299999999996,1.9086,38.33,1.0,2.0,4.0,,0.0,0
CCNc1nc(NC(C)(C)C)nc(SC)n1,M00728,241.364,2.2356999999999996,62.730000000000004,2.0,6.0,4.0,c1ncncn1,0.6028054368020348,40
Cc1cc(Cl)ccc1OC(C)C(=O)O,M00729,214.648,2.5003199999999994,46.53,1.0,2.0,3.0,c1ccccc1,0.21161295934610674,802
CC(C)Nc1nc(N)nc(Cl)n1,M00730,187.63400000000001,0.9275,76.72,2.0,5.0,2.0,c1ncncn1,0.6028054368020348,40
OCc1cccc(Oc2ccccc2)c1,M00731,200.23700000000002,2.9712000000000005,29.46,1.0,2.0,3.0,c1ccc(Oc2ccccc2)cc1,0.6438836066809098,29
O=C(O)c1cccc(Oc2ccccc2)c1,M00732,214.22,3.177100000000001,46.53,1.0,2.0,3.0,c1ccc(Oc2ccccc2)cc1,0.6438836066809098,29
CC(C)(C)C(O)(CCc1ccc(Cl)cc1)Cn1cncn1,M00733,307.825,3.3415000000000017,50.94,1.0,4.0,5.0,c1ccc(CCCCn2cncn2)cc1,1.0,1
OC(Cn1cncn1)(Cn1cncn1)c1ccc(F)cc1F,M00734,306.276,0.7357999999999993,81.64999999999999,1.0,7.0,5.0,c1ccc(C(Cn2cncn2)Cn2cncn2)cc1,1.0,1
Clc1ccccc1C(c1ccccc1)(c1ccccc1)n1ccnc1,M00735,344.845,5.376700000000004,17.82,0.0,2.0,4.0,c1ccc(C(c2ccccc2)(c2ccccc2)n2ccnc2)cc1,1.0,1
CN=CNc1ccc(C)cc1C,M00736,162.236,2.3734400000000004,24.39,1.0,1.0,2.0,c1ccccc1,0.21161295934610674,802
CNCCC(Oc1ccc(C(F)(F)F)cc1)c1ccccc1,M00737,309.33099999999996,4.435000000000003,21.259999999999998,1.0,2.0,6.0,c1ccc(COc2ccccc2)cc1,0.8555293230024756,5
CC(C)OC(=O)C(C)(C)Oc1ccc(C(=O)c2ccc(Cl)cc2)cc1,M00738,360.837,4.680000000000004,52.6,0.0,4.0,6.0,O=C(c1ccccc1)c1ccccc1,0.7538526280001345,12
CC(C)(Oc1ccc(C(=O)c2ccc(Cl)cc2)cc1)C(=O)O,M00739,318.75600000000003,3.8130000000000033,63.60000000000001,1.0,3.0,5.0,O=C(c1ccccc1)c1ccccc1,0.7538526280001345,12
Cc1cc(=O)n(-c2ccccc2)n1C,M00740,188.23000000000002,1.4844199999999999,26.93,0.0,3.0,1.0,O=c1cc[nH]n1-c1ccccc1,0.7758207207981391,10
Cc1ccc(NS(=O)(=O)N(C)C)cc1,M00741,214.29000000000002,1.21332,49.410000000000004,1.0,2.0,3.0,c1ccccc1,0.21161295934610674,802
CN(C)S(N)(=O)=O,M00742,124.165,-1.2484999999999997,63.4,1.0,2.0,1.0,,0.0,0
CC(=O)Nc1c(I)c(C(=O)O)c(I)c(C(=O)NCCO)c1I,M00743,643.9410000000001,1.8790999999999998,115.73,4.0,4.0,5.0,c1ccccc1,0.21161295934610674,802
c1ccc2scnc2c1,M00744,135.191,2.2962999999999996,12.89,0.0,2.0,0.0,c1ccc2scnc2c1,0.7185751418868361,16
CCCCCCCCn1sc(Cl)c(Cl)c1=O,M00745,282.23600000000005,4.577100000000004,22.0,0.0,3.0,7.0,O=c1ccs[nH]1,0.8795051323147839,4
CCNc1nc(NC(C)(C)C)nc(OC)n1,M00746,225.296,1.5223999999999998,71.96000000000001,2.0,6.0,4.0,c1ncncn1,0.6028054368020348,40
CCNc1nc(NC(C)(C)C)[nH]c(=O)n1,M00747,211.269,0.8070999999999997,82.7,3.0,5.0,3.0,O=c1ncnc[nH]1,0.8352580650673657,6
CCc1cccc(C)c1N(C(=O)CS(=O)(=O)O)C(C)COC,M00748,329.41800000000006,1.8131199999999998,83.91000000000001,1.0,4.0,7.0,c1ccccc1,0.21161295934610674,802
COCCOCCOC,M00749,134.175,0.29580000000000006,27.69,0.0,3.0,6.0,,0.0,0
COc1ccnc(CS(=O)c2nc3ccc(OC(F)F)cc3[nH]2)c1OC,M00750,383.37600000000003,2.8843000000000005,86.33,1.0,6.0,7.0,O=S(Cc1ccccn1)c1nc2ccccc2[nH]1,0.8795051323147839,4
COc1ccc(C(CN(C)C)C2(O)CCCCC2)cc1,M00751,277.4079999999999,3.0356000000000014,32.7,1.0,3.0,5.0,c1ccc(CC2CCCCC2)cc1,0.802209494641301,8
Nc1ccc(S(=O)(=O)O)cc1,M00752,173.193,0.5155000000000001,80.39,2.0,3.0,1.0,c1ccccc1,0.21161295934610674,802
O=S(=O)(O)c1ccc2ccccc2c1,M00753,208.238,2.0865,54.370000000000005,1.0,2.0,1.0,c1ccc2ccccc2c1,0.6846698721617894,21
O=S(=O)(O)c1ccc2ccc(S(=O)(=O)O)cc2c1,M00754,288.302,1.3332000000000002,108.74,2.0,4.0,2.0,c1ccc2ccccc2c1,0.6846698721617894,21
CCCC1CC(C(=O)NC(C(C)Cl)C2OC(SC)C(O)C(O)C2O)N(C)C1,M00755,424.99100000000016,0.38950000000000035,102.26,4.0,7.0,7.0,O=C(NCC1CCCCO1)C1CCCN1,0.9466801716388252,2
CCOC(=O)C1=CC(OC(CC)CC)C(NC(C)=O)C(N)C1,M00756,312.41,1.2853999999999997,90.64999999999999,2.0,5.0,7.0,C1=CCCCC1,0.802209494641301,8
CCC(CC)OC1C=C(C(=O)O)CC(N)C1NC(C)=O,M00757,284.356,0.8069000000000008,101.65,3.0,4.0,6.0,C1=CCCCC1,0.802209494641301,8
CC1COC(=O)c2cc3c(cc21)C(C)(C)C(C)C3(C)C,M00758,272.388,4.1654000000000035,26.3,0.0,2.0,0.0,O=C1OCCc2cc3c(cc21)CCC3,1.0,1
C=C1CC2C(CCC3(C)C(=O)CCC23)C2(C)C=CC(=O)C=C12,M00759,296.41,4.029500000000003,34.14,0.0,2.0,0.0,C=C1CC2C(CCC3C(=O)CCC32)C2C=CC(=O)C=C12,1.0,1
CC(C)N(C(=O)CS(=O)(=O)O)c1ccc(F)cc1,M00760,275.301,1.4548999999999999,74.68,1.0,3.0,4.0,c1ccccc1,0.21161295934610674,802
CC(C)N(C(=O)C(=O)O)c1ccc(F)cc1,M00761,225.219,1.6516999999999997,57.61,1.0,2.0,2.0,c1ccccc1,0.21161295934610674,802
CC(C)N(C(=O)CS(=O)(=O)O)c1ccccc1,M00762,257.311,1.3157999999999999,74.68,1.0,3.0,4.0,c1ccccc1,0.21161295934610674,802
CC(C)N(C(=O)C(=O)O)c1ccccc1,M00763,207.229,1.5125999999999997,57.61,1.0,2.0,2.0,c1ccccc1,0.21161295934610674,802
CCNc1nc(NCC)nc(OC)n1,M00764,197.242,0.7437999999999999,71.96000000000001,2.0,6.0,5.0,c1ncncn1,0.6028054368020348,40
CCNc1nc(NCC)[nH]c(=O)n1,M00765,183.215,0.028499999999999803,82.7,3.0,5.0,4.0,O=c1ncnc[nH]1,0.8352580650673657,6
CCNc1nc(NC(C)CC)nc(OC)n1,M00766,225.29599999999996,1.5223999999999998,71.96000000000001,2.0,6.0,6.0,c1ncncn1,0.6028054368020348,40
CCNc1nc(Cl)nc(NC(C)CC)n1,M00767,229.715,2.1672000000000002,62.730000000000004,2.0,5.0,5.0,c1ncncn1,0.6028054368020348,40
CC(C)(C)Nc1nc(N)nc(Cl)n1,M00768,201.661,1.3175999999999999,76.72,2.0,5.0,1.0,c1ncncn1,0.6028054368020348,40
CC(C)(C)Nc1nc(N)[nH]c(=O)n1,M00769,183.215,-0.04250000000000004,96.68999999999998,3.0,5.0,1.0,O=c1ncnc[nH]1,0.8352580650673657,6
Oc1ccc(C(F)(F)F)cc1,M00770,162.11,2.4110000000000005,20.23,1.0,1.0,0.0,c1ccccc1,0.21161295934610674,802
COc1ccc(CCN(C)CCCC(C#N)(c2ccc(OC)c(OC)c2)C(C)C)cc1OC,M00771,454.6110000000002,5.093080000000005,63.95,0.0,6.0,13.0,c1ccc(CCCCNCCc2ccccc2)cc1,0.9088491513636503,3
CC(C)NCC(O)COc1ccc(CC(=O)O)cc1,M00772,267.325,1.0513999999999992,78.78999999999999,3.0,4.0,8.0,c1ccccc1,0.21161295934610674,802
Nc1cn[nH]c(=O)c1Cl,M00773,145.54899999999998,0.005500000000000171,71.77,2.0,3.0,0.0,O=c1cccn[nH]1,0.9466801716388252,2
Cn1ncc(N)c(Cl)c1=O,M00774,159.57600000000002,0.015900000000000025,60.910000000000004,1.0,4.0,0.0,O=c1cccn[nH]1,0.9466801716388252,2
CCOCCN(C(=O)CCl)C(=C(C)C)c1ccccc1,M00775,295.81,3.541400000000002,29.54,0.0,2.0,7.0,c1ccccc1,0.21161295934610674,802
O=C(O)C(c1ccccc1)C1CCCCN1,M00776,219.28399999999996,1.9969,49.33,2.0,2.0,3.0,c1ccc(CC2CCCCN2)cc1,0.9466801716388252,2
Cc1c(N(C)C)c(=O)n(-c2ccccc2)n1C,M00777,231.29900000000004,1.55042,30.17,0.0,4.0,2.0,O=c1cc[nH]n1-c1ccccc1,0.7758207207981391,10
OCC1OC(OC2(CCl)OC(CCl)C(O)C2O)C(O)C(O)C1Cl,M00778,397.635,-1.6561000000000003,128.84,5.0,8.0,5.0,C1CCC(OC2CCCO2)OC1,0.9088491513636503,3
CCc1cc(C)cc(CC)c1-c1c(OC(=O)C(C)(C)C)n2n(c1=O)CCOCC2,M00779,400.51900000000023,3.731720000000002,62.459999999999994,0.0,6.0,4.0,O=c1c(-c2ccccc2)cn2n1CCOCC2,1.0,1
Cc1cccc(C)c1N(Cn1cccn1)C(=O)CS(=O)(=O)O,M00780,323.374,1.3784399999999999,92.50000000000001,1.0,5.0,5.0,c1ccc(NCn2cccn2)cc1,0.8176983027273006,7
Cc1cccc(C)c1N(Cn1cccn1)C(=O)C(=O)O,M00781,273.29200000000003,1.57524,75.43,1.0,4.0,3.0,c1ccc(NCn2cccn2)cc1,0.8176983027273006,7
COCCN(C(=O)CCl)c1c(C)cccc1C,M00782,255.74499999999998,2.5216400000000005,29.54,0.0,2.0,5.0,c1ccccc1,0.21161295934610674,802
CC(C)N(C(=O)CCl)c1ccccc1,M00783,211.69200000000004,2.666800000000001,20.310000000000002,0.0,1.0,3.0,c1ccccc1,0.21161295934610674,802
CC(C)N(C(=O)COc1nnc(C(F)(F)F)s1)c1ccc(F)cc1,M00784,363.336,3.5164000000000026,55.32000000000001,0.0,5.0,5.0,O=C(COc1nncs1)Nc1ccccc1,1.0,1
O=C(O)c1cc(Br)c(O)c(Br)c1,M00785,295.914,2.6154,57.53,2.0,2.0,1.0,c1ccccc1,0.21161295934610674,802
Cc1c(N)c(=O)n(-c2ccccc2)n1C,M00786,203.245,1.0666200000000003,52.95,1.0,4.0,1.0,O=c1cc[nH]n1-c1ccccc1,0.7758207207981391,10
NC(=O)N1c2ccccc2C2OC2c2ccccc21,M00787,252.273,3.0294000000000016,58.86000000000001,1.0,2.0,0.0,c1ccc2c(c1)Nc1ccccc1C1OC21,1.0,1
C1=Cc2ccccc2Nc2ccccc21,M00788,193.249,3.9140000000000024,12.03,1.0,1.0,0.0,C1=Cc2ccccc2Nc2ccccc21,0.8795051323147839,4
CNCC(c1ccc(OC)cc1)C1(O)CCCCC1,M00789,263.381,2.6934000000000005,41.489999999999995,2.0,3.0,5.0,c1ccc(CC2CCCCC2)cc1,0.802209494641301,8
Cc1c(NC=O)c(=O)n(-c2ccccc2)n1C,M00790,231.25500000000002,1.05272,56.03,1.0,4.0,3.0,O=c1cc[nH]n1-c1ccccc1,0.7758207207981391,10
CN(C)CC(c1ccc(O)cc1)C1(O)CCCCC1,M00791,263.381,2.7326000000000006,43.7,2.0,3.0,4.0,c1ccc(CC2CCCCC2)cc1,0.802209494641301,8
COCCN(C(=O)CS(=O)(=O)O)c1c(C)cccc1C,M00792,301.36400000000003,1.1706400000000001,83.91,1.0,4.0,6.0,c1ccccc1,0.21161295934610674,802
COCCN(C(=O)C(=O)O)c1c(C)cccc1C,M00793,251.28199999999998,1.36744,66.84,1.0,3.0,4.0,c1ccccc1,0.21161295934610674,802
CN(C)C(=N)N=C(N)N,M00794,129.167,-1.243829999999999,91.49,3.0,1.0,0.0,,0.0,0
CC1(C)CC1C(=O)NC(=CCCCCSCC(N)C(=O)O)C(=O)O,M00795,358.46000000000004,1.4326000000000003,129.72,4.0,5.0,11.0,C1CC1,0.9088491513636503,3
NCC1(CC(=O)O)CCCCC1,M00796,171.23999999999992,1.3702999999999994,63.32000000000001,2.0,2.0,3.0,C1CCCCC1,0.6846698721617894,21
CCC(C(N)=O)N1CCCC1=O,M00797,170.212,-0.12729999999999997,63.400000000000006,1.0,2.0,3.0,O=C1CCCN1,0.8176983027273006,7
O=c1[nH]cc(F)c(=O)[nH]1,M00798,130.078,-0.7977000000000001,65.72,2.0,2.0,0.0,O=c1cc[nH]c(=O)[nH]1,0.7883542836784342,9
COc1cccc(C2(O)CCCCC2CN(C)C)c1,M00799,263.3809999999999,2.6346000000000007,32.7,1.0,3.0,4.0,c1ccc(C2CCCCC2)cc1,0.7758207207981391,10
CCN(CC)CC(=O)Nc1c(C)cccc1C,M00800,234.343,2.5837400000000006,32.34,1.0,2.0,5.0,c1ccccc1,0.21161295934610674,802
O=P1(N(CCCl)CCCl)NCCCO1,M00801,261.089,1.884,41.57000000000001,1.0,2.0,5.0,O=[PH]1NCCCO1,0.9466801716388252,2
CC(C)c1nc(CN(C)C(=O)NC(C(=O)NC(Cc2ccccc2)CC(O)C(Cc2ccccc2)NC(=O)OCc2cncs2)C(C)C)cs1,M00802,720.9620000000001,5.905200000000005,145.77999999999997,4.0,9.0,17.0,O=C(CNC(=O)NCc1cscn1)NC(CCC(Cc1ccccc1)NC(=O)OCc1cncs1)Cc1ccccc1,1.0,1
CCCCC(=O)N(Cc1ccc(-c2ccccc2-c2nn[nH]n2)cc1)C(C(=O)O)C(C)C,M00803,435.52800000000013,4.161700000000002,112.07000000000001,2.0,5.0,10.0,c1ccc(-c2ccccc2-c2nn[nH]n2)cc1,0.9466801716388252,2
NS(=O)(=O)c1cc(C(=O)O)c(NCc2ccco2)cc1Cl,M00804,330.749,1.8907,122.63000000000001,3.0,5.0,5.0,c1ccc(NCc2ccco2)cc1,1.0,1
Nc1ccn(C2OC(CO)C(O)C2(F)F)c(=O)n1,M00805,263.2,-1.2886,110.60000000000001,3.0,7.0,2.0,O=c1ncccn1C1CCCO1,0.7265474540909509,15
NS(=O)(=O)c1cc2c(cc1Cl)NCNS2(=O)=O,M00806,297.74500000000006,-0.35129999999999967,118.35999999999999,3.0,5.0,1.0,O=S1(=O)NCNc2ccccc21,0.8176983027273006,7
CC1CC2C3CCC4=CC(=O)C=CC4(C)C3(F)C(O)CC2(C)C1(O)C(=O)CO,M00807,392.4670000000002,1.8957000000000002,94.83,3.0,5.0,2.0,O=C1C=CC2C(=C1)CCC1C3CCCC3CCC21,0.7265474540909509,15
CC1CC2C(C(O)CC3(C)C2CCC3(O)C(=O)CO)C2(C)C=CC(=O)C=C12,M00808,374.4770000000001,1.8036,94.83000000000001,3.0,5.0,2.0,O=C1C=CC2C(=C1)CCC1C3CCCC3CCC21,0.7265474540909509,15
CN1C(=O)CN=C(c2ccccc2)c2cc(Cl)ccc21,M00809,284.74600000000004,3.153800000000002,32.67,0.0,2.0,1.0,O=C1CN=C(c2ccccc2)c2ccccc2N1,0.6627017793637848,25
CNCCCC(C#N)(c1ccc(OC)c(OC)c1)C(C)C,M00810,290.40700000000004,3.1207800000000017,54.28,1.0,4.0,8.0,c1ccccc1,0.21161295934610674,802
O=c1ccn(C2OC(CO)C(O)C2(F)F)c(=O)[nH]1,M00811,264.18399999999997,-1.5775000000000003,104.54999999999998,3.0,6.0,2.0,O=c1ccn(C2CCCO2)c(=O)[nH]1,0.7758207207981391,10
CNCC(c1ccc(O)cc1)C1(O)CCCCC1,M00812,249.35399999999993,2.3904000000000005,52.489999999999995,3.0,3.0,4.0,c1ccc(CC2CCCCC2)cc1,0.802209494641301,8
COc1ccc(C(CN)C2(O)CCCCC2)cc1,M00813,249.35399999999996,2.4327000000000005,55.480000000000004,2.0,3.0,4.0,c1ccc(CC2CCCCC2)cc1,0.802209494641301,8
N#Cc1nn(-c2c(Cl)cc(C(F)(F)F)cc2Cl)c(N)c1S(=O)C(F)(F)F,M00814,437.15200000000004,4.279179999999999,84.69999999999999,1.0,5.0,2.0,c1ccc(-n2cccn2)cc1,0.8555293230024756,5
N#Cc1nn(-c2c(Cl)cc(C(F)(F)F)cc2Cl)c(N)c1S(=O)(=O)C(F)(F)F,M00815,453.15100000000007,3.9452799999999995,101.76999999999998,1.0,6.0,2.0,c1ccc(-n2cccn2)cc1,0.8555293230024756,5
N#Cc1nn(-c2c(Cl)cc(C(F)(F)F)cc2Cl)c(N)c1SC(F)(F)F,M00816,421.153,5.263680000000001,67.63,1.0,5.0,2.0,c1ccc(-n2cccn2)cc1,0.8555293230024756,5
N#Cc1nn(-c2c(Cl)cc(C(F)(F)F)cc2Cl)c(N)c1C(F)(F)F,M00817,389.086,4.67058,67.63,1.0,4.0,1.0,c1ccc(-n2cccn2)cc1,0.8555293230024756,5
NCC(O)COc1ccc(CC(N)=O)cc1,M00818,224.25999999999996,-0.5872000000000004,98.57,3.0,4.0,6.0,c1ccccc1,0.21161295934610674,802
O=C(NCCN1CCOCC1)c1ccc(Cl)cc1,M00819,268.74399999999997,1.4020000000000006,41.57000000000001,1.0,3.0,4.0,O=C(NCCN1CCOCC1)c1ccccc1,1.0,1
Nc1nnc(-c2cccc(Cl)c2Cl)c(N)n1,M00820,256.09599999999995,2.0098,90.71,2.0,5.0,1.0,c1ccc(-c2cncnn2)cc1,1.0,1
COC(=O)C1C2CC3c4[nH]c5cc(OC)ccc5c4CCN3CC2CC(OC(=O)c2cc(OC)c(OC)c(OC)c2)C1OC,M00821,608.6880000000004,4.171100000000004,117.78000000000003,1.0,10.0,8.0,O=C(OC1CCC2CC3c4[nH]c5ccccc5c4CCN3CC2C1)c1ccccc1,1.0,1
O=P1(NCCCl)OCCCN1CCCl,M00822,261.08899999999994,1.884,41.57,1.0,2.0,5.0,O=[PH]1NCCCO1,0.9466801716388252,2
NC(=O)N1c2ccccc2C(O)C(O)c2ccccc21,M00823,270.288,1.9838,86.79,3.0,3.0,0.0,c1ccc2c(c1)CCc1ccccc1N2,0.8176983027273006,7
O=c1[nH]c(Cl)c(Cl)cc1Cl,M00824,198.436,2.3350999999999997,32.86,1.0,1.0,0.0,O=c1cccc[nH]1,0.8352580650673657,6
CCOP(=O)(OCC)Oc1cc(C)nc(C(C)C)n1,M00825,288.28400000000005,3.468320000000002,70.54,0.0,6.0,7.0,c1cncnc1,0.7185751418868361,16
Cc1cc(=O)[nH]c(C(C)C)n1,M00826,152.197,1.20172,45.75,1.0,2.0,1.0,O=c1ccnc[nH]1,0.9088491513636503,3
CC(=O)N(C)N(C(=O)C(=O)N(C)C)c1ccccc1,M00827,263.297,0.5011000000000001,60.93000000000001,0.0,3.0,1.0,c1ccccc1,0.21161295934610674,802
O=[N+]([O-])/N=C1/NCCN1Cc1ccc(Cl)nc1,M00828,255.665,0.6878999999999995,83.66,1.0,3.0,3.0,N=C1NCCN1Cc1cccnc1,1.0,1
Cc1cc(Cl)ccc1OCCCC(=O)O,M00829,228.67499999999995,2.8920200000000005,46.53,1.0,2.0,5.0,c1ccccc1,0.21161295934610674,802
Cc1nc(N(C)C)nc(OC(=O)N(C)C)c1C,M00830,238.29099999999997,1.2198399999999998,58.56,0.0,5.0,2.0,c1cncnc1,0.7185751418868361,16
Cc1cc(C)nc(Nc2ccccc2)n1,M00831,199.25700000000003,2.837040000000001,37.81,1.0,3.0,2.0,c1ccc(Nc2ncccn2)cc1,0.9466801716388252,2
O=C(O)C(F)(F)C(F)(F)C(F)(F)F,M00832,214.03599999999997,1.9039000000000001,37.3,1.0,1.0,2.0,,0.0,0
O=C(O)C(F)(F)C(F)(F)C(F)(F)C(F)(F)F,M00833,264.04299999999995,2.5392,37.3,1.0,1.0,3.0,,0.0,0
O=C(O)C(F)(F)C(F)(F)C(F)(F)C(F)(F)C(F)(F)F,M00834,314.04999999999995,3.1745,37.3,1.0,1.0,4.0,,0.0,0
O=C(O)C(F)(F)C(F)(F)C(F)(F)C(F)(F)C(F)(F)C(F)(F)F,M00835,364.05699999999996,3.8098,37.3,1.0,1.0,5.0,,0.0,0
O=C(O)C(F)(F)C(F)(F)C(F)(F)C(F)(F)C(F)(F)C(F)(F)C(F)(F)F,M00836,414.06399999999996,4.4451,37.3,1.0,1.0,6.0,,0.0,0
O=C(O)C(F)(F)C(F)(F)C(F)(F)C(F)(F)C(F)(F)C(F)(F)C(F)(F)C(F)(F)F,M00837,464.07099999999997,5.080400000000001,37.3,1.0,1.0,7.0,,0.0,0
O=C(O)C(F)(F)C(F)(F)C(F)(F)C(F)(F)C(F)(F)C(F)(F)C(F)(F)C(F)(F)C(F)(F)F,M00838,514.078,5.715700000000002,37.3,1.0,1.0,8.0,,0.0,0
O=C(O)C(F)(F)C(F)(F)C(F)(F)C(F)(F)C(F)(F)C(F)(F)C(F)(F)C(F)(F)C(F)(F)C(F)(F)F,M00839,564.0850000000002,6.351000000000003,37.3,1.0,1.0,9.0,,0.0,0
CCNS(=O)(=O)C(F)(F)C(F)(F)C(F)(F)C(F)(F)C(F)(F)C(F)(F)C(F)(F)C(F)(F)F,M00840,527.196,4.892600000000002,46.17,1.0,2.0,9.0,,0.0,0
O=C(O)C=C(F)C(F)(F)C(F)(F)C(F)(F)C(F)(F)C(F)(F)F,M00841,358.078,4.0279,37.3,1.0,1.0,5.0,,0.0,0
O=C(O)C=C(F)C(F)(F)C(F)(F)C(F)(F)C(F)(F)C(F)(F)C(F)(F)C(F)(F)F,M00842,458.092,5.2985000000000015,37.3,1.0,1.0,7.0,,0.0,0
COC=C(C(=O)O)c1ccccc1Oc1cc(Oc2ccccc2C#N)ncn1,M00843,389.3670000000001,4.004780000000003,114.56,1.0,7.0,7.0,c1ccc(Oc2cc(Oc3ccccc3)ncn2)cc1,0.9466801716388252,2
CNC(=C[N+](=O)[O-])NCCS(=O)Cc1ccc(CN(C)C)o1,M00844,330.4100000000001,0.4744999999999997,100.65,2.0,7.0,10.0,c1ccoc1,0.7538526280001345,12
CNC(=C[N+](=O)[O-])NCCSCc1ccc(C[N+](C)(C)[O-])o1,M00845,330.41,1.4715999999999998,103.4,2.0,7.0,10.0,c1ccoc1,0.7538526280001345,12
CC(C)(C)C(=O)C(Oc1ccc(Cl)cc1)n1ccnc1,M00846,292.766,3.729300000000002,44.120000000000005,0.0,4.0,4.0,c1ccc(OCn2ccnc2)cc1,1.0,1
COc1nc(NC(=O)NS(=O)(=O)c2ccccc2C(F)(F)F)nc(C(F)(F)F)n1,M00847,445.30100000000004,2.4282000000000004,123.16999999999999,2.0,7.0,4.0,O=C(Nc1ncncn1)NS(=O)(=O)c1ccccc1,0.802209494641301,8
CC(C)Nc1nc(Cl)nc(NC(C)C)n1,M00848,229.71500000000003,2.1655999999999995,62.730000000000004,2.0,5.0,4.0,c1ncncn1,0.6028054368020348,40
CCCC(C)C1(CC)C(=O)NC(=S)NC1=O,M00849,242.34400000000002,1.3498999999999999,58.2,2.0,3.0,4.0,O=C1CC(=O)NC(=S)N1,1.0,1
O=C1Nc2ccc(Cl)cc2C(c2ccccc2)=NC1O,M00850,286.718,2.4479,61.69,2.0,3.0,1.0,O=C1CN=C(c2ccccc2)c2ccccc2N1,0.6627017793637848,25
CN1CCC23c4c5ccc(O)c4OC2C(O)C=CC3C1C5,M00851,285.343,1.1981,52.93000000000001,2.0,4.0,0.0,C1=CC2C3Cc4cccc5c4C2(CCN3)C(C1)O5,0.802209494641301,8
CC1=CC(=O)NS(=O)(=O)O1,M00852,163.154,-0.7185999999999999,72.47,1.0,4.0,0.0,O=C1C=COS(=O)(=O)N1,1.0,1
CNC(C)C(O)c1ccccc1,M00853,165.236,1.3278999999999999,32.26,2.0,2.0,3.0,c1ccccc1,0.21161295934610674,802
CCNc1nc(Cl)nc(NC(C)(C)C#N)n1,M00854,240.698,1.6708799999999997,86.52,2.0,6.0,4.0,c1ncncn1,0.6028054368020348,40
CNC(=O)CSP(=S)(OC)OC,M00855,229.26299999999998,0.9828999999999999,47.56,1.0,5.0,5.0,,0.0,0
COC(=O)C(Cc1ccccc1)NC(=O)C(N)CC(=O)O,M00856,294.307,-0.31109999999999954,118.72000000000001,3.0,5.0,7.0,c1ccccc1,0.21161295934610674,802
O=C(O)COCCN1CCN(C(c2ccccc2)c2ccc(Cl)cc2)CC1,M00857,388.8950000000002,3.148200000000002,53.010000000000005,1.0,4.0,8.0,c1ccc(C(c2ccccc2)N2CCNCC2)cc1,0.8176983027273006,7
CCCCC1=NC2(CCCC2)C(=O)N1Cc1ccc(-c2ccccc2-c2nn[nH]n2)cc1,M00858,428.5400000000001,4.777400000000004,87.13000000000001,1.0,5.0,7.0,O=C1N(Cc2ccc(-c3ccccc3-c3nn[nH]n3)cc2)C=NC12CCCC2,1.0,1
CCCCc1ncc(C=C(Cc2cccs2)C(=O)O)n1Cc1ccc(C(=O)O)cc1,M00859,424.52200000000016,4.744400000000003,92.42,2.0,5.0,10.0,C(=Cc1cncn1Cc1ccccc1)Cc1cccs1,1.0,1
COc1cc(OC)nc(NC(=O)NS(=O)(=O)c2cc(NC=O)ccc2C(=O)N(C)C)n1,M00860,452.4490000000002,0.27429999999999977,168.92000000000002,3.0,9.0,8.0,O=C(Nc1ncccn1)NS(=O)(=O)c1ccccc1,0.8352580650673657,6
COC(=O)N(OC)c1ccccc1COc1ccn(-c2ccc(Cl)cc2)n1,M00861,387.82300000000004,4.238900000000004,65.82,0.0,6.0,6.0,c1ccc(COc2ccn(-c3ccccc3)n2)cc1,1.0,1
COc1ccc2c3c1OC1C(O)C=CC4C(C2)N(C)CCC341,M00862,299.3700000000001,1.5010999999999999,41.93,1.0,4.0,1.0,C1=CC2C3Cc4cccc5c4C2(CCN3)C(C1)O5,0.802209494641301,8
CCN(CC)CCNC(=O)c1cc(Cl)c(N)cc1OC,M00863,299.8020000000001,2.0023999999999997,67.59,2.0,4.0,7.0,c1ccccc1,0.21161295934610674,802
CCC(CO)NCCNC(CC)CO,M00864,204.314,-0.292599999999999,64.52,4.0,4.0,9.0,,0.0,0
CC12C=CC(=O)C=C1CCC1C2C(O)CC2(C)C1CCC2(O)C(=O)CO,M00865,360.4500000000002,1.5575999999999999,94.83,3.0,5.0,2.0,O=C1C=CC2C(=C1)CCC1C3CCCC3CCC21,0.7265474540909509,15
CCCCCCCCCC[N+](C)(C)[O-],M00866,201.35399999999998,3.7013000000000025,23.06,0.0,1.0,9.0,,0.0,0
CCCN(CC)CC1COC2(CCC(C(C)(C)C)CC2)O1,M00867,297.48300000000006,4.066300000000004,21.700000000000003,0.0,3.0,5.0,C1CCC2(CC1)OCCO2,1.0,1
CC(C)c1nc(N(C)S(C)(=O)=O)nc(-c2ccc(F)cc2)c1C=CC(O)CC(O)CC(=O)O,M00868,481.5460000000002,2.4017,140.92,3.0,7.0,10.0,c1ccc(-c2ccncn2)cc1,1.0,1
CC(NC(C)(C)C)C(=O)c1cccc(Cl)c1,M00869,239.746,3.2993000000000023,29.1,1.0,2.0,3.0,c1ccccc1,0.21161295934610674,802
CCOc1nc2cccc(C(=O)O)c2n1Cc1ccc(-c2ccccc2-c2nn[nH]n2)cc1,M00870,440.4630000000001,4.028600000000002,118.80999999999999,2.0,7.0,7.0,c1ccc(-c2nn[nH]n2)c(-c2ccc(Cn3cnc4ccccc43)cc2)c1,1.0,1
CCCc1nc2c(C)cc(-c3nc4ccccc4n3C)cc2n1Cc1ccc(-c2ccccc2C(=O)O)cc1,M00871,514.6290000000004,7.2644200000000065,72.94,1.0,5.0,7.0,c1ccc(-c2ccc(Cn3cnc4ccc(-c5nc6ccccc6[nH]5)cc43)cc2)cc1,1.0,1
COc1c(C)c2c(c(O)c1CC=C(C)CCC(=O)O)C(=O)OC2,M00872,320.341,2.73322,93.06000000000002,2.0,5.0,6.0,O=C1OCc2ccccc21,1.0,1
CC(O)(CS(=O)(=O)c1ccc(F)cc1)C(=O)Nc1ccc(C#N)c(C(F)(F)F)c1,M00873,430.3790000000001,2.8795800000000007,107.25999999999999,2.0,5.0,5.0,O=C(CCS(=O)(=O)c1ccccc1)Nc1ccccc1,1.0,1
CC(C)c1c(C(=O)Nc2ccccc2)c(-c2ccccc2)c(-c2ccc(F)cc2)n1CCC(O)CC(O)CC(=O)O,M00874,558.6500000000003,6.313600000000008,111.79,4.0,5.0,12.0,O=C(Nc1ccccc1)c1c[nH]c(-c2ccccc2)c1-c1ccccc1,1.0,1
O=S(=O)(O)NC1CCCCC1,M00875,179.24099999999993,0.7114999999999998,66.4,2.0,2.0,2.0,C1CCCCC1,0.6846698721617894,21
COc1ccc(CCC(=O)c2c(O)cc(OC3OC(CO)C(O)C(O)C3OC3OC(C)C(O)C(O)C3O)cc2O)cc1O,M00876,612.5810000000002,-1.3420000000000003,245.28999999999996,9.0,15.0,10.0,O=C(CCc1ccccc1)c1ccc(OC2OCCCC2OC2CCCCO2)cc1,1.0,1
COC(=O)C(Cc1ccccc1)NC(=O)C(CC(=O)O)NCCC(C)(C)C,M00877,378.46900000000016,1.7559999999999991,104.73,3.0,5.0,10.0,c1ccccc1,0.21161295934610674,802
O=C1NS(=O)(=O)c2ccccc21,M00878,183.18800000000002,0.11869999999999997,63.24,1.0,3.0,0.0,O=C1NS(=O)(=O)c2ccccc21,1.0,1
COC(=O)C1C(OC(=O)c2ccccc2)CC2CCC1N2C,M00879,303.35800000000006,1.8677,55.84,0.0,5.0,3.0,O=C(OC1CC2CCC(C1)N2)c1ccccc1,0.9088491513636503,3
Clc1cccc(N2CCNCC2)c1,M00880,196.68099999999998,1.7495999999999998,15.27,1.0,2.0,1.0,c1ccc(N2CCNCC2)cc1,0.8795051323147839,4
FC(F)(F)c1cccc(N2CCNCC2)c1,M00881,230.23299999999995,2.1149999999999993,15.27,1.0,2.0,1.0,c1ccc(N2CCNCC2)cc1,0.8795051323147839,4
c1ccc(CN2CCNCC2)cc1,M00882,176.263,1.0917999999999999,15.27,1.0,2.0,2.0,c1ccc(CN2CCNCC2)cc1,0.9466801716388252,2
CN(C)CCC=C1c2ccccc2CCc2ccccc21,M00883,277.411,4.168600000000003,3.24,0.0,1.0,3.0,C=C1c2ccccc2CCc2ccccc21,0.9466801716388252,2
CC(N)Cc1ccccc1,M00884,135.20999999999998,1.5763,26.02,1.0,1.0,2.0,c1ccccc1,0.21161295934610674,802
CN1C2CCC1C(C(=O)O)C(OC(=O)c1ccccc1)C2,M00885,289.331,1.7792999999999992,66.84,1.0,4.0,3.0,O=C(OC1CC2CCC(C1)N2)c1ccccc1,0.9088491513636503,3
COc1ccc2c(c1)C13CCCCC1C(C2)N(C)CC3,M00886,271.404,3.3834000000000026,12.47,0.0,2.0,1.0,c1ccc2c(c1)CC1NCCC23CCCCC13,1.0,1
CC=C1N(C)C(C)CC1(c1ccccc1)c1ccccc1,M00887,277.411,4.600500000000005,3.24,0.0,1.0,2.0,C=C1NCCC1(c1ccccc1)c1ccccc1,1.0,1
CNC1(c2ccccc2Cl)CCCCC1=O,M00888,237.7299999999999,2.897800000000001,29.1,1.0,2.0,2.0,O=C1CCCCC1c1ccccc1,0.9466801716388252,2
CNC(C)C(=O)c1ccc(C)cc1,M00889,177.24699999999999,1.7856199999999998,29.1,1.0,2.0,3.0,c1ccccc1,0.21161295934610674,802
CCC(=O)C(CC(C)N(C)C)(c1ccccc1)c1ccccc1,M00890,309.45300000000003,4.292000000000004,20.310000000000002,0.0,2.0,7.0,c1ccc(Cc2ccccc2)cc1,0.6274242932504864,33
CNC(C)Cc1ccccc1,M00891,149.237,1.837,12.03,1.0,1.0,3.0,c1ccccc1,0.21161295934610674,802
O=C1CCC2(O)C3Cc4ccc(O)c5c4C2(CCN3CC2CC2)C1O5,M00892,341.4070000000001,1.5253999999999999,70.0,2.0,5.0,2.0,O=C1CCC2C3Cc4cccc5c4C2(CCN3CC2CC2)C1O5,1.0,1
CN1CCN(C2=Nc3cc(Cl)ccc3Nc3ccccc32)CC1,M00893,326.83100000000013,3.7227000000000023,30.869999999999997,1.0,4.0,0.0,c1ccc2c(c1)N=C(N1CCNCC1)c1ccccc1N2,0.9466801716388252,2
CNCCC(Oc1ccccc1C)c1ccccc1,M00894,255.361,3.7246200000000034,21.259999999999998,1.0,2.0,6.0,c1ccc(COc2ccccc2)cc1,0.8555293230024756,5
CC(=O)NCCCS(=O)(=O)O,M00895,181.213,-0.5995999999999997,83.47,2.0,3.0,4.0,,0.0,0
CC(C)(C)NCC(O)c1ccc(O)c(CO)c1,M00896,239.315,1.3059999999999998,72.72,4.0,4.0,4.0,c1ccccc1,0.21161295934610674,802
CCN1CCCC1CNC(=O)c1cc(S(=O)(=O)CC)c(N)cc1OC,M00897,369.4870000000002,1.2851000000000006,101.73,2.0,6.0,7.0,O=C(NCC1CCCN1)c1ccccc1,0.8795051323147839,4
O=C(O)C(c1ccccc1Cl)N1CCc2sccc2C1,M00898,307.802,3.5855000000000024,40.54,1.0,3.0,3.0,c1ccc(CN2CCc3sccc3C2)cc1,0.9088491513636503,3
CCCCc1oc2ccc(NS(C)(=O)=O)cc2c1C(=O)c1ccc(OCCCN(CCCC)CCCC)cc1,M00899,556.7690000000005,7.0490000000000075,88.85,1.0,6.0,18.0,O=C(c1ccccc1)c1coc2ccccc12,0.9466801716388252,2
c1ccc(C2CN3CCSC3=N2)cc1,M00900,204.298,2.1460999999999997,15.6,0.0,3.0,1.0,c1ccc(C2CN3CCSC3=N2)cc1,1.0,1
CCC(C)C(=O)OC1CC(O)C=C2C=CC(C)C(CCC(O)CC(O)CC(=O)O)C21,M00901,424.5340000000002,2.4404000000000003,124.29,4.0,6.0,10.0,C1=CC2=CCCCC2CC1,1.0,1
CC(CN(C)C)CN1c2ccccc2CCc2ccccc21,M00902,294.442,4.121000000000003,6.48,0.0,2.0,4.0,c1ccc2c(c1)CCc1ccccc1N2,0.8176983027273006,7
CC(=O)OC1C(C)OC(n2cc(F)c(N)nc2=O)C1OC(C)=O,M00903,329.2840000000001,-0.25470000000000037,122.74000000000001,1.0,9.0,3.0,O=c1ncccn1C1CCCO1,0.7265474540909509,15
CN(CC(O)CO)C(=O)c1c(I)c(NC(=O)C(CO)CO)c(I)c(C(=O)N(C)CC(O)CO)c1I,M00904,835.1679999999999,-1.1098999999999994,191.1,7.0,9.0,12.0,c1ccccc1,0.21161295934610674,802
CN(C)CCCC1(c2ccc(F)cc2)OCc2cc(C#N)ccc21,M00905,324.39900000000006,3.812980000000003,36.26,0.0,3.0,5.0,c1ccc(C2OCc3ccccc32)cc1,0.8555293230024756,5
CC(=O)SC1CC2=CC(=O)CCC2(C)C2CCC3(C)C(CCC34CCC(=O)O4)C12,M00906,416.58300000000025,4.852300000000005,60.44,0.0,5.0,1.0,O=C1C=C2CCC3C(CCC4C3CCC43CCC(=O)O3)C2CC1,1.0,1
NC(CC(=O)N1CCn2c(nnc2C(F)(F)F)C1)Cc1cc(F)c(F)cc1F,M00907,407.31800000000015,2.0164999999999997,77.04,1.0,5.0,4.0,O=C(CCCc1ccccc1)N1CCn2cnnc2C1,1.0,1
O=C(O)CNS(=O)(=O)C(F)(F)C(F)(F)C(F)(F)C(F)(F)C(F)(F)C(F)(F)C(F)(F)C(F)(F)F,M00908,557.1780000000001,3.9573,83.47,2.0,3.0,10.0,,0.0,0
CN(CC(=O)O)S(=O)(=O)C(F)(F)C(F)(F)C(F)(F)C(F)(F)C(F)(F)C(F)(F)C(F)(F)C(F)(F)F,M00909,571.205,4.299500000000001,74.68,1.0,3.0,10.0,,0.0,0
CCN(CC(=O)O)S(=O)(=O)C(F)(F)C(F)(F)C(F)(F)C(F)(F)C(F)(F)C(F)(F)C(F)(F)C(F)(F)F,M00910,585.2320000000001,4.689600000000001,74.68,1.0,3.0,11.0,,0.0,0
O=P(O)(OCCC(F)(F)C(F)(F)C(F)(F)C(F)(F)C(F)(F)C(F)(F)F)OCCC(F)(F)C(F)(F)C(F)(F)C(F)(F)C(F)(F)C(F)(F)F,M00911,790.1660000000005,9.3778,55.760000000000005,1.0,3.0,16.0,,0.0,0
O=P(O)(OCCC(F)(F)C(F)(F)C(F)(F)C(F)(F)C(F)(F)C(F)(F)C(F)(F)C(F)(F)F)OCCC(F)(F)C(F)(F)C(F)(F)C(F)(F)C(F)(F)C(F)(F)C(F)(F)C(F)(F)F,M00912,990.1940000000004,11.918999999999997,55.760000000000005,1.0,3.0,20.0,,0.0,0
O=P(O)(O)OCCC(F)(F)C(F)(F)C(F)(F)C(F)(F)C(F)(F)C(F)(F)F,M00913,444.0799999999999,4.224600000000001,66.76,2.0,2.0,8.0,,0.0,0
O=P(O)(O)OCCC(F)(F)C(F)(F)C(F)(F)C(F)(F)C(F)(F)C(F)(F)C(F)(F)C(F)(F)F,M00914,544.094,5.495200000000003,66.76,2.0,2.0,10.0,,0.0,0
O=C(NC(=O)c1c(F)cccc1F)Nc1cc(Cl)c(F)c(Cl)c1F,M00915,381.1120000000001,4.5117,58.2,2.0,2.0,2.0,O=C(NC(=O)c1ccccc1)Nc1ccccc1,0.802209494641301,8
CNC(=N[N+](=O)[O-])NCc1cnc(Cl)s1,M00916,249.683,0.6532000000000004,92.45,2.0,4.0,3.0,c1cscn1,0.8352580650673657,6
CC1COC(Cn2cncn2)(c2ccc(Oc3ccc(Cl)cc3)cc2Cl)O1,M00917,406.2690000000001,4.665500000000003,58.400000000000006,0.0,6.0,5.0,c1ccc(Oc2ccc(C3(Cn4cncn4)OCCO3)cc2)cc1,1.0,1
COc1cccc(C(=O)NN(C(=O)c2cc(C)cc(C)c2)C(C)(C)C)c1C,M00918,368.47700000000015,4.206160000000003,58.64,1.0,3.0,3.0,O=C(NNC(=O)c1ccccc1)c1ccccc1,0.9088491513636503,3
Cc1ccc(C(C)NC(=O)C(NC(=O)OC(C)C)C(C)C)cc1,M00919,320.43300000000005,3.3314200000000023,67.43,2.0,3.0,6.0,c1ccccc1,0.21161295934610674,802
CNC(=O)Oc1cc(C)c(SC)c(C)c1,M00920,225.313,2.743540000000001,38.33,1.0,3.0,2.0,c1ccccc1,0.21161295934610674,802
O=C(Nc1ccccc1-c1ccc(Cl)cc1)c1cccnc1Cl,M00921,343.21299999999997,5.307700000000002,41.99,1.0,2.0,3.0,O=C(Nc1ccccc1-c1ccccc1)c1cccnc1,1.0,1
COCc1cnc(C2=NC(C)(C(C)C)C(=O)N2)c(C(=O)O)c1,M00922,305.33400000000006,1.2173000000000003,100.88000000000001,2.0,5.0,5.0,O=C1CN=C(c2ccccn2)N1,0.9088491513636503,3
CCOC(=O)NCCOc1ccc(Oc2ccccc2)cc1,M00923,301.34200000000004,3.6038000000000023,56.790000000000006,1.0,4.0,7.0,c1ccc(Oc2ccccc2)cc1,0.6438836066809098,29
CN1COCN(Cc2cnc(Cl)s2)C1=N[N+](=O)[O-],M00924,291.72,1.0231999999999997,84.1,0.0,5.0,3.0,N=C1NCOCN1Cc1cncs1,0.9466801716388252,2
CNC(=O)ON=C(C)SC,M00925,162.214,1.0388,50.69,1.0,4.0,1.0,,0.0,0
N#CCNC(=O)c1cnccc1C(F)(F)F,M00926,229.16099999999997,1.35378,65.78,1.0,3.0,2.0,c1ccncc1,0.5996365394334917,41
COc1ccc(C(=CC(=O)N2CCOCC2)c2ccc(Cl)cc2)cc1OC,M00927,387.86300000000006,3.647700000000003,48.0,0.0,4.0,5.0,O=C(C=C(c1ccccc1)c1ccccc1)N1CCOCC1,1.0,1
CCCOC(=O)NCCCN(C)C,M00928,188.27099999999996,1.0742999999999998,41.57,1.0,3.0,6.0,,0.0,0
O=C(O)COc1nc(Cl)c(Cl)cc1Cl,M00929,256.472,2.5052000000000003,59.42,1.0,3.0,3.0,c1ccncc1,0.5996365394334917,41
CC1=NNC(=O)N(N=Cc2cccnc2)C1,M00930,217.232,0.8166,69.95,1.0,4.0,2.0,O=C1NN=CCN1N=Cc1cccnc1,1.0,1
O=c1[nH]c2c(c(=O)n1C1CCCCC1)CCC2,M00931,234.2989999999999,1.5305,54.86,1.0,3.0,1.0,O=c1[nH]c2c(c(=O)n1C1CCCCC1)CCC2,1.0,1
CCOP(=S)(OCC)Oc1nc(Cl)c(Cl)cc1Cl,M00932,350.591,4.718100000000002,40.58,0.0,5.0,6.0,c1ccncc1,0.5996365394334917,41
COP(=S)(OC)Oc1nc(Cl)c(Cl)cc1Cl,M00933,322.53700000000003,3.9379000000000017,40.58,0.0,5.0,4.0,c1ccncc1,0.5996365394334917,41
CCc1ccc(C(=O)NN(C(=O)c2cc(C)cc(C)c2)C(C)(C)C)cc1,M00934,352.47800000000007,4.451540000000004,49.410000000000004,1.0,2.0,3.0,O=C(NNC(=O)c1ccccc1)c1ccccc1,0.9088491513636503,3
CNC(=O)Oc1cc(C)c(S(C)=O)c(C)c1,M00935,241.31199999999998,1.7590400000000002,55.4,1.0,3.0,2.0,c1ccccc1,0.21161295934610674,802
N#CN=C1SCCN1Cc1ccc(Cl)nc1,M00936,252.73000000000002,2.1208799999999997,52.28,0.0,4.0,2.0,N=C1SCCN1Cc1cccnc1,0.9466801716388252,2
NC(=O)N=C1SCCN1Cc1ccc(Cl)nc1,M00937,270.745,1.7185000000000001,71.58000000000001,1.0,3.0,2.0,N=C1SCCN1Cc1cccnc1,0.9466801716388252,2
O=C1NCCN1Cc1ccc(Cl)nc1,M00938,211.65200000000002,1.2601999999999998,45.230000000000004,1.0,2.0,2.0,O=C1NCCN1Cc1cccnc1,1.0,1
CCCCC(C#N)(Cn1cncn1)c1ccc(Cl)cc1,M00939,288.78200000000004,3.583280000000002,54.5,0.0,4.0,6.0,c1ccc(CCn2cncn2)cc1,0.8352580650673657,6
CC(Cc1ccc(C(C)(C)C)cc1)CN1CCCCC1,M00940,273.464,4.6486000000000045,3.24,0.0,1.0,4.0,c1ccc(CCCN2CCCCC2)cc1,1.0,1
CC(=NC#N)N(C)Cc1ccc(Cl)nc1,M00941,222.67900000000003,2.06628,52.28,0.0,3.0,2.0,c1ccncc1,0.5996365394334917,41
O=C(Nc1ccc(Cl)cc1)Nc1ccc(Cl)c(Cl)c1,M00942,315.587,5.290800000000001,41.13,2.0,1.0,2.0,O=C(Nc1ccccc1)Nc1ccccc1,0.9088491513636503,3
C=C1C(=O)NC(C)C(=O)NC(CC(C)C)C(=O)NC(C(=O)O)C(C)C(=O)NC(CCCN=C(N)N)C(=O)NC(C=CC(C)=CC(C)C(Cc2ccccc2)OC)C(C)C(=O)NC(C(=O)O)CCC(=O)N1C,M00943,995.189,0.6184000000000007,343.14,10.0,11.0,15.0,C=C1NC(=O)CCCNC(=O)CC(C=CC=CCCCc2ccccc2)NC(=O)CNC(=O)CCNC(=O)CNC(=O)CNC1=O,1.0,1
O=C(O)c1ccccc1Nc1cccc(C(F)(F)F)c1,M00944,281.23299999999995,4.1472000000000016,49.33,2.0,2.0,3.0,c1ccc(Nc2ccccc2)cc1,0.7643784743661259,11
Oc1ccc(Cl)cc1,M00945,128.558,2.0456,20.23,1.0,1.0,0.0,c1ccccc1,0.21161295934610674,802
CCC(C)(C)C(=O)OC1CC(C)C=C2C=CC(C)C(CCC3CC(O)CC(=O)O3)C21,M00946,418.57400000000024,4.585600000000005,72.83,1.0,5.0,6.0,O=C1CCCC(CCC2CC=CC3=CCCCC32)O1,0.9466801716388252,2
OCCc1ccc(O)c(O)c1,M00947,154.165,0.6325999999999998,60.69,3.0,3.0,2.0,c1ccccc1,0.21161295934610674,802
COc1cc(-c2[o+]c3cc(O)cc(O)c3cc2OC2OC(CO)C(O)C(O)C2O)cc(OC)c1O,M00948,493.4410000000002,0.6935999999999991,189.82999999999998,7.0,11.0,6.0,c1ccc(-c2[o+]c3ccccc3cc2OC2CCCCO2)cc1,0.802209494641301,8
O=C(C=Cc1ccc(O)cc1)OC1CC(O)(C(=O)O)CC(O)C1O,M00949,338.312,-0.3515000000000003,144.52,5.0,7.0,4.0,O=C(C=Cc1ccccc1)OC1CCCCC1,0.9088491513636503,3
COc1ccc(C2CC(=O)c3c(O)cc(OC4OC(COC5OC(C)C(O)C(O)C5O)C(O)C(O)C4O)cc3O2)cc1O,M00950,610.5650000000002,-1.1566,234.28999999999996,8.0,15.0,7.0,O=C1CC(c2ccccc2)Oc2cc(OC3CCCC(COC4CCCCO4)O3)ccc21,0.9088491513636503,3
COc1ccc(C2CC(=O)c3c(O)cc(OC4OC(CO)C(O)C(O)C4OC4OC(C)C(O)C(O)C4O)cc3O2)cc1O,M00951,610.5650000000002,-1.1566000000000003,234.28999999999996,8.0,15.0,7.0,O=C1CC(c2ccccc2)Oc2cc(OC3OCCCC3OC3CCCCO3)ccc21,0.9466801716388252,2
COc1cc(CC(CO)C(CO)Cc2ccc(O)c(OC)c2)ccc1O,M00952,362.4220000000001,2.1172,99.38000000000001,4.0,6.0,9.0,c1ccc(CCCCc2ccccc2)cc1,0.9466801716388252,2
CC=C1C(OC2OC(CO)C(O)C(O)C2O)OC=C(C(=O)OC)C1CC(=O)OCCc1ccc(O)c(O)c1,M00953,540.5180000000005,-0.6342000000000009,201.66999999999996,6.0,13.0,9.0,C=C1C(CC(=O)OCCc2ccccc2)C=COC1OC1CCCCO1,1.0,1
COc1cc(CC2COC(c3ccc(O)c(OC)c3)C2CO)ccc1O,M00954,360.40600000000006,2.653700000000001,88.38000000000001,3.0,6.0,6.0,c1ccc(CC2COC(c3ccccc3)C2)cc1,1.0,1
CC1CCC2(NC1)OC1CC3C4CCC5CC(OC6OC(CO)C(OC7OC(CO)C(O)C(OC8OCC(O)C(O)C8O)C7OC7OC(CO)C(O)C(O)C7O)C(O)C6O)CCC5(C)C4CCC3(C)C1C2C,M00955,1034.2000000000003,-2.6972999999999807,337.86,13.0,22.0,11.0,C1CCC2(CC3C(CC4C3CCC3C5CCC(OC6CCC(OC7OCCC(OC8CCCCO8)C7OC7CCCCO7)CO6)CC5CCC34)O2)NC1,1.0,1
CC1CCC2C(C)C3C(CC4C5CC=C6CC(OC7OC(CO)C(O)C(OC8OC(CO)C(O)C(O)C8O)C7OC7OC(C)C(O)C(O)C7O)CCC6(C)C5CCC43C)N2C1,M00956,868.0709999999999,0.1552000000000071,240.68999999999997,9.0,16.0,8.0,C1=C2CC(OC3OCCC(OC4CCCCO4)C3OC3CCCCO3)CCC2C2CCC3C(CC4C3CC3CCCCN34)C2C1,1.0,1
CC1CCC2C(C)C3C(CC4C5CC=C6CC(OC7OC(CO)C(OC8OC(C)C(O)C(O)C8O)C(O)C7OC7OC(C)C(O)C(O)C7O)CCC6(C)C5CCC43C)N2C1,M00957,852.0719999999999,1.1828000000000047,220.45999999999998,8.0,15.0,7.0,C1=C2CC(OC3OCC(OC4CCCCO4)CC3OC3CCCCO3)CCC2C2CCC3C(CC4C3CC3CCCCN34)C2C1,1.0,1
COc1cc(C2OCC3C(c4ccc(O)c(OC)c4)OCC23)ccc1O,M00958,358.3900000000001,3.190200000000002,77.38000000000001,2.0,6.0,4.0,c1ccc(C2OCC3C(c4ccccc4)OCC23)cc1,1.0,1
O=C(C=Cc1ccc(O)c(O)c1)OCCc1ccccc1,M00959,284.311,2.8969000000000005,66.76,2.0,4.0,5.0,O=C(C=Cc1ccccc1)OCCc1ccccc1,0.9466801716388252,2
CC1CCC2(C(=O)O)CCC3(C)C(=CCC4C5(C)CC(O)C(O)C(C)(CO)C5CCC43C)C2C1C,M00960,488.7090000000003,5.0327000000000055,97.99000000000001,4.0,4.0,2.0,C1=C2C3CCCCC3CCC2C2CCC3CCCCC3C2C1,0.8555293230024756,5
CC1(C(=O)O)CCC2(C)CCC3(C)C(=CC(=O)C4C5(C)CCC(O)C(C)(C)C5CCC43C)C2C1,M00961,470.69400000000036,6.412600000000009,74.6,2.0,3.0,1.0,O=C1C=C2C3CCCCC3CCC2C2CCC3CCCCC3C12,1.0,1
CC(C)C1=CC2=CCC3C(C)(C(=O)O)CCCC3(C)C2CC1,M00962,302.458,5.206200000000004,37.3,1.0,1.0,2.0,C1=CC2=CCC3CCCCC3C2CC1,1.0,1
C[N+]1(C)CCCC1C(=O)[O-],M00963,143.18599999999998,-1.0248999999999988,40.129999999999995,0.0,2.0,1.0,C1CC[NH2+]C1,1.0,1
CN1CC(=O)N=C1N,M00964,113.12,-1.2268999999999994,58.69,1.0,3.0,0.0,O=C1CNC=N1,1.0,1
C[N+](C)(C)CCCC(=O)O,M00965,146.21,0.5574000000000001,37.3,1.0,1.0,4.0,,0.0,0
Cn1c(=O)c2c([nH]c(=O)n2C)n(C)c1=O,M00966,210.19299999999998,-1.7359999999999995,81.78999999999999,1.0,6.0,0.0,O=c1[nH]c(=O)c2[nH]c(=O)[nH]c2[nH]1,0.8352580650673657,6
Cn1c(=O)[nH]c2[nH]c(=O)n(C)c2c1=O,M00967,196.16599999999997,-1.7464000000000002,92.65,2.0,5.0,0.0,O=c1[nH]c(=O)c2[nH]c(=O)[nH]c2[nH]1,0.8352580650673657,6
CC(O)CN,M00968,75.111,-0.6741000000000001,46.25,2.0,2.0,1.0,,0.0,0
Cn1c(=O)[nH]c2[nH]c(=O)[nH]c2c1=O,M00969,182.13899999999998,-1.7568000000000001,103.50999999999999,3.0,4.0,0.0,O=c1[nH]c(=O)c2[nH]c(=O)[nH]c2[nH]1,0.8352580650673657,6
Cn1c(=O)[nH]c2nc[nH]c2c1=O,M00970,166.14,-1.0501000000000007,83.53999999999999,2.0,4.0,0.0,O=c1[nH]c(=O)c2[nH]cnc2[nH]1,0.7110586460049512,17
O=c1[nH]cnc2c1ncn2C1CC(O)C(CO)O1,M00971,252.23,-1.2397000000000002,113.26,3.0,7.0,2.0,O=c1[nH]cnc2c1ncn2C1CCCO1,0.7185751418868361,16
O=C(O)CNC(=O)c1ccco1,M00972,169.136,0.0939999999999997,79.54,2.0,3.0,3.0,c1ccoc1,0.7538526280001345,12
NC(Cc1ccc(O)c(O)c1)C(=O)O,M00973,197.18999999999997,0.052200000000000135,103.78000000000002,4.0,4.0,3.0,c1ccccc1,0.21161295934610674,802
Nc1c(O)cccc1C(=O)O,M00974,153.13699999999997,0.6726,83.55,3.0,3.0,1.0,c1ccccc1,0.21161295934610674,802
Nc1c(O)cccc1C(=O)CC(N)C(=O)O,M00975,224.21599999999995,-0.04090000000000016,126.64,4.0,5.0,4.0,c1ccccc1,0.21161295934610674,802
O=C(O)C1NCCC1O,M00976,131.131,-1.2062000000000004,69.56,3.0,3.0,1.0,C1CCNC1,0.7643784743661259,11
Cn1cncc1CC(N)C(=O)O,M00977,169.184,-0.6254999999999993,81.14,2.0,4.0,3.0,c1c[nH]cn1,0.6438836066809098,29
Cn1c(=O)[nH]c(=O)c2[nH]cnc21,M00978,166.14,-1.0501000000000005,83.54,2.0,4.0,0.0,O=c1[nH]c(=O)c2[nH]cnc2[nH]1,0.7110586460049512,17
O=C(O)C1CC(O)CN1,M00979,131.131,-1.2062,69.56,3.0,3.0,1.0,C1CCNC1,0.7643784743661259,11
Cc1ncc(CO)c(C(=O)O)c1O,M00980,183.16299999999998,0.28612,90.65,3.0,4.0,2.0,c1ccncc1,0.5996365394334917,41
NCC(=O)CCC(=O)O,M00981,131.131,-0.6210000000000004,80.39,2.0,3.0,4.0,,0.0,0
O=C(O)Cc1c[nH]c2ccc(O)cc12,M00982,191.186,1.5006,73.32,3.0,2.0,2.0,c1ccc2[nH]ccc2c1,0.5442457568182516,63
NC(Cc1c[nH]c2ccc(O)cc12)C(=O)O,M00983,220.22799999999998,0.8279000000000003,99.34000000000002,4.0,3.0,3.0,c1ccc2[nH]ccc2c1,0.5442457568182516,63
Cn1cnc2nc(N)[nH]c(=O)c21,M00984,165.156,-0.7612000000000001,89.59,2.0,5.0,0.0,O=c1[nH]cnc2nc[nH]c12,0.9088491513636503,3
Cn1cnc2[nH]c(=O)[nH]c(=O)c21,M00985,166.14,-1.0501,83.53999999999999,2.0,4.0,0.0,O=c1[nH]c(=O)c2[nH]cnc2[nH]1,0.7110586460049512,17
Nc1nc2c([nH]c(=O)n2C2OC(CO)C(O)C2O)c(=O)[nH]1,M00986,299.24300000000005,-3.3933999999999993,179.48,6.0,9.0,2.0,O=c1[nH]cnc2c1[nH]c(=O)n2C1CCCO1,1.0,1
CNCC(O)c1ccc(O)c(O)c1,M00987,183.207,0.35060000000000013,72.72,4.0,4.0,3.0,c1ccccc1,0.21161295934610674,802
CC(C)CC(NC(=O)C(C)N)C(=O)O,M00988,202.25399999999996,-0.05089999999999972,92.42,3.0,3.0,5.0,,0.0,0
O=c1[nH]c(=O)c2cn[nH]c2[nH]1,M00989,152.113,-1.0605000000000004,94.4,3.0,3.0,0.0,O=c1[nH]c(=O)c2cn[nH]c2[nH]1,1.0,1
[NH3+]CCCCCC(=O)[O-],M00990,131.175,-1.4613999999999996,67.77,1.0,2.0,5.0,,0.0,0
NCCCCC(=O)O,M00991,117.14799999999998,0.20000000000000012,63.32000000000001,2.0,2.0,4.0,,0.0,0
CC(NC(=O)C(Cc1ccccc1)NC(=O)C(N)CC(=O)O)C(=O)O,M00992,351.35900000000015,-0.8947999999999978,158.82,5.0,5.0,9.0,c1ccccc1,0.21161295934610674,802
CN(C)C(N)=NCCCC(N)C(=O)O,M00993,202.258,-0.9451999999999978,104.94000000000001,3.0,3.0,5.0,,0.0,0
NC(COCc1ccccc1)C(=O)O,M00994,195.218,0.6151,72.55,2.0,3.0,5.0,c1ccccc1,0.21161295934610674,802
CC(O)C(O)c1cnc2nc(N)[nH]c(=O)c2n1,M00995,237.219,-1.2905000000000009,138.01,4.0,7.0,2.0,O=c1[nH]cnc2nccnc12,0.9088491513636503,3
NCCC(=O)NC(Cc1cnc[nH]1)C(=O)O,M00996,226.23600000000002,-1.1295999999999988,121.10000000000001,4.0,4.0,6.0,c1c[nH]cn1,0.6438836066809098,29
O=C(O)C=Cc1cnc[nH]1,M00997,138.126,0.5075,65.97999999999999,2.0,2.0,2.0,c1c[nH]cn1,0.6438836066809098,29
C[N+](C)(C)CCOP(=O)(O)OP(=O)([O-])OCC1OC(n2ccc(N)nc2=O)C(O)C1O,M00998,488.32700000000017,-2.2304999999999957,215.72000000000003,4.0,13.0,10.0,O=c1ncccn1C1CCCO1,0.7265474540909509,15
CN1C(=O)CCC1c1cccnc1,M00999,176.21900000000002,1.3749,33.2,0.0,2.0,1.0,O=C1CCC(c2cccnc2)N1,0.9088491513636503,3
CN(CC(=O)O)C(=N)N,M01000,131.13499999999996,-1.1037299999999988,90.41000000000001,3.0,2.0,2.0,,0.0,0
NC1C(O)OC(COP(=O)(O)O)C(O)C1O,M01001,259.151,-3.1379999999999995,162.7,6.0,7.0,3.0,C1CCOCC1,0.6627017793637848,25
O=C1CC(C(=O)O)NC(=O)N1,M01002,158.113,-1.3308999999999997,95.5,3.0,3.0,1.0,O=C1CCNC(=O)N1,0.9088491513636503,3
CN(C)CC(=O)O,M01003,103.12099999999998,-0.3674,40.540000000000006,1.0,2.0,2.0,,0.0,0
NCCc1ccc(O)c(O)c1,M01004,153.18099999999998,0.5989999999999998,66.48,3.0,3.0,2.0,c1ccccc1,0.21161295934610674,802
NC1C(O)OC(CO)C(O)C1O,M01005,179.17200000000003,-3.2549999999999994,116.17000000000002,5.0,6.0,1.0,C1CCOCC1,0.6627017793637848,25
NCC(=O)NCC(=O)O,M01006,132.119,-1.8540999999999999,92.42,3.0,3.0,3.0,,0.0,0
CC(C)C(NC(=O)CN)C(=O)O,M01007,174.2,-0.829499999999999,92.42,3.0,3.0,4.0,,0.0,0
Nc1nc2c(ncn2C2OC(COP(=O)(O)O)C(O)C2O)c(=O)[nH]1,M01008,363.223,-2.5697000000000005,206.03999999999996,6.0,10.0,4.0,O=c1[nH]cnc2c1ncn2C1CCCO1,0.7185751418868361,16
NCCc1cc(O)c(O)cc1O,M01009,169.17999999999998,0.3045999999999998,86.71000000000001,4.0,4.0,2.0,c1ccccc1,0.21161295934610674,802
NCCS(=O)O,M01010,109.14999999999998,-0.8331999999999997,63.32000000000001,2.0,2.0,2.0,,0.0,0
O=c1[nH]cnc2c1ncn2C1OC(CO)C(O)C1O,M01011,268.229,-2.2689,133.49,4.0,8.0,2.0,O=c1[nH]cnc2c1ncn2C1CCCO1,0.7185751418868361,16
O=c1[nH]cnc2c1ncn2C1OC(COP(=O)(O)O)C(O)C1O,M01012,348.20799999999997,-2.1519000000000004,180.01999999999998,5.0,9.0,4.0,O=c1[nH]cnc2c1ncn2C1CCCO1,0.7185751418868361,16
O=C(O)c1ccncc1,M01013,123.11099999999998,0.7797999999999999,50.19,1.0,2.0,1.0,c1ccncc1,0.5996365394334917,41
O=C(O)c1cc(=O)c2ccccc2[nH]1,M01014,189.17000000000002,1.2262999999999997,70.16,2.0,2.0,1.0,O=c1cc[nH]c2ccccc12,0.9088491513636503,3
CNCC(O)c1ccc(O)c(OC)c1,M01015,197.23399999999998,0.6536000000000002,61.72,3.0,4.0,4.0,c1ccccc1,0.21161295934610674,802
Cc1ccccc1C(=O)NCC(=O)O,M01016,193.20199999999997,0.80942,66.4,2.0,2.0,3.0,c1ccccc1,0.21161295934610674,802
COC(=O)c1ccccn1,M01017,137.13799999999998,0.8681999999999999,39.19,0.0,3.0,1.0,c1ccncc1,0.5996365394334917,41
CC(=O)NCCc1c[nH]c2ccc(O)cc12,M01018,218.256,1.5521,65.12,3.0,2.0,3.0,c1ccc2[nH]ccc2c1,0.5442457568182516,63
CC(=O)NCCC(=O)NC(Cc1cnc[nH]1)C(=O)O,M01019,268.273,-0.9521999999999988,124.17999999999999,4.0,4.0,7.0,c1c[nH]cn1,0.6438836066809098,29
CC(=O)NC(CCC(=O)O)C(=O)O,M01020,189.167,-0.5594999999999994,103.7,3.0,3.0,5.0,,0.0,0
CC(=O)NC(Cc1ccccc1)C(=O)O,M01021,207.22899999999998,0.8183999999999998,66.4,2.0,2.0,4.0,c1ccccc1,0.21161295934610674,802
CC(=O)NCCCCN,M01022,130.191,-0.13859999999999972,55.120000000000005,2.0,2.0,4.0,,0.0,0
CSCCC(NC=O)C(=O)O,M01023,177.225,-0.061300000000000354,66.4,2.0,3.0,6.0,,0.0,0
NC(Cc1ccc(O)c([N+](=O)[O-])c1)C(=O)O,M01024,226.18799999999996,0.2547999999999999,126.69000000000001,3.0,5.0,4.0,c1ccccc1,0.21161295934610674,802
CNC(CC(=O)O)C(=O)O,M01025,147.13,-0.8662999999999996,86.63000000000001,3.0,3.0,4.0,,0.0,0
NCC(O)c1ccc(O)c(O)c1,M01026,169.17999999999998,0.08989999999999998,86.71000000000001,4.0,4.0,2.0,c1ccccc1,0.21161295934610674,802
CNCCc1cnc[nH]1,M01027,125.17499999999998,0.1715999999999998,40.71,2.0,2.0,3.0,c1c[nH]cn1,0.6438836066809098,29
NCC(O)c1ccc(O)cc1,M01028,153.18099999999998,0.3843,66.48,3.0,3.0,2.0,c1ccccc1,0.21161295934610674,802
Cn1c(=O)[nH]c2ncn(C)c2c1=O,M01029,180.16699999999997,-1.039700000000001,72.68,1.0,5.0,0.0,O=c1[nH]c(=O)c2[nH]cnc2[nH]1,0.7110586460049512,17
CC(C)CC(NC(=O)C(C)NC(=O)C(N)Cc1ccccc1)C(=O)O,M01030,349.43100000000004,0.6766000000000021,121.52,4.0,4.0,9.0,c1ccccc1,0.21161295934610674,802
CC(NC(=O)C(N)Cc1ccccc1)C(=O)NC(CO)C(=O)O,M01031,323.3490000000001,-1.377199999999998,141.75,5.0,5.0,8.0,c1ccccc1,0.21161295934610674,802
NC(=O)CCC(NC(=O)Cc1ccccc1)C(=O)O,M01032,264.281,0.06399999999999956,109.49,3.0,3.0,7.0,c1ccccc1,0.21161295934610674,802
NC(C(=O)O)c1ccccc1,M01033,151.165,0.7709999999999999,63.32000000000001,2.0,2.0,2.0,c1ccccc1,0.21161295934610674,802
CN(CC(=O)O)C(N)=NP(=O)(O)O,M01034,211.11399999999998,-1.589799999999999,136.45000000000002,4.0,2.0,3.0,,0.0,0
C=C(OP(=O)(O)O)C(=O)[O-],M01035,167.03299999999996,-1.6407000000000003,106.89000000000001,2.0,4.0,3.0,,0.0,0
O=C(O)CNC(=O)C1CCCN1,M01036,172.18399999999997,-1.0608,78.43,3.0,3.0,3.0,C1CCNC1,0.7643784743661259,11
O=C(NCC(=O)N1CCCC1C(=O)O)C1CCCN1,M01037,269.30099999999993,-1.0697999999999985,98.74000000000001,3.0,4.0,4.0,O=C(NCC(=O)N1CCCC1)C1CCCN1,1.0,1
O=C(O)C1CC(O)CN1C(=O)C1CCCN1,M01038,228.24799999999996,-1.2151999999999987,89.87,3.0,4.0,2.0,O=C(C1CCCN1)N1CCCC1,0.9466801716388252,2
CCC(=O)OC(CC(=O)[O-])C[N+](C)(C)C,M01039,217.26499999999996,-0.8455999999999979,66.43,0.0,4.0,6.0,,0.0,0
O=C(O)CNC(=O)C1CCC(=O)N1,M01040,186.16699999999997,-1.5342,95.5,3.0,3.0,3.0,O=C1CCCN1,0.8176983027273006,7
CNCC(=O)O,M01041,89.09399999999998,-0.7096000000000002,49.33,2.0,2.0,2.0,,0.0,0
CC(O)C(=O)C1=Nc2c(nc(N)[nH]c2=O)NC1,M01042,237.219,-1.2000000000000002,133.45999999999998,4.0,7.0,2.0,O=c1[nH]cnc2c1N=CCN2,0.9466801716388252,2
NCCS(=O)(=O)O,M01043,125.14899999999997,-1.1670999999999996,80.39,2.0,3.0,2.0,,0.0,0
O=c1cc[nH]c(=S)[nH]1,M01044,128.156,0.43249,48.65,2.0,2.0,0.0,O=c1cc[nH]c(=S)[nH]1,0.9466801716388252,2
Cc1cn(C2CC(O)C(CO)O2)c(=O)[nH]c1=O,M01045,242.23099999999997,-1.5142799999999992,104.54999999999998,3.0,6.0,2.0,O=c1ccn(C2CCCO2)c(=O)[nH]1,0.7758207207981391,10
Cc1c[nH]c(=O)[nH]c1=O,M01046,126.115,-0.6283800000000002,65.72,2.0,2.0,0.0,O=c1cc[nH]c(=O)[nH]1,0.7883542836784342,9
NCCc1c[nH]c2ccccc12,M01047,160.21999999999997,1.6691,41.81,2.0,1.0,2.0,c1ccc2[nH]ccc2c1,0.5442457568182516,63
O=c1ccn(C2OC(COP(=O)(O)O)C(O)C2O)c(=O)[nH]1,M01048,324.182,-2.7349,171.31,5.0,8.0,4.0,O=c1ccn(C2CCCO2)c(=O)[nH]1,0.7758207207981391,10
O=c1[nH]c(=O)c2ncn(C3OC(CO)C(O)C3O)c2[nH]1,M01049,284.228,-2.9755999999999996,153.46,5.0,8.0,2.0,O=c1[nH]c(=O)c2ncn(C3CCCO3)c2[nH]1,0.9466801716388252,2
NC(CCC(=O)O)C(=O)NC(Cc1ccc(O)cc1)C(=O)O,M01050,310.30600000000004,-0.303799999999999,149.95000000000002,5.0,5.0,8.0,c1ccccc1,0.21161295934610674,802
COC(=O)CCN,M01051,103.12100000000002,-0.4918000000000002,52.32,1.0,3.0,2.0,,0.0,0
CC(=O)c1cnccn1,M01052,122.12699999999998,0.6792,42.85,0.0,3.0,1.0,c1cnccn1,0.8555293230024756,5
O=c1[nH]c2ccccc2o1,M01053,135.12199999999996,1.1211,46.0,1.0,2.0,0.0,O=c1[nH]c2ccccc2o1,0.9466801716388252,2
COC(=O)c1nccnc1N,M01054,153.141,-0.15459999999999996,78.1,1.0,5.0,1.0,c1cnccn1,0.8555293230024756,5
O=C(O)c1ccc2ccccc2n1,M01055,173.171,1.9329999999999998,50.19,1.0,2.0,1.0,c1ccc2ncccc2c1,0.6846698721617894,21
O=C(O)CNC(=O)C=Cc1ccccc1,M01056,205.213,0.9005999999999996,66.4,2.0,2.0,4.0,c1ccccc1,0.21161295934610674,802
Nc1ccc(C(=O)O)c(O)c1,M01057,153.137,0.6726000000000001,83.55000000000001,3.0,3.0,1.0,c1ccccc1,0.21161295934610674,802
O=C(O)CNC(=O)c1ccccc1O,M01058,195.174,0.2065999999999995,86.63000000000001,3.0,3.0,3.0,c1ccccc1,0.21161295934610674,802
OCCOCCOCCOCCOCCOCCO,M01059,282.33299999999997,-0.9459999999999973,86.61000000000001,2.0,7.0,16.0,,0.0,0
O=C1CCCCN1,M01060,99.13300000000001,0.28650000000000003,29.1,1.0,1.0,0.0,O=C1CCCCN1,1.0,1
Cn1cncc1CC(NC(=O)CCN)C(=O)O,M01061,240.26299999999995,-1.119199999999998,110.24,3.0,5.0,6.0,c1c[nH]cn1,0.6438836066809098,29
CCCCOP(=O)(OCCCC)OCCCC,M01062,266.3179999999999,4.544600000000004,44.760000000000005,0.0,4.0,12.0,,0.0,0
CNC(=O)c1cccnc1,M01063,136.154,0.4412,41.99,1.0,2.0,1.0,c1ccncc1,0.5996365394334917,41
CN1CCCN=C1C=Cc1cccs1,M01064,206.31400000000002,2.4953000000000003,15.6,0.0,3.0,2.0,C(=Cc1cccs1)C1=NCCCN1,0.9466801716388252,2
CC(=O)OCC[N+](C)(C)C,M01065,146.21,0.25570000000000004,26.3,0.0,2.0,3.0,,0.0,0
CC(=O)NC(CC(=O)O)C(=O)O,M01066,175.14,-0.9496,103.7,3.0,3.0,4.0,,0.0,0
O=c1[nH]cccc1O,M01067,111.09999999999998,0.08050000000000002,53.09,2.0,2.0,0.0,O=c1cccc[nH]1,0.8352580650673657,6
O=C(O)Cc1ccccn1,M01068,137.13799999999998,0.7087000000000001,50.19,1.0,2.0,2.0,c1ccncc1,0.5996365394334917,41
C[N+](C)(C)[C@@H](Cc1ccccc1)C(=O)[O-],M01069,207.27299999999997,0.053799999999999626,40.129999999999995,0.0,2.0,4.0,c1ccccc1,0.21161295934610674,802
C[N+](C)(C)C(Cc1c[nH]c2ccccc12)C(=O)[O-],M01070,246.30999999999997,0.5350999999999997,55.92,1.0,2.0,4.0,c1ccc2[nH]ccc2c1,0.5442457568182516,63
CC(CCC(=O)[O-])[N+](C)(C)C,M01071,159.22899999999998,-0.38879999999999937,40.129999999999995,0.0,2.0,4.0,,0.0,0
CC(C)C(C(=O)O)[N+](C)(C)C,M01072,160.23699999999997,0.8018000000000001,37.3,1.0,1.0,3.0,,0.0,0
O=S(=O)(O)CCNC1CCCCC1,M01073,207.29499999999993,0.7964999999999998,66.4,2.0,3.0,4.0,C1CCCCC1,0.6846698721617894,21
C[N+](C)(C)CCCCC(=O)[O-],M01074,159.22899999999998,-0.38719999999999954,40.129999999999995,0.0,2.0,5.0,,0.0,0
CCCC(C(=O)[O-])[N+](C)(C)C,M01075,159.22899999999998,-0.38879999999999937,40.129999999999995,0.0,2.0,4.0,,0.0,0
Oc1cccnc1,M01076,95.101,0.7871999999999999,33.120000000000005,1.0,2.0,0.0,c1ccncc1,0.5996365394334917,41
CCCCC(N)C(=O)O,M01077,131.175,0.5884999999999998,63.32000000000001,2.0,2.0,4.0,,0.0,0
O=S(=O)(O)CCN1CCOCC1,M01078,195.23999999999995,-0.7935999999999992,66.84,1.0,4.0,3.0,C1COCCN1,0.8795051323147839,4
C[N+](C)(C)[O-],M01079,75.11099999999999,0.1903999999999999,23.06,0.0,1.0,0.0,,0.0,0
CC1CCCN1,M01080,85.15,0.7583,12.03,1.0,1.0,0.0,C1CCNC1,0.7643784743661259,11
CC1(C)SC2C(NC(=O)C(N)c3ccc(O)cc3)C(=O)N2C1C(=O)O,M01081,365.4110000000001,0.023700000000000443,132.96,4.0,6.0,4.0,O=C(Cc1ccccc1)NC1C(=O)N2CCSC12,0.8795051323147839,4
C[N+]1(C)CCCCC1C(=O)[O-],M01082,157.213,-0.6347999999999994,40.129999999999995,0.0,2.0,1.0,C1CC[NH2+]CC1,0.9466801716388252,2
Nc1ccccc1O,M01083,109.12799999999999,0.9743999999999999,46.25,2.0,2.0,0.0,c1ccccc1,0.21161295934610674,802
CN1CCCC1C(=O)O,M01084,129.159,0.16519999999999996,40.540000000000006,1.0,2.0,1.0,C1CCNC1,0.7643784743661259,11
CC(C(=O)[O-])[N+](C)(C)C,M01085,131.175,-1.1689999999999994,40.129999999999995,0.0,2.0,2.0,,0.0,0
CCNC(=O)CCC(N)C(=O)O,M01086,174.2,-0.6853999999999989,92.42,3.0,3.0,5.0,,0.0,0
CC(=O)NCCCCC([NH3+])C(=O)[O-],M01087,188.22699999999998,-2.3467999999999973,96.87,2.0,3.0,6.0,,0.0,0
NC(CSS(=O)(=O)O)C(=O)O,M01088,201.225,-1.0656999999999999,117.69000000000001,3.0,5.0,4.0,,0.0,0
O=C(O)Cn1ccnc1,M01089,126.11499999999998,-0.032299999999999995,55.12,1.0,3.0,2.0,c1c[nH]cn1,0.6438836066809098,29
CCC(NC(=O)CCC(N)C(=O)O)C(=O)NCC(=O)O,M01090,289.288,-1.7258999999999967,158.82,5.0,5.0,9.0,,0.0,0
CC(=O)NC(Cc1cnc[nH]1)C(=O)O,M01091,197.19400000000002,-0.45850000000000063,95.08,3.0,3.0,4.0,c1c[nH]cn1,0.6438836066809098,29
Nc1ccc(O)cc1,M01092,109.12799999999999,0.9743999999999999,46.25,2.0,2.0,0.0,c1ccccc1,0.21161295934610674,802
C[n+]1cccc(C(N)=O)c1,M01093,137.162,-0.39000000000000035,46.97,1.0,1.0,1.0,c1cc[nH+]cc1,0.6627017793637848,25
CC(=O)NC(CCC[NH+]=C(N)N)C(=O)[O-],M01094,216.24099999999999,-4.624799999999997,135.24,4.0,3.0,6.0,,0.0,0
CC(=O)NC(CCCC[NH3+])C(=O)[O-],M01095,188.22699999999998,-2.3467999999999973,96.87,2.0,3.0,6.0,,0.0,0
NC(N)=NCC(=O)O,M01096,117.10799999999998,-1.6556,101.7,3.0,2.0,2.0,,0.0,0
CS(=O)CCC(N)C(=O)O,M01097,165.21400000000003,-0.8330999999999991,80.39,2.0,3.0,4.0,,0.0,0
CC(=O)NC(CCCN)C(=O)O,M01098,174.2,-0.6853999999999989,92.42,3.0,3.0,5.0,,0.0,0
OCCNCCO,M01099,105.137,-1.4393999999999998,52.489999999999995,3.0,3.0,4.0,,0.0,0
NC(CCS)C(=O)O,M01100,135.188,-0.28180000000000033,63.32000000000001,3.0,3.0,3.0,,0.0,0
NC(=NCCCC(N)C(=O)O)NC(CC(=O)O)C(=O)O,M01101,290.27600000000007,-1.9892999999999965,188.32999999999998,6.0,5.0,9.0,,0.0,0
O=C(O)c1ccccc1C(=O)O,M01102,166.13199999999998,1.083,74.6,2.0,2.0,2.0,c1ccccc1,0.21161295934610674,802
COC(=O)c1cccnc1,M01103,137.138,0.8681999999999999,39.19,0.0,3.0,1.0,c1ccncc1,0.5996365394334917,41
O=S(=O)(O)CCN1CCN(CCO)CC1,M01104,238.30899999999994,-1.5158999999999976,81.08000000000001,2.0,5.0,5.0,C1CNCCN1,0.8352580650673657,6
NC(CCCC(N)C(=O)O)C(=O)O,M01105,190.199,-1.019499999999999,126.64,4.0,4.0,6.0,,0.0,0
CC(=O)NC(CCCNC(N)=O)C(=O)O,M01106,217.225,-0.975799999999998,121.52,4.0,3.0,6.0,,0.0,0
O=C(O)Cc1cccnc1,M01107,137.138,0.7087000000000001,50.19,1.0,2.0,2.0,c1ccncc1,0.5996365394334917,41
O=S(=O)(O)CCN1CCN(CCS(=O)(=O)O)CC1,M01108,302.3740000000001,-1.6203999999999965,115.22000000000001,2.0,6.0,6.0,C1CNCCN1,0.8352580650673657,6
O=c1oc2cc(O)ccc2c2ccc(O)cc12,M01109,228.20299999999997,2.3573999999999993,70.67,2.0,4.0,0.0,O=c1oc2ccccc2c2ccccc12,0.7883542836784342,9
O=c1oc2cc(O)ccc2c2ccccc12,M01110,212.20399999999998,2.6518000000000006,50.44,1.0,3.0,0.0,O=c1oc2ccccc2c2ccccc12,0.7883542836784342,9
O=S(=O)(O)Oc1ccccc1O,M01111,190.176,0.5737999999999999,83.83000000000001,2.0,4.0,2.0,c1ccccc1,0.21161295934610674,802
COc1cc(CC(=O)O)ccc1O,M01112,182.175,1.0278999999999998,66.76,2.0,3.0,3.0,c1ccccc1,0.21161295934610674,802
O=C(O)CCc1ccc(O)cc1,M01113,166.17600000000002,1.4094,57.53,2.0,2.0,3.0,c1ccccc1,0.21161295934610674,802
O=C(O)Cc1ccc(O)cc1,M01114,152.149,1.0192999999999999,57.53,2.0,2.0,2.0,c1ccccc1,0.21161295934610674,802
O=C(O)CCc1ccc(O)c(O)c1,M01115,182.175,1.115,77.76,3.0,3.0,3.0,c1ccccc1,0.21161295934610674,802
CC1OC(OC2C(O)C(OCCc3ccc(O)c(O)c3)OC(CO)C2OC(=O)C=Cc2ccc(O)c(O)c2)C(O)C(O)C1O,M01116,624.5920000000004,-1.0159000000000016,245.28999999999996,9.0,15.0,10.0,O=C(C=Cc1ccccc1)OC1COC(OCCc2ccccc2)CC1OC1CCCCO1,1.0,1
O=c1c(O)c(-c2ccc(OS(=O)(=O)O)c(O)c2)oc2cc(O)cc(O)c12,M01117,382.30200000000013,1.4640000000000002,174.73,5.0,9.0,3.0,O=c1cc(-c2ccccc2)oc2ccccc12,0.6127978022039184,37
O=c1ccc2c(O)c3ccoc3cc2o1,M01118,202.165,2.2447999999999997,63.58,1.0,4.0,0.0,O=c1ccc2cc3ccoc3cc2o1,0.8352580650673657,6
COc1ccc(-c2cc(=O)c3c(OC)c(OC)c(OC)c(OC)c3o2)cc1,M01119,372.3730000000001,3.503000000000003,76.36000000000001,0.0,7.0,6.0,O=c1cc(-c2ccccc2)oc2ccccc12,0.6127978022039184,37
COc1cc(C=CC(=O)CC(=O)C=Cc2ccc(O)c(OC)c2)ccc1O,M01120,368.3850000000001,3.3699000000000026,93.06000000000002,2.0,6.0,8.0,O=C(C=Cc1ccccc1)CC(=O)C=Cc1ccccc1,1.0,1
CC12CCc3occc3C1CCC13CC(CCC12)C(O)(CO)C3,M01121,316.44100000000003,3.639300000000002,53.60000000000001,2.0,3.0,1.0,c1cc2c(o1)CCC1C2CCC23CCC(CCC12)C3,1.0,1
O=S(=O)(O)Oc1c(O)cccc1O,M01122,206.175,0.2793999999999999,104.06000000000002,3.0,5.0,2.0,c1ccccc1,0.21161295934610674,802
COc1c(O)cc(C(=O)O)cc1OS(=O)(=O)O,M01123,264.21099999999996,0.28059999999999985,130.35999999999999,3.0,6.0,4.0,c1ccccc1,0.21161295934610674,802
COc1ccc(C(=O)O)cc1OC,M01124,182.17499999999998,1.402,55.760000000000005,1.0,3.0,3.0,c1ccccc1,0.21161295934610674,802
CCCCCCCCCCCCCCCCCc1cc(O)cc(O)c1,M01125,348.57099999999997,7.511700000000008,40.46,2.0,2.0,16.0,c1ccccc1,0.21161295934610674,802
CCCCCCCCCCCCCCCCCCCCCCCCCc1cc(O)cc(O)c1,M01126,460.78700000000026,10.63249999999999,40.46,2.0,2.0,24.0,c1ccccc1,0.21161295934610674,802
O=c1c(O)c(-c2ccc(OS(=O)(=O)O)c(O)c2)oc2cc(OS(=O)(=O)O)cc(O)c12,M01127,462.3660000000002,0.9400000000000002,218.09999999999997,5.0,11.0,5.0,O=c1cc(-c2ccccc2)oc2ccccc12,0.6127978022039184,37
O=C(O)c1ccc(O)c(O)c1O,M01128,170.11999999999998,0.5015999999999996,97.99000000000001,4.0,4.0,1.0,c1ccccc1,0.21161295934610674,802
CC1OC(OCC2OC(Oc3cc4c(O)cc(=O)cc-4oc3-c3ccc(O)cc3)C(O)C(O)C2O)C(O)C(O)C1O,M01129,578.5230000000004,-1.1467000000000007,228.96999999999997,8.0,14.0,6.0,O=c1ccc2cc(OC3CCCC(COC4CCCCO4)O3)c(-c3ccccc3)oc-2c1,1.0,1
O=c1c(O)c(-c2ccc(O)c(O)c2)oc2cc(O)ccc12,M01130,286.23900000000003,2.282400000000001,111.13000000000001,4.0,6.0,1.0,O=c1cc(-c2ccccc2)oc2ccccc12,0.6127978022039184,37
Oc1ccc(-c2[o+]c3cc(O)cc(O)c3cc2O)cc1,M01131,271.248,3.2033000000000005,92.22000000000001,4.0,4.0,1.0,c1ccc(-c2ccc3ccccc3[o+]2)cc1,0.8555293230024756,5
COc1cc(-c2[o+]c3cc(O)cc(O)c3cc2O)cc(OC)c1O,M01132,331.30000000000007,3.220500000000001,110.68000000000002,4.0,6.0,3.0,c1ccc(-c2ccc3ccccc3[o+]2)cc1,0.8555293230024756,5
O=C(O)c1c(O)cc(O)cc1O,M01133,170.11999999999998,0.5015999999999996,97.99000000000001,4.0,4.0,1.0,c1ccccc1,0.21161295934610674,802
O=C(O)c1cccc(O)c1O,M01134,154.12099999999998,0.7959999999999998,77.76,3.0,3.0,1.0,c1ccccc1,0.21161295934610674,802
O=c1ccc2ccc(O)c(O)c2o1,M01135,178.14299999999997,1.2041999999999997,70.67,2.0,4.0,0.0,O=c1ccc2ccccc2o1,0.7265474540909509,15
Cc1ccc(C(=O)NCC(=O)O)cc1,M01136,193.20200000000003,0.8094199999999998,66.4,2.0,2.0,3.0,c1ccccc1,0.21161295934610674,802
O=Cc1ccc(O)cc1O,M01137,138.12199999999999,0.9102999999999997,57.53,2.0,3.0,1.0,c1ccccc1,0.21161295934610674,802
Cc1cccc(C(=O)NCC(=O)O)c1,M01138,193.202,0.80942,66.4,2.0,2.0,3.0,c1ccccc1,0.21161295934610674,802
O=C(O)Cc1ccc(O)c(O)c1,M01139,168.148,0.7248999999999999,77.76,3.0,3.0,2.0,c1ccccc1,0.21161295934610674,802
COC(=O)c1ccc(O)c(O)c1,M01140,168.148,0.8843999999999999,66.76,2.0,4.0,1.0,c1ccccc1,0.21161295934610674,802
O=Cc1c(O)cc(O)cc1O,M01141,154.12099999999995,0.6158999999999997,77.76,3.0,4.0,1.0,c1ccccc1,0.21161295934610674,802
COc1ccc(C(=O)O)cc1,M01142,152.149,1.3934,46.53,1.0,2.0,2.0,c1ccccc1,0.21161295934610674,802
COc1cccc(O)c1C(=O)O,M01143,168.14799999999997,1.0989999999999998,66.76,2.0,3.0,2.0,c1ccccc1,0.21161295934610674,802
COC(=O)c1ccc(O)c(OC)c1,M01144,182.17499999999998,1.1874,55.760000000000005,1.0,4.0,2.0,c1ccccc1,0.21161295934610674,802
Oc1cccc(O)c1O,M01145,126.11099999999998,0.8033999999999997,60.69,3.0,3.0,0.0,c1ccccc1,0.21161295934610674,802
Oc1cc(O)c2c(c1)OC(c1ccc(O)c(O)c1)C(O)C2c1c(O)cc(O)c2c1OC(c1ccc(O)c(O)c1)C(O)C2c1c(O)cc(O)c2c1OC(c1ccc(O)c(O)c1)C(O)C2,M01146,866.7810000000004,4.443900000000016,331.14000000000004,15.0,18.0,5.0,c1ccc(C2CC(c3cccc4c3OC(c3ccccc3)CC4c3cccc4c3OC(c3ccccc3)CC4)c3ccccc3O2)cc1,1.0,1
COc1ccc(C=CC(=O)O)cc1O,M01147,194.18599999999998,1.4986,66.76,2.0,3.0,3.0,c1ccccc1,0.21161295934610674,802
O=c1c(O)c(-c2ccc(O)cc2)oc2cc(OC3OC(CO)C(O)C(O)C3O)cc(O)c12,M01148,448.38000000000017,-0.24450000000000022,190.27999999999997,7.0,11.0,4.0,O=c1cc(-c2ccccc2)oc2cc(OC3CCCCO3)ccc12,0.8795051323147839,4
CC1OC(OCC2OC(Oc3cc(O)c4c(c3)OC(c3ccc(O)cc3)CC4=O)C(O)C(O)C2O)C(O)C(O)C1O,M01149,580.5390000000003,-1.1652000000000007,225.05999999999997,8.0,14.0,6.0,O=C1CC(c2ccccc2)Oc2cc(OC3CCCC(COC4CCCCO4)O3)ccc21,0.9088491513636503,3
COc1ccc(C2CC(=O)c3c(O)cc(OC4OC(COC5OC(C)C(O)C(O)C5O)C(O)C(O)C4O)cc3O2)cc1,M01150,594.5660000000001,-0.8621999999999994,214.05999999999997,7.0,14.0,7.0,O=C1CC(c2ccccc2)Oc2cc(OC3CCCC(COC4CCCCO4)O3)ccc21,0.9088491513636503,3
COc1c(O)cc2oc(-c3ccc(O)c(O)c3)cc(=O)c2c1O,M01151,316.2650000000001,2.291000000000001,120.36,4.0,7.0,2.0,O=c1cc(-c2ccccc2)oc2ccccc12,0.6127978022039184,37
COc1cc(O)c(CC=C(C)C)c2c1C(=O)CC(c1ccc(O)cc1)O2,M01152,354.40200000000004,4.3216000000000045,75.99000000000001,2.0,5.0,4.0,O=C1CC(c2ccccc2)Oc2ccccc21,0.7185751418868361,16
CC(C)c1cc2c(c(O)c1O)C13CCCC(C)(C)C1C(OC3=O)C2O,M01153,346.423,3.257700000000002,86.99,3.0,5.0,1.0,O=C1OC2Cc3ccccc3C13CCCCC23,1.0,1
CC(C)=CCc1c(O)cc(O)c2c1OC(c1ccc(O)cc1)CC2=O,M01154,340.37500000000006,4.018600000000003,86.99000000000001,3.0,5.0,3.0,O=C1CC(c2ccccc2)Oc2ccccc21,0.7185751418868361,16
CC(C)c1cc2c(c(O)c1O)C1(C(=O)O)CCCC(C)(C)C1CC2,M01155,332.44000000000005,4.316100000000004,77.76,3.0,3.0,2.0,c1ccc2c(c1)CCC1CCCCC21,1.0,1
COc1cc(O)c(CC=C(C)C)c(O)c1C(=O)C=Cc1ccc(O)cc1,M01156,354.40200000000004,4.216800000000003,86.99,3.0,5.0,6.0,O=C(C=Cc1ccccc1)c1ccccc1,0.9466801716388252,2
CC(C)c1cc2c(c(O)c1O)C13CCCC(C)(C)C1CC2OC3=O,M01157,330.42400000000004,4.286900000000005,66.75999999999999,2.0,4.0,1.0,O=C1OC2CC3CCCCC13c1ccccc12,1.0,1
COc1cc(C=CC(=O)O)cc(OC)c1OC,M01158,238.23899999999998,1.8101999999999998,64.99000000000001,1.0,4.0,5.0,c1ccccc1,0.21161295934610674,802
CCOC(=O)C=Cc1ccc(O)c(O)c1,M01159,208.213,1.6741,66.76,2.0,4.0,3.0,c1ccccc1,0.21161295934610674,802
O=C(C=Cc1ccc(O)cc1)c1ccc(O)cc1O,M01160,256.257,2.699500000000001,77.76,3.0,4.0,3.0,O=C(C=Cc1ccccc1)c1ccccc1,0.9466801716388252,2
COc1cc(CCC(=O)O)ccc1O,M01161,196.20200000000003,1.418,66.76,2.0,3.0,4.0,c1ccccc1,0.21161295934610674,802
CC1=C2C(=O)C=C(COC(=O)C(=O)O)C2C2OC(=O)C(C)C2C(O)C1,M01162,350.3230000000001,-0.0017000000000004234,127.2,2.0,7.0,2.0,O=C1CC2CCC=C3C(=O)C=CC3C2O1,0.8795051323147839,4
C=C1C(=O)OC2C3C(COC(=O)C(=O)O)=CC(=O)C3=C(C)CC(O)C12,M01163,348.3070000000001,-0.08160000000000028,127.2,2.0,7.0,2.0,C=C1C(=O)OC2C3C=CC(=O)C3=CCCC12,0.8795051323147839,4
CC1=C2C(=O)C=C(CO)C2C2OC(=O)C(C)C2C(O)C1,M01164,278.30400000000003,0.36280000000000007,83.83,2.0,5.0,1.0,O=C1CC2CCC=C3C(=O)C=CC3C2O1,0.8795051323147839,4
C=C1C(=O)OC2C3C(CO)=CC(=O)C3=C(C)CC(O)C12,M01165,276.28799999999995,0.28289999999999993,83.83,2.0,5.0,1.0,C=C1C(=O)OC2C3C=CC(=O)C3=CCCC12,0.8795051323147839,4
CCCOC(=O)c1cc(O)c(O)c(O)c1,M01166,212.201,1.3701999999999999,86.99000000000001,3.0,5.0,3.0,c1ccccc1,0.21161295934610674,802
C=C1C(=O)OC2C1CCC(C)=C1C(=O)C=C(COC(=O)C(=O)O)C12,M01167,332.30800000000005,0.9475999999999998,106.97000000000001,1.0,6.0,2.0,C=C1C(=O)OC2C3C=CC(=O)C3=CCCC12,0.8795051323147839,4
CC1=C2C(=O)C=C(CO)C2C2OC(=O)C(C)C2CC1,M01168,262.305,1.3920000000000001,63.6,1.0,4.0,1.0,O=C1CC2CCC=C3C(=O)C=CC3C2O1,0.8795051323147839,4
CC1=C2C(=O)C=C(COC(=O)C(=O)O)C2C2OC(=O)C(C)C2CC1,M01169,334.3240000000001,1.0274999999999996,106.97,1.0,6.0,2.0,O=C1CC2CCC=C3C(=O)C=CC3C2O1,0.8795051323147839,4
C=C1C(=O)OC2C1CCC(C)=C1C(=O)C=C(CO)C12,M01170,260.28899999999993,1.3120999999999998,63.60000000000001,1.0,4.0,1.0,C=C1C(=O)OC2C3C=CC(=O)C3=CCCC12,0.8795051323147839,4
C=C1C(=O)OC2C3C(COC(=O)C(=O)O)=CC(=O)C3=C(C)CC(OC(=O)Cc3ccc(O)cc3)C12,M01171,482.44100000000026,1.4175999999999993,153.5,2.0,9.0,5.0,C=C1C(=O)OC2C3C=CC(=O)C3=CCC(OC(=O)Cc3ccccc3)C12,0.9466801716388252,2
CC1=C2C(=O)C=C(COC(=O)C(=O)O)C2C2OC(=O)C(C)C2C(OC(=O)Cc2ccc(O)cc2)C1,M01172,484.4570000000003,1.4974999999999996,153.5,2.0,9.0,5.0,O=C(Cc1ccccc1)OC1CC=C2C(=O)C=CC2C2OC(=O)CC12,1.0,1
C=C1C(=O)OC2C3C(CO)=CC(=O)C3=C(C)CC(OC(=O)Cc3ccc(O)cc3)C12,M01173,410.42200000000014,1.7820999999999998,110.13000000000001,2.0,7.0,4.0,C=C1C(=O)OC2C3C=CC(=O)C3=CCC(OC(=O)Cc3ccccc3)C12,0.9466801716388252,2
O=C(O)c1ccc(OS(=O)(=O)O)cc1,M01174,218.18599999999998,0.5664,100.9,2.0,4.0,3.0,c1ccccc1,0.21161295934610674,802
O=C(O)c1ccc(OC2OC(C(=O)O)C(O)C(O)C2O)cc1,M01175,314.246,-1.3442,153.75,5.0,7.0,4.0,c1ccc(OC2CCCCO2)cc1,0.6788243374826469,22
O=C(O)c1ccc(O)c(OS(=O)(=O)O)c1,M01176,234.18499999999997,0.27199999999999985,121.13000000000001,3.0,5.0,3.0,c1ccccc1,0.21161295934610674,802
O=C(O)c1ccc(O)c(OC2OC(C(=O)O)C(O)C(O)C2O)c1,M01177,330.245,-1.6385999999999998,173.98,6.0,8.0,4.0,c1ccc(OC2CCCCO2)cc1,0.6788243374826469,22
COc1cc(C(=O)O)ccc1OC1OC(C(=O)O)C(O)C(O)C1C,M01178,342.3,-0.06040000000000045,142.75,4.0,7.0,5.0,c1ccc(OC2CCCCO2)cc1,0.6788243374826469,22
COc1cc(C(=O)O)ccc1OS(=O)(=O)O,M01179,248.212,0.5749999999999998,110.13000000000001,2.0,5.0,4.0,c1ccccc1,0.21161295934610674,802
COc1cc(C=CC(=O)NCC(=O)O)ccc1O,M01180,251.23799999999997,0.6147999999999998,95.86,3.0,4.0,5.0,c1ccccc1,0.21161295934610674,802
COc1cc(C=CC(=O)O)ccc1OC1OC(C(=O)O)C(O)C(O)C1O,M01181,370.31000000000006,-0.9360000000000002,162.98,5.0,8.0,6.0,c1ccc(OC2CCCCO2)cc1,0.6788243374826469,22
COc1ccc(C=CC(=O)O)cc1OS(=O)(=O)O,M01182,274.25,0.9746000000000001,110.13000000000001,2.0,5.0,5.0,c1ccccc1,0.21161295934610674,802
COc1ccc(CCC(=O)O)cc1OC1OC(C(=O)O)C(O)C(O)C1O,M01183,372.326,-1.0165999999999995,162.98,5.0,8.0,7.0,c1ccc(OC2CCCCO2)cc1,0.6788243374826469,22
O=C(O)C=Cc1ccc(OC2OC(C(=O)O)C(O)C(O)C2O)c(O)c1,M01184,356.283,-1.239,173.98,6.0,8.0,5.0,c1ccc(OC2CCCCO2)cc1,0.6788243374826469,22
O=C(O)CCc1cccc(O)c1,M01185,166.176,1.4094,57.53,2.0,2.0,3.0,c1ccccc1,0.21161295934610674,802
O=C(O)c1ccc(OS(=O)(=O)O)c(O)c1,M01186,234.18499999999997,0.27199999999999996,121.13000000000001,3.0,5.0,3.0,c1ccccc1,0.21161295934610674,802
O=C(O)c1ccc(OC2OC(C(=O)O)C(O)C(O)C2O)c(O)c1,M01187,330.245,-1.6386000000000003,173.98,6.0,8.0,4.0,c1ccc(OC2CCCCO2)cc1,0.6788243374826469,22
COc1ccc(C(=O)O)cc1OC1OC(C(=O)O)C(O)C(O)C1O,M01188,344.272,-1.3356,162.98,5.0,8.0,5.0,c1ccc(OC2CCCCO2)cc1,0.6788243374826469,22
COc1ccc(C(=O)O)cc1OS(=O)(=O)O,M01189,248.212,0.5749999999999998,110.13000000000001,2.0,5.0,4.0,c1ccccc1,0.21161295934610674,802
COc1ccc(C=CC(=O)O)cc1OC1OC(C(=O)O)C(O)C(O)C1O,M01190,370.31,-0.9360000000000002,162.98,5.0,8.0,6.0,c1ccc(OC2CCCCO2)cc1,0.6788243374826469,22
O=C(O)CCc1ccc(O)c(OC2OC(C(=O)O)C(O)C(O)C2O)c1,M01191,358.29900000000004,-1.3195999999999999,173.98,6.0,8.0,6.0,c1ccc(OC2CCCCO2)cc1,0.6788243374826469,22
O=C(O)CCc1ccc(O)c(OS(=O)(=O)O)c1,M01192,262.239,0.591,121.13000000000001,3.0,5.0,5.0,c1ccccc1,0.21161295934610674,802
COc1cc(C=CC(=O)O)ccc1OS(=O)(=O)O,M01193,274.25,0.9746000000000001,110.13000000000001,2.0,5.0,5.0,c1ccccc1,0.21161295934610674,802
COc1cc(CCC(=O)O)ccc1OS(=O)(=O)O,M01194,276.266,0.8939999999999999,110.13000000000001,2.0,5.0,6.0,c1ccccc1,0.21161295934610674,802
O=C(O)CNC(=O)c1ccc(O)cc1,M01195,195.174,0.20659999999999973,86.63000000000001,3.0,3.0,3.0,c1ccccc1,0.21161295934610674,802
COc1ccc(C2COc3c(O)cc(OC4OC(C(=O)O)C(O)C(O)C4O)cc3O2)cc1O,M01196,466.39500000000015,-0.11010000000000031,184.59999999999997,6.0,11.0,5.0,c1ccc(C2COc3ccc(OC4CCCCO4)cc3O2)cc1,1.0,1
O=C1CC(c2ccc(O)cc2)Oc2cc(OC3OC(C(=O)O)C(O)C(O)C3O)cc(O)c21,M01197,448.3800000000001,0.07529999999999987,183.20999999999998,6.0,10.0,4.0,O=C1CC(c2ccccc2)Oc2cc(OC3CCCCO3)ccc21,0.9466801716388252,2
COc1ccc(C2CC(=O)c3c(O)cc(O)cc3O2)cc1OC1OC(C(=O)O)C(O)C(O)C1O,M01198,478.4060000000002,0.08389999999999959,192.43999999999997,6.0,11.0,5.0,O=C1CC(c2cccc(OC3CCCCO3)c2)Oc2ccccc21,1.0,1
O=C1CC(c2ccc(OC3OC(C(=O)O)C(O)C(O)C3O)cc2)Oc2cc(O)cc(O)c21,M01199,448.38000000000017,0.07529999999999881,183.20999999999998,6.0,10.0,4.0,O=C1CC(c2ccc(OC3CCCCO3)cc2)Oc2ccccc21,1.0,1
O=C1CCC(Cc2cccc(OC3OC(C(=O)O)C(O)C(O)C3O)c2)O1,M01200,368.338,-0.7942999999999998,142.75,4.0,8.0,5.0,O=C1CCC(Cc2cccc(OC3CCCCO3)c2)O1,0.9466801716388252,2
O=C1CCC(Cc2cccc(OS(=O)(=O)O)c2)O1,M01201,272.278,1.1162999999999998,89.9,1.0,5.0,4.0,O=C1CCC(Cc2ccccc2)O1,0.8352580650673657,6
O=C1CCC(Cc2ccc(O)c(O)c2)O1,M01202,208.213,1.3458999999999999,66.76,2.0,4.0,2.0,O=C1CCC(Cc2ccccc2)O1,0.8352580650673657,6
O=C1CCC(Cc2cc(O)cc(O)c2)O1,M01203,208.213,1.3458999999999999,66.76,2.0,4.0,2.0,O=C1CCC(Cc2ccccc2)O1,0.8352580650673657,6
O=C1CCC(Cc2ccc(O)c(OS(=O)(=O)O)c2)O1,M01204,288.277,0.8219,110.13000000000001,2.0,6.0,4.0,O=C1CCC(Cc2ccccc2)O1,0.8352580650673657,6
O=C1CCC(Cc2cc(O)cc(OC3OC(C(=O)O)C(O)C(O)C3O)c2)O1,M01205,384.33700000000005,-1.0887000000000007,162.98,5.0,9.0,5.0,O=C1CCC(Cc2cccc(OC3CCCCO3)c2)O1,0.9466801716388252,2
O=C(O)C1OC(Oc2cc(O)cc(C=Cc3ccc(O)cc3)c2)C(O)C(O)C1O,M01206,404.3710000000001,0.5391999999999995,156.91,6.0,8.0,5.0,C(=Cc1cccc(OC2CCCCO2)c1)c1ccccc1,0.8795051323147839,4
O=S(=O)(O)Oc1cc(O)cc(C=Cc2ccc(O)cc2)c1,M01207,308.311,2.4498000000000006,104.06000000000002,3.0,5.0,4.0,C(=Cc1ccccc1)c1ccccc1,0.7883542836784342,9
O=C(O)C1OC(Oc2ccc(C=Cc3cc(O)cc(O)c3)cc2)C(O)C(O)C1O,M01208,404.3710000000001,0.5391999999999995,156.91,6.0,8.0,5.0,C(=Cc1ccc(OC2CCCCO2)cc1)c1ccccc1,1.0,1
O=C(O)C1OC(Oc2ccc3c(c2)oc(=O)c2ccccc23)C(O)C(O)C1O,M01209,388.32800000000003,0.21719999999999973,146.66,4.0,8.0,3.0,O=c1oc2cc(OC3CCCCO3)ccc2c2ccccc12,0.9088491513636503,3
O=c1oc2cc(O)ccc2c2cc(O)c(O)cc12,M01210,244.20199999999997,2.0629999999999997,90.9,3.0,5.0,0.0,O=c1oc2ccccc2c2ccccc12,0.7883542836784342,9
O=c1oc2c(O)c(O)ccc2c2cc(O)c(O)cc12,M01211,260.20099999999996,1.7686,111.13000000000001,4.0,6.0,0.0,O=c1oc2ccccc2c2ccccc12,0.7883542836784342,9
NCC(O)c1ccccc1,M01212,137.182,0.6787000000000001,46.25,2.0,2.0,2.0,c1ccccc1,0.21161295934610674,802
CC1NCCc2cc(O)c(O)cc21,M01213,179.219,1.3045,52.489999999999995,3.0,3.0,0.0,c1ccc2c(c1)CCNC2,0.9466801716388252,2
COc1cc(C(O)C(=O)O)ccc1O,M01214,198.174,0.5187999999999999,86.99000000000001,3.0,4.0,3.0,c1ccccc1,0.21161295934610674,802
O=C(O)Cc1cc(O)ccc1O,M01215,168.148,0.7248999999999999,77.76,3.0,3.0,2.0,c1ccccc1,0.21161295934610674,802
O=C(O)Cc1cc(O)cc(O)c1,M01216,168.148,0.7248999999999999,77.76,3.0,3.0,2.0,c1ccccc1,0.21161295934610674,802
COc1c(O)cccc1O,M01217,140.13799999999998,1.1063999999999996,49.69,2.0,3.0,1.0,c1ccccc1,0.21161295934610674,802
O=C(O)C(O)Cc1ccc(O)cc1,M01218,182.175,0.38020000000000015,77.76,3.0,3.0,3.0,c1ccccc1,0.21161295934610674,802
O=C([O-])C(O)c1ccccc1,M01219,151.141,-0.5301000000000007,60.36,1.0,3.0,2.0,c1ccccc1,0.21161295934610674,802
COc1cccc(O)c1O,M01220,140.13799999999998,1.1063999999999996,49.69,2.0,3.0,1.0,c1ccccc1,0.21161295934610674,802
O=C(O)Cc1cccc(O)c1,M01221,152.149,1.0193,57.53,2.0,2.0,2.0,c1ccccc1,0.21161295934610674,802
O=C(O)Cc1ccccc1O,M01222,152.14899999999997,1.0192999999999999,57.53,2.0,2.0,2.0,c1ccccc1,0.21161295934610674,802
O=C([O-])CCc1ccccc1O,M01223,165.16799999999998,0.07469999999999971,60.36,1.0,3.0,3.0,c1ccccc1,0.21161295934610674,802
C=C1CCC(O)CC1=CC=C1CCCC2(C)C1CCC2C(C)C=CC(C)C(C)C,M01224,396.6590000000001,7.641000000000008,20.23,1.0,1.0,5.0,C=C1CCCCC1=CC=C1CCCC2CCCC12,0.9466801716388252,2
CC(C=CC=C(C)C=CC1=C(C)CCCC1(C)C)=CC=CC=C(C)C=CC=C(C)C=CC1=C(C)CCCC1(C)C,M01225,536.8880000000003,12.605799999999977,0.0,0.0,0.0,10.0,C(=CC=CC=CC=CC=CC1=CCCCC1)C=CC=CC=CC=CC1=CCCCC1,0.9088491513636503,3
CN1CCCCC1C(=O)O,M01226,143.186,0.5552999999999999,40.540000000000006,1.0,2.0,1.0,C1CCNCC1,0.7265474540909509,15
Cn1c(=O)c2[nH]c(=O)[nH]c2n(C)c1=O,M01227,196.166,-1.7464000000000002,92.65,2.0,5.0,0.0,O=c1[nH]c(=O)c2[nH]c(=O)[nH]c2[nH]1,0.8352580650673657,6
O=Cc1ccc[nH]1,M01228,95.10099999999998,0.8271999999999999,32.86,1.0,1.0,1.0,c1cc[nH]c1,0.9088491513636503,3
CC(C)C1NC(=O)C2CCCN2C1=O,M01229,196.24999999999994,0.1317999999999997,49.410000000000004,1.0,2.0,1.0,O=C1NCC(=O)N2CCCC12,0.9088491513636503,3
O=c1cc(-c2ccc(O)cc2)oc2c(C3OC(CO)C(O)C(O)C3O)c(O)cc(O)c12,M01230,432.3810000000001,0.09169999999999978,181.04999999999998,7.0,10.0,3.0,O=c1cc(-c2ccccc2)oc2c(C3CCCCO3)cccc12,0.9466801716388252,2
CC(C)CC1NC(=O)C2CCCN2C1=O,M01231,210.27699999999993,0.5218999999999998,49.410000000000004,1.0,2.0,2.0,O=C1NCC(=O)N2CCCC12,0.9088491513636503,3
O=C(O)CCCCc1ccc(O)c(O)c1,M01232,210.229,1.8952000000000007,77.76,3.0,3.0,5.0,c1ccccc1,0.21161295934610674,802
OCC(Cc1cccc(O)c1)C(CO)Cc1cccc(O)c1,M01233,302.37,2.0999999999999996,80.92,4.0,4.0,7.0,c1ccc(CCCCc2ccccc2)cc1,0.9466801716388252,2
CCCC(C(=O)O)c1cccc(O)c1,M01234,194.23,2.3605,57.53,2.0,2.0,4.0,c1ccccc1,0.21161295934610674,802
COc1cc(C2CC(=O)c3c(O)cc(O)cc3O2)ccc1O,M01235,302.28200000000004,2.518500000000001,96.22000000000001,3.0,6.0,2.0,O=C1CC(c2ccccc2)Oc2ccccc21,0.7185751418868361,16
COc1ccc(-c2cc(=O)c3c(O)cc(O)cc3o2)cc1O,M01236,300.266,2.5854000000000004,100.13000000000001,3.0,6.0,2.0,O=c1cc(-c2ccccc2)oc2ccccc12,0.6127978022039184,37
CC1CCC2(NC1)OC1CC3C4CCC5CC(O)CCC5(C)C4CCC3(C)C1C2C,M01237,415.66200000000026,5.366800000000006,41.489999999999995,2.0,3.0,0.0,C1CCC2(CC3C(CC4C3CCC3C5CCCCC5CCC34)O2)NC1,1.0,1
COc1ccc(-c2oc3cc(O)cc(O)c3c(=O)c2O)cc1O,M01238,316.26500000000004,2.2910000000000017,120.36000000000001,4.0,7.0,2.0,O=c1cc(-c2ccccc2)oc2ccccc12,0.6127978022039184,37
COc1ccc(-c2coc3cc(O)ccc3c2=O)cc1,M01239,268.268,3.1742000000000017,59.67,1.0,4.0,2.0,O=c1c(-c2ccccc2)coc2ccccc12,0.8352580650673657,6
COc1c2ccoc2cc2oc(=O)ccc12,M01240,216.19199999999995,2.5478000000000005,52.580000000000005,0.0,4.0,1.0,O=c1ccc2cc3ccoc3cc2o1,0.8352580650673657,6
COc1ccc(-c2cc(=O)c3c(OC)c(OC)c(OC)c(OC)c3o2)cc1OC,M01241,402.39900000000017,3.5116000000000023,85.59000000000002,0.0,8.0,7.0,O=c1cc(-c2ccccc2)oc2ccccc12,0.6127978022039184,37
COc1ccc(C2CC(=O)c3c(O)cc(O)cc3O2)cc1,M01242,286.283,2.812900000000001,75.99000000000001,2.0,5.0,2.0,O=C1CC(c2ccccc2)Oc2ccccc21,0.7185751418868361,16
COc1ccc(-c2oc3cc(O)cc(O)c3c(=O)c2O)cc1,M01243,300.266,2.5854000000000017,100.13000000000001,3.0,6.0,2.0,O=c1cc(-c2ccccc2)oc2ccccc12,0.6127978022039184,37
COc1ccc(-c2coc3cc(O)cc(O)c3c2=O)cc1,M01244,284.267,2.8798000000000012,79.9,2.0,5.0,2.0,O=c1c(-c2ccccc2)coc2ccccc12,0.8352580650673657,6
COc1cc(CNC(=O)CCCCC=CC(C)C)ccc1O,M01245,305.418,3.789600000000003,58.56,2.0,3.0,9.0,c1ccccc1,0.21161295934610674,802
CC(C)=CCCC(C)=CCOc1c2ccoc2cc2oc(=O)ccc12,M01246,338.4030000000001,5.610700000000005,52.580000000000005,0.0,4.0,6.0,O=c1ccc2cc3ccoc3cc2o1,0.8352580650673657,6
CS(=O)CCCC(=NOS(=O)(=O)O)SC1OC(CO)C(O)C(O)C1O,M01247,423.48700000000014,-2.188899999999997,183.17999999999998,5.0,11.0,8.0,C1CCOCC1,0.6627017793637848,25
C=CC(O)CC(=NOS(=O)(=O)O)SC1OC(CO)C(O)C(O)C1O,M01248,389.40400000000005,-2.410599999999999,186.34,6.0,11.0,7.0,C1CCOCC1,0.6627017793637848,25
C=CCC(=NOS(=O)(=O)O)SC1OC(CO)C(O)C(O)C1O,M01249,359.378,-1.7714999999999999,166.10999999999999,5.0,10.0,6.0,C1CCOCC1,0.6627017793637848,25
CS(=O)CCCCC(=NOS(=O)(=O)O)SC1OC(CO)C(O)C(O)C1O,M01250,437.5140000000001,-1.7987999999999973,183.17999999999998,5.0,11.0,9.0,C1CCOCC1,0.6627017793637848,25
C=CCCC(=NOS(=O)(=O)O)SC1OC(CO)C(O)C(O)C1O,M01251,373.4050000000001,-1.3814000000000002,166.10999999999999,5.0,10.0,7.0,C1CCOCC1,0.6627017793637848,25
O=S(=O)(O)ON=C(CCc1ccccc1)SC1OC(CO)C(O)C(O)C1O,M01252,423.4650000000001,-0.7147999999999997,166.11,5.0,10.0,7.0,N=C(CCc1ccccc1)SC1CCCCO1,1.0,1
CC1OC(OCC2OC(Oc3c(-c4ccc(O)c(O)c4)oc4cc(OC5OC(CO)C(O)C(O)C5O)cc(O)c4c3=O)C(O)C(O)C2O)C(O)C(O)C1O,M01253,772.6620000000006,-4.213999999999998,348.58000000000004,13.0,21.0,9.0,O=c1c(OC2CCCC(COC3CCCCO3)O2)c(-c2ccccc2)oc2cc(OC3CCCCO3)ccc12,0.9466801716388252,2
O=C(O)C(O)Cc1ccccc1,M01254,166.17600000000002,0.6746000000000002,57.53,2.0,2.0,3.0,c1ccccc1,0.21161295934610674,802
O=C(O)CNCc1ccccc1O,M01255,181.191,0.5663999999999996,69.56,3.0,3.0,4.0,c1ccccc1,0.21161295934610674,802
COc1ccccc1C(=O)O,M01256,152.14899999999997,1.3934,46.53,1.0,2.0,2.0,c1ccccc1,0.21161295934610674,802
COc1ccc(CC(=O)O)cc1OC,M01257,196.202,1.3309,55.760000000000005,1.0,3.0,4.0,c1ccccc1,0.21161295934610674,802
CC1OC(Oc2cc(O)c3c(=O)c(OC4OC(C)C(O)C(O)C4O)c(-c4ccc(O)cc4)oc3c2)C(O)C(O)C1O,M01258,578.5230000000003,-0.7162000000000002,228.96999999999994,8.0,14.0,5.0,O=c1c(OC2CCCCO2)c(-c2ccccc2)oc2cc(OC3CCCCO3)ccc12,1.0,1
O=C(O)CC(=O)OCC1OC(Oc2c(-c3ccc(O)c(O)c3)oc3cc(O)cc(O)c3c2=O)C(O)C(O)C1O,M01259,550.4250000000003,-0.5132999999999999,253.87999999999997,8.0,14.0,7.0,O=c1c(OC2CCCCO2)c(-c2ccccc2)oc2ccccc12,0.7538526280001345,12
COc1cccc(C(=O)O)c1,M01260,152.149,1.3934,46.53,1.0,2.0,2.0,c1ccccc1,0.21161295934610674,802
O=C(O)CCc1ccccc1,M01261,150.177,1.7038,37.3,1.0,1.0,3.0,c1ccccc1,0.21161295934610674,802
O=C(C=Cc1ccc(O)cc1)OCC1OC(Oc2c(-c3ccc(O)cc3)oc3cc(O)cc(O)c3c2=O)C(O)C(O)C1O,M01262,594.5250000000004,1.7253999999999994,216.57999999999998,7.0,13.0,7.0,O=C(C=Cc1ccccc1)OCC1CCCC(Oc2c(-c3ccccc3)oc3ccccc3c2=O)O1,1.0,1
COc1ccc(C=CC(=O)O)cc1,M01263,178.18699999999998,1.7930000000000001,46.53,1.0,2.0,3.0,c1ccccc1,0.21161295934610674,802
COc1cccc(C=CC(=O)O)c1,M01264,178.18699999999998,1.793,46.53,1.0,2.0,3.0,c1ccccc1,0.21161295934610674,802
COc1ccccc1C=CC(=O)O,M01265,178.18699999999998,1.7929999999999997,46.53,1.0,2.0,3.0,c1ccccc1,0.21161295934610674,802
O=C1OCC2OC(=O)c3cc(O)c(O)c(O)c3-c3c(O)c(O)c(O)c4c3C(=O)OC(C2OC(=O)c2cc(O)c(O)c(O)c2-c2c1cc(O)c(O)c2O)C1OC(=O)c2c-4c(O)c(O)c(O)c2C1O,M01266,934.6330000000005,1.318000000000003,455.1800000000001,16.0,26.0,0.0,O=C1OCC2OC(=O)c3ccccc3-c3cccc4c3C(=O)OC(C3Cc5cccc-4c5C(=O)O3)C2OC(=O)c2ccccc2-c2ccccc21,1.0,1
O=C(O)C1OC(Oc2ccc3c(=O)c(-c4ccc(O)cc4)coc3c2)C(O)C(O)C1O,M01267,430.36500000000007,0.4365999999999995,166.89000000000001,5.0,9.0,4.0,O=c1c(-c2ccccc2)coc2cc(OC3CCCCO3)ccc12,0.9466801716388252,2
O=C(O)C1OC(Oc2ccc3c(c2)oc(=O)c2cc(O)ccc23)C(O)C(O)C1O,M01268,404.32700000000006,-0.07720000000000021,166.89,5.0,9.0,3.0,O=c1oc2cc(OC3CCCCO3)ccc2c2ccccc12,0.9088491513636503,3
COc1cc(CC(COC2OC(CO)C(O)C(O)C2O)C(COC2OC(CO)C(O)C(O)C2O)Cc2ccc(O)c(OC)c2)ccc1O,M01269,686.7040000000003,-2.234399999999994,257.67999999999995,10.0,16.0,15.0,c1ccc(CC(COC2CCCCO2)C(COC2CCCCO2)Cc2ccccc2)cc1,1.0,1
O=C(O)C1OC(Oc2ccc3c(c2)oc(=O)c2ccc(O)cc23)C(O)C(O)C1O,M01270,404.32700000000006,-0.07720000000000016,166.89,5.0,9.0,3.0,O=c1oc2cc(OC3CCCCO3)ccc2c2ccccc12,0.9088491513636503,3
O=C(O)C1OC(Oc2ccc(-c3coc4cc(O)ccc4c3=O)cc2)C(O)C(O)C1O,M01271,430.3650000000001,0.4365999999999995,166.89000000000001,5.0,9.0,4.0,O=c1c(-c2ccc(OC3CCCCO3)cc2)coc2ccccc12,0.9466801716388252,2
O=C(O)C1OC(Oc2cc(O)c3c(=O)c(-c4ccc(O)cc4)coc3c2)C(O)C(O)C1O,M01272,446.3640000000001,0.14219999999999955,187.11999999999998,6.0,10.0,4.0,O=c1c(-c2ccccc2)coc2cc(OC3CCCCO3)ccc12,0.9466801716388252,2
O=c1oc2cc(O)ccc2c2c(O)c(O)c(O)cc12,M01273,260.20099999999996,1.7685999999999995,111.13000000000001,4.0,6.0,0.0,O=c1oc2ccccc2c2ccccc12,0.7883542836784342,9
O=c1oc2cc(OS(=O)(=O)O)ccc2c2ccc(O)cc12,M01274,308.26700000000005,1.8334000000000001,114.04,2.0,6.0,2.0,O=c1oc2ccccc2c2ccccc12,0.7883542836784342,9
O=c1c(-c2ccc(O)cc2)coc2cc(OS(=O)(=O)O)ccc12,M01275,334.30500000000006,2.347200000000001,114.04,2.0,6.0,3.0,O=c1c(-c2ccccc2)coc2ccccc12,0.8352580650673657,6
O=S(=O)(O)Oc1ccc(C=Cc2cc(O)cc(O)c2)cc1,M01276,308.311,2.4498000000000006,104.06000000000002,3.0,5.0,4.0,C(=Cc1ccccc1)c1ccccc1,0.7883542836784342,9
O=C1CCC(Cc2cccc(O)c2)O1,M01277,192.214,1.6402999999999999,46.53,1.0,3.0,2.0,O=C1CCC(Cc2ccccc2)O1,0.8352580650673657,6
O=C(O)C1OC(Oc2ccc(-c3coc4cc(O)cc(O)c4c3=O)cc2)C(O)C(O)C1O,M01278,446.36400000000015,0.14219999999999977,187.11999999999998,6.0,10.0,4.0,O=c1c(-c2ccc(OC3CCCCO3)cc2)coc2ccccc12,0.9466801716388252,2
O=c1oc2cc(O)ccc2c2c(O)cc(O)cc12,M01279,244.20199999999997,2.062999999999999,90.9,3.0,5.0,0.0,O=c1oc2ccccc2c2ccccc12,0.7883542836784342,9
O=S(=O)([O-])Oc1ccc(C2COc3cc(O)ccc3C2)cc1,M01280,321.33000000000004,1.9499000000000002,95.89000000000001,1.0,6.0,3.0,c1ccc(C2COc3ccccc3C2)cc1,1.0,1
COc1ccc(C2CC(=O)c3c(O)cc(OS(=O)(=O)O)cc3O2)cc1O,M01281,382.3460000000001,1.9945,139.59,3.0,8.0,4.0,O=C1CC(c2ccccc2)Oc2ccccc21,0.7185751418868361,16
O=c1oc2cc(OS(=O)(=O)O)ccc2c2ccccc12,M01282,292.26800000000003,2.1278000000000006,93.81,1.0,5.0,2.0,O=c1oc2ccccc2c2ccccc12,0.7883542836784342,9
O=c1oc2cc(O)ccc2c2cc(O)ccc12,M01283,228.20299999999997,2.3574,70.67,2.0,4.0,0.0,O=c1oc2ccccc2c2ccccc12,0.7883542836784342,9
Oc1ccc(CCc2cc(O)cc(O)c2)cc1,M01284,230.26300000000003,2.5886000000000005,60.69,3.0,3.0,3.0,c1ccc(CCc2ccccc2)cc1,0.9088491513636503,3
COc1ccc(C2CC(=O)c3c(O)cc(O)cc3O2)cc1OS(=O)(=O)O,M01285,382.3460000000001,1.9945,139.59,3.0,8.0,4.0,O=C1CC(c2ccccc2)Oc2ccccc21,0.7185751418868361,16
O=C1OCC(Cc2cccc(O)c2)C1Cc1cccc(O)c1,M01286,298.338,2.672200000000001,66.76,2.0,4.0,4.0,O=C1OCC(Cc2ccccc2)C1Cc1ccccc1,0.9466801716388252,2
O=C1c2ccccc2C(=O)c2c1cc(O)c(CO)c2O,M01287,270.23999999999995,1.3655000000000002,94.83000000000001,3.0,5.0,1.0,O=C1c2ccccc2C(=O)c2ccccc21,0.8555293230024756,5
Cc1c(O)cc2c(c1O)C(=O)c1ccccc1C2=O,M01288,254.24099999999999,2.1816199999999997,74.6,2.0,4.0,0.0,O=C1c2ccccc2C(=O)c2ccccc21,0.8555293230024756,5
Oc1cc(O)cc(O)c1,M01289,126.11099999999996,0.8033999999999999,60.69,3.0,3.0,0.0,c1ccccc1,0.21161295934610674,802
Cc1ccc(OS(=O)(=O)O)c(O)c1,M01290,204.203,0.88222,83.83000000000001,2.0,4.0,2.0,c1ccccc1,0.21161295934610674,802
Cc1ccc(O)c(OS(=O)(=O)O)c1,M01291,204.203,0.88222,83.83,2.0,4.0,2.0,c1ccccc1,0.21161295934610674,802
O=C1c2c(O)cc(O)cc2OC(c2cc(O)c(O)c(O)c2)C1O,M01292,320.253,0.8919000000000001,147.68,6.0,8.0,1.0,O=C1CC(c2ccccc2)Oc2ccccc21,0.7185751418868361,16
O=C(O)C=Cc1ccc(O)cc1O,M01293,180.159,1.1955999999999998,77.76,3.0,3.0,2.0,c1ccccc1,0.21161295934610674,802
Cc1ccc(O)c(O)c1,M01294,124.13899999999998,1.4062199999999996,40.46,2.0,2.0,0.0,c1ccccc1,0.21161295934610674,802
O=C1c2c(O)cc(O)cc2OC(c2cc(O)c(OS(=O)(=O)O)c(O)c2)C1O,M01295,400.31700000000006,0.36790000000000017,191.04999999999998,6.0,10.0,3.0,O=C1CC(c2ccccc2)Oc2ccccc21,0.7185751418868361,16
O=c1c(OC2OC(CO)C(O)C(O)C2O)c(-c2ccc(OS(=O)(=O)O)c(O)c2)oc2cc(O)cc(O)c12,M01296,544.4430000000003,-1.0628999999999988,253.88,8.0,14.0,6.0,O=c1c(OC2CCCCO2)c(-c2ccccc2)oc2ccccc12,0.7538526280001345,12
COc1cc(C2Oc3c(O)cc(C4Oc5cc(O)cc(O)c5C(=O)C4O)cc3C2CO)ccc1O,M01297,482.4410000000002,2.4045,166.14000000000001,6.0,10.0,4.0,O=C1CC(c2ccc3c(c2)CC(c2ccccc2)O3)Oc2ccccc21,1.0,1
O=c1c(O)c(-c2cc(O)c(O)c(OS(=O)(=O)O)c2)oc2cc(O)cc(O)c12,M01298,398.3010000000001,1.1696,194.95999999999998,6.0,10.0,3.0,O=c1cc(-c2ccccc2)oc2ccccc12,0.6127978022039184,37
O=c1cc(-c2ccc(OS(=O)(=O)O)c(O)c2)oc2cc(OS(=O)(=O)O)cc(O)c12,M01299,446.3670000000002,1.2343999999999997,197.86999999999998,4.0,10.0,5.0,O=c1cc(-c2ccccc2)oc2ccccc12,0.6127978022039184,37
COc1cc(-c2[o+]c3cc(O)cc(O)c3cc2O)ccc1O,M01300,301.274,3.2119000000000004,101.45000000000002,4.0,5.0,2.0,c1ccc(-c2ccc3ccccc3[o+]2)cc1,0.8555293230024756,5
O=c1c(O)c(-c2cc(O)c(OS(=O)(=O)O)c(O)c2)oc2cc(O)cc(O)c12,M01301,398.3010000000001,1.1696,194.95999999999998,6.0,10.0,3.0,O=c1cc(-c2ccccc2)oc2ccccc12,0.6127978022039184,37
COc1cc(C2Oc3cc(C4Oc5cc(O)cc(O)c5C(=O)C4O)ccc3OC2CO)ccc1O,M01302,482.4410000000002,2.3627,155.14,5.0,10.0,4.0,O=C1CC(c2ccc3c(c2)OC(c2ccccc2)CO3)Oc2ccccc21,1.0,1
O=c1cc(-c2ccc(O)c(OS(=O)(=O)O)c2)oc2cc(O)cc(O)c12,M01303,366.3030000000001,1.7583999999999995,154.5,4.0,8.0,3.0,O=c1cc(-c2ccccc2)oc2ccccc12,0.6127978022039184,37
O=c1cc(-c2ccc(OS(=O)(=O)O)c(O)c2)oc2cc(O)cc(O)c12,M01304,366.3030000000001,1.7583999999999995,154.5,4.0,8.0,3.0,O=c1cc(-c2ccccc2)oc2ccccc12,0.6127978022039184,37
COc1cc(C2Oc3c(O)cc(-c4oc5cc(O)cc(O)c5c(=O)c4O)cc3C2CO)ccc1O,M01305,480.42500000000024,3.2062000000000013,170.04999999999998,6.0,10.0,4.0,O=c1cc(-c2ccc3c(c2)CC(c2ccccc2)O3)oc2ccccc12,1.0,1
COc1cc(C2Oc3ccc(C4Oc5cc(O)cc(O)c5C(=O)C4O)cc3OC2CO)ccc1O,M01306,482.4410000000002,2.3627000000000007,155.14,5.0,10.0,4.0,O=C1CC(c2ccc3c(c2)OCC(c2ccccc2)O3)Oc2ccccc21,1.0,1
COc1cc(C2C3C=C(C4Oc5cc(O)cc(O)c5C(=O)C4O)C4C2COC4(O)C3=O)ccc1O,M01307,482.44100000000026,0.9904999999999995,162.98000000000002,5.0,10.0,3.0,O=C1CC(C2=CC3C(=O)C4OCC(C24)C3c2ccccc2)Oc2ccccc21,1.0,1
COc1cc(C2Oc3cc(-c4oc5cc(O)cc(O)c5c(=O)c4O)ccc3OC2CO)ccc1O,M01308,480.42500000000024,3.164400000000002,159.04999999999998,5.0,10.0,4.0,O=c1cc(-c2ccc3c(c2)OC(c2ccccc2)CO3)oc2ccccc12,1.0,1
O=S(=O)(O)Oc1cccc(O)c1O,M01309,206.17499999999998,0.2793999999999999,104.06000000000002,3.0,5.0,2.0,c1ccccc1,0.21161295934610674,802
Oc1cccc(O)c1,M01310,110.11199999999998,1.0977999999999999,40.46,2.0,2.0,0.0,c1ccccc1,0.21161295934610674,802
COc1c(O)cccc1OS(=O)(=O)O,M01311,220.20199999999997,0.5823999999999999,93.06,2.0,5.0,3.0,c1ccccc1,0.21161295934610674,802
O=C(NC(O)C(=O)O)c1ccccc1,M01312,195.174,-0.18060000000000076,86.63000000000001,3.0,3.0,3.0,c1ccccc1,0.21161295934610674,802
O=C(O)CNC(=O)c1cccc(O)c1,M01313,195.174,0.20659999999999962,86.63000000000001,3.0,3.0,3.0,c1ccccc1,0.21161295934610674,802
O=C(O)C=Cc1ccc(OC2OC(C(=O)O)C(O)C(O)C2O)cc1,M01314,340.284,-0.9445999999999997,153.75,5.0,7.0,5.0,c1ccc(OC2CCCCO2)cc1,0.6788243374826469,22
COc1cccc(OS(=O)(=O)O)c1O,M01315,220.20199999999997,0.5823999999999998,93.06,2.0,5.0,3.0,c1ccccc1,0.21161295934610674,802
O=C(O)C1OC(Oc2ccccc2O)C(O)C(O)C1O,M01316,286.23600000000005,-1.3368000000000004,136.68,5.0,7.0,3.0,c1ccc(OC2CCCCO2)cc1,0.6788243374826469,22
COc1cc(CC(=O)O)ccc1OS(=O)(=O)O,M01317,262.239,0.5039000000000001,110.13000000000001,2.0,5.0,5.0,c1ccccc1,0.21161295934610674,802
O=C(O)C=Cc1ccc(O)c(OS(=O)(=O)O)c1,M01318,260.22299999999996,0.6716000000000002,121.13000000000001,3.0,5.0,4.0,c1ccccc1,0.21161295934610674,802
COc1ccc(C(=O)O)cc1O,M01319,168.148,1.0989999999999998,66.76,2.0,3.0,2.0,c1ccccc1,0.21161295934610674,802
O=C(O)C=Cc1ccc(O)c(OC2OC(C(=O)O)C(O)C(O)C2O)c1,M01320,356.283,-1.2390000000000005,173.98,6.0,8.0,5.0,c1ccc(OC2CCCCO2)cc1,0.6788243374826469,22
O=C(O)C=Cc1ccc(OS(=O)(=O)O)cc1,M01321,244.224,0.9660000000000001,100.9,2.0,4.0,4.0,c1ccccc1,0.21161295934610674,802
O=C(O)C=Cc1ccc(OS(=O)(=O)O)c(O)c1,M01322,260.22299999999996,0.6716,121.13000000000001,3.0,5.0,4.0,c1ccccc1,0.21161295934610674,802
COc1cc(CCC(=O)O)ccc1OC1OC(C(=O)O)C(O)C(O)C1O,M01323,372.3260000000001,-1.0165999999999995,162.98,5.0,8.0,7.0,c1ccc(OC2CCCCO2)cc1,0.6788243374826469,22
O=C1CCC(Cc2ccc(OS(=O)(=O)O)c(O)c2)O1,M01324,288.277,0.8218999999999999,110.13000000000001,2.0,6.0,4.0,O=C1CCC(Cc2ccccc2)O1,0.8352580650673657,6
CC(Oc1ccc(O)cc1)C(=O)O,M01325,182.17499999999995,1.2441,66.76,2.0,3.0,3.0,c1ccccc1,0.21161295934610674,802
O=S(=O)(O)Oc1cc(C2Oc3cc(O)cc(O)c3CC2O)ccc1O,M01326,370.3350000000001,1.0220999999999998,153.75,5.0,8.0,3.0,c1ccc(C2CCc3ccccc3O2)cc1,0.8352580650673657,6
COc1ccc(CCC(=O)O)cc1OS(=O)(=O)O,M01327,276.266,0.8939999999999999,110.13000000000001,2.0,5.0,6.0,c1ccccc1,0.21161295934610674,802
O=C(O)Cc1ccccc1,M01328,136.14999999999998,1.3137,37.3,1.0,1.0,2.0,c1ccccc1,0.21161295934610674,802
COc1ccc(CCC(=O)O)cc1O,M01329,196.202,1.418,66.76,2.0,3.0,4.0,c1ccccc1,0.21161295934610674,802
O=C(O)C1OC(Oc2cc(O)c3c(=O)c(O)c(-c4ccc(O)c(O)c4)oc3c2)C(O)C(O)C1O,M01330,478.36200000000014,-0.4466000000000004,227.57999999999996,8.0,12.0,4.0,O=c1cc(-c2ccccc2)oc2cc(OC3CCCCO3)ccc12,0.8795051323147839,4
COc1ccc(C2Oc3cc(O)cc(O)c3CC2O)cc1O,M01331,304.298,1.8491000000000004,99.38000000000001,4.0,6.0,2.0,c1ccc(C2CCc3ccccc3O2)cc1,0.8352580650673657,6
COc1ccc(C(=O)O)c(O)c1,M01332,168.148,1.0989999999999998,66.76,2.0,3.0,2.0,c1ccccc1,0.21161295934610674,802
NCCc1ccc(OS(=O)(=O)O)c(O)c1,M01333,233.24499999999998,0.07499999999999973,109.85000000000001,3.0,5.0,4.0,c1ccccc1,0.21161295934610674,802
CC(O)(CCO)CC(=O)[O-],M01334,147.15,-1.7401999999999995,80.59,2.0,4.0,4.0,,0.0,0
CC(O)C1NC(=O)C2CCCN2C1=O,M01335,198.22199999999995,-1.1434000000000004,69.64,2.0,3.0,1.0,O=C1NCC(=O)N2CCCC12,0.9088491513636503,3
CC(=O)CCC(=O)O,M01336,116.11599999999999,0.4402,54.370000000000005,1.0,2.0,3.0,,0.0,0
O=S(=O)(O)Oc1c[nH]c2ccccc12,M01337,213.214,1.3495,79.39000000000001,2.0,3.0,2.0,c1ccc2[nH]ccc2c1,0.5442457568182516,63
O=C(O)c1ccc[nH]1,M01338,111.09999999999998,0.7128999999999999,53.089999999999996,2.0,1.0,1.0,c1cc[nH]c1,0.9088491513636503,3
c1coc(CNc2ncnc3nc[nH]c23)c1,M01339,215.216,1.5579999999999996,79.63,2.0,5.0,3.0,c1coc(CNc2ncnc3nc[nH]c23)c1,1.0,1
O=C(O)C1OC(Oc2c[nH]c3ccccc23)C(O)C(O)C1O,M01340,309.27400000000006,-0.5611000000000004,132.24,5.0,6.0,3.0,c1ccc2c(OC3CCCCO3)c[nH]c2c1,1.0,1
O=C(OC1OC(C(=O)O)C(O)C(O)C1O)c1c[nH]c2ccccc12,M01341,337.28400000000005,-0.7830999999999988,149.31,5.0,7.0,3.0,O=C(OC1CCCCO1)c1c[nH]c2ccccc12,1.0,1
Cc1ccccc1OS(=O)(=O)O,M01342,188.20399999999998,1.17662,63.60000000000001,1.0,3.0,2.0,c1ccccc1,0.21161295934610674,802
CC1(O)Cc2c(O)cc(O)cc2OC1c1ccc(O)c(O)c1,M01343,304.298,1.9362000000000001,110.38000000000001,5.0,6.0,1.0,c1ccc(C2CCc3ccccc3O2)cc1,0.8352580650673657,6
Cc1ccc(OS(=O)(=O)O)cc1,M01344,188.204,1.17662,63.60000000000001,1.0,3.0,2.0,c1ccccc1,0.21161295934610674,802
Cc1cccc(OS(=O)(=O)O)c1,M01345,188.204,1.17662,63.60000000000001,1.0,3.0,2.0,c1ccccc1,0.21161295934610674,802
Cc1ccc(OC2OC(C(=O)O)C(O)C(O)C2O)cc1,M01346,284.264,-0.7339800000000007,116.45000000000002,4.0,6.0,3.0,c1ccc(OC2CCCCO2)cc1,0.6788243374826469,22
Cc1cc(C(=O)O)ccc1O,M01347,152.14899999999997,1.3988199999999997,57.53,2.0,2.0,1.0,c1ccccc1,0.21161295934610674,802
O=C(O)CC(O)c1ccccc1,M01348,166.176,1.1947,57.53,2.0,2.0,3.0,c1ccccc1,0.21161295934610674,802
O=C(O)CNC(=O)C=Cc1c[nH]c2ccccc12,M01349,244.25,1.3818999999999995,82.19,3.0,2.0,4.0,c1ccc2[nH]ccc2c1,0.5442457568182516,63
COc1cccc(OC)c1O,M01350,154.165,1.4093999999999998,38.69,1.0,3.0,2.0,c1ccccc1,0.21161295934610674,802
COc1cc(CC2COC(=O)C2Cc2ccc(O)c(OC)c2)ccc1O,M01351,358.3900000000001,2.6894000000000013,85.22000000000001,2.0,6.0,6.0,O=C1OCC(Cc2ccccc2)C1Cc1ccccc1,0.9466801716388252,2
CC12C=Cc3occc3C1CCC13CC(CCC12)C(O)(CO)C3,M01352,314.425,3.7199000000000018,53.60000000000001,2.0,3.0,1.0,C1=CC2C(CCC34CCC(CCC23)C4)c2ccoc21,1.0,1
C=C1CCC(O)CC1=CC=C1CCCC2(C)C1CCC2C(C)C=CC(C)C(C)(C)O,M01353,412.65800000000013,6.7559000000000085,40.46,2.0,2.0,5.0,C=C1CCCCC1=CC=C1CCCC2CCCC12,0.9466801716388252,2
NCCP(=O)(O)O,M01354,125.06399999999996,-0.8772000000000002,83.55000000000001,3.0,2.0,2.0,,0.0,0
O=C(O)CCCCCCCCCO,M01355,188.26699999999997,2.1841000000000004,57.53,2.0,2.0,9.0,,0.0,0
NC1(C(=O)[O-])CC1,M01356,100.09700000000001,-1.7723999999999998,66.15,1.0,3.0,1.0,C1CC1,0.9088491513636503,3
O=C(O)c1ccc2ccccc2c1[O-],M01357,187.17399999999998,1.6115999999999997,60.36,1.0,2.0,1.0,c1ccc2ccccc2c1,0.6846698721617894,21
Cn1cnc2c(ncn2C2OC(CO)C(O)C2O)c1=N,M01358,281.272,-2.139229999999999,129.41000000000003,4.0,9.0,2.0,N=c1[nH]cnc2c1ncn2C1CCCO1,1.0,1
Cn1cnc(CC(N)C(=O)O)c1,M01359,169.184,-0.6255000000000002,81.14,2.0,4.0,3.0,c1c[nH]cn1,0.6438836066809098,29
NCC(N)C(=O)O,M01360,104.10899999999998,-1.6429999999999998,89.34,3.0,3.0,2.0,,0.0,0
O=C(O)c1cccc(O)c1[O-],M01361,153.11299999999997,0.1639999999999998,80.59,2.0,3.0,1.0,c1ccccc1,0.21161295934610674,802
CC(=O)c1ccc(O)cc1O,M01362,152.14899999999997,1.3003999999999998,57.53,2.0,3.0,1.0,c1ccccc1,0.21161295934610674,802
O=c1[nH]c(=O)c2nccnc2[nH]1,M01363,164.124,-0.9936000000000003,91.5,2.0,4.0,0.0,O=c1[nH]c(=O)c2nccnc2[nH]1,1.0,1
O=C(O)c1cc(O)ccc1[O-],M01364,153.11299999999997,0.16399999999999992,80.59,2.0,3.0,1.0,c1ccccc1,0.21161295934610674,802
CC(=O)NC1C(N)OC(CO)C(O)C1O,M01365,220.22500000000002,-3.111199999999999,125.04000000000002,5.0,6.0,2.0,C1CCOCC1,0.6627017793637848,25
CC(C)(N)C(=O)O,M01366,103.12099999999998,-0.19169999999999998,63.32000000000001,2.0,2.0,1.0,,0.0,0
O=CCC(O)C(O)C(O)CO,M01367,164.15699999999998,-2.3496,97.99000000000001,4.0,5.0,5.0,,0.0,0
CSCCC(O)C(=O)O,M01368,150.19899999999998,0.18499999999999994,57.53,2.0,3.0,4.0,,0.0,0
CCC(O)C(=O)[O-],M01369,103.097,-1.4928000000000001,60.36,1.0,3.0,2.0,,0.0,0
CC(CCC(=O)O)C(=O)O,M01370,146.142,0.5718999999999997,74.6,2.0,2.0,4.0,,0.0,0
O=C(O)C(CO)OP(=O)(O)O,M01371,186.056,-1.4587999999999999,124.29000000000002,4.0,4.0,4.0,,0.0,0
O=C([O-])C(=O)Cc1ccc(O)cc1,M01372,179.15099999999998,-0.7463000000000006,77.42999999999999,1.0,4.0,3.0,c1ccccc1,0.21161295934610674,802
O=C(O)C(O)c1ccc(O)c(O)c1,M01373,184.147,0.21579999999999988,97.99000000000001,4.0,4.0,2.0,c1ccccc1,0.21161295934610674,802
O=C(O)c1ccc([O-])c(O)c1,M01374,153.113,0.16399999999999976,80.59,2.0,3.0,1.0,c1ccccc1,0.21161295934610674,802
OCC(O)c1ccc(O)c(O)c1,M01375,170.164,0.12349999999999983,80.92,4.0,4.0,2.0,c1ccccc1,0.21161295934610674,802
NC(Cc1cc(I)c(Oc2ccc(O)cc2)c(I)c1)C(=O)O,M01376,525.0800000000002,3.3481000000000014,92.78000000000002,3.0,4.0,5.0,c1ccc(Oc2ccccc2)cc1,0.6438836066809098,29
NC(Cc1cc(I)c(O)c(I)c1)C(=O)O,M01377,432.98300000000006,1.5557999999999998,83.55,3.0,3.0,3.0,c1ccccc1,0.21161295934610674,802
Nc1cc(C(=O)O)ccc1[O-],M01378,152.12899999999996,0.040599999999999914,86.38000000000001,2.0,3.0,1.0,c1ccccc1,0.21161295934610674,802
Nc1cc([O-])cc(C(=O)O)c1,M01379,152.129,0.040599999999999914,86.38000000000001,2.0,3.0,1.0,c1ccccc1,0.21161295934610674,802
O=C(O)C1=CC(=O)C(O)C(O)C1,M01380,172.13599999999997,-1.3080000000000005,94.83,3.0,4.0,1.0,O=C1C=CCCC1,0.8352580650673657,6
Nc1c([O-])cccc1C(=O)O,M01381,152.129,0.040599999999999914,86.38000000000001,2.0,3.0,1.0,c1ccccc1,0.21161295934610674,802
O=C(O)c1cccc([O-])c1,M01382,137.11399999999998,0.45839999999999986,60.36,1.0,2.0,1.0,c1ccccc1,0.21161295934610674,802
COc1cc(CCN)ccc1O,M01383,167.20800000000003,0.9019999999999999,55.480000000000004,2.0,3.0,3.0,c1ccccc1,0.21161295934610674,802
COc1cc(CC(N)C(=O)O)ccc1O,M01384,211.217,0.3551999999999998,92.78,3.0,4.0,4.0,c1ccccc1,0.21161295934610674,802
CC1C(=O)Nc2ccccc21,M01385,147.17699999999996,1.7422,29.1,1.0,1.0,0.0,O=C1Cc2ccccc2N1,0.9466801716388252,2
Cn1cnc(=N)c2[nH]cnc21,M01386,149.15699999999998,-0.22413000000000033,70.35,2.0,4.0,0.0,N=c1nc[nH]c2nc[nH]c12,1.0,1
Cn1cncc1CCN,M01387,125.175,-0.0787000000000001,43.84,1.0,3.0,2.0,c1c[nH]cn1,0.6438836066809098,29
O=C(O)C(O)COP(=O)(O)O,M01388,186.056,-1.4587999999999999,124.29000000000002,4.0,4.0,4.0,,0.0,0
NC(CS(=O)O)C(=O)O,M01389,153.159,-1.3800000000000001,100.62000000000002,3.0,3.0,3.0,,0.0,0
CC(=O)NCCCC(=O)[O-],M01390,144.15,-1.3474,69.23,1.0,3.0,4.0,,0.0,0
Nc1ccc(C(=O)[O-])cc1,M01391,136.13,-0.36770000000000014,66.15,1.0,3.0,1.0,c1ccccc1,0.21161295934610674,802
COc1cc(C(O)CO)ccc1O,M01392,184.191,0.42649999999999993,69.92,3.0,4.0,3.0,c1ccccc1,0.21161295934610674,802
O=C(O)c1ccc([O-])cc1,M01393,137.11399999999998,0.45839999999999986,60.36,1.0,2.0,1.0,c1ccccc1,0.21161295934610674,802
NC(C(=O)O)c1ccc(O)cc1,M01394,167.164,0.4766,83.55000000000001,3.0,3.0,2.0,c1ccccc1,0.21161295934610674,802
O=C(O)Cc1cnc[nH]1,M01395,126.115,0.03680000000000022,65.97999999999999,2.0,2.0,2.0,c1c[nH]cn1,0.6438836066809098,29
O=C(O)c1ccnc2ccccc12,M01396,173.171,1.9329999999999998,50.19,1.0,2.0,1.0,c1ccc2ncccc2c1,0.6846698721617894,21
Cc1cc2nc[nH]c2cc1C,M01397,146.19299999999998,2.17974,28.68,1.0,1.0,0.0,c1ccc2[nH]cnc2c1,0.7758207207981391,10
CC1OC(n2cnc3c(N)ncnc32)C(O)C1O,M01398,251.246,-0.9524000000000001,119.31000000000002,3.0,8.0,1.0,c1ncc2ncn(C3CCCO3)c2n1,0.6577388176437765,26
NCC(O)CCC(N)C(=O)O,M01399,162.18900000000002,-1.5018999999999991,109.57000000000001,4.0,4.0,5.0,,0.0,0
Cc1cnc(=O)[nH]c1N,M01400,125.131,-0.33948000000000017,71.77,2.0,3.0,0.0,O=c1nccc[nH]1,0.8795051323147839,4
O=C(O)CCCCCC(=O)O,M01401,160.169,1.1061,74.6,2.0,2.0,6.0,,0.0,0
O=C(O)c1ccc(=O)[nH]c1,M01402,139.10999999999999,0.0731,70.16,2.0,2.0,1.0,O=c1cccc[nH]1,0.8352580650673657,6
Nc1ncnc2c1ncn2C1OC(CO)C2OP(=O)(O)OC21,M01403,329.20900000000006,-0.8174000000000008,154.84,3.0,10.0,2.0,O=[PH]1OC2COC(n3cnc4cncnc43)C2O1,1.0,1
Nc1ncnc2c1ncn2C1OC(COP(=O)(O)O)C(OP(=O)(O)O)C1O,M01404,427.20300000000003,-1.7460000000000009,232.59999999999997,6.0,11.0,6.0,c1ncc2ncn(C3CCCO3)c2n1,0.6577388176437765,26
Nc1ncnc2c1ncn2C1OC(COP(=O)(O)OP(=O)(O)OCC2OC(O)C(O)C2O)C(O)C1O,M01405,559.3180000000003,-3.282699999999999,291.52,8.0,17.0,9.0,O=[PH](OCC1CCCO1)O[PH](=O)OCC1CCC(n2cnc3cncnc32)O1,1.0,1
O=C([O-])CCCCC(=O)[O-],M01406,144.126,-1.9533999999999987,80.25999999999999,0.0,4.0,5.0,,0.0,0
Nc1ncnc2c1ncn2C1OC(COP(=O)(O)OP(=O)(O)OC2OC(CO)C(O)C(O)C2O)C(O)C1O,M01407,589.3440000000004,-3.921799999999999,311.75,9.0,18.0,9.0,O=[PH](OCC1CCC(n2cnc3cncnc32)O1)O[PH](=O)OC1CCCCO1,1.0,1
NC(=O)c1ncn(C2OC(COP(=O)(O)O)C(O)C2O)c1N,M01408,338.213,-2.7072999999999987,203.38,6.0,9.0,5.0,c1cn(C2CCCO2)cn1,0.9088491513636503,3
Nc1ccccc1S(=O)(=O)O,M01409,173.19299999999998,0.5155000000000001,80.39,2.0,3.0,1.0,c1ccccc1,0.21161295934610674,802
Nc1ccccc1C(=O)[O-],M01410,136.13,-0.36770000000000014,66.15,1.0,3.0,1.0,c1ccccc1,0.21161295934610674,802
NCCC(=O)O,M01411,89.09399999999998,-0.5802,63.32000000000001,2.0,2.0,2.0,,0.0,0
NC(=O)c1ccc[n+](C2OC(COP(=O)(O)OP(=O)([O-])OCC3OC(n4cnc5c(N)ncnc54)C(O)C3O)C(O)C2O)c1,M01412,663.4300000000004,-3.6478999999999964,321.0900000000001,7.0,18.0,11.0,O=[PH](OCC1CCC(n2cnc3cncnc32)O1)O[PH](=O)OCC1CCC([n+]2ccccc2)O1,0.8352580650673657,6
C=CC1=C(C)C(C=c2[nH]c(=Cc3[nH]c(C=C4NC(=O)C(C)=C4C=C)c(C)c3CCC(=O)O)c(CCC(=O)O)c2C)=NC1=O,M01413,582.6570000000004,3.060240000000002,164.70999999999998,5.0,4.0,11.0,O=C1C=CC(C=c2ccc(=Cc3ccc(C=C4C=CC(=O)N4)[nH]3)[nH]2)=N1,1.0,1
CCCCC(CC)COC(=O)c1ccccc1C(=O)OCC(CC)CCCC,M01414,390.5640000000003,6.433000000000007,52.60000000000001,0.0,4.0,14.0,c1ccccc1,0.21161295934610674,802
CCCCCCCC(=O)[O-],M01415,143.206,1.0968,40.129999999999995,0.0,2.0,6.0,,0.0,0
NCCOP(=O)(O)OP(=O)(O)OCC1OC(n2ccc(N)nc2=O)C(O)C1O,M01416,446.2460000000001,-2.3459999999999988,238.90999999999997,6.0,13.0,9.0,O=c1ncccn1C1CCCO1,0.7265474540909509,15
CC12CCC(=O)C=C1CCC1C2CCC2(C)C1CCC2(O)C(=O)CO,M01417,346.4670000000001,2.8108000000000017,74.6,2.0,4.0,2.0,O=C1C=C2CCC3C4CCCC4CCC3C2CC1,0.6627017793637848,25
CC12CCC(=O)C=C1CCC1C2C(O)CC2(C)C(C(=O)CO)CCC12,M01418,346.46700000000016,2.6667000000000005,74.6,2.0,4.0,2.0,O=C1C=C2CCC3C4CCCC4CCC3C2CC1,0.6627017793637848,25
CC12CCC(=O)C=C1CCC1C2C(O)CC2(C)C1CCC2(O)C(=O)CO,M01419,362.4660000000002,1.7815999999999996,94.83,3.0,5.0,2.0,O=C1C=C2CCC3C4CCCC4CCC3C2CC1,0.6627017793637848,25
CC(=O)OCC(=O)C1(O)CCC2C3CCC4=CC(=O)CCC4(C)C3C(O)CC21C,M01420,404.5030000000002,2.3524000000000003,100.90000000000002,2.0,6.0,3.0,O=C1C=C2CCC3C4CCCC4CCC3C2CC1,0.6627017793637848,25
CC12CCC(=O)C=C1CCC1C2C(=O)CC2(C)C1CCC2(O)C(=O)CO,M01421,360.45000000000016,1.9898000000000002,91.67,2.0,5.0,2.0,O=C1C=C2CCC3C4CCCC4CC(=O)C3C2CC1,0.9466801716388252,2
Nc1ncnc2c1ncn2C1OC2COP(=O)(O)OC2C1O,M01422,329.209,-0.8174000000000006,154.84,3.0,10.0,1.0,O=[PH]1OCC2OC(n3cnc4cncnc43)CC2O1,1.0,1
Nc1nc2c(ncn2C2OC3COP(=O)(O)OC3C2O)c(=O)[nH]1,M01423,345.208,-1.524100000000001,174.80999999999997,4.0,10.0,1.0,O=c1[nH]cnc2c1ncn2C1CC2O[PH](=O)OCC2O1,1.0,1
NC(CS(=O)(=O)O)C(=O)O,M01424,169.158,-1.7138999999999998,117.69000000000001,3.0,4.0,3.0,,0.0,0
NC(CSSCC(N)C(=O)O)C(=O)O,M01425,240.306,-0.8083999999999993,126.64,4.0,6.0,7.0,,0.0,0
Nc1ccn(C2OC(CO)C3OP(=O)(O)OC32)c(=O)n1,M01426,305.18300000000005,-1.4003999999999999,146.13,3.0,9.0,2.0,O=c1ncccn1C1OCC2O[PH](=O)OC21,1.0,1
Nc1ncnc2c1ncn2C1CC(O)C(CO)O1,M01427,251.24599999999998,-0.9508000000000003,119.31000000000002,3.0,8.0,2.0,c1ncc2ncn(C3CCCO3)c2n1,0.6577388176437765,26
Nc1ncnc2c1ncn2C1CC(O)C(COP(=O)(O)O)O1,M01428,331.225,-0.8338000000000003,165.83999999999997,4.0,9.0,4.0,c1ncc2ncn(C3CCCO3)c2n1,0.6577388176437765,26
C[N+](C)(C)CCCC(=O)[O-],M01429,145.202,-0.777299999999999,40.129999999999995,0.0,2.0,4.0,,0.0,0
CC(=O)OCC(=O)C1CCC2C3CCC4=CC(=O)CCC4(C)C3CCC12C,M01430,372.5050000000002,4.266700000000004,60.440000000000005,0.0,4.0,3.0,O=C1C=C2CCC3C4CCCC4CCC3C2CC1,0.6627017793637848,25
Nc1ccn(C2CC(O)C(CO)O2)c(=O)n1,M01431,227.21999999999997,-1.5338000000000005,110.60000000000001,3.0,7.0,2.0,O=c1ncccn1C1CCCO1,0.7265474540909509,15
Nc1ccn(C2CC(O)C(COP(=O)(O)O)O2)c(=O)n1,M01432,307.199,-1.4168,157.13,4.0,8.0,4.0,O=c1ncccn1C1CCCO1,0.7265474540909509,15
Nc1nc2c(ncn2C2CC(O)C(CO)O2)c(=O)[nH]1,M01433,267.24499999999995,-1.6575000000000002,139.28,4.0,8.0,2.0,O=c1[nH]cnc2c1ncn2C1CCCO1,0.7185751418868361,16
O=CCC(O)C(O)CO,M01434,134.131,-1.7105,77.76,3.0,4.0,4.0,,0.0,0
O=c1ccn(C2CC(O)C(CO)O2)c(=O)[nH]1,M01435,228.20399999999998,-1.8226999999999993,104.55000000000001,3.0,6.0,2.0,O=c1ccn(C2CCCO2)c(=O)[nH]1,0.7758207207981391,10
O=c1ccn(C2CC(O)C(COP(=O)(O)O)O2)c(=O)[nH]1,M01436,308.183,-1.7056999999999998,151.08,4.0,7.0,4.0,O=c1ccn(C2CCCO2)c(=O)[nH]1,0.7758207207981391,10
CC1NC(=O)NC1CCCCCC(=O)O,M01437,214.26499999999996,1.0914,78.43,3.0,2.0,6.0,O=C1NCCN1,0.9088491513636503,3
O=CC(O)C1OC(=O)C(O)C1O,M01438,176.12400000000002,-2.8066,104.06,3.0,6.0,2.0,O=C1CCCO1,0.8795051323147839,4
CC(O)C(O)C1=Nc2c(nc(N)[nH]c2=O)NC1,M01439,239.23499999999999,-1.4082,136.62,5.0,7.0,2.0,O=c1[nH]cnc2c1N=CCN2,0.9466801716388252,2
O=C1CC(C(=O)[O-])NC(=O)N1,M01440,157.10500000000002,-2.6655999999999995,98.33000000000001,2.0,4.0,1.0,O=C1CCNC(=O)N1,0.9088491513636503,3
O=C1CCNC(=O)N1,M01441,114.10399999999998,-0.7841,58.2,2.0,2.0,0.0,O=C1CCNC(=O)N1,0.9088491513636503,3
O=P(O)(O)OCC1OC(O)C(O)C1O,M01442,230.109,-2.4653000000000005,136.68,5.0,6.0,3.0,C1CCOC1,0.8176983027273006,7
CCC=CCC=CCC=CCC=CCC=CCCCC(=O)O,M01443,302.458,5.9927000000000055,37.3,1.0,1.0,13.0,,0.0,0
CC12CCC3c4ccc(O)cc4CCC3C1CCC2O,M01444,272.3879999999999,3.6092000000000026,40.46,2.0,2.0,0.0,c1ccc2c(c1)CCC1C2CCC2CCCC21,0.9088491513636503,3
CCC(C(=O)O)C(=O)O,M01445,132.11499999999998,0.18179999999999985,74.6,2.0,2.0,3.0,,0.0,0
OCC1(O)OCC(O)C(O)C1O,M01446,180.156,-3.2197999999999998,110.38000000000001,5.0,6.0,1.0,C1CCOCC1,0.6627017793637848,25
O=C(CO)C(O)C(O)C(O)COP(=O)(O)O,M01447,260.13499999999993,-3.2602,164.75,6.0,7.0,7.0,,0.0,0
CCCCCC=CCC=CCC=CCCCCC(=O)[O-],M01448,277.42799999999994,4.325800000000003,40.129999999999995,0.0,2.0,13.0,,0.0,0
NC(C(=O)O)C(O)C(O)C(O)CO,M01449,195.171,-3.5266999999999995,144.24,6.0,6.0,5.0,,0.0,0
NC1C(O)OC(COS(=O)(=O)O)C(O)C1O,M01450,259.236,-3.427899999999999,159.54,5.0,8.0,3.0,C1CCOCC1,0.6627017793637848,25
O=P(O)(O)OC1OC(CO)C(O)C(O)C1O,M01451,260.135,-3.1044000000000005,156.91,6.0,7.0,3.0,C1CCOCC1,0.6627017793637848,25
C[N+](C)(C)CC(CC(=O)[O-])OC(=O)CCCC(=O)O,M01452,275.30099999999993,-1.000699999999998,103.73,1.0,5.0,9.0,,0.0,0
O=P(O)(O)OCC(O)CO,M01453,172.07299999999998,-1.5511000000000001,107.22000000000001,4.0,4.0,4.0,,0.0,0
CCCCCCCCCCCCCC(=O)OCC(O)CO,M01454,302.455,3.583900000000002,66.76,2.0,4.0,15.0,,0.0,0
NC(N)=NC(CC(=O)O)C(=O)O,M01455,175.14399999999998,-1.8122999999999996,139.0,4.0,3.0,4.0,,0.0,0
NC(CO)Cc1cnc[nH]1,M01456,141.174,-0.7282000000000004,74.93,3.0,3.0,3.0,c1c[nH]cn1,0.6438836066809098,29
NC1CCSC1=O,M01457,117.17299999999999,-0.022800000000000153,43.09,1.0,3.0,0.0,O=C1CCCS1,1.0,1
NC(CCSSCCC(N)C(=O)O)C(=O)O,M01458,268.35999999999996,-0.028200000000000114,126.64,4.0,6.0,9.0,,0.0,0
O=c1[nH]cnc2nc[nH]c12,M01459,136.114,-0.35380000000000006,74.43,2.0,3.0,0.0,O=c1[nH]cnc2nc[nH]c12,0.9088491513636503,3
NC(=O)Cc1c[nH]c2ccccc12,M01460,174.203,1.1956999999999998,58.88,2.0,1.0,2.0,c1ccc2[nH]ccc2c1,0.5442457568182516,63
O=C([O-])Cc1c[nH]c2ccccc12,M01461,174.179,0.4602999999999991,55.919999999999995,1.0,2.0,2.0,c1ccc2[nH]ccc2c1,0.5442457568182516,63
COC(=O)Cc1c[nH]c2ccccc12,M01462,189.21400000000003,1.8833999999999997,42.09,1.0,2.0,2.0,c1ccc2[nH]ccc2c1,0.5442457568182516,63
O=CCc1c[nH]c2ccccc12,M01463,159.188,1.9092999999999998,32.86,1.0,1.0,2.0,c1ccc2[nH]ccc2c1,0.5442457568182516,63
C=C(CC(=O)O)C(=O)O,M01464,130.099,0.10189999999999988,74.6,2.0,2.0,3.0,,0.0,0
CCCCCCCCCCCC(=O)[O-],M01465,199.31399999999996,2.6572000000000005,40.129999999999995,0.0,2.0,10.0,,0.0,0
CCCCCCCCCCCC(=O)OC(CC(=O)[O-])C[N+](C)(C)C,M01466,343.5080000000001,2.6653000000000002,66.43,0.0,4.0,15.0,,0.0,0
O=C1OC(C(O)CO)C(O)C1O,M01467,178.14000000000001,-3.0132,107.22000000000001,4.0,6.0,2.0,O=C1CCCO1,0.8795051323147839,4
NC(Cc1cc(I)c(Oc2ccc(O)c(I)c2)c(I)c1)C(=O)O,M01468,650.9760000000001,3.952700000000001,92.78000000000002,3.0,4.0,5.0,c1ccc(Oc2ccccc2)cc1,0.6438836066809098,29
CC(CCC(=O)NCCS(=O)(=O)O)C1CCC2C3CCC4CC(O)CCC4(C)C3CCC12C,M01469,483.7150000000004,4.426500000000003,103.7,3.0,4.0,7.0,C1CCC2C(C1)CCC1C3CCCC3CCC21,0.6274242932504864,33
NC(=O)C(N)Cc1c[nH]c2ccccc12,M01470,203.245,0.5230000000000001,84.9,3.0,2.0,3.0,c1ccc2[nH]ccc2c1,0.5442457568182516,63
Cc1cc2nc3[nH]c(=O)[nH]c(=O)c3nc2cc1C,M01471,242.238,0.77644,91.5,2.0,4.0,0.0,O=c1[nH]c(=O)c2nc3ccccc3nc2[nH]1,1.0,1
O=C([O-])C=CC(=O)[O-],M01472,114.05599999999998,-2.9576000000000002,80.25999999999999,0.0,4.0,2.0,,0.0,0
COc1ccc2[nH]cc(CCNC(C)=O)c2c1,M01473,232.28299999999996,1.8550999999999997,54.12,2.0,2.0,4.0,c1ccc2[nH]ccc2c1,0.5442457568182516,63
CS(=N)(=O)CCC(N)C(=O)O,M01474,180.22899999999998,-0.5350299999999992,104.24,3.0,4.0,4.0,,0.0,0
CC(CC(=O)O)CC(=O)O,M01475,146.142,0.5718999999999997,74.6,2.0,2.0,4.0,,0.0,0
COC(=O)CCCN,M01476,117.14800000000002,-0.10170000000000001,52.32,1.0,3.0,3.0,,0.0,0
COC1OC(CO)C(O)C(O)C1O,M01477,194.18300000000002,-2.5673,99.38000000000001,4.0,6.0,2.0,C1CCOCC1,0.6627017793637848,25
CC(C(=O)O)C(=O)O,M01478,118.08799999999998,-0.20829999999999999,74.6,2.0,2.0,2.0,,0.0,0
C[N+](C)(C)CCCCC(N)C(=O)O,M01479,189.279,0.27480000000000065,63.32000000000001,2.0,2.0,6.0,,0.0,0
CC(=O)NC(C)C(=O)O,M01480,131.131,-0.40440000000000015,66.4,2.0,2.0,2.0,,0.0,0
CC(=O)NC(CC(N)=O)C(=O)O,M01481,174.156,-1.5488999999999988,109.49,3.0,3.0,4.0,,0.0,0
CC(=O)NCC(=O)O,M01482,117.10399999999998,-0.7929000000000002,66.4,2.0,2.0,2.0,,0.0,0
CC(=O)NC(CC(C)C)C(=O)O,M01483,173.21199999999996,0.6218000000000001,66.4,2.0,2.0,4.0,,0.0,0
CSCCC(NC(C)=O)C(=O)O,M01484,191.25199999999998,0.3288,66.4,2.0,3.0,5.0,,0.0,0
CC(=O)N1CCCC1C(=O)O,M01485,157.169,0.08190000000000003,57.61,1.0,2.0,1.0,C1CCNC1,0.7643784743661259,11
CC(=O)NC(CO)C(=O)O,M01486,147.13,-1.4319999999999997,86.63000000000001,3.0,3.0,3.0,,0.0,0
CC(=O)NC(Cc1c[nH]c2ccccc12)C(=O)O,M01487,246.266,1.2997,82.19,3.0,2.0,4.0,c1ccc2[nH]ccc2c1,0.5442457568182516,63
NC(=O)c1ccc[n+](C2OC(COP(=O)(O)OP(=O)(O)OCC3OC(n4cnc5c(N)ncnc54)C(OP(=O)(O)O)C3O)C(O)C2O)c1,M01488,744.4170000000006,-2.898899999999996,364.7900000000001,9.0,18.0,13.0,O=[PH](OCC1CCC(n2cnc3cncnc32)O1)O[PH](=O)OCC1CCC([n+]2ccccc2)O1,0.8352580650673657,6
CC(=O)NC(CCCCN)C(=O)O,M01489,188.22699999999998,-0.2952999999999993,92.42,3.0,3.0,6.0,,0.0,0
NC(=O)c1ccc[n+](C2OC(COP(=O)(O)OP(=O)(O)OCC3OC(n4cnc5c(=O)[nH]cnc54)C(O)C3O)C(O)C2O)c1,M01490,665.4220000000004,-3.3047999999999966,312.21,8.0,16.0,11.0,O=c1[nH]cnc2c1ncn2C1CCC(CO[PH](=O)O[PH](=O)OCC2CCC([n+]3ccccc3)O2)O1,1.0,1
O=C([O-])c1cccnc1,M01491,122.10299999999997,-0.5549000000000002,53.019999999999996,0.0,3.0,1.0,c1ccncc1,0.5996365394334917,41
CNC(CCC(=O)O)C(=O)O,M01492,161.15699999999998,-0.4762,86.63000000000001,3.0,3.0,5.0,,0.0,0
CNCCc1c[nH]c2ccccc12,M01493,174.24699999999999,1.9298,27.82,2.0,1.0,3.0,c1ccc2[nH]ccc2c1,0.5442457568182516,63
CCCCCCCCC(=O)[O-],M01494,157.233,1.4868999999999999,40.129999999999995,0.0,2.0,7.0,,0.0,0
COc1cc(C(O)CN)ccc1O,M01495,183.207,0.39289999999999986,75.71000000000001,3.0,4.0,3.0,c1ccccc1,0.21161295934610674,802
NCCCNCCCN,M01496,131.22299999999998,-0.7263999999999986,64.07,3.0,3.0,6.0,,0.0,0
CC(=O)OCC(N)C(=O)O,M01497,147.13000000000002,-1.0385999999999993,89.62,2.0,4.0,3.0,,0.0,0
O=C(O)CCCCCCCCCCCO,M01498,216.32099999999994,2.964300000000002,57.53,2.0,2.0,11.0,,0.0,0
NCCOP(=O)(O)O,M01499,141.063,-0.9456000000000002,92.78,3.0,3.0,3.0,,0.0,0
CCC(NC(=O)CCC([NH3+])C(=O)[O-])C(=O)NCC(=O)[O-],M01500,288.28000000000003,-5.112099999999997,166.1,3.0,6.0,9.0,,0.0,0
O=C([O-])c1cc(=O)[nH]c(=O)[nH]1,M01501,155.089,-2.5733000000000006,105.85,2.0,4.0,1.0,O=c1cc[nH]c(=O)[nH]1,0.7883542836784342,9
NC(CCOC(=O)CCC(=O)O)C(=O)O,M01502,219.19299999999998,-0.8035999999999996,126.92,3.0,5.0,7.0,,0.0,0
OCC1OC(OCC2OC(O)(CO)C(O)C2O)C(O)C(O)C1O,M01503,342.297,-5.395599999999993,189.52999999999997,8.0,11.0,5.0,C1CCC(OCC2CCCO2)OC1,1.0,1
O=C(O)CP(=O)(O)O,M01504,140.031,-0.7513000000000001,94.83,3.0,2.0,2.0,,0.0,0
CC(=O)C1CCC2C3CC=C4CC(OS(=O)(=O)O)CCC4(C)C3CCC12C,M01505,396.54900000000026,4.342400000000003,80.67,1.0,4.0,3.0,C1=C2CCCCC2C2CCC3CCCC3C2C1,0.7185751418868361,16
Nc1nc2nccnc2c(=O)[nH]1,M01506,163.14,-0.7047000000000001,97.54999999999998,2.0,5.0,0.0,O=c1[nH]cnc2nccnc12,0.9088491513636503,3
c1ncc2[nH]cnc2n1,M01507,120.115,0.3528999999999999,54.46,1.0,3.0,0.0,c1ncc2[nH]cnc2n1,0.8352580650673657,6
O=C(O)c1cccnc1C(=O)O,M01508,167.11999999999998,0.478,87.49,2.0,3.0,2.0,c1ccncc1,0.5996365394334917,41
c1ccc2ncccc2c1,M01509,129.16199999999998,2.2348,12.89,0.0,1.0,0.0,c1ccc2ncccc2c1,0.6846698721617894,21
CC(C=CC1=C(C)CCCC1(C)C)=CC=CC(C)=CCO,M01510,286.45900000000006,5.510300000000006,20.23,1.0,1.0,5.0,C1=CCCCC1,0.802209494641301,8
C[S+](CCC(N)C(=O)[O-])CC1OC(n2cnc3c(N)ncnc32)C(O)C1O,M01511,398.4450000000001,-3.256899999999996,185.45999999999998,4.0,11.0,7.0,c1ncc2ncn(C3CCCO3)c2n1,0.6577388176437765,26
NC(CSCC(=O)O)C(=O)O,M01512,179.197,-0.7838999999999998,100.62000000000002,3.0,4.0,5.0,,0.0,0
O=C(O)CCCCCCCCC(=O)O,M01513,202.24999999999997,2.2763999999999998,74.6,2.0,2.0,9.0,,0.0,0
C[Se]CCC(N)C(=O)O,M01514,196.108,-0.040999999999999925,63.32000000000001,2.0,2.0,4.0,,0.0,0
CCCCCCSCC(NC(=O)CCC(N)C(=O)O)C(=O)NCC(=O)O,M01515,391.4900000000001,0.17760000000000287,158.82,5.0,6.0,15.0,,0.0,0
CC=CC=CC(=O)[O-],M01516,111.11999999999999,-0.13139999999999996,40.129999999999995,0.0,2.0,2.0,,0.0,0
CCCCCCCCCCCCCCCC(O)C(N)CO,M01517,301.515,4.148200000000003,66.48,3.0,3.0,16.0,,0.0,0
CCCCCCCCCCCCCCCCCC(=O)[O-],M01518,283.47599999999994,4.997800000000004,40.129999999999995,0.0,2.0,16.0,,0.0,0
Cc1ncc(C[n+]2csc(CCOP(=O)(O)O)c2C)c(N)n1,M01519,345.34100000000007,0.7247399999999999,122.44,3.0,6.0,6.0,c1ncc(C[n+]2ccsc2)cn1,0.8795051323147839,4
Cc1ncc(C[n+]2csc(CCOP(=O)([O-])OP(=O)(O)O)c2C)c(N)n1,M01520,424.3120000000001,0.20973999999999982,171.8,3.0,9.0,8.0,c1ncc(C[n+]2ccsc2)cn1,0.8795051323147839,4
CSc1ncnc2nc[nH]c12,M01521,166.20900000000003,1.0747999999999998,54.46,1.0,4.0,1.0,c1ncc2[nH]cnc2n1,0.8352580650673657,6
Cc1cn(C2CC(O)C(COP(=O)(O)O)O2)c(=O)[nH]c1=O,M01522,322.21000000000004,-1.3972800000000003,151.07999999999998,4.0,7.0,4.0,O=c1ccn(C2CCCO2)c(=O)[nH]1,0.7758207207981391,10
NC(=O)C1CCCN1C(=O)C(Cc1cnc[nH]1)NC(=O)C1CCC(=O)N1,M01523,362.3900000000002,-1.808099999999996,150.28,4.0,5.0,6.0,O=C1CCC(C(=O)NC(Cc2cnc[nH]2)C(=O)N2CCCC2)N1,1.0,1
NC(Cc1cc(I)c(Oc2cc(I)c(O)c(I)c2)c(I)c1)C(=O)O,M01524,776.8720000000001,4.5573000000000015,92.78000000000002,3.0,4.0,5.0,c1ccc(Oc2ccccc2)cc1,0.6438836066809098,29
OC1CCCCC1O,M01525,116.15999999999998,0.28220000000000006,40.46,2.0,2.0,0.0,C1CCCCC1,0.6846698721617894,21
O=C([O-])c1c[nH]c(=O)[nH]c1=O,M01526,155.08899999999997,-2.5733000000000006,105.85,2.0,4.0,1.0,O=c1cc[nH]c(=O)[nH]1,0.7883542836784342,9
NC(=O)NCCC(=O)O,M01527,132.119,-0.8705999999999996,92.42,3.0,2.0,3.0,,0.0,0
O=c1[nH]c(=O)c2ncn(C3OC(COP(=O)(O)O)C(O)C3O)c2[nH]1,M01528,364.207,-2.8585999999999987,199.98999999999998,6.0,9.0,4.0,O=c1[nH]c(=O)c2ncn(C3CCCO3)c2[nH]1,0.9466801716388252,2
O=C(O)c1cc(=O)c2cccc(O)c2[nH]1,M01529,205.169,0.9318999999999997,90.38999999999999,3.0,3.0,1.0,O=c1cc[nH]c2ccccc12,0.9088491513636503,3
O=c1cccc(O)[nH]1,M01530,111.1,0.08049999999999996,53.089999999999996,2.0,2.0,0.0,O=c1cccc[nH]1,0.8352580650673657,6
CCCCCCCCCC(C)=O,M01531,170.296,3.7161000000000026,17.07,0.0,1.0,8.0,,0.0,0
CCC(C)C(=O)C(=O)[O-],M01532,129.135,-0.6485000000000001,57.2,0.0,3.0,3.0,,0.0,0
Nc1ncnc2c1ncn2C1OC(COP(=O)(O)OP(=O)(O)O)C(O)C1O,M01533,427.20300000000003,-1.7460000000000009,232.59999999999997,6.0,12.0,6.0,c1ncc2ncn(C3CCCO3)c2n1,0.6577388176437765,26
O=Cc1ccccc1,M01534,106.12399999999997,1.4990999999999999,17.07,0.0,1.0,1.0,c1ccccc1,0.21161295934610674,802
Nc1ccn(C2OC(COP(=O)(O)OP(=O)(O)O)C(O)C2O)c(=O)n1,M01535,403.1770000000001,-2.329,223.88999999999993,6.0,11.0,6.0,O=c1ncccn1C1CCCO1,0.7265474540909509,15
Nc1ccn(C2CC(O)C(COP(=O)([O-])OP(=O)([O-])[O-])O2)c(=O)n1,M01536,384.1540000000001,-3.1957999999999993,212.14999999999998,2.0,13.0,6.0,O=c1ncccn1C1CCCO1,0.7265474540909509,15
CCCCCCCCCC(=O)OCC(COP(=O)([O-])OCC[N+](C)(C)C)OC(=O)CCCCCCCCC,M01537,565.7290000000003,5.930600000000005,111.19,0.0,8.0,26.0,,0.0,0
Cc1cn(C2CC(O)C(COP(=O)(O)OP(=O)(O)OC3OC(CO)C(O)C(O)C3O)O2)c(=O)[nH]c1=O,M01538,564.3300000000002,-3.4560799999999987,276.75999999999993,8.0,15.0,9.0,O=c1ccn(C2CCC(CO[PH](=O)O[PH](=O)OC3CCCCO3)O2)c(=O)[nH]1,0.8795051323147839,4
Oc1ccc(O)cc1,M01539,110.11199999999998,1.0977999999999999,40.46,2.0,2.0,0.0,c1ccccc1,0.21161295934610674,802
O=C(O)C(=O)C(=O)O,M01540,118.04399999999998,-1.2753,91.67,2.0,3.0,2.0,,0.0,0
CC1(O)CCOC(=O)C1,M01541,130.143,0.07440000000000002,46.53,1.0,3.0,0.0,O=C1CCCCO1,0.9088491513636503,3
CC(C)=CCNc1ncnc2nc[nH]c12,M01542,203.24900000000002,1.7309999999999997,66.49000000000001,2.0,4.0,3.0,c1ncc2[nH]cnc2n1,0.8352580650673657,6
O=CNCC(=O)O,M01543,103.07699999999998,-1.183,66.4,2.0,2.0,3.0,,0.0,0
O=C(O)C(=O)C(C(=O)O)C(O)C(=O)O,M01544,206.106,-2.2136,149.2,4.0,5.0,5.0,,0.0,0
O=C([O-])Cc1ccccc1,M01545,135.14199999999997,-0.021000000000000685,40.129999999999995,0.0,2.0,2.0,c1ccccc1,0.21161295934610674,802
O=C(O)C(=O)Cc1ccccc1,M01546,164.16,0.8828,54.37,1.0,2.0,3.0,c1ccccc1,0.21161295934610674,802
C[N+](C)(C)CCOP(=O)(O)O,M01547,184.152,-0.19810000000000005,66.76,2.0,2.0,4.0,,0.0,0
CC(C=CC1=C(C)CCCC1(C)C)=CC=CC(C)=CC(=O)[O-],M01548,299.4340000000001,4.267900000000004,40.129999999999995,0.0,2.0,5.0,C1=CCCCC1,0.802209494641301,8
NC(=O)c1ccccc1O,M01549,137.13799999999998,0.49110000000000004,63.32000000000001,2.0,2.0,1.0,c1ccccc1,0.21161295934610674,802
O=C([O-])C(O)C(O)C(=O)[O-],M01550,148.06999999999996,-4.791999999999999,120.72,2.0,6.0,3.0,,0.0,0
O=c1ccn(C2OC(COP(=O)(O)OP(=O)(O)OC3OC(CO)C(O)C(O)C3O)C(O)C2O)c(=O)[nH]1,M01551,566.3020000000001,-4.793699999999994,296.98999999999995,9.0,16.0,9.0,O=c1ccn(C2CCC(CO[PH](=O)O[PH](=O)OC3CCCCO3)O2)c(=O)[nH]1,0.8795051323147839,4
CC(=O)NCCCNCCCCNCCCN,M01552,244.38299999999992,-0.17919999999999747,79.18,4.0,4.0,12.0,,0.0,0
Nc1ccn(C2OC(COP(=O)(O)OP(=O)(O)OP(=O)(O)O)C(O)C2O)c(=O)n1,M01553,483.1560000000001,-2.2119999999999997,270.4199999999999,7.0,13.0,8.0,O=c1ncccn1C1CCCO1,0.7265474540909509,15
CC(=O)NC1C(OP(=O)(O)OP(=O)(O)OCC2OC(n3ccc(=O)[nH]c3=O)C(O)C2O)OC(CO)C(O)C1O,M01554,607.3550000000004,-4.649899999999993,305.86,9.0,16.0,10.0,O=c1ccn(C2CCC(CO[PH](=O)O[PH](=O)OC3CCCCO3)O2)c(=O)[nH]1,0.8795051323147839,4
Nc1nc2c(ncn2C2OC(COP(=O)(O)OP(=O)(O)OC3OC(CO)C(O)C(O)C3O)C(O)C2O)c(=O)[nH]1,M01555,605.3430000000003,-4.628499999999994,331.71999999999997,10.0,18.0,9.0,O=c1[nH]cnc2c1ncn2C1CCC(CO[PH](=O)O[PH](=O)OC2CCCCO2)O1,1.0,1
CCOC(=O)CCNC(N)=O,M01556,160.173,-0.39210000000000006,81.41999999999999,2.0,3.0,4.0,,0.0,0
O=CCc1ccccc1,M01557,120.15099999999995,1.428,17.07,0.0,1.0,2.0,c1ccccc1,0.21161295934610674,802
CC(C)=CCCC(C)=CCCC(C)=CCCC(C)=CCCC(C)=CCCC(C)=CCCC(C)=CCC1=C(C)C(=O)c2ccccc2C1=O,M01558,649.0160000000004,14.097399999999968,34.14,0.0,2.0,20.0,O=C1C=CC(=O)c2ccccc21,0.8795051323147839,4
O=CC(O)COP(=O)(O)O,M01559,170.05700000000002,-1.3445000000000003,104.06,3.0,4.0,4.0,,0.0,0
O=c1[nH]cnc2c1ncn2C1OC(COP(=O)([O-])OP(=O)([O-])O)C(O)C1O,M01560,426.17100000000005,-3.2988999999999993,232.20999999999995,4.0,13.0,6.0,O=c1[nH]cnc2c1ncn2C1CCCO1,0.7185751418868361,16
O=C(O)C1OC(OP(=O)(O)OP(=O)(O)OCC2OC(n3ccc(=O)[nH]c3=O)C(O)C2O)C(O)C(O)C1O,M01561,580.2850000000003,-4.701399999999993,314.06,9.0,16.0,9.0,O=c1ccn(C2CCC(CO[PH](=O)O[PH](=O)OC3CCCCO3)O2)c(=O)[nH]1,0.8795051323147839,4
CC(O)C(C)O,M01562,90.122,-0.252,40.46,2.0,2.0,1.0,,0.0,0
CC(CCCC(C)(C)O)C1CCC2C3CC=C4CC(O)CCC4(C)C3CCC12C,M01563,402.66300000000024,6.5036000000000085,40.46,2.0,2.0,5.0,C1=C2CCCCC2C2CCC3CCCC3C2C1,0.7185751418868361,16
O=c1cccc[nH]1,M01564,95.101,0.37489999999999996,32.86,1.0,1.0,0.0,O=c1cccc[nH]1,0.8352580650673657,6
CC12CCC(O)CC1CCC1C2C(O)CC2(C)C1CCC2(O)C(=O)CO,M01565,366.49800000000016,1.6532999999999998,97.99,4.0,5.0,2.0,C1CCC2C(C1)CCC1C3CCCC3CCC21,0.6274242932504864,33
CC(O)CC(=O)[O-],M01566,103.097,-1.4928000000000001,60.36,1.0,3.0,2.0,,0.0,0
O=C1CCCCO1,M01567,100.117,0.7135,26.3,0.0,2.0,0.0,O=C1CCCCO1,0.9088491513636503,3
CC(=O)C(C)O,M01568,88.106,-0.043800000000000006,37.3,1.0,2.0,1.0,,0.0,0
NCCCCN=C(N)N.O=S(=O)(O)O,M01569,228.274,-1.654099999999998,165.01999999999995,5.0,4.0,4.0,,0.0,0
NCc1ccccc1,M01570,107.15599999999996,1.1453,26.02,1.0,1.0,1.0,c1ccccc1,0.21161295934610674,802
CCCC(=O)[O-],M01571,87.09799999999998,-0.4636,40.129999999999995,0.0,2.0,2.0,,0.0,0
CCCCCCCCC=CCCCCCCCC(=O)OC1CCC2(C)C(=CCC3C2CCC2(C)C(C(C)CCCC(C)C)CCC32)C1,M01572,651.1169999999998,13.977099999999972,26.3,0.0,2.0,21.0,C1=C2CCCCC2C2CCC3CCCC3C2C1,0.7185751418868361,16
CC(=O)C(C)=O,M01573,86.08999999999999,0.1644000000000001,34.14,0.0,2.0,1.0,,0.0,0
CCCCCCCCCCCCCCCC(=O)OCC(CO)OC(=O)CCCCCCCCCCCCCCC,M01574,568.9240000000003,10.396299999999997,72.83000000000001,1.0,5.0,32.0,,0.0,0
CCCCCCCCCCCCCCCC(=O)OCC(COP(=O)(O)OCCN)OC(=O)CCCCCCCCCCCCCCC,M01575,691.9719999999995,10.496299999999996,134.38,2.0,8.0,37.0,,0.0,0
CCCCCCCCCCCCCC(=O)OCC(COC(=O)CCCCCCCCCCCCC)OC(=O)CCCCCCCCCCCCC,M01576,723.1769999999998,14.087899999999973,78.9,0.0,6.0,41.0,,0.0,0
Nc1nc2c(ncn2C2OC(COP(=O)(O)OP(=O)(O)O)C(O)C2O)c(=O)[nH]1,M01577,443.20200000000006,-2.4527000000000014,252.56999999999994,7.0,12.0,6.0,O=c1[nH]cnc2c1ncn2C1CCCO1,0.7185751418868361,16
CCCCCC(=O)[O-],M01578,115.15199999999999,0.3166,40.129999999999995,0.0,2.0,4.0,,0.0,0
CC(C)C(=O)O,M01579,88.10599999999998,0.727,37.3,1.0,1.0,1.0,,0.0,0
CCCCCC=CCC=CCCCCCCCC(=O)[O-],M01580,279.4439999999999,4.549800000000003,40.129999999999995,0.0,2.0,14.0,,0.0,0
NC(=O)C=CC(=O)O,M01581,115.08799999999998,-0.8875000000000002,80.39,2.0,2.0,2.0,,0.0,0
COC(=O)CC(C)=O,M01582,116.116,0.13849999999999985,43.370000000000005,0.0,3.0,2.0,,0.0,0
CN=C(N)N,M01583,73.099,-1.1103999999999996,64.39999999999999,2.0,1.0,0.0,,0.0,0
COC(=O)CCCC(=O)O,M01584,146.14200000000002,0.41429999999999995,63.60000000000001,1.0,3.0,4.0,,0.0,0
CN(C)c1ccc(N)cc1,M01585,136.19799999999998,1.3348,29.259999999999998,1.0,2.0,1.0,c1ccccc1,0.21161295934610674,802
CCCCCCCCC=CCCCCCCCCCCCCCC(=O)[O-],M01586,365.6220000000002,7.114400000000008,40.129999999999995,0.0,2.0,21.0,,0.0,0
CC1(C)COC(=O)C1O,M01587,130.143,-0.06969999999999993,46.53,1.0,3.0,0.0,O=C1CCCO1,0.8795051323147839,4
CCCCC(=O)[O-],M01588,101.12499999999999,-0.07350000000000012,40.129999999999995,0.0,2.0,3.0,,0.0,0
CCCCCCCCCCCC=CCCCCC(=O)[O-],M01589,281.46,4.773800000000004,40.129999999999995,0.0,2.0,15.0,,0.0,0
CC(=O)Oc1cccc(O)c1,M01590,152.149,1.3175,46.53,1.0,3.0,1.0,c1ccccc1,0.21161295934610674,802
CCCCCCCCCCCCCC=CC(O)C(COP(=O)([O-])OCC[N+](C)(C)C)NC(=O)CCCCCCCCCCCCCCCCC,M01591,731.0969999999993,10.558699999999996,107.92000000000002,2.0,6.0,38.0,,0.0,0
NC(N)=S,M01592,76.124,-0.8113000000000001,52.04,2.0,1.0,0.0,,0.0,0
CC(=CC(=O)O)C(=O)O,M01593,130.099,0.10189999999999988,74.6,2.0,2.0,2.0,,0.0,0
OCc1cccc(O)c1,M01594,124.13899999999997,0.8844999999999998,40.46,2.0,2.0,1.0,c1ccccc1,0.21161295934610674,802
CC(=O)CC(=O)[O-],M01595,101.08099999999999,-1.2846,57.2,0.0,3.0,2.0,,0.0,0
CCCCCCCCCCCCCCCCCCCC(=O)[O-],M01596,311.53,5.778000000000006,40.129999999999995,0.0,2.0,18.0,,0.0,0
CCCCCCCCCC(=O)[O-],M01597,171.26,1.8769999999999998,40.129999999999995,0.0,2.0,8.0,,0.0,0
CCCCCCCCC=CCCCCCCCC(=O)[O-],M01598,281.4599999999999,4.773800000000004,40.129999999999995,0.0,2.0,15.0,,0.0,0
CCCCCCCCC=CCCCCCCCCCCCC(=O)[O-],M01599,337.5680000000001,6.334200000000006,40.129999999999995,0.0,2.0,19.0,,0.0,0
CCCCCCCCCCCCCCCCC(=O)[O-],M01600,269.4489999999999,4.607700000000004,40.129999999999995,0.0,2.0,15.0,,0.0,0
O=C([O-])CC(=O)[O-],M01601,102.04499999999999,-3.1236999999999995,80.25999999999999,0.0,4.0,2.0,,0.0,0
O=C(O)CCCC(=O)C(=O)O,M01602,160.125,-0.10500000000000004,91.67,2.0,3.0,5.0,,0.0,0
CCCCCCC=CCCCCCCCC(=O)[O-],M01603,253.4059999999999,3.9936000000000025,40.129999999999995,0.0,2.0,13.0,,0.0,0
CCCCCCCCCCCCCCCCCCCCCCC(=O)[O-],M01604,353.6110000000001,6.948300000000008,40.129999999999995,0.0,2.0,21.0,,0.0,0
C=CC(=O)[O-],M01605,71.05499999999999,-1.0777,40.129999999999995,0.0,2.0,1.0,,0.0,0
CC(O)(CC(=O)O)CC(=O)SCCNC(=O)CCNC(=O)C(O)C(C)(C)COP(=O)(O)OP(=O)(O)OCC1OC(n2cnc3c(N)ncnc32)C(O)C1OP(=O)(O)O,M01606,911.6670000000003,-1.7194999999999938,421.1599999999999,11.0,21.0,23.0,c1ncc2ncn(C3CCCO3)c2n1,0.6577388176437765,26
CC(C)=CC(=O)SCCNC(=O)CCNC(=O)C(O)C(C)(C)COP(=O)(O)OP(=O)(O)OCC1OC(n2cnc3c(N)ncnc32)C(O)C1OP(=O)(O)O,M01607,849.643,-0.3690999999999968,363.63000000000005,9.0,19.0,20.0,c1ncc2ncn(C3CCCO3)c2n1,0.6577388176437765,26
Nc1ncnc2c1ncn2C1OC(COP(=O)(O)OP(=O)(O)OP(=O)(O)O)C(O)C1O,M01608,507.1820000000001,-1.629000000000001,279.13,7.0,14.0,8.0,c1ncc2ncn(C3CCCO3)c2n1,0.6577388176437765,26
CC(C)(COP(=O)(O)OP(=O)(O)OCC1OC(n2cnc3c(N)ncnc32)C(O)C1OP(=O)(O)O)C(O)C(=O)NCCC(=O)NCCS,M01609,767.5410000000002,-1.6652999999999971,346.55999999999995,10.0,18.0,18.0,c1ncc2ncn(C3CCCO3)c2n1,0.6577388176437765,26
NC(CS)C(=O)NCC(=O)O,M01610,178.21299999999997,-1.5556999999999999,92.42,4.0,4.0,4.0,,0.0,0
Nc1ncnc2c1ncn2C1CC(O)C(COP(=O)(O)OP(=O)(O)OP(=O)(O)O)O1,M01611,491.1830000000001,-0.5998000000000002,258.8999999999999,6.0,13.0,8.0,c1ncc2ncn(C3CCCO3)c2n1,0.6577388176437765,26
O=c1ccn(C2CC(O)C(COP(=O)(O)OP(=O)(O)OP(=O)(O)O)O2)c(=O)[nH]1,M01612,468.1410000000001,-1.4717000000000005,244.13999999999993,6.0,11.0,8.0,O=c1ccn(C2CCCO2)c(=O)[nH]1,0.7758207207981391,10
Nc1nc2c(ncn2C2CC(O)C(COP(=O)(O)OP(=O)(O)O)O2)c(=O)[nH]1,M01613,427.20300000000003,-1.4235000000000007,232.33999999999995,6.0,11.0,6.0,O=c1[nH]cnc2c1ncn2C1CCCO1,0.7185751418868361,16
Nc1nc2c(ncn2C2CC(O)C(COP(=O)(O)OP(=O)(O)OP(=O)(O)O)O2)c(=O)[nH]1,M01614,507.1820000000001,-1.3065000000000009,278.86999999999995,7.0,13.0,8.0,O=c1[nH]cnc2c1ncn2C1CCCO1,0.7185751418868361,16
Nc1nc2c(c(=O)[nH]1)N=C(CNc1ccc(C(=O)NC(CCC(=O)O)C(=O)O)cc1)CN2,M01615,443.4200000000002,0.010000000000000508,211.88999999999996,7.0,9.0,9.0,O=c1[nH]cnc2c1N=C(CNc1ccccc1)CN2,1.0,1
O=P(O)(O)OCC1OC(O)(COP(=O)(O)O)C(O)C1O,M01616,340.114,-2.9858,203.43999999999997,7.0,8.0,6.0,C1CCOC1,0.8176983027273006,7
CC(C)=CCCC(C)=CCOP(=O)(O)OP(=O)(O)O,M01617,314.211,2.9054000000000024,113.29000000000002,3.0,4.0,8.0,,0.0,0
Nc1nc2c(ncn2C2OC(COP(=O)(O)OP(=O)(O)OP(=O)(O)O)C(O)C2O)c(=O)[nH]1,M01618,523.1810000000002,-2.3357000000000006,299.09999999999997,8.0,14.0,8.0,O=c1[nH]cnc2c1ncn2C1CCCO1,0.7185751418868361,16
O=c1[nH]cnc2c1ncn2C1OC(COP(=O)(O)OP(=O)(O)OP(=O)(O)O)C(O)C1O,M01619,508.16600000000005,-1.9179000000000008,273.0799999999999,7.0,13.0,8.0,O=c1[nH]cnc2c1ncn2C1CCCO1,0.7185751418868361,16
C=C(C)CCOP(=O)(O)OP(=O)(O)O,M01620,246.09199999999998,1.1788999999999998,113.29000000000002,3.0,4.0,6.0,,0.0,0
CCOC(=O)CC(=O)[O-],M01621,131.107,-1.3104999999999998,66.43,0.0,4.0,3.0,,0.0,0
NC(=O)C1=CN(C2OC(COP(=O)(O)OP(=O)(O)OCC3OC(n4cnc5c(N)ncnc54)C(OP(=O)(O)O)C3O)C(O)C2O)C=CC1,M01622,745.4250000000006,-2.5693999999999964,364.1500000000001,9.0,19.0,13.0,O=[PH](OCC1CCC(N2C=CCC=C2)O1)O[PH](=O)OCC1CCC(n2cnc3cncnc32)O1,1.0,1
O=C([O-])c1ccccn1,M01623,122.10299999999997,-0.5549000000000002,53.019999999999996,0.0,3.0,1.0,c1ccncc1,0.5996365394334917,41
O=c1ccn(C2OC(COP(=O)(O)OP(=O)(O)OP(=O)(O)O)C(O)C2O)c(=O)[nH]1,M01624,484.1400000000001,-2.500900000000001,264.36999999999995,7.0,12.0,8.0,O=c1ccn(C2CCCO2)c(=O)[nH]1,0.7758207207981391,10
Nc1nc2c(c(=O)[nH]1)NC(CNc1ccc(C(=O)NC(CCC(=O)O)C(=O)O)cc1)CN2,M01625,445.4360000000002,-0.2819999999999991,211.55999999999997,8.0,9.0,9.0,O=c1[nH]cnc2c1NC(CNc1ccccc1)CN2,1.0,1
O=C(O)c1cc(=O)[nH]c(=O)[nH]1,M01626,156.097,-1.2386000000000001,103.01999999999998,3.0,3.0,1.0,O=c1cc[nH]c(=O)[nH]1,0.7883542836784342,9
N[C@@H](CSSC[C@H](N)C(=O)O)C(=O)O,M01627,240.306,-0.8083999999999993,126.64,4.0,6.0,7.0,,0.0,0
OCC(O)CO,M01628,92.09400000000001,-1.6681000000000001,60.69,3.0,3.0,2.0,,0.0,0
NC(=O)c1ccc[n+](C2OC(COP(=O)([O-])O)C(O)C2O)c1,M01629,334.22099999999995,-2.830499999999999,166.25,4.0,7.0,5.0,c1cc[n+](C2CCCO2)cc1,0.9466801716388252,2
CC(CN)C(=O)O,M01630,103.12099999999998,-0.3342000000000001,63.32000000000001,2.0,2.0,2.0,,0.0,0
CN1CC(=O)NC1=N,M01631,113.11999999999999,-1.0172299999999999,56.190000000000005,2.0,2.0,0.0,N=C1NCC(=O)N1,1.0,1
C[N+](C)(C)CC(=O)O,M01632,118.15599999999998,-0.22280000000000016,37.3,1.0,1.0,2.0,,0.0,0
NC(CS(=O)[O-])C(=O)O,M01633,152.15099999999998,-1.7226,103.45,2.0,4.0,3.0,,0.0,0
OCC1OC(O)CC(O)C1O,M01634,164.157,-2.1922,90.15,4.0,5.0,1.0,C1CCOCC1,0.6627017793637848,25
CC(=O)NCCCC(=O)O,M01635,145.15800000000002,-0.012699999999999989,66.4,2.0,2.0,4.0,,0.0,0
Cc1c(=O)c(=O)c2c3c[nH]c4c(C)c(=O)c(=O)c(c5c[nH]c1c52)c43,M01636,318.288,1.3266399999999998,99.85999999999999,2.0,4.0,0.0,O=c1cc2[nH]cc3c4c(=O)c(=O)cc5[nH]cc(c(c1=O)c23)c54,1.0,1
Nc1ccn(C2OC(COP(=O)(O)O)C(O)C2O)c(=O)n1,M01637,323.19800000000004,-2.446,177.36,5.0,9.0,4.0,O=c1ncccn1C1CCCO1,0.7265474540909509,15
NC(=O)c1ccc[n+](C2OC(COP(=O)(O)OP(=O)([O-])OCC3OC(n4cnc5c(N)ncnc54)C(OP(=O)(O)O)C3O)C(O)C2O)c1,M01638,743.4090000000006,-3.5308999999999964,367.6200000000001,8.0,19.0,13.0,O=[PH](OCC1CCC(n2cnc3cncnc32)O1)O[PH](=O)OCC1CCC([n+]2ccccc2)O1,0.8352580650673657,6
C=C(OP(=O)(O)O)C(=O)O,M01639,168.04099999999997,-0.3060000000000001,104.06000000000002,3.0,3.0,3.0,,0.0,0
CN1C=CC=C(C(N)=O)C1,M01640,138.17,-0.14279999999999998,46.33,1.0,2.0,1.0,C1=CCNC=C1,1.0,1
Nc1ncnc2c1ncn2C1OC(CSCCC(N)C(=O)O)C(O)C1O,M01641,384.41800000000006,-1.4370999999999983,182.62999999999997,5.0,11.0,7.0,c1ncc2ncn(C3CCCO3)c2n1,0.6577388176437765,26
OCC1OC(O)CC1O,M01642,134.131,-1.5531000000000004,69.92,3.0,4.0,1.0,C1CCOC1,0.8176983027273006,7
CC(=O)OC(CC(=O)O)C[N+](C)(C)C,M01643,204.24599999999998,0.09900000000000042,63.60000000000001,1.0,3.0,5.0,,0.0,0
CC(O)CC(=O)O,M01644,104.10499999999999,-0.15809999999999996,57.53,2.0,2.0,2.0,,0.0,0
Nc1ccn(C2CC(O)C(COP(=O)(O)OP(=O)(O)O)O2)c(=O)n1,M01645,387.17800000000005,-1.2998000000000003,203.65999999999997,5.0,10.0,6.0,O=c1ncccn1C1CCCO1,0.7265474540909509,15
CC1=C2N=C(C=C3N=C(C(C)=C4[N-]C(C)(C5N=C1C(C)(CCC(=O)NCC(C)OP(=O)([O-])OC1C(CO)OC(n6cnc7cc(C)c(C)cc76)C1O)C5CC(N)=O)C(C)(CC(N)=O)C4CCC(N)=O)C(C)(CC(N)=O)C3CCC(N)=O)C(C)(C)C2CCC(N)=O.[C-]#N.[Co+3],M01646,1355.3879999999997,3.4092100000000096,488.70999999999987,9.0,20.0,26.0,O=C(CCC1CC2N=C1C=C1CCC(=N1)C=C1CCC(=N1)C=C1CCC2[N-]1)NCCO[PH](=O)OC1COC(n2cnc3ccccc32)C1,1.0,1
CCOC(=O)CC(=O)O,M01647,132.115,0.024200000000000166,63.60000000000001,1.0,3.0,3.0,,0.0,0
O=C(O)C(O)c1ccccc1,M01648,152.149,0.8046,57.53,2.0,2.0,2.0,c1ccccc1,0.21161295934610674,802
Nc1cc(O)cc(C(=O)O)c1,M01649,153.137,0.6726000000000001,83.55,3.0,3.0,1.0,c1ccccc1,0.21161295934610674,802
O=C(O)C(=O)C(O)c1ccccc1,M01650,180.159,0.37370000000000014,74.6,2.0,3.0,3.0,c1ccccc1,0.21161295934610674,802
O=C(O)CCc1ccccc1O,M01651,166.176,1.4094,57.53,2.0,2.0,3.0,c1ccccc1,0.21161295934610674,802
Nc1cc(C(=O)O)ccc1O,M01652,153.13699999999997,0.6726000000000001,83.55000000000001,3.0,3.0,1.0,c1ccccc1,0.21161295934610674,802
CC(=O)Oc1ccccc1,M01653,136.14999999999998,1.6118999999999999,26.3,0.0,2.0,1.0,c1ccccc1,0.21161295934610674,802
O=CC=Cc1ccccc1,M01654,132.16199999999998,1.8987,17.07,0.0,1.0,2.0,c1ccccc1,0.21161295934610674,802
O=C([O-])CCCCCCC(=O)[O-],M01655,172.17999999999998,-1.1731999999999994,80.25999999999999,0.0,4.0,7.0,,0.0,0
CC(O)c1ccccc1,M01656,122.16699999999996,1.7399,20.23,1.0,1.0,1.0,c1ccccc1,0.21161295934610674,802
O=C(O)c1ccccc1[O-],M01657,137.11399999999998,0.45839999999999986,60.36,1.0,2.0,1.0,c1ccccc1,0.21161295934610674,802
OCC1OC(O)(CO)C(O)C1O,M01658,180.156,-3.2197999999999998,110.38000000000001,5.0,6.0,2.0,C1CCOC1,0.8176983027273006,7
CC(C)=CCCC(C)=CCCC(C)=CCCC=C(C)CCC=C(C)CCC=C(C)C,M01659,410.73000000000025,10.60499999999999,0.0,0.0,0.0,15.0,,0.0,0
C=Cc1c(C)c2cc3[nH]c(cc4nc(cc5nc(cc1[nH]2)C(C)=C5CCC(=O)O)C(CCC(=O)O)=C4C)c(C)c3C=C,M01660,562.6700000000003,7.808640000000006,131.96,4.0,4.0,8.0,C1=Cc2cc3ccc(cc4ccc(cc5nc(cc1n2)C=C5)[nH]4)[nH]3,1.0,1
CCCCCCCCCCCC(=O)O,M01661,200.32199999999997,3.991900000000002,37.3,1.0,1.0,10.0,,0.0,0
CC(C)CCCC(C)C1CCC2C3=CC=C4CC(O)CCC4(C)C3CCC21C,M01662,384.64800000000025,7.308800000000009,20.23,1.0,1.0,5.0,C1=C2CCCCC2C2CCC3CCCC3C2=C1,0.9466801716388252,2
O=C(O)c1ccc2ccccc2c1O,M01663,188.182,2.2436000000000003,57.53,2.0,2.0,1.0,c1ccc2ccccc2c1,0.6846698721617894,21
O=C(CO)COP(=O)([O-])[O-],M01664,168.041,-2.6068999999999996,109.72,1.0,6.0,4.0,,0.0,0
O=C(O)C(=O)CS,M01665,120.129,-0.43010000000000004,54.37,2.0,3.0,2.0,,0.0,0
CCCCCC=CCC=CCC=CCCCCC(=O)O,M01666,278.4359999999999,5.660500000000005,37.3,1.0,1.0,13.0,,0.0,0
CCOC(=O)C(=O)C(C)C(=O)OCC,M01667,202.20599999999993,0.31779999999999964,69.67,0.0,5.0,5.0,,0.0,0
CC(CCC(=O)NCCS(=O)(=O)O)C1CCC2C3C(O)C(O)C4CC(O)CCC4(C)C3CCC12C,M01668,515.7130000000003,2.3681,144.16,5.0,6.0,7.0,C1CCC2C(C1)CCC1C3CCCC3CCC21,0.6274242932504864,33
CC(CCC(=O)NCC(=O)O)C1CCC2C3C(=O)CC4CC(=O)CCC4(C)C3CC(=O)C12C,M01669,459.58300000000037,3.1895000000000016,117.60999999999999,2.0,5.0,6.0,O=C1CCC2C(C1)CC(=O)C1C3CCCC3C(=O)CC21,0.9466801716388252,2
CC(CCCC(C)C1CCC2C3CC=C4CC(O)CCC4(C)C3CCC12C)C(=O)O,M01670,416.6460000000003,6.453400000000007,57.53,2.0,2.0,6.0,C1=C2CCCCC2C2CCC3CCCC3C2C1,0.7185751418868361,16
CC(CCCC(C)C1CCC2C3CCC4=CC(=O)CCC4(C)C3CCC12C)C(=O)O,M01671,414.6300000000003,6.661600000000007,54.370000000000005,1.0,2.0,6.0,O=C1C=C2CCC3C4CCCC4CCC3C2CC1,0.6627017793637848,25
CC(CCCC(C)C1CCC2C3=CCC4CC(=O)CCC4(C)C3CCC21C)C(=O)O,M01672,414.6300000000003,6.661600000000007,54.370000000000005,1.0,2.0,6.0,O=C1CCC2C(CC=C3C4CCCC4CCC32)C1,0.9466801716388252,2
CC(CCCC(C)C1CCC2C3CCC4CC(=O)CCC4(C)C3CCC12C)C(=O)O,M01673,416.64600000000024,6.741500000000007,54.370000000000005,1.0,2.0,6.0,O=C1CCC2C(CCC3C4CCCC4CCC23)C1,0.8555293230024756,5
CC(CCCC(C)C1CCC2C3CCC4CC(=O)C=CC4(C)C3CCC12C)C(=O)O,M01674,414.63000000000017,6.517500000000007,54.370000000000005,1.0,2.0,6.0,O=C1C=CC2C(CCC3C4CCCC4CCC23)C1,0.9088491513636503,3
CC(CCCC(C)C1CCC2C3CCC4=CC(=O)C=CC4(C)C3CCC12C)C(=O)O,M01675,412.6140000000002,6.437600000000007,54.370000000000005,1.0,2.0,6.0,O=C1C=CC2C(=C1)CCC1C3CCCC3CCC21,0.7265474540909509,15
CC(CCCC(C)C1CCC2=C3CCC4CC(=O)CCC4(C)C3CCC21C)C(=O)O,M01676,414.6300000000002,6.805700000000007,54.370000000000005,1.0,2.0,6.0,O=C1CCC2C(CCC3=C4CCCC4CCC32)C1,1.0,1
CC(CCCC(C)C1CCC2=C3C=CC4=CC(=O)CCC4(C)C3CCC21C)C(=O)O,M01677,410.59800000000024,6.501800000000007,54.370000000000005,1.0,2.0,6.0,O=C1C=C2C=CC3=C4CCCC4CCC3C2CC1,1.0,1
CC(CCCC(C)C1CCC2C3=CCC4CC(=O)C=CC4(C)C3CCC21C)C(=O)O,M01678,412.6140000000002,6.437600000000007,54.370000000000005,1.0,2.0,6.0,O=C1C=CC2C(CC=C3C4CCCC4CCC32)C1,1.0,1
CC(CCCC(C)C1CCC2C3C(O)CC4=CC(=O)CCC4(C)C3CCC12C)C(=O)O,M01679,430.6290000000003,5.632400000000006,74.6,2.0,3.0,6.0,O=C1C=C2CCC3C4CCCC4CCC3C2CC1,0.6627017793637848,25
CC(CCC(=O)O)C1CCC2C3C(=O)CC4CC(O)CCC4(C)C3CCC12C,M01680,390.5640000000002,4.686100000000005,74.6,2.0,3.0,4.0,O=C1CC2CCCCC2C2CCC3CCCC3C12,0.9466801716388252,2
CC(CCC(=O)O)C1CCC2C3CCC4CC(=O)CCC4(C)C3CCC12C,M01681,374.56500000000017,5.715300000000006,54.37,1.0,2.0,4.0,O=C1CCC2C(CCC3C4CCCC4CCC23)C1,0.8555293230024756,5
CC(CCC(=O)O)C1CCC2C3C(=O)CC4CC(=O)CCC4(C)C3CC(=O)C12C,M01682,402.53100000000023,4.073300000000003,88.50999999999999,1.0,4.0,4.0,O=C1CCC2C(C1)CC(=O)C1C3CCCC3C(=O)CC21,0.9466801716388252,2
CC(CCC(=O)O)C1CCC2C3C(O)CC4CC(O)CCC4(C)C3CC(=O)C12C,M01683,406.5630000000002,3.656900000000003,94.83000000000001,3.0,4.0,4.0,O=C1CC2C3CCCCC3CCC2C2CCCC12,1.0,1
CC(CC(=O)O)C1CCC2C3CCC4CC(O)CCC4(C)C3CC(O)C12C,M01684,378.5530000000001,4.087800000000003,77.76,3.0,3.0,3.0,C1CCC2C(C1)CCC1C3CCCC3CCC21,0.6274242932504864,33
CC(CCC(=O)NCC(=O)O)C1CCC2C3CC(O)C4CC(O)CCC4(C)C3CCC12C,M01685,449.6320000000003,3.594100000000001,106.86000000000001,4.0,4.0,6.0,C1CCC2C(C1)CCC1C3CCCC3CCC21,0.6274242932504864,33
CC(C)CC(=O)OC(O)(CC(=O)[O-])C[N+](C)(C)C,M01686,261.318,-0.8894999999999977,86.66,1.0,5.0,7.0,,0.0,0
CCCCCC=CC(=O)OC(CC(=O)[O-])C[N+](C)(C)C,M01687,285.38399999999996,0.8809000000000005,66.43,0.0,4.0,10.0,,0.0,0
CN=C(NC)NCCCC(N)C(=O)O,M01688,202.25799999999998,-1.026699999999998,99.74,4.0,3.0,5.0,,0.0,0
CN(C)C(N)=NCCC[C@H](N)C(=O)O,M01689,202.258,-0.9451999999999978,104.94000000000001,3.0,3.0,5.0,,0.0,0
CCCCCCCCCC(=O)OC(CC(=O)[O-])C[N+](C)(C)C,M01690,315.45400000000006,1.8850999999999996,66.43,0.0,4.0,13.0,,0.0,0
CCCCCC(=O)OC(CC(=O)[O-])C[N+](C)(C)C,M01691,259.34599999999995,0.3247000000000011,66.43,0.0,4.0,9.0,,0.0,0
CC(C)CC(=O)OC(CC(=O)[O-])C[N+](C)(C)C,M01692,245.31899999999993,-0.20949999999999824,66.43,0.0,4.0,7.0,,0.0,0
CCCCC(=O)OC(CC(=O)[O-])C[N+](C)(C)C,M01693,245.31899999999993,-0.06539999999999857,66.43,0.0,4.0,8.0,,0.0,0
CCC(C)C(=O)OC(CC(=O)[O-])C[N+](C)(C)C,M01694,245.31899999999993,-0.20949999999999824,66.43,0.0,4.0,7.0,,0.0,0
CC(=O)NCCCNCCCCN,M01695,187.28699999999995,-0.1588999999999986,67.15,3.0,3.0,8.0,,0.0,0
C[N+](C)(C)CCCCC(N)C(=O)[O-],M01696,188.271,-1.0598999999999974,66.15,1.0,3.0,6.0,,0.0,0
NC(=O)c1ccc[n+]([O-])c1,M01697,138.12599999999998,-0.5811,70.03,1.0,2.0,1.0,c1cc[nH+]cc1,0.6627017793637848,25
CCCCCCCC(=O)OC(CC(=O)[O-])C[N+](C)(C)C,M01698,287.4,1.1049000000000002,66.43,0.0,4.0,11.0,,0.0,0
CCCCCCCCCCCCCCCCCC(=O)OC(CC(=O)[O-])C[N+](C)(C)C,M01699,427.6700000000002,5.005900000000004,66.43,0.0,4.0,21.0,,0.0,0
CC(=O)C[N+](C)(C)C,M01700,116.18399999999998,0.2816000000000001,17.07,0.0,1.0,2.0,,0.0,0
NC(N)=NCCCCC(N)C(=O)O,M01701,188.23099999999997,-1.1579999999999988,127.72000000000001,4.0,3.0,6.0,,0.0,0
CC(=O)CC(c1ccccc1)c1c(O)c2ccccc2oc1=O,M01702,308.3330000000001,3.609600000000003,67.50999999999999,1.0,4.0,4.0,O=c1oc2ccccc2cc1Cc1ccccc1,0.9088491513636503,3
C[N+](C)(C)CC(O)(CC(=O)[O-])C(=O)Cc1ccccc1,M01703,279.33599999999996,-0.6244999999999985,77.43,1.0,4.0,7.0,c1ccccc1,0.21161295934610674,802
C[N+](C)(C)CCOP(=O)([O-])OCC(O)CO,M01704,257.22299999999996,-1.452599999999998,99.05000000000001,2.0,6.0,8.0,,0.0,0
C[N+](C)(C)CC(CC(=O)[O-])OC(=O)c1ccccc1,M01705,265.30899999999997,0.05820000000000092,66.43,0.0,4.0,6.0,c1ccccc1,0.21161295934610674,802
CC=C(C)C(=O)OC(CC(=O)[O-])C[N+](C)(C)C,M01706,243.30299999999994,-0.2893999999999992,66.43,0.0,4.0,6.0,,0.0,0
CC(O)CC(=O)OC(CC(=O)[O-])C[N+](C)(C)C,M01707,247.29099999999994,-1.4846999999999977,86.66,1.0,5.0,7.0,,0.0,0
O=c1[nH]cc(C2OC(CO)C(O)C2O)c(=O)[nH]1,M01708,244.20300000000003,-2.7828000000000004,135.64000000000001,5.0,6.0,2.0,O=c1[nH]cc(C2CCCO2)c(=O)[nH]1,1.0,1
O=C(O)C1CCCN1C(=O)C1CCCN1,M01709,212.249,-0.18600000000000033,69.64,2.0,3.0,2.0,O=C(C1CCCN1)N1CCCC1,0.9466801716388252,2
CC(=O)NCCCCC(N)C(=O)O,M01710,188.22699999999998,-0.2952999999999993,92.42,3.0,3.0,6.0,,0.0,0
CN(C)c1nc2c(ncn2C2OC(CO)C(O)C2O)c(=O)[nH]1,M01711,311.298,-2.202899999999999,136.73000000000002,4.0,9.0,3.0,O=c1[nH]cnc2c1ncn2C1CCCO1,0.7185751418868361,16
CCCC(=O)OC(CC(=O)[O-])C[N+](C)(C)C,M01712,231.29199999999994,-0.45549999999999824,66.43,0.0,4.0,7.0,,0.0,0
CC(C)C(=O)OC(CC(=O)[O-])C[N+](C)(C)C,M01713,231.29199999999994,-0.5995999999999979,66.43,0.0,4.0,6.0,,0.0,0
Cn1cc(C(N)=O)ccc1=O,M01714,152.153,-0.5158,65.09,1.0,3.0,1.0,O=c1cccc[nH]1,0.8352580650673657,6
Cn1ccc(=O)c(C(N)=O)c1,M01715,152.15300000000002,-0.5158,65.09,1.0,3.0,1.0,O=c1cc[nH]cc1,0.9466801716388252,2
CNc1ncnc2c1ncn2C1OC(CO)C(O)C1O,M01716,281.272,-1.5205000000000009,125.55000000000001,4.0,9.0,3.0,c1ncc2ncn(C3CCCO3)c2n1,0.6577388176437765,26
CC(=O)Nc1ccn(C2OC(CO)C(O)C2O)c(=O)n1,M01717,285.25600000000003,-2.1867999999999994,133.91000000000003,4.0,8.0,3.0,O=c1ncccn1C1CCCO1,0.7265474540909509,15
CCCCCCCCCCCCCC(=O)OC(CC(=O)[O-])C[N+](C)(C)C,M01718,371.5620000000001,3.445500000000002,66.43,0.0,4.0,17.0,,0.0,0
Nc1nc2ncc(C(O)C(O)CO)nc2c(=O)[nH]1,M01719,253.218,-2.3181000000000007,158.24,5.0,8.0,3.0,O=c1[nH]cnc2nccnc12,0.9088491513636503,3
NC(Cc1ccc(OS(=O)(=O)O)cc1)C(=O)O,M01720,261.25499999999994,-0.17740000000000028,126.92,3.0,5.0,5.0,c1ccccc1,0.21161295934610674,802
NC(CCCCn1c(C=O)ccc1CO)C(=O)O,M01721,254.286,0.37509999999999977,105.55,3.0,5.0,8.0,c1cc[nH]c1,0.9088491513636503,3
Cn1cnc2c(ncn2C2OC(CO)C(O)C2O)c1=O,M01722,282.25600000000003,-2.2584999999999993,122.63000000000002,3.0,9.0,2.0,O=c1[nH]cnc2c1ncn2C1CCCO1,0.7185751418868361,16
C[S+](CCC(N)C(=O)O)CC1OC(n2cnc3c(N)ncnc32)C(O)C1O,M01723,399.45300000000015,-1.9221999999999972,182.63,5.0,10.0,7.0,c1ncc2ncn(C3CCCO3)c2n1,0.6577388176437765,26
NCCc1ccc(O)c(OS(=O)(=O)O)c1,M01724,233.24499999999998,0.07499999999999973,109.85000000000001,3.0,5.0,4.0,c1ccccc1,0.21161295934610674,802
CC(=O)NCCCN1CCCC1=O,M01725,184.23899999999998,0.1349999999999998,49.410000000000004,1.0,2.0,4.0,O=C1CCCN1,0.8176983027273006,7
C=CC1CN2CCC1CC2C(O)c1ccnc2ccc(OC)cc12,M01726,324.4240000000001,3.1732000000000014,45.59,1.0,4.0,4.0,c1ccc2c(CC3CC4CCN3CC4)ccnc2c1,0.9466801716388252,2
C[n+]1ccccc1,M01727,94.13699999999999,0.5110999999999999,3.88,0.0,0.0,0.0,c1cc[nH+]cc1,0.6627017793637848,25
CC(=O)NCCCNCCCC(=O)O,M01728,202.25399999999996,-0.03300000000000042,78.43,3.0,3.0,8.0,,0.0,0
CC(=O)NCCCNCCCCNCCCNC(C)=O,M01729,286.41999999999996,-0.0017999999999977478,82.25999999999999,4.0,4.0,13.0,,0.0,0
CN1C(=O)CCC1c1ccc[n+]([O-])c1,M01730,192.21800000000002,0.6133000000000001,47.25,0.0,2.0,1.0,O=C1CCC(c2ccc[nH+]c2)N1,1.0,1
O=C1CCC(c2cccnc2)N1,M01731,162.19199999999998,1.0327,41.99,1.0,2.0,1.0,O=C1CCC(c2cccnc2)N1,0.9088491513636503,3
c1cncc(C2CCCN2)c1,M01732,148.209,1.5061,24.92,1.0,2.0,1.0,c1cncc(C2CCCN2)c1,0.9466801716388252,2
O=C(O)CCc1cnc[nH]1,M01733,140.142,0.4269000000000001,65.97999999999999,2.0,2.0,3.0,c1c[nH]cn1,0.6438836066809098,29
Cn1c(N)nc2c(ncn2C2OC(CO)C(O)C2O)c1=O,M01734,297.271,-2.676299999999999,148.65,4.0,10.0,2.0,O=c1[nH]cnc2c1ncn2C1CCCO1,0.7185751418868361,16
CC(C)CCCC(C)C1CCC2C3CC=C4CC(OS(=O)(=O)O)CCC4(C)C3CCC12C,M01735,466.7280000000003,7.215800000000009,63.60000000000001,1.0,3.0,7.0,C1=C2CCCCC2C2CCC3CCCC3C2C1,0.7185751418868361,16
CCCCCCCCCCCCCCCCCCCCCCCCCC(=O)O,M01736,396.7000000000002,9.4533,37.3,1.0,1.0,24.0,,0.0,0
CCCCCCCCCCCCCCCC(=O)OC(CO)COP(=O)(O)O,M01737,410.48800000000006,4.481100000000006,113.29000000000002,3.0,5.0,19.0,,0.0,0
CCCCCCCCCCCCCCCCCC(=O)OC(CO)COP(=O)(O)O,M01738,438.5420000000001,5.261300000000007,113.29000000000002,3.0,5.0,21.0,,0.0,0
CCCCCCCCCCCCCCCCCC(=O)OCC(O)COP(=O)(O)O,M01739,438.5420000000001,5.261300000000007,113.29000000000002,3.0,5.0,21.0,,0.0,0
CCCCCCCCCCCCCCCCCC(=O)OCC(O)COP(=O)(O)OCC(O)CO,M01740,512.6210000000002,4.638800000000007,142.75000000000003,4.0,8.0,25.0,,0.0,0
CCCCCCCCCCCCCCCCCC(=O)OC(CO)COP(=O)(O)OC1C(O)C(O)C(O)C(O)C1O,M01741,600.6830000000003,2.4723,203.44,7.0,11.0,23.0,C1CCCCC1,0.6846698721617894,21
CCCCCCCCCCCCCCCC(=O)OCC(O)COP(=O)(O)OC1C(O)C(O)C(O)C(O)C1O,M01742,572.6290000000002,1.692099999999998,203.44,7.0,11.0,21.0,C1CCCCC1,0.6846698721617894,21
CCCCCCCCCCCCCCCCCC(=O)OCC(O)COP(=O)(O)OC1C(O)C(O)C(O)C(O)C1O,M01743,600.6830000000003,2.4723,203.44,7.0,11.0,23.0,C1CCCCC1,0.6846698721617894,21
CCCCCCCCCCCCCCCCCC(=O)OCC(O)COP(=O)(O)OCC(N)C(=O)O,M01744,525.6200000000002,4.6975000000000025,165.61,4.0,8.0,25.0,,0.0,0
CCCCCCCCCCCCCC=CC(O)C(CO)NC(=O)CCCCCCCCCCCCCCCCCCCCCCCCC,M01745,678.1839999999999,13.463999999999977,69.56,3.0,3.0,40.0,,0.0,0
CCCC=CCCCCCCCCC=CC(O)C(CO)NC(=O)CCCCCCCCCCCCCCCCC,M01746,563.9520000000005,10.119199999999998,69.56,3.0,3.0,31.0,,0.0,0
CCCC=CCCCCCCCCC=CC(O)C(CO)NC(=O)CCCCCCCCCCCCCCCCCCC,M01747,592.0060000000003,10.899399999999993,69.56,3.0,3.0,33.0,,0.0,0
CCCCCCCCCCCCCCCCCC(=O)OCC(COP(=O)(O)OCCN)OC(=O)CCCCCCCCCCCCCCC,M01748,720.0259999999993,11.276499999999992,134.38,2.0,8.0,39.0,,0.0,0
CCCCCCCCCCCCCC=CC(O)C(COC1OC(CO)C(O)C(OS(=O)(=O)O)C1O)NC(=O)CCCCCCCCCCCCCCCCC,M01749,808.1729999999991,7.994500000000007,192.07999999999998,6.0,10.0,37.0,C1CCOCC1,0.6627017793637848,25
CCCCCCCC(=O)OC(CC(=O)O)C[N+](C)(C)C,M01750,288.408,2.4396000000000004,63.60000000000001,1.0,3.0,11.0,,0.0,0
CCCCCCCCCCCCCCCCCCCCCCCC(=O)OC(CC(=O)[O-])C[N+](C)(C)C,M01751,511.8320000000004,7.346500000000008,66.43,0.0,4.0,27.0,,0.0,0
CCCCCCCCCCCCCCCCCCCCCCCCCC(=O)OC(CC(=O)[O-])C[N+](C)(C)C,M01752,539.8860000000004,8.126700000000008,66.43,0.0,4.0,29.0,,0.0,0
CCCCCCCCCCCC=CC(O)C(CO)NC(=O)CCCCCCCCCCCCCCCCCCC,M01753,565.9680000000004,10.343199999999996,69.56,3.0,3.0,32.0,,0.0,0
CCCCCCCCCCCC=CC(O)C(CO)NC(=O)CCCCCCCCCCCCCCCCCCCCC,M01754,594.0220000000003,11.123399999999991,69.56,3.0,3.0,34.0,,0.0,0
CCCCCCCCCCCC=CC(O)C(CO)NC(=O)CCCCCCCCCCCCCCCCCCCCCCC,M01755,622.0760000000001,11.903599999999987,69.56,3.0,3.0,36.0,,0.0,0
CCCCCCCCCCCCCC=CC(O)C(CO)NC(=O)CCCCCCCCCCCCCCC,M01756,537.9140000000006,9.563000000000002,69.56,3.0,3.0,30.0,,0.0,0
CCCCCCCCCCCCCC=CC(O)C(CO)NC(=O)CCCCCCCCCCCCCCCCCCC,M01757,594.0220000000003,11.123399999999991,69.56,3.0,3.0,34.0,,0.0,0
CCCCCCCCCCCCCC=CC(O)C(CO)NC(=O)CCCCCCCCCCCCCCCCCCCCC,M01758,622.0760000000001,11.903599999999987,69.56,3.0,3.0,36.0,,0.0,0
CCCCCCCCCCCCCC=CC(O)C(CO)NC(=O)CCCCCCCCCCCCCCCCCCCCCCC,M01759,650.13,12.683799999999982,69.56,3.0,3.0,38.0,,0.0,0
CCCCCCCCCCCCCC=CC(O)C(CO)NC(=O)CCCCCCCCCCCCCCCCCCCCCCCC,M01760,664.1569999999999,13.073899999999979,69.56,3.0,3.0,39.0,,0.0,0
CCCCCCCCCCCCCCCCCC(=O)OCC(CO)OC(=O)CCCCCCCCCCCCCCC,M01761,596.9780000000002,11.176499999999992,72.83000000000001,1.0,5.0,34.0,,0.0,0
CCCCCCCCCCCCCC=CC(O)C(COC1OC(CO)C(OC2OC(CO)C(O)C(O)C2O)C(O)C1O)NC(=O)CCCCCCCCCCCCCCC,M01762,862.1959999999995,5.211400000000004,227.85999999999999,9.0,13.0,36.0,C1CCC(OC2CCCOC2)OC1,0.8555293230024756,5
CCCCCCCCCCCCCCCC(=O)OCC(O)COP(=O)(O)O,M01763,410.48800000000006,4.481100000000006,113.29000000000002,3.0,5.0,19.0,,0.0,0
CCCCCCCCCCCCCC(=O)OC(CO)COP(=O)([O-])OCC[N+](C)(C)C,M01764,467.58400000000023,3.799400000000002,105.12000000000002,1.0,7.0,21.0,,0.0,0
CCCCCCCCCCCCCCCC(=O)OC(CO)COP(=O)([O-])OCC[N+](C)(C)C,M01765,495.63800000000026,4.579600000000004,105.12000000000002,1.0,7.0,23.0,,0.0,0
CCCCCCCCCCCCCCCCCC(=O)OC(CO)COP(=O)([O-])OCC[N+](C)(C)C,M01766,523.6920000000002,5.359800000000004,105.12000000000002,1.0,7.0,25.0,,0.0,0
CCCCCCCCCCCCCCC(=O)OCC(O)COP(=O)([O-])OCC[N+](C)(C)C,M01767,481.6110000000002,4.1895000000000024,105.12000000000002,1.0,7.0,22.0,,0.0,0
CCCCCCCCCCCCCCCCC(=O)OCC(O)COP(=O)([O-])OCC[N+](C)(C)C,M01768,509.66500000000025,4.969700000000004,105.12000000000002,1.0,7.0,24.0,,0.0,0
CCCCCCCCCCCCCCCCCC(=O)OCC(O)COP(=O)([O-])OCC[N+](C)(C)C,M01769,523.6920000000002,5.359800000000004,105.12000000000002,1.0,7.0,25.0,,0.0,0
CCCCCCCCCCCCCCCCCCC(=O)OCC(O)COP(=O)([O-])OCC[N+](C)(C)C,M01770,537.7190000000002,5.749900000000006,105.12000000000002,1.0,7.0,26.0,,0.0,0
CCCCCCCCCCCCCCCCCCCC(=O)OCC(O)COP(=O)([O-])OCC[N+](C)(C)C,M01771,551.7460000000002,6.140000000000007,105.12000000000002,1.0,7.0,27.0,,0.0,0
CCCCCCCCCCCCCCCCCCCCCC(=O)OCC(O)COP(=O)([O-])OCC[N+](C)(C)C,M01772,579.8000000000001,6.920200000000008,105.12000000000002,1.0,7.0,29.0,,0.0,0
CCCCCCCCCCCCCCCCCCCCCCCC(=O)OCC(O)COP(=O)([O-])OCC[N+](C)(C)C,M01773,607.854,7.70040000000001,105.12000000000002,1.0,7.0,31.0,,0.0,0
CCCCCCCCCCCCCCCCCCOCC(O)COP(=O)([O-])OCC[N+](C)(C)C,M01774,509.70900000000023,5.833200000000005,88.05,1.0,6.0,26.0,,0.0,0
CCCCCCCCCCCCCCCCCCCCOCC(O)COP(=O)([O-])OCC[N+](C)(C)C,M01775,537.7630000000003,6.613400000000008,88.05,1.0,6.0,28.0,,0.0,0
CCCCCCCCCCCCCCC=COCC(O)COP(=O)([O-])OCC[N+](C)(C)C,M01776,479.63900000000024,5.176600000000005,88.05,1.0,6.0,23.0,,0.0,0
CCCCCCCCCCCCCCCCC=COCC(O)COP(=O)([O-])OCC[N+](C)(C)C,M01777,507.69300000000027,5.956800000000007,88.05,1.0,6.0,25.0,,0.0,0
CCCCCCCCCCCCCCCC(=O)OCC(O)COP(=O)(O)OCCN,M01778,453.5570000000002,4.464100000000002,128.31000000000003,3.0,7.0,22.0,,0.0,0
CCCCCCCCCCCCCCCCC=COCC(O)COP(=O)(O)OCCN,M01779,465.6120000000002,5.8413000000000075,111.24,3.0,6.0,24.0,,0.0,0
CCCCCCCCCCCCCCCC(=O)OCC(COP(=O)([O-])OCC[N+](C)(C)C)OC(=O)CCCCCCCCCCCCCCC,M01780,734.0529999999993,10.611799999999995,111.19,0.0,8.0,38.0,,0.0,0
CCCCCCCCCCCCCCCCCC(=O)OCC(COP(=O)([O-])OCC[N+](C)(C)C)OC(=O)CCCCCCCCCCCCCCCCC,M01781,790.1609999999991,12.172199999999988,111.19,0.0,8.0,42.0,,0.0,0
CCCCCCCCCCCCCCCCOCC(COP(=O)([O-])OCC[N+](C)(C)C)OC(=O)CCCCCCCCCCCCCCC,M01782,720.0699999999993,11.085199999999992,94.12,0.0,7.0,39.0,,0.0,0
CCCCCCCCCCCCCCCCCCOCC(COP(=O)([O-])OCC[N+](C)(C)C)OC(=O)CCCCCCCCCCCCCCC,M01783,748.1239999999992,11.865399999999989,94.12,0.0,7.0,41.0,,0.0,0
CCCCCCCCCCCC=CC(O)C(COP(=O)([O-])OCC[N+](C)(C)C)NC(=O)CCCCCCCCCCCCCCCCCCC,M01784,731.0969999999993,10.558699999999995,107.92000000000002,2.0,6.0,38.0,,0.0,0
CCCCCCCCCCCC=CC(O)C(COP(=O)([O-])OCC[N+](C)(C)C)NC(=O)CCCCCCCCCCCCCCCCCCCCC,M01785,759.1509999999992,11.33889999999999,107.92000000000002,2.0,6.0,40.0,,0.0,0
CCCCCCCCCCCC=CC(O)C(COP(=O)([O-])OCC[N+](C)(C)C)NC(=O)CCCCCCCCCCCCCCCCCCCCCCC,M01786,787.204999999999,12.119099999999987,107.92000000000002,2.0,6.0,42.0,,0.0,0
CCCCCCCCCCCCCCCC(=O)NC(COP(=O)([O-])OCC[N+](C)(C)C)C(O)CCCCCCCCCCCCCCC,M01787,705.0589999999994,10.002499999999998,107.92,2.0,6.0,37.0,,0.0,0
CCCCCCCCCCCCCC=CC(O)C(COP(=O)([O-])OCC[N+](C)(C)C)NC(=O)CCCCCCCCCCCCCCC,M01788,703.0429999999994,9.7785,107.92000000000002,2.0,6.0,36.0,,0.0,0
CCCCCCCCCCCCCC=CC(O)C(COP(=O)([O-])OCC[N+](C)(C)C)NC(=O)CCCCCCCCCCCCCCCCCCC,M01789,759.1509999999992,11.338899999999992,107.92000000000002,2.0,6.0,40.0,,0.0,0
CCCCCCCCCCCCCC=CC(O)C(COP(=O)([O-])OCC[N+](C)(C)C)NC(=O)CCCCCCCCCCCCCCCCCCCCC,M01790,787.204999999999,12.119099999999987,107.92000000000002,2.0,6.0,42.0,,0.0,0
CCCCCCCCCCCCCC=CC(O)C(COP(=O)([O-])OCC[N+](C)(C)C)NC(=O)CCCCCCCCCCCCCCCCCCCCCC,M01791,801.231999999999,12.509199999999986,107.92000000000002,2.0,6.0,43.0,,0.0,0
CCCCCCCCCCCCCC=CC(O)C(COP(=O)([O-])OCC[N+](C)(C)C)NC(=O)CCCCCCCCCCCCCCCCCCCCCCC,M01792,815.2589999999989,12.899299999999982,107.92000000000002,2.0,6.0,44.0,,0.0,0
CCCCCCCCCCCCCCC=CC(O)C(COP(=O)([O-])OCC[N+](C)(C)C)NC(=O)CCCCCCCCCCCCCCC,M01793,717.0699999999993,10.168599999999998,107.92000000000002,2.0,6.0,37.0,,0.0,0
CCCCCCCCCCCCCC=CC(O)C(N)COP(=O)(O)O,M01794,379.47800000000007,4.0412000000000035,113.01000000000002,4.0,4.0,17.0,,0.0,0
CCCCCCCCCCCCCCCCCCCC(=O)OC(CC(=O)[O-])C[N+](C)(C)C,M01795,455.7240000000002,5.786100000000006,66.43,0.0,4.0,23.0,,0.0,0
CCCCCCCCCCCCCCCCCCCCCC(=O)NC(CO)C(O)CCCCCCCCCCCCCCC,M01796,624.0919999999999,12.127599999999983,69.56,3.0,3.0,37.0,,0.0,0
CCCCCCCCCCCCCCCCCCCCCCCC(=O)NC(CO)C(O)CCCCCCCCCCCCCCC,M01797,652.1459999999997,12.907799999999979,69.56,3.0,3.0,39.0,,0.0,0
CCCCCCCCCCCCCCCCCC(=O)OC(CO)COP(=O)(O)OCCN,M01798,481.6110000000002,5.244300000000005,128.31000000000003,3.0,7.0,24.0,,0.0,0
CCCCCCCCCCCCCCCC(=O)OCC(COP(=O)([O-])OCC[N+](C)(C)C)OC(=O)CCCCCCCCCCCCCC,M01799,720.0259999999994,10.221699999999997,111.19,0.0,8.0,37.0,,0.0,0
CCCCCCCCCCCCCCCCC(=O)OC(COC(=O)CCCCCCCCCCCCCCC)COP(=O)([O-])OCC[N+](C)(C)C,M01800,748.0800000000002,11.001899999999992,111.19000000000001,0.0,8.0,39.0,,0.0,0
CCCCCCCCCCCCCCCCOCC(COP(=O)([O-])OCC[N+](C)(C)C)OC(=O)CCCCCCCCCCCCC,M01801,692.0159999999994,10.304999999999998,94.12,0.0,7.0,37.0,,0.0,0
CCCCCCCCCCCCCCCCOCC(COP(=O)([O-])OCC[N+](C)(C)C)OC(=O)CCCCCCCCCCCCCC,M01802,706.0429999999993,10.695099999999995,94.12,0.0,7.0,38.0,,0.0,0
CCCCCCCCCCCC=CC(O)C(COP(=O)([O-])OCC[N+](C)(C)C)NC(=O)CCCCCCCCCCCCCCCCCCCCCC,M01803,773.1779999999991,11.728999999999989,107.92000000000002,2.0,6.0,41.0,,0.0,0
CCCCCCCCCCCCCCC=CC(O)C(COP(=O)([O-])OCC[N+](C)(C)C)NC(=O)CCCCCCCCCCCCCCCCC,M01804,745.1239999999991,10.948799999999995,107.92000000000002,2.0,6.0,39.0,,0.0,0
C=C1C=CCC(C)(C)C1C=CC(C)=CC=CC(C)=CC=CC=C(C)C=CC=C(C)C=CC1=C(C)CC(O)CC1(C)C,M01805,550.8710000000002,11.208499999999987,20.23,1.0,1.0,10.0,C=C1C=CCCC1C=CC=CC=CC=CC=CC=CC=CC=CC=CC1=CCCCC1,1.0,1
CC(C=CC=C(C)C=CC1=C(C)CCCC1(C)C)=CC=CC=C(C)C=CC=C(C)C=CC1=C(C)CC(O)CC1(C)C,M01806,552.8870000000002,11.576599999999983,20.23,1.0,1.0,10.0,C(=CC=CC=CC=CC=CC1=CCCCC1)C=CC=CC=CC=CC1=CCCCC1,0.9088491513636503,3
Cc1cc(O)cc2c1OC(C)(CCCC(C)CCCC(C)CCCC(C)C)CC2,M01807,402.66300000000024,8.223420000000006,29.46,1.0,2.0,12.0,c1ccc2c(c1)CCCO2,0.9466801716388252,2
CC(C)=CCCC(C)=CC=CC(C)=CC=CC(C)=CC=CC=C(C)C=CC=C(C)C=CC1=C(C)CCCC1(C)C,M01808,536.8880000000004,12.771899999999977,0.0,0.0,0.0,13.0,C1=CCCCC1,0.802209494641301,8
CCCCCCCCCCCCCC=CC(O)C(COC1OC(CO)C(OC2OC(CO)C(O)C(O)C2O)C(O)C1O)NC(=O)CCCCCCCCCCCCCCCCCCCCC,M01809,946.357999999999,7.552000000000007,227.85999999999999,9.0,13.0,42.0,C1CCC(OC2CCCOC2)OC1,0.8555293230024756,5
CCCCCCCCCCCCCC=CC(O)C(COC1OC(CO)C(OC2OC(CO)C(O)C(O)C2O)C(O)C1O)NC(=O)CCCCCCCCCCCCCCCCCCCCCCC,M01810,974.4119999999989,8.332200000000006,227.85999999999999,9.0,13.0,44.0,C1CCC(OC2CCCOC2)OC1,0.8555293230024756,5
CC(C=CC=C(C)C=CC1=C(C)CC(O)CC1(C)C)=CC=CC=C(C)C=CC=C(C)C=CC1C(C)=CC(O)CC1(C)C,M01811,568.886,10.403299999999993,40.46,2.0,2.0,10.0,C(=CC=CC=CC=CC=CC1C=CCCC1)C=CC=CC=CC=CC1=CCCCC1,0.9466801716388252,2
CC(C=CC=C(C)C=CC1=C(C)CC(O)CC1(C)C)=CC=CC=C(C)C=CC=C(C)C=CC1=C(C)CC(O)CC1(C)C,M01812,568.8860000000001,10.547399999999993,40.46,2.0,2.0,10.0,C(=CC=CC=CC=CC=CC1=CCCCC1)C=CC=CC=CC=CC1=CCCCC1,0.9088491513636503,3
CC(C)=CCCC(C)=CCCC(C)=CC=CC(C)=CC=CC=C(C)C=CC=C(C)CCC=C(C)CCC=C(C)C,M01813,540.9200000000003,13.385999999999973,0.0,0.0,0.0,18.0,,0.0,0
CC(C=CC=C(C)C=CC1=C(C)CCCC1(C)C)=CC=CC=C(C)C=CC=C(C)C=CC1C(C)=CCCC1(C)C,M01814,536.8880000000001,12.46169999999998,0.0,0.0,0.0,10.0,C(=CC=CC=CC=CC=CC1C=CCCC1)C=CC=CC=CC=CC1=CCCCC1,0.9466801716388252,2
CCC(C)(O)C(=O)O,M01815,118.13199999999996,0.23199999999999998,57.53,2.0,2.0,2.0,,0.0,0
CC(C)Cc1ccc(C(C)C(=O)OC2OC(C(=O)O)C(O)C(O)C2O)cc1,M01816,382.409,0.42399999999999916,133.52,4.0,7.0,6.0,O=C(Cc1ccccc1)OC1CCCCO1,1.0,1
CC(CC(=O)O)C(=O)O,M01817,132.11499999999998,0.18179999999999985,74.6,2.0,2.0,3.0,,0.0,0
CC(=O)NC(CCC(N)=O)C(=O)O,M01818,188.183,-1.1587999999999987,109.49,3.0,3.0,5.0,,0.0,0
CC(=O)Nc1ccc(OC2OC(C(=O)O)C(O)C(O)C2O)cc1,M01819,327.289,-1.0839999999999996,145.55,5.0,7.0,4.0,c1ccc(OC2CCCCO2)cc1,0.6788243374826469,22
CC(=O)Nc1ccc(OS(=O)(=O)O)cc1,M01820,231.22899999999998,0.8265999999999999,92.7,2.0,4.0,3.0,c1ccccc1,0.21161295934610674,802
CC12CCC3C(CC=C4CC(OS(=O)(=O)O)CCC43C)C1CCC2=O,M01821,368.49500000000023,3.7063000000000024,80.67000000000002,1.0,4.0,2.0,O=C1CCC2C1CCC1C3CCCCC3=CCC21,0.9466801716388252,2
O=C(O)CC(CC(=O)O)C(=O)O,M01822,176.124,-0.3634000000000002,111.89999999999999,3.0,3.0,5.0,,0.0,0
O=C(O)CC(O)c1cccc(O)c1,M01823,182.17499999999998,0.9002999999999999,77.76,3.0,3.0,3.0,c1ccccc1,0.21161295934610674,802
Cn1c(=O)[nH]c(=O)c2c1[nH]c(=O)n2C,M01824,196.16599999999997,-1.7464000000000002,92.65,2.0,5.0,0.0,O=c1[nH]c(=O)c2[nH]c(=O)[nH]c2[nH]1,0.8352580650673657,6
O=C(O)C(O)c1ccc(O)cc1,M01825,168.148,0.5102,77.76,3.0,3.0,2.0,c1ccccc1,0.21161295934610674,802
CC(C)(O)C(=O)O,M01826,104.10499999999999,-0.15810000000000002,57.53,2.0,2.0,1.0,,0.0,0
CC(=O)NC(CCCN=C(N)N)C(=O)O,M01827,216.24099999999999,-1.3706999999999976,130.79999999999998,4.0,3.0,6.0,,0.0,0
CC(O)C1CCC2C3CCC4CC(OC5OC(C(=O)O)C(O)C(O)C5O)CCC4(C)C3CCC12C,M01828,496.6410000000003,2.3034999999999997,136.68,5.0,7.0,4.0,C1CCC(OC2CCC3C(CCC4C5CCCC5CCC34)C2)OC1,1.0,1
O=C(O)CNC(=O)Cc1ccccc1,M01829,193.20200000000003,0.42989999999999956,66.4,2.0,2.0,4.0,c1ccccc1,0.21161295934610674,802
Nc1c(C(=O)NC(CC(=O)O)C(=O)O)ncn1C1OC(CO)C(O)C1O,M01830,374.3060000000001,-3.265499999999998,217.45999999999998,7.0,10.0,7.0,c1cn(C2CCCO2)cn1,0.9088491513636503,3
CC(C)C(=O)NCC(=O)O,M01831,145.158,-0.15680000000000033,66.4,2.0,2.0,3.0,,0.0,0
O=C(O)CC(Nc1ncnc2c1ncn2C1OC(CO)C(O)C1O)C(=O)O,M01832,383.3170000000001,-2.222399999999999,200.14999999999998,6.0,11.0,7.0,c1ncc2ncn(C3CCCO3)c2n1,0.6577388176437765,26
O=S(=O)(O)Oc1ccc2[nH]ccc2c1,M01833,213.214,1.3495,79.39000000000001,2.0,3.0,2.0,c1ccc2[nH]ccc2c1,0.5442457568182516,63
CC=C(C)C(=O)NCC(=O)O,M01834,157.16899999999998,0.15339999999999976,66.4,2.0,2.0,3.0,,0.0,0
CCC(C)C(NC(C)=O)C(=O)O,M01835,173.212,0.6218000000000001,66.4,2.0,2.0,4.0,,0.0,0
O=C1OC(C(O)CO)C(O)=C1OS(=O)(=O)O,M01836,256.188,-2.1459999999999995,150.59,4.0,8.0,4.0,O=C1C=CCO1,0.9466801716388252,2
O=C(O)c1ccc(CO)o1,M01837,142.10999999999999,0.4701,70.67,2.0,3.0,2.0,c1ccoc1,0.7538526280001345,12
O=S(=O)(O)Oc1ccccc1,M01838,174.177,0.8682,63.60000000000001,1.0,3.0,2.0,c1ccccc1,0.21161295934610674,802
CC(C)CC(=O)NCC(=O)O,M01839,159.185,0.23330000000000006,66.4,2.0,2.0,4.0,,0.0,0
CCc1ccc(OS(=O)(=O)O)cc1,M01840,202.231,1.4306,63.60000000000001,1.0,3.0,3.0,c1ccccc1,0.21161295934610674,802
Cc1ccc(C(C)C)c(OS(=O)(=O)O)c1,M01841,230.285,2.30002,63.60000000000001,1.0,3.0,3.0,c1ccccc1,0.21161295934610674,802
CC12CCC3C(CC=C4CC(OC5OC(C(=O)O)C(O)C(O)C5O)CCC43C)C1CCC2=O,M01842,464.5550000000003,1.795699999999999,133.52,4.0,7.0,3.0,O=C1CCC2C1CCC1C3CCC(OC4CCCCO4)CC3=CCC21,1.0,1
CCCc1oc(CCC(=O)O)c(C(=O)O)c1C,M01843,240.25499999999997,2.2559200000000006,87.74,2.0,3.0,6.0,c1ccoc1,0.7538526280001345,12
CC(CC(=O)O)C1CCC2C3C(O)CC4CC(O)CCC4(C)C3CC(O)C12C,M01844,394.5520000000002,3.058600000000001,97.99000000000001,4.0,4.0,3.0,C1CCC2C(C1)CCC1C3CCCC3CCC21,0.6274242932504864,33
CC(CCC(=O)O)C1CCC2C3C(=O)CC4CC(O)CCC4(C)C3CC(O)C12C,M01845,406.56300000000016,3.656900000000003,94.83,3.0,4.0,4.0,O=C1CC2CCCCC2C2CCC3CCCC3C12,0.9466801716388252,2
CC(CCC(=O)NCC(=O)O)C1CCC2C3C(O)CC4CC(OS(=O)(=O)O)CCC4(C)C3CCC12C,M01846,529.6960000000004,3.4212000000000016,150.23,4.0,6.0,8.0,C1CCC2C(C1)CCC1C3CCCC3CCC21,0.6274242932504864,33
CC(CCC(=O)NCC(=O)O)C1CCC2C3CCC4CC(OS(=O)(=O)O)CCC4(C)C3CC(O)C12C,M01847,529.6960000000003,3.4212000000000016,150.23,4.0,6.0,8.0,C1CCC2C(C1)CCC1C3CCCC3CCC21,0.6274242932504864,33
CC(CCC(=O)NCCS(=O)(=O)O)C1CCC2C3CCC4CC(OS(=O)(=O)O)CCC4(C)C3CCC12C,M01848,563.7790000000001,4.253600000000003,147.07,3.0,6.0,9.0,C1CCC2C(C1)CCC1C3CCCC3CCC21,0.6274242932504864,33
CC(CCC(=O)NCC(=O)O)C1CCC2C3CCC4CC(OS(=O)(=O)O)CCC4(C)C3CCC12C,M01849,513.6970000000003,4.450400000000003,130.0,3.0,5.0,8.0,C1CCC2C(C1)CCC1C3CCCC3CCC21,0.6274242932504864,33
CC(CO)C(=O)O,M01850,104.10499999999999,-0.30060000000000026,57.53,2.0,2.0,2.0,,0.0,0
CC(C)C(O)C(=O)O,M01851,118.13199999999998,0.08789999999999998,57.53,2.0,2.0,2.0,,0.0,0
CC(C)(O)CC(=O)O,M01852,118.13199999999999,0.23199999999999998,57.53,2.0,2.0,2.0,,0.0,0
NC(=O)CCC(NC(=O)Cc1c[nH]c2ccccc12)C(=O)O,M01853,303.3180000000001,0.5452999999999992,125.27999999999999,4.0,3.0,7.0,c1ccc2[nH]ccc2c1,0.5442457568182516,63
O=C(Cc1c[nH]c2ccccc12)OC1OC(C(=O)O)C(O)C(O)C1O,M01854,351.311,-0.8542000000000005,149.31,5.0,7.0,4.0,O=C(Cc1c[nH]c2ccccc12)OC1CCCCO1,1.0,1
NCC(=O)N1CCCC1C(=O)O,M01855,172.184,-0.9792999999999998,83.63000000000001,2.0,3.0,2.0,C1CCNC1,0.7643784743661259,11
CC1c2cccc(O)c2C(O)=C2C(=O)C3(O)C(O)=C(C(N)=O)C(=O)C(N(C)C)C3C(O)C21,M01856,444.44000000000017,-0.5041999999999991,181.62,6.0,9.0,2.0,O=C1C=CC2C(=O)C3=Cc4ccccc4CC3CC2C1,0.8795051323147839,4
NC(=O)NCCCCC(N)C(=O)O,M01857,189.215,-0.7630999999999999,118.44000000000001,4.0,3.0,6.0,,0.0,0
O=C(O)C1Cc2c([nH]c3ccccc23)C(C(O)C(O)C(O)C(O)CO)N1,M01858,366.3700000000001,-1.7562,166.26999999999998,8.0,7.0,6.0,c1ccc2c3c([nH]c2c1)CNCC3,1.0,1
CC(=O)NC(CC(=O)O)C(=O)NC(CCC(=O)O)C(=O)O,M01859,304.255,-1.5999999999999988,170.09999999999997,5.0,5.0,9.0,,0.0,0
C[C@]12CCC(=O)C=C1CC[C@@H]1[C@@H]2[C@@H](O)C[C@@]2(CO)[C@H]1CC[C@@]2(O)C(=O)CO,M01860,378.4650000000002,0.7539999999999996,115.06000000000002,4.0,6.0,3.0,O=C1C=C2CC[C@H]3[C@@H]4CCCC4CC[C@@H]3C2CC1,1.0,1
O=C(O)C(O)Cn1ccnc1,M01861,156.14100000000002,-0.6714000000000004,75.35,2.0,4.0,3.0,c1c[nH]cn1,0.6438836066809098,29
NC(=O)c1ncn(C2OC(CO)C(O)C2O)c1N,M01862,258.23400000000004,-2.8242999999999996,156.85000000000002,5.0,8.0,3.0,c1cn(C2CCCO2)cn1,0.9088491513636503,3
CC(C)CC(N)C(=O)NC(CC(C)C)C(=O)O,M01863,244.33499999999998,0.9753000000000005,92.42,3.0,3.0,7.0,,0.0,0
NC(Cc1ccccc1)C(=O)NC(Cc1c[nH]c2ccccc12)C(=O)O,M01864,351.40600000000006,1.8497999999999992,108.21,4.0,3.0,7.0,O=C(CCc1ccccc1)NCCc1c[nH]c2ccccc12,1.0,1
CC(C)CC(N)C(=O)NC(C(=O)O)C(C)C,M01865,230.308,0.5851999999999999,92.42,3.0,3.0,6.0,,0.0,0
CC(C)CCCC(C)C1CCC2C3C(O)C=C4CC(O)CCC4(C)C3CCC12C,M01866,402.66300000000024,6.3595000000000095,40.46,2.0,2.0,5.0,C1=C2CCCCC2C2CCC3CCCC3C2C1,0.7185751418868361,16
CC1CCC2(OC1)OC1CC3C4CC=C5CC(O)CCC5(C)C4CCC3(C)C1C2C,M01867,414.6300000000003,5.713900000000006,38.69,1.0,3.0,0.0,C1=C2CCCCC2C2CCC3C4CC5(CCCCO5)OC4CC3C2C1,1.0,1
CC12CCC(O)CC1CCC1C2CC(O)C2(C)C(C3=CC(=O)OC3)CCC12O,M01868,390.5200000000002,2.5751000000000013,86.99000000000001,3.0,5.0,1.0,O=C1C=C(C2CCC3C2CCC2C4CCCCC4CCC23)CO1,1.0,1
C[N+](C)(C)CC(CC(=O)[O-])OC(=O)CC(=O)O,M01869,247.24699999999996,-1.7808999999999973,103.73,1.0,5.0,7.0,,0.0,0
C[N+](C)(C)CC(CC(=O)[O-])OC(=O)CCCCC(=O)[O-].[H+],M01870,289.328,-1.8327999999999967,106.56,0.0,6.0,10.0,,0.0,0
CCCCCCCCCC=CC(=O)OC(CC(=O)[O-])C[N+](C)(C)C,M01871,341.49200000000013,2.4413,66.43,0.0,4.0,14.0,,0.0,0
CC(CO)CCCC(C)C1CCC2C3CC=C4CC(O)CCC4(C)C3CCC12C,M01872,402.66300000000024,6.361100000000008,40.46,2.0,2.0,6.0,C1=C2CCCCC2C2CCC3CCCC3C2C1,0.7185751418868361,16
CCCCCC=CCC=CCC=CCC=CCCCC(=O)OC(CC(=O)[O-])C[N+](C)(C)C,M01873,447.6600000000003,4.890100000000004,66.43,0.0,4.0,19.0,,0.0,0
CCCCCCCCCC(O)CC(=O)OC(CC(=O)[O-])C[N+](C)(C)C,M01874,359.5070000000001,1.6361000000000003,86.66,1.0,5.0,15.0,,0.0,0
CCCCCCCCCCCCCC(O)CC(=O)OC(CC(=O)[O-])C[N+](C)(C)C,M01875,415.6150000000002,3.1965000000000012,86.66,1.0,5.0,19.0,,0.0,0
CCCCCCCCCCCC=CC(=O)OC(CC(=O)[O-])C[N+](C)(C)C,M01876,369.54600000000016,3.2215000000000016,66.43,0.0,4.0,16.0,,0.0,0
CC(C)CCCCCCCCCCCCC(=O)O,M01877,256.4299999999999,5.408200000000004,37.3,1.0,1.0,13.0,,0.0,0
CCCCCCCC=CC(=O)O,M01878,170.25199999999998,2.987700000000001,37.3,1.0,1.0,7.0,,0.0,0
CC(C)(CC(=O)O)CC(=O)O,M01879,160.16899999999998,0.962,74.6,2.0,2.0,4.0,,0.0,0
O=C(O)C=CCCCCCCCCC(=O)O,M01880,228.28799999999995,2.832600000000001,74.6,2.0,2.0,10.0,,0.0,0
C=CCCCCCCCC(=O)O,M01881,170.252,2.9877000000000002,37.3,1.0,1.0,8.0,,0.0,0
O=C(O)C=CCCCCCCCO,M01882,186.25099999999998,1.9601000000000002,57.53,2.0,2.0,8.0,,0.0,0
CCCCCCC=CC#CCCCCCCCC(=O)O,M01883,278.4359999999999,5.331700000000005,37.3,1.0,1.0,12.0,,0.0,0
CCCC(=O)O,M01884,88.10599999999998,0.8711,37.3,1.0,1.0,2.0,,0.0,0
CCCCCCC(O)CC=CCCCCCCCC(=O)O,M01885,298.4669999999999,5.079300000000004,57.53,2.0,2.0,15.0,,0.0,0
O=C(O)CCCCCCCC(O)C(O)CCCCCCO,M01886,304.4270000000001,2.466300000000001,97.99000000000001,4.0,4.0,15.0,,0.0,0
Nc1nc(=O)c2nc(CNc3ccc(C(=O)NC(CCC(=O)O)C(=O)O)cc3)cnc2[nH]1,M01887,441.40400000000017,-0.04479999999999945,213.27999999999994,6.0,9.0,9.0,O=c1nc[nH]c2ncc(CNc3ccccc3)nc12,1.0,1
NC(=O)c1ccc[n+](C2OC(COP(=O)([O-])OP(=O)(O)OCC3OC(n4cnc5c(N)ncnc54)C(O)C3O)C(O)C2O)c1,M01888,663.4300000000004,-3.6478999999999964,321.0900000000001,7.0,18.0,11.0,O=[PH](OCC1CCC(n2cnc3cncnc32)O1)O[PH](=O)OCC1CCC([n+]2ccccc2)O1,0.8352580650673657,6
N=C(N)NCC(=O)O,M01889,117.10799999999999,-1.4459299999999997,99.2,4.0,2.0,2.0,,0.0,0
Oc1ncnc2nc[nH]c12,M01890,136.114,0.058499999999999774,74.69,2.0,4.0,0.0,c1ncc2[nH]cnc2n1,0.8352580650673657,6
Nc1nc(=O)c2[nH]cnc2[nH]1,M01891,151.129,-0.7716000000000005,100.44999999999999,3.0,4.0,0.0,O=c1nc[nH]c2nc[nH]c12,0.9466801716388252,2
OCC1OC(n2cnc3c(O)nc(O)nc32)C(O)C1O,M01892,284.228,-2.1510000000000002,153.98,5.0,10.0,2.0,c1ncc2ncn(C3CCCO3)c2n1,0.6577388176437765,26
C[N+](C)(C)CCOP(=O)([O-])OP(=O)(O)OCC1OC(n2ccc(N)nc2=O)C(O)C1O,M01893,488.32700000000017,-2.2304999999999957,215.71999999999997,4.0,13.0,10.0,O=c1ncccn1C1CCCO1,0.7265474540909509,15
NC(C[SH](=O)=O)C(=O)O,M01894,153.159,-1.9903,97.46000000000001,3.0,4.0,3.0,,0.0,0
NC(Cc1c[nH]cn1)C(=O)O,M01895,155.15699999999998,-0.6359000000000001,92.00000000000001,3.0,3.0,3.0,c1c[nH]cn1,0.6438836066809098,29
Cc1ncc(C[n+]2csc(CCOP(=O)([O-])O)c2C)c(N)n1,M01896,344.3330000000001,0.09273999999999993,125.27,2.0,7.0,6.0,c1ncc(C[n+]2ccsc2)cn1,0.8795051323147839,4
CN(CC(=O)O)C(=N)NP(=O)(O)O,M01897,211.11399999999998,-1.3801300000000003,133.95000000000002,5.0,3.0,3.0,,0.0,0
C[N+](C)(C)CCOP(=O)([O-])O,M01898,183.14399999999998,-0.8301000000000003,69.59,1.0,3.0,4.0,,0.0,0
NCCc1c[nH]cn1,M01899,111.14799999999998,-0.08910000000000035,54.7,2.0,2.0,2.0,c1c[nH]cn1,0.6438836066809098,29
N=C(O)Cc1c[nH]c2ccccc12,M01900,174.203,2.2456699999999996,59.87,3.0,1.0,2.0,c1ccc2[nH]ccc2c1,0.5442457568182516,63
CC(C)=CCO,M01901,86.134,0.9448999999999999,20.23,1.0,1.0,1.0,,0.0,0
CC(O)C(O)C1=Nc2c([nH]c(N)nc2=O)NC1,M01902,239.23499999999999,-1.4082,136.62,5.0,7.0,2.0,O=c1nc[nH]c2c1N=CCN2,1.0,1
Cn1cnc(N)c2ncnc1-2,M01903,149.15699999999998,-0.1029000000000001,69.62,1.0,5.0,0.0,c1nc2cnc[nH]c-2n1,1.0,1
O=C(O)CCC(O)C(=O)O,M01904,148.114,-0.7032999999999998,94.83,3.0,3.0,4.0,,0.0,0
CCC(C)C(=O)NCC(=O)O,M01905,159.185,0.23330000000000006,66.4,2.0,2.0,4.0,,0.0,0
O=C(O)C=CCCCCC(=O)O,M01906,172.18,1.2722000000000002,74.6,2.0,2.0,6.0,,0.0,0
O=C(O)CCCc1c[nH]c2ccccc12,M01907,203.241,2.5752000000000006,53.089999999999996,2.0,1.0,4.0,c1ccc2[nH]ccc2c1,0.5442457568182516,63
CC(C(=O)O)C(O)(CC(=O)O)C(=O)O,M01908,206.14999999999998,-1.002499999999999,132.13,4.0,4.0,5.0,,0.0,0
COc1cc(CC(O)C(=O)O)ccc1O,M01909,212.201,0.38879999999999987,86.99000000000001,3.0,4.0,4.0,c1ccccc1,0.21161295934610674,802
O=C(O)CC(O)CC(=O)O,M01910,148.114,-0.7032999999999998,94.83,3.0,3.0,4.0,,0.0,0
CC(CCC(=O)O)CC(=O)O,M01911,160.16899999999998,0.962,74.6,2.0,2.0,5.0,,0.0,0
CCCC(C(=O)O)C(O)C(=O)O,M01912,176.16799999999998,-0.06719999999999998,94.83,3.0,3.0,5.0,,0.0,0
O=C(O)CCCCC(O)CC(=O)O,M01913,190.195,0.4670000000000003,94.83,3.0,3.0,7.0,,0.0,0
O=C(O)CCCCCCC(O)CC(=O)O,M01914,218.249,1.2472,94.83,3.0,3.0,9.0,,0.0,0
O=C(O)C1CCC(O)CN1,M01915,145.15800000000002,-0.8161,69.56,3.0,3.0,1.0,C1CCNCC1,0.7265474540909509,15
Cc1ncc2c(c1O)C(=O)OC2,M01916,165.14799999999997,0.7660199999999999,59.42,1.0,4.0,0.0,O=C1OCc2cnccc21,1.0,1
O=C(O)c1ccc(C(=O)O)o1,M01917,156.093,0.6759999999999999,87.74,2.0,3.0,2.0,c1ccoc1,0.7538526280001345,12
O=C(O)C=Cc1c[nH]c2ccccc12,M01918,187.198,2.2657,53.089999999999996,2.0,1.0,2.0,c1ccc2[nH]ccc2c1,0.5442457568182516,63
CC(O)(CCO)CC(=O)O,M01919,148.15800000000002,-0.40550000000000025,77.76,3.0,3.0,4.0,,0.0,0
CC(=O)CC(=O)CCC(=O)O,M01920,158.153,0.39940000000000014,71.44,1.0,3.0,5.0,,0.0,0
O=C(O)CCC(O)CC(=O)O,M01921,162.141,-0.3132,94.83,3.0,3.0,5.0,,0.0,0
COP(=O)(NC(C)=O)SC,M01922,183.16899999999998,1.24,55.4,1.0,4.0,3.0,,0.0,0
Clc1ccc(C2(Cn3cncn3)OCCO2)c(Cl)c1,M01923,300.145,2.4847,49.17,0.0,5.0,3.0,c1ccc(C2(Cn3cncn3)OCCO2)cc1,0.9088491513636503,3
CCOP(=S)(OCC)SCn1nnc2ccccc2c1=O,M01924,345.3860000000001,2.779700000000001,66.24000000000001,0.0,8.0,7.0,O=c1[nH]nnc2ccccc12,0.9466801716388252,2
CC(C)N1C(=O)N(c2ccccc2)CSC1=NC(C)(C)C,M01925,305.4470000000001,4.1822000000000035,35.910000000000004,0.0,3.0,2.0,N=C1NC(=O)N(c2ccccc2)CS1,1.0,1
Cc1ccc(N=c2sccn2C)c(C)c1,M01926,218.32500000000002,2.9358400000000016,17.29,0.0,3.0,1.0,c1ccc(N=c2[nH]ccs2)cc1,1.0,1
CNC(=O)C(=NOC)c1ccccc1COc1cc(C)ccc1C,M01927,326.3960000000001,2.9789400000000006,59.92,1.0,4.0,6.0,c1ccc(COc2ccccc2)cc1,0.8555293230024756,5
CCOP(=S)(OCC)SCCSCC,M01928,274.413,3.7702000000000027,18.46,0.0,5.0,9.0,,0.0,0
CCOP(=O)(NC(C)C)Oc1ccc(SC)c(C)c1,M01929,303.36400000000003,4.238320000000003,47.56,1.0,4.0,7.0,c1ccccc1,0.21161295934610674,802
O=C(NCc1ncc(C(F)(F)F)cc1Cl)c1c(Cl)cccc1Cl,M01930,383.58400000000006,4.990600000000002,41.99,1.0,2.0,3.0,O=C(NCc1ccccn1)c1ccccc1,1.0,1
CCOP(=O)(SC(C)CC)N1CCSC1=O,M01931,283.355,3.831500000000003,46.61,0.0,5.0,6.0,O=C1NCCS1,1.0,1
COP(=S)(NC(C)C)Oc1ccccc1C(=O)OC(C)C,M01932,331.3740000000001,3.499500000000002,56.790000000000006,1.0,5.0,7.0,c1ccccc1,0.21161295934610674,802
CC(C)OC(=O)C(C(=O)OC(C)C)=C1SCCS1,M01933,290.406,2.581200000000001,52.60000000000001,0.0,6.0,4.0,C=C1SCCS1,1.0,1
COP(N)(=O)SC,M01934,141.132,1.0626,52.32,1.0,3.0,2.0,,0.0,0
CCCOc1nc2ccc(I)cc2c(=O)n1CCC,M01935,372.20600000000013,3.1999000000000013,44.12,0.0,4.0,5.0,O=c1[nH]cnc2ccccc12,1.0,1
CCSC(=O)N(CC)C1CCCCC1,M01936,215.36199999999994,3.5141000000000027,20.310000000000002,0.0,2.0,3.0,C1CCCCC1,0.6846698721617894,21
CCC(C)(C)C(=O)OC1=C(c2cc(Cl)cc(Cl)c2)C(=O)OC12CCCCC2,M01937,411.3250000000003,5.943600000000005,52.60000000000001,0.0,4.0,4.0,O=C1OC2(C=C1c1ccccc1)CCCCC2,0.9466801716388252,2
COP(=O)(OC)SCn1c(=O)oc2cc(Cl)cnc21,M01938,324.682,2.7345000000000006,83.56,0.0,8.0,5.0,O=c1[nH]c2ncccc2o1,1.0,1
COC(=O)C(C)N(C(=O)Cc1ccccc1)c1c(C)cccc1C,M01939,325.4080000000001,3.440640000000002,46.61,0.0,3.0,5.0,O=C(Cc1ccccc1)Nc1ccccc1,1.0,1
Cc1c(COC(=O)C2C(C=C(Cl)C(F)(F)F)C2(C)C)cccc1-c1ccccc1,M01940,422.8740000000001,6.662420000000005,26.3,0.0,2.0,5.0,O=C(OCc1cccc(-c2ccccc2)c1)C1CC1,1.0,1
CCCCc1c(C)nc(NCC)nc1OS(=O)(=O)N(C)C,M01941,316.4270000000001,1.74462,84.42,1.0,6.0,8.0,c1cncnc1,0.7185751418868361,16
CCOP(=O)(OCC)OC(=CCl)c1ccc(Cl)cc1Cl,M01942,359.5730000000001,5.7283000000000035,44.760000000000005,0.0,4.0,7.0,c1ccccc1,0.21161295934610674,802
CCOP(=S)(OCC)Oc1ccc2c(C)c(Cl)c(=O)oc2c1,M01943,362.7710000000001,4.431120000000004,57.900000000000006,0.0,6.0,6.0,O=c1ccc2ccccc2o1,0.7265474540909509,15
COP(=O)(OC)OC=C(Cl)Cl,M01944,220.976,2.6804000000000006,44.760000000000005,0.0,4.0,4.0,,0.0,0
CC(C)(C)C(O)C(=Cc1ccc(Cl)cc1Cl)n1cncn1,M01945,326.22700000000003,3.990000000000003,50.94,1.0,4.0,3.0,C(=Cn1cncn1)c1ccccc1,0.9088491513636503,3
CCOP(=S)(OCC)SCSP(=S)(OCC)OCC,M01946,384.4870000000002,5.005300000000004,36.92,0.0,8.0,12.0,,0.0,0
OC(c1ccc(Cl)cc1)(c1cncnc1)c1ccccc1Cl,M01947,331.202,4.0676000000000005,46.010000000000005,1.0,3.0,3.0,c1ccc(C(c2ccccc2)c2cncnc2)cc1,0.9466801716388252,2
N#CC(CCc1ccc(Cl)cc1)(Cn1cncn1)c1ccccc1,M01948,336.826,4.025880000000003,54.5,0.0,4.0,6.0,c1ccc(CCC(Cn2cncn2)c2ccccc2)cc1,1.0,1
O=c1c2cc(F)ccc2nc(-n2cncn2)n1-c1ccc(Cl)cc1Cl,M01949,376.1780000000001,3.412300000000001,65.6,0.0,6.0,2.0,O=c1c2ccccc2nc(-n2cncn2)n1-c1ccccc1,1.0,1
CCCCC(O)(Cn1cncn1)c1ccc(Cl)cc1Cl,M01950,314.216,3.6629000000000023,50.94,1.0,4.0,6.0,c1ccc(CCn2cncn2)cc1,0.8352580650673657,6
CC(C)C1CCC(Cc2ccc(Cl)cc2)C1(O)Cn1cncn1,M01951,333.86300000000006,3.587500000000002,50.94,1.0,4.0,5.0,c1ccc(CC2CCCC2Cn2cncn2)cc1,0.9466801716388252,2
CC1(C)CCC(Cc2ccc(Cl)cc2)C1(O)Cn1cncn1,M01952,319.836,3.3415000000000017,50.94,1.0,4.0,4.0,c1ccc(CC2CCCC2Cn2cncn2)cc1,0.9466801716388252,2
CCCSP(=O)(OCC)SCCC,M01953,242.34599999999995,4.417400000000004,26.3,0.0,4.0,8.0,,0.0,0
Cc1cccc2sc3nncn3c12,M01954,189.24300000000002,2.25242,30.19,0.0,4.0,0.0,c1ccc2c(c1)sc1nncn12,1.0,1
CC1(C)CCC(=Cc2ccc(Cl)cc2)C1(O)Cn1cncn1,M01955,317.82,3.566200000000003,50.94,1.0,4.0,3.0,C(=C1CCCC1Cn1cncn1)c1ccccc1,1.0,1
CC(=C(C(O)C(C)(C)C)n1cncn1)c1ccc(Cl)cc1,M01956,305.809,3.726700000000003,50.94,1.0,4.0,3.0,C(=Cn1cncn1)c1ccccc1,0.9088491513636503,3
CNC(=O)C(C)SCCSP(=O)(OC)OC,M01957,287.34299999999996,1.9881999999999997,64.63000000000001,1.0,6.0,8.0,,0.0,0
CC(C)(C)C(O)C(Oc1ccc(-c2ccccc2)cc1)n1cncn1,M01958,337.423,3.929700000000002,60.17,1.0,5.0,5.0,c1ccc(-c2ccc(OCn3cncn3)cc2)cc1,1.0,1
CCOc1ccc(C(C)(C)COCc2cccc(Oc3ccccc3)c2)cc1,M01959,376.49600000000004,6.372000000000006,27.69,0.0,3.0,9.0,c1ccc(CCOCc2cccc(Oc3ccccc3)c2)cc1,0.9466801716388252,2
CC1(C(=O)Nc2ccc(O)c(Cl)c2Cl)CCCCC1,M01960,302.20100000000014,4.607900000000002,49.33,2.0,2.0,2.0,O=C(Nc1ccccc1)C1CCCCC1,1.0,1
COC(=O)N(C(=O)N1COC2(C(=O)OC)Cc3cc(Cl)ccc3C2=N1)c1ccc(OC(F)(F)F)cc1,M01961,527.8390000000002,4.093300000000003,106.97000000000001,0.0,8.0,3.0,O=C(Nc1ccccc1)N1COC2Cc3ccccc3C2=N1,1.0,1
CS(=O)(=O)c1cc(C(F)(F)F)ccc1C(=O)c1cnoc1C1CC1,M01962,359.3250000000001,3.205300000000002,77.24,0.0,5.0,4.0,O=C(c1ccccc1)c1cnoc1C1CC1,1.0,1
CCOC(=O)CC(SP(=O)(OC)OC)C(=O)OCC,M01963,314.29600000000005,2.0054,88.13000000000001,0.0,8.0,9.0,,0.0,0
CCOC(=O)CC(SP(=S)(OC)OC)C(=O)OCC,M01964,330.3640000000001,2.1218000000000004,71.06,0.0,8.0,9.0,,0.0,0
CCOC(=O)N(C)C(=O)CSP(=S)(OCC)OCC,M01965,329.3800000000001,2.6320000000000006,65.07000000000001,0.0,7.0,8.0,,0.0,0
CC#Cc1cc(C)nc(Nc2ccccc2)n1,M01966,223.27900000000002,2.9000200000000005,37.81,1.0,3.0,2.0,c1ccc(Nc2ncccn2)cc1,0.9466801716388252,2
COc1nn(CSP(=S)(OC)OC)c(=O)s1,M01967,302.339,1.5213999999999999,62.580000000000005,0.0,9.0,6.0,O=c1[nH]ncs1,0.9466801716388252,2
CCSC(=O)N1CCCCCC1,M01968,187.30799999999994,2.735500000000001,20.310000000000002,0.0,2.0,1.0,C1CCCNCC1,1.0,1
CC(C)Oc1cc(-n2nc(C(C)(C)C)oc2=O)c(Cl)cc1Cl,M01969,345.226,4.217000000000004,57.26,0.0,5.0,3.0,O=c1ocnn1-c1ccccc1,0.9088491513636503,3
COCC(=O)N(c1c(C)cccc1C)N1CCOC1=O,M01970,278.308,1.6500400000000004,59.080000000000005,0.0,4.0,4.0,O=C1OCCN1Nc1ccccc1,1.0,1
CC(C)(C)C(O)C(Cc1ccc(Cl)cc1)n1cncn1,M01971,293.798,3.122300000000001,50.94,1.0,4.0,4.0,c1ccc(CCn2cncn2)cc1,0.8352580650673657,6
CCCC(Cn1cncn1)c1ccc(Cl)cc1Cl,M01972,284.19,4.168800000000003,30.71,0.0,3.0,5.0,c1ccc(CCn2cncn2)cc1,0.8352580650673657,6
CCOC(=O)C(SP(=S)(OC)OC)c1ccccc1,M01973,320.37199999999996,3.5413000000000023,44.760000000000005,0.0,6.0,7.0,c1ccccc1,0.21161295934610674,802
CCN(CC)C(=O)C(Cl)=C(C)OP(=O)(OC)OC,M01974,299.69100000000003,2.7426000000000013,65.07000000000001,0.0,5.0,7.0,,0.0,0
O=C(Nc1ccc(F)cc1)c1cccc(Oc2cccc(C(F)(F)F)c2)n1,M01975,376.309,5.284100000000002,51.22,1.0,3.0,4.0,O=C(Nc1ccccc1)c1cccc(Oc2ccccc2)n1,1.0,1
CCN(CC)c1nc(C)cc(OP(=S)(OC)OC)n1,M01976,305.34000000000003,2.5273200000000005,56.71000000000001,0.0,7.0,7.0,c1cncnc1,0.7185751418868361,16
CC12CC1(C)C(=O)N(c1cc(Cl)cc(Cl)c1)C2=O,M01977,284.14200000000005,3.2829000000000024,37.38,0.0,2.0,1.0,O=C1C2CC2C(=O)N1c1ccccc1,1.0,1
CCCSP(=O)(OCC)Oc1ccc(Br)cc1Cl,M01978,373.63599999999997,5.7691000000000034,35.53,0.0,4.0,7.0,c1ccccc1,0.21161295934610674,802
C#CC(C)(C)NC(=O)c1cc(Cl)cc(Cl)c1,M01979,256.132,3.1350000000000016,29.1,1.0,1.0,2.0,c1ccccc1,0.21161295934610674,802
CCC(CC)Nc1c([N+](=O)[O-])cc(C)c(C)c1[N+](=O)[O-],M01980,281.312,3.720340000000003,98.31,1.0,5.0,6.0,c1ccccc1,0.21161295934610674,802
CCOP(=S)(OCC)Oc1cnc2ccccc2n1,M01981,298.30400000000003,3.3061000000000016,53.47,0.0,6.0,6.0,c1ccc2nccnc2c1,0.9466801716388252,2
Fc1ccc(Oc2ccnc3cc(Cl)cc(Cl)c23)cc1,M01982,308.139,5.473000000000002,22.12,0.0,2.0,2.0,c1ccc(Oc2ccnc3ccccc23)cc1,1.0,1
CCNP(=S)(OC)OC(C)=CC(=O)OC(C)C,M01983,281.314,2.3388,56.790000000000006,1.0,5.0,7.0,,0.0,0
CCOP(=S)(OCC)SCSC(C)(C)C,M01984,288.44,4.506300000000004,18.46,0.0,5.0,7.0,,0.0,0
COP(=S)(OC)Oc1c(Cl)cc(C)cc1Cl,M01985,301.131,4.197920000000002,27.69,0.0,4.0,4.0,c1ccccc1,0.21161295934610674,802
CC(C)(C)C(=O)C(Oc1ccc(Cl)cc1)n1cncn1,M01986,293.754,3.1243000000000016,57.010000000000005,0.0,5.0,4.0,c1ccc(OCn2cncn2)cc1,0.9466801716388252,2
CCOP(=S)(OCC)Oc1ncn(-c2ccccc2)n1,M01987,313.319,2.943600000000001,58.4,0.0,7.0,7.0,c1ccc(-n2cncn2)cc1,1.0,1
CCCOCC(=Nc1ccc(Cl)cc1C(F)(F)F)n1ccnc1,M01988,345.752,4.560200000000004,39.41,0.0,4.0,5.0,C(=Nc1ccccc1)n1ccnc1,1.0,1
CCOP(=S)(OCC)SCn1c(=O)oc2cc(Cl)ccc21,M01989,367.8160000000001,4.236100000000003,53.6,0.0,7.0,7.0,O=c1[nH]c2ccccc2o1,0.9466801716388252,2
COc1cc(OC)nc(NC(=O)NS(=O)(=O)N(C)S(C)(=O)=O)n1,M01990,369.3810000000001,-1.2484999999999986,156.89,2.0,9.0,6.0,c1cncnc1,0.7185751418868361,16
CNC(=O)Oc1ccc(N(C)C)c(C)c1,M01991,208.26099999999997,1.77922,41.57,1.0,3.0,2.0,c1ccccc1,0.21161295934610674,802
CCOC(=O)CCN(SN(C)C(=O)Oc1cccc2c1OC(C)(C)C2)C(C)C,M01992,410.53600000000023,4.057500000000004,68.31,0.0,7.0,8.0,c1ccc2c(c1)CCO2,0.8352580650673657,6
CNC(=O)ON=C(C)C(C)SC,M01993,190.268,1.4698,50.69,1.0,4.0,3.0,,0.0,0
CCOC(=O)C(Cl)Cc1cc(-n2nc(C)n(C(F)F)c2=O)c(F)cc1Cl,M01994,412.19500000000005,3.2430200000000022,66.12,0.0,6.0,6.0,O=c1[nH]cnn1-c1ccccc1,0.9466801716388252,2
COc1nc(C)nc(NC(=O)NS(=O)(=O)c2ccccc2Cl)n1,M01995,357.77900000000005,1.3524199999999997,123.17,2.0,7.0,4.0,O=C(Nc1ncncn1)NS(=O)(=O)c1ccccc1,0.802209494641301,8
Clc1ccccc1-c1nnc(-c2ccccc2Cl)nn1,M01996,303.152,3.9074000000000018,51.56,0.0,4.0,2.0,c1ccc(-c2nnc(-c3ccccc3)nn2)cc1,0.9466801716388252,2
Cc1ccc(-c2c(Cl)nc(C#N)n2S(=O)(=O)N(C)C)cc1,M01997,324.79300000000006,2.0381,78.99,0.0,5.0,3.0,c1ccc(-c2cnc[nH]2)cc1,1.0,1
O=C(NC(=O)c1c(F)cccc1F)Nc1ccc(Cl)cc1,M01998,310.687,3.5801000000000016,58.2,2.0,2.0,2.0,O=C(NC(=O)c1ccccc1)Nc1ccccc1,0.802209494641301,8
CCCCc1c(C)nc(NCC)nc1O,M01999,209.29299999999998,2.2650200000000003,58.040000000000006,2.0,4.0,5.0,c1cncnc1,0.7185751418868361,16
CC1(c2ccc(Oc3ccccc3)cc2)OC(=O)N(Nc2ccccc2)C1=O,M02000,374.3960000000001,4.700000000000003,67.87,1.0,5.0,5.0,O=C1OC(c2ccc(Oc3ccccc3)cc2)C(=O)N1Nc1ccccc1,1.0,1
COc1cc(OC)nc(NC(=O)NS(=O)(=O)c2ncccc2C(F)(F)F)n1,M02001,407.33000000000004,1.418,132.4,2.0,8.0,5.0,O=C(Nc1ncccn1)NS(=O)(=O)c1ccccn1,0.8555293230024756,5
O=C(NC(=O)c1c(F)cccc1F)Nc1ccc(Oc2ccc(C(F)(F)F)cc2Cl)cc1F,M02002,488.7710000000001,6.530300000000002,67.43,2.0,3.0,4.0,O=C(NC(=O)c1ccccc1)Nc1ccc(Oc2ccccc2)cc1,1.0,1
c1coc(-c2nc3ccccc3[nH]2)c1,M02003,184.198,2.8228999999999997,41.82,1.0,2.0,1.0,c1coc(-c2nc3ccccc3[nH]2)c1,1.0,1
CC1C(c2ccc(Cl)cc2)SC(=O)N1C(=O)NC1CCCCC1,M02004,352.88700000000017,4.980700000000004,49.410000000000004,1.0,3.0,2.0,O=C(NC1CCCCC1)N1CC(c2ccccc2)SC1=O,1.0,1
COP(N)(=S)Oc1ccccc1C(=O)OC(C)C,M02005,289.29300000000006,2.4602000000000004,70.78,1.0,5.0,5.0,c1ccccc1,0.21161295934610674,802
CCC(C)(CC)c1cc(NC(=O)c2c(OC)cccc2OC)on1,M02006,332.40000000000003,4.0218000000000025,73.59,1.0,5.0,7.0,O=C(Nc1ccno1)c1ccccc1,1.0,1
O=C(NC(=O)c1c(F)cccc1F)Nc1cc(Cl)c(OC(F)(F)C(F)C(F)(F)F)cc1Cl,M02007,511.15200000000004,6.105500000000001,67.43,2.0,3.0,5.0,O=C(NC(=O)c1ccccc1)Nc1ccccc1,0.802209494641301,8
C#CCOc1ccc(CCNC(=O)C(OCC#C)c2ccc(Cl)cc2)cc1OC,M02008,411.8850000000001,3.4104000000000028,56.790000000000006,1.0,4.0,10.0,O=C(Cc1ccccc1)NCCc1ccccc1,1.0,1
COc1cc(C)c(C(=O)c2c(OC)ccc(Br)c2C)c(OC)c1OC,M02009,409.2760000000002,4.3313400000000035,53.99000000000001,0.0,5.0,6.0,O=C(c1ccccc1)c1ccccc1,0.7538526280001345,12
CNC(=O)C=C(C)OP(=O)(OC)OC,M02010,223.16499999999996,1.0536999999999999,73.86,1.0,5.0,5.0,,0.0,0
O=C(NC(=O)c1c(F)cccc1F)Nc1ccc(OC(F)(F)C(F)OC(F)(F)F)c(Cl)c1,M02011,492.706,5.383700000000001,76.66000000000001,2.0,4.0,6.0,O=C(NC(=O)c1ccccc1)Nc1ccccc1,0.802209494641301,8
C#CCOS(=O)OC1CCCCC1Oc1ccc(C(C)(C)C)cc1,M02012,350.4800000000001,3.9192000000000027,44.760000000000005,0.0,4.0,6.0,c1ccc(OC2CCCCC2)cc1,1.0,1
O=C(NC(=O)c1ccccc1Cl)Nc1ccc(OC(F)(F)F)cc1,M02013,358.70300000000003,4.200500000000002,67.43,2.0,3.0,3.0,O=C(NC(=O)c1ccccc1)Nc1ccccc1,0.802209494641301,8
NC1=C(Cl)C(=O)c2ccccc2C1=O,M02014,207.61599999999999,1.4747000000000001,60.160000000000004,1.0,3.0,0.0,O=C1C=CC(=O)c2ccccc21,0.8795051323147839,4
COC(=O)c1ccccc1S(=O)(=O)NC(=O)N(C)c1nc(C)nc(OC)n1,M02015,395.39700000000016,0.5099199999999997,140.68,1.0,9.0,5.0,O=C(Nc1ncncn1)NS(=O)(=O)c1ccccc1,0.802209494641301,8
Cc1cc(C)nc(NC(=O)NS(=O)(=O)c2ccccc2C(=O)OC2COC2)n1,M02016,406.42000000000024,1.1594399999999998,136.57999999999998,2.0,8.0,5.0,O=C(Nc1ncccn1)NS(=O)(=O)c1ccccc1C(=O)OC1COC1,1.0,1
COc1nc(C)nc(NC(=O)NS(=O)(=O)c2ccccc2OCCCl)n1,M02017,401.83200000000016,1.3166199999999995,132.4,2.0,8.0,7.0,O=C(Nc1ncncn1)NS(=O)(=O)c1ccccc1,0.802209494641301,8
C=CCNC(=O)c1c([Si](C)(C)C)sc(C)c1C,M02018,267.46999999999997,2.825940000000001,29.1,1.0,2.0,4.0,c1ccsc1,0.802209494641301,8
CCOC(=O)CCN(Cc1ccccc1)SN(C)C(=O)ON=C(C)SC,M02019,399.5380000000002,3.7698000000000027,71.44,0.0,8.0,9.0,c1ccccc1,0.21161295934610674,802
CNC(=O)ON=CC(C)(C)SC,M02020,190.26799999999997,1.4698,50.69,1.0,4.0,3.0,,0.0,0
COC(=O)Nc1nc2ccccc2[nH]1,M02021,191.19000000000003,1.7411999999999996,67.00999999999999,2.0,3.0,1.0,c1ccc2[nH]cnc2c1,0.7758207207981391,10
CC1=C(C(=O)Nc2ccccc2)SCCO1,M02022,235.30799999999996,2.620000000000001,38.33,1.0,3.0,2.0,O=C(Nc1ccccc1)C1=COCCS1,1.0,1
CSC1=NC(C)(c2ccccc2)C(=O)N1Nc1ccccc1,M02023,311.41,3.4901000000000018,44.7,1.0,4.0,3.0,O=C1C(c2ccccc2)N=CN1Nc1ccccc1,1.0,1
CC(C)(C)c1ccc(CCOc2ncnc3ccccc23)cc1,M02024,306.409,4.5488000000000035,35.010000000000005,0.0,3.0,4.0,c1ccc(CCOc2ncnc3ccccc23)cc1,1.0,1
Cc1nn(C)c(Oc2ccccc2)c1C=NOCc1ccc(C(=O)OC(C)(C)C)cc1,M02025,421.49700000000024,5.026820000000005,74.94000000000001,0.0,7.0,7.0,C(=NOCc1ccccc1)c1cn[nH]c1Oc1ccccc1,1.0,1
O=[N+]([O-])NC1=NCCN1Cc1ccc(Cl)nc1,M02026,255.66500000000002,0.6879,83.66,1.0,5.0,3.0,C1=NCCN1Cc1cccnc1,0.9088491513636503,3
CNC(=O)N(C)c1nc2ccccc2s1,M02027,221.28500000000003,2.0719000000000003,45.230000000000004,1.0,3.0,1.0,c1ccc2scnc2c1,0.7185751418868361,16
CNC(=O)ON=C(SC)C(=O)N(C)C,M02028,219.266,0.10709999999999997,70.99999999999999,1.0,5.0,1.0,,0.0,0
COC=C(C(=O)OC)c1ccccc1COc1cccc(C(F)(F)F)n1,M02029,367.32300000000004,3.8397000000000023,57.650000000000006,0.0,5.0,6.0,c1ccc(COc2ccccn2)cc1,1.0,1
CC(C)(C)c1ccc(CSc2cnn(C(C)(C)C)c(=O)c2Cl)cc1,M02030,364.9420000000001,5.241500000000005,34.89,0.0,4.0,3.0,O=c1cc(SCc2ccccc2)cn[nH]1,1.0,1
CCCCCCCCSC(=O)Oc1cc(Cl)nnc1-c1ccccc1,M02031,378.92500000000007,6.389500000000006,52.08,0.0,5.0,9.0,c1ccc(-c2cccnn2)cc1,1.0,1
CC(COc1ccc(Oc2ccccc2)cc1)Oc1ccccn1,M02032,321.37600000000003,4.720200000000004,40.58,0.0,4.0,7.0,c1ccc(Oc2ccc(OCCOc3ccccn3)cc2)cc1,1.0,1
c1ccc2[nH]c(-c3cscn3)nc2c1,M02033,201.254,2.6864,41.57,1.0,3.0,1.0,c1ccc2[nH]c(-c3cscn3)nc2c1,0.9466801716388252,2
CSC(C)=NOC(=O)N(C)SN(C)C(=O)ON=C(C)SC,M02034,354.4790000000001,3.079200000000002,83.8,0.0,9.0,4.0,,0.0,0
CNC(=O)ON=C(CSC)C(C)(C)C,M02035,218.32199999999997,2.1075,50.69,1.0,4.0,3.0,,0.0,0
CON=C(C(=O)OC)c1ccccc1CON=C(C)c1cccc(C(F)(F)F)c1,M02036,408.37600000000003,4.169700000000004,69.48,0.0,6.0,7.0,C(=NOCc1ccccc1)c1ccccc1,0.9466801716388252,2
CCCCN(CCCC)SN(C)C(=O)Oc1cccc2c1OC(C)(C)C2,M02037,380.55400000000014,5.296100000000005,42.010000000000005,0.0,5.0,9.0,c1ccc2c(c1)CCO2,0.8352580650673657,6
CCOc1ccc(NC(=O)OC(C)C)cc1OCC,M02038,267.325,3.440900000000002,56.790000000000006,1.0,4.0,6.0,c1ccccc1,0.21161295934610674,802
CCCCOC(=O)N(C)SN(C)C(=O)Oc1cccc2c1OC(C)(C)C2,M02039,382.48200000000014,4.262400000000004,68.31,0.0,6.0,6.0,c1ccc2c(c1)CCO2,0.8352580650673657,6
COC(=O)c1ccc(CNS(C)(=O)=O)cc1S(=O)(=O)NC(=O)Nc1nc(OC)cc(OC)n1,M02040,503.5150000000002,-0.15999999999999903,191.97999999999996,3.0,11.0,9.0,O=C(Nc1ncccn1)NS(=O)(=O)c1ccccc1,0.8352580650673657,6
CNC(=O)CSP(=O)(OC)OC,M02041,213.19499999999996,0.8664999999999998,64.63000000000001,1.0,5.0,5.0,,0.0,0
O=C(Nc1ccccc1)N(Cc1ccc(Cl)cc1)C1CCCC1,M02042,328.84300000000013,5.3167000000000035,32.34,1.0,1.0,4.0,O=C(Nc1ccccc1)N(Cc1ccccc1)C1CCCC1,1.0,1
COP(=S)(OC)SCN1C(=O)c2ccccc2C1=O,M02043,317.32800000000003,2.4906000000000006,55.84,0.0,6.0,5.0,O=C1NC(=O)c2ccccc21,0.8795051323147839,4
CNC(=O)Oc1ccccc1OC(C)C,M02044,209.24499999999998,2.192,47.56,1.0,3.0,3.0,c1ccccc1,0.21161295934610674,802
CNC(=O)Oc1cccc2ccccc12,M02045,201.225,2.5580000000000007,38.33,1.0,2.0,1.0,c1ccc2ccccc2c1,0.6846698721617894,21
Cc1cc(C)c(C2=C(OC(=O)CC(C)(C)C)C3(CCCC3)OC2=O)c(C)c1,M02046,370.4890000000002,5.171960000000005,52.6,0.0,4.0,3.0,O=C1OC2(C=C1c1ccccc1)CCCC2,1.0,1
CCOC(=O)OC1=C(c2cc(C)ccc2C)C(=O)NC12CCC(OC)CC2,M02047,373.4490000000002,3.645240000000002,73.86,1.0,5.0,4.0,O=C1NC2(C=C1c1ccccc1)CCCCC2,1.0,1
Cc1nn(-c2cc(NS(C)(=O)=O)c(Cl)cc2Cl)c(=O)n1C(F)F,M02048,387.19500000000005,2.41582,85.99000000000001,1.0,6.0,4.0,O=c1[nH]cnn1-c1ccccc1,0.9466801716388252,2
CC(C)(C)C(O)C(Oc1ccc(Cl)cc1)n1cncn1,M02049,295.77,2.916100000000001,60.17,1.0,5.0,4.0,c1ccc(OCn2cncn2)cc1,0.9466801716388252,2
COP(=O)(OC)C(O)C(Cl)(Cl)Cl,M02050,257.437,2.1609000000000003,55.760000000000005,1.0,4.0,3.0,,0.0,0
CCNc1nc(Cl)nc(N(CC)CC)n1,M02051,229.71499999999997,1.803,53.940000000000005,1.0,5.0,5.0,c1ncncn1,0.6028054368020348,40
CCC(C)(NC(=O)c1cc(Cl)c(C)c(Cl)c1)C(=O)CCl,M02052,336.6460000000001,4.008220000000003,46.17,1.0,2.0,5.0,c1ccccc1,0.21161295934610674,802
CNC(=O)Oc1cc(C)cc(C)c1C,M02053,193.24599999999998,2.3300600000000005,38.33,1.0,2.0,1.0,c1ccccc1,0.21161295934610674,802
CCC(C)C1OC2(C=CC1C)CC1CC(CC=C(C)C(OC3CC(OC)C(OC4CC(OC)C(O)C(C)O4)C(C)O3)C(C)C=CC=C3COC4C(O)C(C)=CC(C(=O)O1)C34O)O2,M02054,873.0900000000003,5.377400000000007,170.06,3.0,14.0,8.0,O=C1OC2CC(CC=CC(OC3CCC(OC4CCCCO4)CO3)CC=CC=C3COC4CC=CC1C34)OC1(C=CCCO1)C2,0.9088491513636503,3
CCON=C(OC(=O)c1ccccc1)c1c(OC)ccc(Cl)c1OC,M02055,363.79700000000014,3.9123000000000037,66.35000000000001,0.0,6.0,6.0,N=C(OC(=O)c1ccccc1)c1ccccc1,1.0,1
COc1cc(OC)nc(Oc2cccc(Oc3nc(OC)cc(OC)n3)c2C(=O)[O-])n1.[Na+],M02056,452.35500000000025,-1.7468999999999972,147.07,0.0,12.0,9.0,c1cnc(Oc2cccc(Oc3ncccn3)c2)nc1,0.9466801716388252,2
CN(C)C(=O)Nc1ccc(Oc2ccc(Cl)cc2)cc1,M02057,290.75,4.225800000000003,41.57000000000001,1.0,2.0,3.0,c1ccc(Oc2ccccc2)cc1,0.6438836066809098,29
CN(C)C(=O)NC1CCCCCCC1,M02058,198.30999999999992,2.3705,32.34,1.0,1.0,1.0,C1CCCCCCC1,1.0,1
CNC(=N[N+](=O)[O-])NCC1CCOC1,M02059,202.21399999999994,-0.6203999999999994,88.79,2.0,3.0,3.0,C1CCOC1,0.8176983027273006,7
CNC(=O)Oc1ccccc1C1OCCO1,M02060,223.22799999999995,1.4502,56.790000000000006,1.0,4.0,2.0,c1ccc(C2OCCO2)cc1,1.0,1
CN(C)C(=O)Nc1ccccc1,M02061,164.208,1.7801,32.34,1.0,1.0,1.0,c1ccccc1,0.21161295934610674,802
Cc1cc(C(F)(C(F)(F)F)C(F)(F)F)ccc1NC(=O)c1cccc(I)c1C(=O)NC(C)(C)CS(C)(=O)=O,M02062,682.396,5.694320000000004,92.34,2.0,4.0,7.0,O=C(Nc1ccccc1)c1ccccc1,0.744107216431016,13
O=C(Nc1ccccc1)Nc1ccnc(Cl)c1,M02063,247.68499999999997,3.3790000000000013,54.02,2.0,2.0,2.0,O=C(Nc1ccccc1)Nc1ccncc1,1.0,1
COC(=O)C(C)N(C(=O)c1ccco1)c1c(C)cccc1C,M02064,301.34200000000004,3.1047400000000014,59.75,0.0,4.0,4.0,O=C(Nc1ccccc1)c1ccco1,1.0,1
O=C(NC(=O)c1c(F)cccc1F)Nc1cc(Cl)c(OC(F)(F)C(F)F)c(Cl)c1,M02065,461.1450000000001,5.470200000000001,67.43,2.0,3.0,5.0,O=C(NC(=O)c1ccccc1)Nc1ccccc1,0.802209494641301,8
CC1(C)CNC(=NN=C(C=Cc2ccc(C(F)(F)F)cc2)C=Cc2ccc(C(F)(F)F)cc2)NC1,M02066,494.4830000000001,6.3818000000000055,48.78,2.0,2.0,5.0,C(=Cc1ccccc1)C(C=Cc1ccccc1)=NN=C1NCCCN1,1.0,1
CCC(C)C1OC2(CCC1C)CC1CC(CC=C(C)C(OC3CC(OC)C(OC4CC(OC)C(O)C(C)O4)C(C)O3)C(C)C=CC=C3COC4C(O)C(C)=CC(C(=O)O1)C34O)O2,M02067,875.1060000000002,5.601400000000008,170.06,3.0,14.0,8.0,O=C1OC2CC(CC=CC(OC3CCC(OC4CCCCO4)CO3)CC=CC=C3COC4CC=CC1C34)OC1(CCCCO1)C2,0.9466801716388252,2
COCCCNc1nc(NC(C)C)nc(SC)n1,M02068,271.39,1.8621999999999999,71.96000000000001,2.0,7.0,8.0,c1ncncn1,0.6028054368020348,40
CON=C1CC2(CC3CC(CC=C(C)CC(C)C=CC=C4COC5C(O)C(C)=CC(C(=O)O3)C45O)O2)OC(C(C)=CC(C)C)C1C,M02069,639.8300000000002,5.7289000000000065,116.04000000000002,2.0,9.0,3.0,N=C1CCOC2(C1)CC1CC(CC=CCCC=CC=C3COC4CC=CC(C(=O)O1)C34)O2,1.0,1
CCN(Cc1ccc(Cl)nc1)C(=C[N+](=O)[O-])NC,M02070,270.72,1.8518999999999999,71.3,1.0,5.0,6.0,c1ccncc1,0.5996365394334917,41
CNC(=O)Oc1cc(C)cc(C(C)C)c1,M02071,207.273,2.836620000000001,38.33,1.0,2.0,2.0,c1ccccc1,0.21161295934610674,802
CC1=C(C(=O)Nc2ccccc2)CCCO1,M02072,217.26799999999994,2.709500000000001,38.33,1.0,2.0,2.0,O=C(Nc1ccccc1)C1=COCCC1,1.0,1
Cc1cnc2c(C(=O)O)c(Cl)ccc2c1,M02073,221.643,2.89482,50.19,1.0,2.0,1.0,c1ccc2ncccc2c1,0.6846698721617894,21
C=C(C)C1Cc2c(ccc3c2OC2COc4cc(OC)c(OC)cc4C2C3=O)O1,M02074,394.4230000000001,3.7033000000000023,63.22,0.0,6.0,3.0,O=C1c2ccc3c(c2OC2COc4ccccc4C12)CCO3,1.0,1
CCC1CCCC(OC2CCC(N(C)C)C(C)O2)C(C)C(=O)C2=CC3C(C=CC4CC(OC5OC(C)C(OC)C(OC)C5OC)CC43)C2CC(=O)O1,M02075,731.9680000000001,5.487400000000007,111.22000000000001,0.0,11.0,9.0,O=C1CC2C(=CC3C2C=CC2CC(OC4CCCCO4)CC23)C(=O)CC(OC2CCCCO2)CCCCO1,0.9088491513636503,3
CNC(=O)N(C)c1nnc(C(C)(C)C)s1,M02076,228.321,1.6111999999999997,58.120000000000005,1.0,4.0,1.0,c1nncs1,0.8795051323147839,4
O=C(Nc1ccccc1)Nc1cnns1,M02077,220.25699999999998,2.1821,66.91,2.0,4.0,2.0,O=C(Nc1ccccc1)Nc1cnns1,1.0,1
CNC(=O)Oc1cc(C)c(N(C)C)c(C)c1,M02078,222.28799999999998,2.08764,41.57,1.0,3.0,2.0,c1ccccc1,0.21161295934610674,802
CCC(Oc1ccc(F)c(C(F)(F)F)c1)C(=O)NCc1ccccc1,M02079,355.331,4.318300000000003,38.33,1.0,2.0,6.0,O=C(COc1ccccc1)NCc1ccccc1,1.0,1
COc1ccc(-c2ccccc2)cc1NNC(=O)OC(C)C,M02080,300.35800000000006,3.8237000000000014,59.59,2.0,4.0,5.0,c1ccc(-c2ccccc2)cc1,0.7758207207981391,10
CNC(=O)Oc1cccc2c1OC(C)(C)C2,M02081,221.25599999999994,2.1183,47.56,1.0,3.0,1.0,c1ccc2c(c1)CCO2,0.8352580650673657,6
CNC(=O)c1cc(Cl)cc(C)c1NC(=O)c1cc(Br)nn1-c1ncccc1Cl,M02082,483.153,4.256920000000002,88.91000000000001,2.0,5.0,4.0,O=C(Nc1ccccc1)c1ccnn1-c1ccccn1,1.0,1
CCS(=O)(=O)c1nnc(N(C)C(=O)NC)s1,M02083,264.332,0.10730000000000023,92.26,1.0,6.0,3.0,c1nncs1,0.8795051323147839,4
Cc1ccn2nc(S(=O)(=O)Nc3c(F)cccc3F)nc2n1,M02084,325.30000000000007,1.5117199999999997,89.25000000000001,1.0,6.0,3.0,O=S(=O)(Nc1ccccc1)c1nc2ncccn2n1,0.9466801716388252,2
CN(C)C(=O)Nc1cccc(C(F)(F)F)c1,M02085,232.20499999999996,2.7989000000000006,32.34,1.0,1.0,1.0,c1ccccc1,0.21161295934610674,802
CON=C(C1=NOCCO1)c1ccccc1Oc1ncnc(Oc2ccccc2Cl)c1F,M02086,458.8330000000001,4.5645000000000024,96.65000000000002,0.0,9.0,7.0,N=C(C1=NOCCO1)c1ccccc1Oc1cc(Oc2ccccc2)ncn1,1.0,1
OC(Cn1cncn1)(c1ccc(F)cc1)c1ccccc1F,M02087,301.296,2.492400000000001,50.94,1.0,4.0,4.0,c1ccc(C(Cn2cncn2)c2ccccc2)cc1,1.0,1
CC(C)(C)N(NC(=O)c1ccc(Cl)cc1)C(=O)c1ccccc1,M02088,330.81500000000005,3.9257000000000026,49.410000000000004,1.0,2.0,2.0,O=C(NNC(=O)c1ccccc1)c1ccccc1,0.9088491513636503,3
COC(=O)c1c(Cl)nn(C)c1S(=O)(=O)NC(=O)Nc1nc(OC)cc(OC)n1,M02089,434.8180000000002,0.17769999999999953,163.62999999999994,2.0,11.0,6.0,O=C(Nc1ncccn1)NS(=O)(=O)c1ccn[nH]1,1.0,1
COC(=O)C(C)=COP(=S)(OC)OC,M02090,240.21699999999998,1.5970999999999997,53.99000000000001,0.0,6.0,5.0,,0.0,0
CON(C)C(=O)Nc1ccc(Br)cc1,M02091,259.10299999999995,2.4742000000000006,41.57,1.0,2.0,2.0,c1ccccc1,0.21161295934610674,802
CC(CCC(=O)O)C1CCC2C3C(O)CC4CCCCC4(C)C3CC(O)C12C,M02092,392.58000000000015,4.477900000000005,77.76,3.0,3.0,4.0,C1CCC2C(C1)CCC1C3CCCC3CCC21,0.6274242932504864,33
C[n+]1cccc(S(=O)(=O)[O-])c1,M02093,173.19299999999998,-0.5848,61.08,0.0,3.0,1.0,c1cc[nH+]cc1,0.6627017793637848,25
CC[n+]1cccc(S(=O)(=O)[O-])c1,M02094,187.21999999999997,-0.10189999999999966,61.08,0.0,3.0,2.0,c1cc[nH+]cc1,0.6627017793637848,25
CCC[n+]1cccc(S(=O)(=O)[O-])c1,M02095,201.24699999999996,0.2882,61.08,0.0,3.0,3.0,c1cc[nH+]cc1,0.6627017793637848,25
CCCC[n+]1cccc(S(=O)(=O)[O-])c1,M02096,215.27399999999994,0.6783000000000002,61.08,0.0,3.0,4.0,c1cc[nH+]cc1,0.6627017793637848,25
CCCCC[n+]1cccc(S(=O)(=O)[O-])c1,M02097,229.301,1.0684,61.08,0.0,3.0,5.0,c1cc[nH+]cc1,0.6627017793637848,25
CCCCCC[n+]1cccc(S(=O)(=O)[O-])c1,M02098,243.328,1.4585000000000001,61.08,0.0,3.0,6.0,c1cc[nH+]cc1,0.6627017793637848,25
CCCCCCC[n+]1cccc(S(=O)(=O)[O-])c1,M02099,257.355,1.8486000000000002,61.08,0.0,3.0,7.0,c1cc[nH+]cc1,0.6627017793637848,25
CCCCCCCC[n+]1cccc(S(=O)(=O)[O-])c1,M02100,271.38200000000006,2.2387000000000006,61.08,0.0,3.0,8.0,c1cc[nH+]cc1,0.6627017793637848,25
CCCCCCCCC[n+]1cccc(S(=O)(=O)[O-])c1,M02101,285.40900000000005,2.628800000000001,61.08,0.0,3.0,9.0,c1cc[nH+]cc1,0.6627017793637848,25
CCCCCCCCCC[n+]1cccc(S(=O)(=O)[O-])c1,M02102,299.43600000000004,3.0189000000000012,61.08,0.0,3.0,10.0,c1cc[nH+]cc1,0.6627017793637848,25
CCCCCCCCCCC[n+]1cccc(S(=O)(=O)[O-])c1,M02103,313.4630000000001,3.4090000000000025,61.08,0.0,3.0,11.0,c1cc[nH+]cc1,0.6627017793637848,25
CCCCCCCCCCCC[n+]1cccc(S(=O)(=O)[O-])c1,M02104,327.49000000000007,3.799100000000003,61.08,0.0,3.0,12.0,c1cc[nH+]cc1,0.6627017793637848,25
CCCCCCCCCCCCC[n+]1cccc(S(=O)(=O)[O-])c1,M02105,341.51700000000005,4.189200000000003,61.08,0.0,3.0,13.0,c1cc[nH+]cc1,0.6627017793637848,25
CCCCCCCCCCCCCC[n+]1cccc(S(=O)(=O)[O-])c1,M02106,355.54400000000004,4.5793000000000035,61.08,0.0,3.0,14.0,c1cc[nH+]cc1,0.6627017793637848,25
CCCCCCCCCCCCCCC[n+]1cccc(S(=O)(=O)[O-])c1,M02107,369.571,4.969400000000005,61.08,0.0,3.0,15.0,c1cc[nH+]cc1,0.6627017793637848,25
CCCCCCCCCCCCCCCC[n+]1cccc(S(=O)(=O)[O-])c1,M02108,383.598,5.359500000000005,61.08,0.0,3.0,16.0,c1cc[nH+]cc1,0.6627017793637848,25
CCCCCCCCCCCCCCCCC[n+]1cccc(S(=O)(=O)[O-])c1,M02109,397.625,5.749600000000005,61.08,0.0,3.0,17.0,c1cc[nH+]cc1,0.6627017793637848,25
CCCCCCCCCCCCCCCCCC[n+]1cccc(S(=O)(=O)[O-])c1,M02110,411.652,6.139700000000007,61.08,0.0,3.0,18.0,c1cc[nH+]cc1,0.6627017793637848,25
CCCCCCCCCCCCCCCCCCC[n+]1cccc(S(=O)(=O)[O-])c1,M02111,425.67900000000003,6.529800000000006,61.08,0.0,3.0,19.0,c1cc[nH+]cc1,0.6627017793637848,25
CCCCCCCCCCCCCCCCCCCC[n+]1cccc(S(=O)(=O)[O-])c1,M02112,439.7060000000001,6.919900000000007,61.08,0.0,3.0,20.0,c1cc[nH+]cc1,0.6627017793637848,25
CCCCCC=CC=CC(=O)OCC,M02113,196.28999999999994,3.242200000000002,26.3,0.0,2.0,7.0,,0.0,0
C[N+](C)(C)CC(CC(=O)[O-])OC(=O)CCC(=O)O,M02114,261.27399999999994,-1.3907999999999976,103.73,1.0,5.0,8.0,,0.0,0
CCCCCCCCCCCCC(O)C(=O)O,M02115,244.37499999999997,3.742900000000002,57.53,2.0,2.0,12.0,,0.0,0
CCCCCCCCCCCCCCC(O)C(=O)O,M02116,272.4289999999999,4.523100000000004,57.53,2.0,2.0,14.0,,0.0,0
CCCCCC=CCC=CCC=CCC=CCC=CCCC(=O)O,M02117,330.5120000000001,6.772900000000006,37.3,1.0,1.0,15.0,,0.0,0
CC(C)CCCC(C)CCCC(C)CCCC(C)CC(=O)O,M02118,312.538,6.536300000000007,37.3,1.0,1.0,14.0,,0.0,0
CCCCCCCCCCCCC(=O)O,M02119,214.34899999999996,4.382000000000003,37.3,1.0,1.0,11.0,,0.0,0
CC(C)CCCCCCCCCCCCCC(=O)O,M02120,270.4569999999999,5.798300000000006,37.3,1.0,1.0,14.0,,0.0,0
C=CCC(C)C(=O)O,M02121,114.14399999999998,1.2832000000000001,37.3,1.0,1.0,3.0,,0.0,0
O=C(O)C=CC=CC(=O)O,M02122,142.10999999999999,0.26799999999999996,74.6,2.0,2.0,3.0,,0.0,0
CCCCCC=CC(=O)O,M02123,142.19799999999998,2.2074999999999996,37.3,1.0,1.0,5.0,,0.0,0
C=CCCCCCCCCC(=O)O,M02124,184.279,3.3778000000000015,37.3,1.0,1.0,9.0,,0.0,0
CCCCCCCCC=CCC=CCC=CCCCC(=O)O,M02125,306.49000000000007,6.440700000000007,37.3,1.0,1.0,15.0,,0.0,0
CCCCCC(O)CC(=O)O,M02126,160.213,1.4023,57.53,2.0,2.0,6.0,,0.0,0
CCC=CCC=CCC=CCC=CCCCCC(=O)O,M02127,276.41999999999996,5.436500000000005,37.3,1.0,1.0,12.0,,0.0,0
CCCCC=CC=CC=CCCCCCCCC(=O)O,M02128,278.43599999999986,5.660500000000005,37.3,1.0,1.0,13.0,,0.0,0
CCCCC(=O)O,M02129,102.13299999999998,1.2612,37.3,1.0,1.0,3.0,,0.0,0
O=C(O)C(=O)Cc1ccc(O)cc1,M02130,180.159,0.5884,74.6,2.0,3.0,3.0,c1ccccc1,0.21161295934610674,802
CC(=O)CC(=O)O,M02131,102.08899999999998,0.05009999999999998,54.370000000000005,1.0,2.0,2.0,,0.0,0
C#CC(=O)O,M02132,70.047,-0.2958,37.3,1.0,1.0,0.0,,0.0,0
CC(C=CC1=C(C)CCCC1(C)C)=CC=CC(C)=CC(=O)O,M02133,300.44200000000006,5.602600000000005,37.3,1.0,1.0,5.0,C1=CCCCC1,0.802209494641301,8
C=CC1=C(C)c2cc3[nH]c(cc4nc(cc5[nH]c(cc1n2)c(C)c5CCC(=O)O)C(CCC(=O)O)=C4C)c(C)c3C=C,M02134,562.6700000000004,7.504040000000007,131.96,4.0,4.0,8.0,C1=Cc2cc3ccc(cc4nc(cc5ccc(cc1n2)[nH]5)C=C4)[nH]3,1.0,1
CC(C)CC(O)C(=O)O,M02135,132.159,0.478,57.53,2.0,2.0,3.0,,0.0,0
O=C(O)C(O)c1cccc(O)c1,M02136,168.148,0.5102,77.76,3.0,3.0,2.0,c1ccccc1,0.21161295934610674,802
CC(C)C(=O)C(=O)O,M02137,116.11599999999997,0.2961,54.370000000000005,1.0,2.0,2.0,,0.0,0
CC(C)OC(=O)Nc1ccccc1,M02138,179.21900000000002,2.6435000000000013,38.33,1.0,2.0,2.0,c1ccccc1,0.21161295934610674,802
CC(CCC(=O)O)C1CCC2C3C(OS(=O)(=O)O)CC4CC(O)CCC4(C)C3CC(O)C12C,M02139,488.6430000000003,3.275800000000002,141.36,4.0,6.0,6.0,C1CCC2C(C1)CCC1C3CCCC3CCC21,0.6274242932504864,33
CC(C)CCCC(C)C1CCC2C3C(O)CC4=CC(=O)CCC4(C)C3CCC12C,M02140,400.6470000000003,6.567700000000008,37.3,1.0,2.0,5.0,O=C1C=C2CCC3C4CCCC4CCC3C2CC1,0.6627017793637848,25
CCCCCC=CCC=CCCCCCCCC(=O)OC(CC(=O)[O-])C[N+](C)(C)C,M02141,423.63800000000015,4.557900000000003,66.43,0.0,4.0,19.0,,0.0,0
CCCCCC=CCC=CCCCCCCCCCC(=O)O,M02142,308.506,6.664700000000006,37.3,1.0,1.0,16.0,,0.0,0
CCCCCC=CCC=CCCCCCCCCCCCC(=O)O,M02143,336.56000000000006,7.444900000000007,37.3,1.0,1.0,18.0,,0.0,0
O=C(O)c1ccccn1,M02144,123.11099999999998,0.7797999999999999,50.19,1.0,2.0,1.0,c1ccncc1,0.5996365394334917,41
O=C(O)c1c[nH]c(=O)[nH]c1=O,M02145,156.09699999999998,-1.2386000000000001,103.01999999999998,3.0,3.0,1.0,O=c1cc[nH]c(=O)[nH]1,0.7883542836784342,9
CC(C)=CCCC(C)=CCCC(C)=CCCC(C)=CCCC(C)=CCCC(C)=CCC1=C(C)C(=O)c2ccccc2C1=O,M02146,580.8970000000004,12.37089999999998,34.14,0.0,2.0,17.0,O=C1C=CC(=O)c2ccccc21,0.8795051323147839,4
Cc1ccc(N(SC(F)(Cl)Cl)S(=O)(=O)N(C)C)cc1,M02147,347.2640000000001,3.314420000000002,40.620000000000005,0.0,3.0,5.0,c1ccccc1,0.21161295934610674,802
C#CCCCCCCCCCCCCCCCC(=O)O,M02148,280.45199999999994,5.555700000000005,37.3,1.0,1.0,15.0,,0.0,0
Oc1ccccc1,M02149,94.11299999999999,1.3921999999999999,20.23,1.0,1.0,0.0,c1ccccc1,0.21161295934610674,802
O=C(O)Cc1ccco1,M02150,126.11099999999998,0.9067000000000001,50.44,1.0,2.0,2.0,c1ccoc1,0.7538526280001345,12
CCON=C(CC)C1=C(O)CC(c2c(C)cc(C)cc2C)CC1=O,M02151,329.4400000000001,4.672960000000003,58.89,1.0,4.0,5.0,O=C1C=CCC(c2ccccc2)C1,1.0,1
CCCCCCC=CC=CCCCCCCCC(=O)O,M02152,280.4519999999999,5.884500000000006,37.3,1.0,1.0,14.0,,0.0,0
O=C1OC2C(O)C(O)OC2C1O,M02153,176.124,-2.6492,96.22000000000001,3.0,6.0,0.0,O=C1CC2OCCC2O1,1.0,1
CCCCCC=CCC=CCC=CCC=CCCCCCC(=O)O,M02154,332.52800000000013,6.996900000000006,37.3,1.0,1.0,16.0,,0.0,0
CCCCCCCCCCC(=O)O,M02155,186.295,3.6018000000000017,37.3,1.0,1.0,9.0,,0.0,0
CCCCCCC=CCCCC(=O)O,M02156,198.30599999999995,3.7679000000000027,37.3,1.0,1.0,9.0,,0.0,0
O=C(O)C=Cc1c[nH]cn1,M02157,138.12599999999998,0.5075,65.97999999999999,2.0,2.0,2.0,c1c[nH]cn1,0.6438836066809098,29
O=C(O)C(=O)CC1(C(=O)O)C=CC(O)C=C1,M02158,226.18400000000003,-0.4119000000000004,111.9,3.0,4.0,4.0,C1=CCC=CC1,1.0,1
C=CCOC(Cn1ccnc1)c1ccc(Cl)cc1Cl,M02159,297.18500000000006,4.133800000000003,27.05,0.0,3.0,6.0,c1ccc(CCn2ccnc2)cc1,1.0,1
COC(=O)C=C(C)OP(=O)(OC)OC,M02160,224.14899999999997,1.4807,71.06,0.0,6.0,5.0,,0.0,0
CCc1nn(C)c(C(=O)NCc2ccc(C(C)(C)C)cc2)c1Cl,M02161,333.86300000000006,3.863400000000003,46.92,1.0,3.0,4.0,O=C(NCc1ccccc1)c1ccn[nH]1,1.0,1
CCC(=NOCC=CCl)C1=C(O)CC(C2CCOCC2)CC1=O,M02162,341.83500000000015,3.7393000000000027,68.12,1.0,5.0,6.0,O=C1C=CCC(C2CCOCC2)C1,1.0,1
CCOP(=S)(OCC)ON=C(C#N)c1ccccc1,M02163,298.304,3.2283800000000014,63.839999999999996,0.0,6.0,7.0,c1ccccc1,0.21161295934610674,802
CCC(C)c1ccccc1OC(=O)NC,M02164,207.27299999999997,2.9183000000000003,38.33,1.0,2.0,3.0,c1ccccc1,0.21161295934610674,802
C#CCN1C(=O)COc2cc(F)c(N3C(=O)C4=C(CCCC4)C3=O)cc21,M02165,354.3370000000002,1.9281,66.92,0.0,4.0,2.0,O=C1COc2ccc(N3C(=O)C4=C(CCCC4)C3=O)cc2N1,1.0,1
COP(=S)(OC)Oc1ccc(Sc2ccc(OP(=S)(OC)OC)cc2)cc1,M02166,466.47900000000016,5.630000000000004,55.38000000000001,0.0,9.0,10.0,c1ccc(Sc2ccccc2)cc1,1.0,1
CC(CCC(=O)O)C1CCC2C3CCC4CC(O)CCC4(C)C3C=CC12C,M02167,374.5650000000001,5.2831000000000055,57.53,2.0,2.0,4.0,C1=CC2C3CCCCC3CCC2C2CCCC12,1.0,1
NC1(C(=O)O)CC1,M02168,101.105,-0.4377000000000004,63.32000000000001,2.0,2.0,1.0,C1CC1,0.9088491513636503,3
CCCCCCCCC=CCCCCCCCCCCCCCC(=O)O,M02169,366.63000000000017,8.449100000000007,37.3,1.0,1.0,21.0,,0.0,0
CC(C)CCCCCCCCCCC(=O)O,M02170,228.37599999999995,4.628000000000004,37.3,1.0,1.0,11.0,,0.0,0
CCC(C)CCCCCCCCCCCCC(=O)O,M02171,270.4569999999999,5.798300000000006,37.3,1.0,1.0,14.0,,0.0,0
CC(C)CCCCCCCCCCCCCCC(=O)O,M02172,284.4839999999999,6.188400000000006,37.3,1.0,1.0,15.0,,0.0,0
CC(C)CCCC(C)C1CCC2C3C(=O)C=C4CC(O)CCC4(C)C3CCC12C,M02173,400.6470000000002,6.567700000000008,37.3,1.0,2.0,5.0,O=C1C=C2CCCCC2C2CCC3CCCC3C12,0.9088491513636503,3
CCCCCCCCCCCCCCC(=O)O,M02174,242.40299999999993,5.162200000000004,37.3,1.0,1.0,13.0,,0.0,0
COP(=S)(OC)SCn1nnc2ccccc2c1=O,M02175,317.33200000000005,1.9994999999999998,66.24000000000001,0.0,8.0,5.0,O=c1[nH]nnc2ccccc12,0.9466801716388252,2
O=P(O)(O)OCC1OC(OP(=O)(O)OP(=O)(O)O)C(O)C1O,M02176,390.067,-2.2313,229.73999999999998,7.0,9.0,7.0,C1CCOC1,0.8176983027273006,7
Nc1ccccc1,M02177,93.12899999999999,1.2688000000000001,26.02,1.0,1.0,0.0,c1ccccc1,0.21161295934610674,802
CCCCCCCCCCCCCCCCCCC(=O)O,M02178,298.5109999999999,6.722600000000007,37.3,1.0,1.0,17.0,,0.0,0
CCC(O)(CC)C(=O)O,M02179,132.159,0.6221,57.53,2.0,2.0,3.0,,0.0,0
CCC(N)C(=O)O,M02180,103.12099999999998,-0.19169999999999998,63.32000000000001,2.0,2.0,2.0,,0.0,0
Clc1ccc(C2(Cn3cncn3)CC(Br)CO2)c(Cl)c1,M02181,377.0690000000001,3.664200000000003,39.94,0.0,4.0,3.0,c1ccc(C2(Cn3cncn3)CCCO2)cc1,1.0,1
CCCC(=O)C12C(=O)C(CC=C(C)C)=C(O)C(CC=C(C)C)(CC(CC=C(C)C)C1(C)CCC=C(C)C)C2=O,M02182,536.7970000000004,9.1338,71.44,1.0,4.0,12.0,O=C1C=CC2CCCC1C2=O,1.0,1
CCOc1ccc2c(c1)C(C)=CC(C)(C)N2,M02183,217.31199999999998,3.692700000000002,21.259999999999998,1.0,2.0,2.0,C1=Cc2ccccc2NC1,1.0,1
CC(CCC(=O)NCCS(=O)(=O)O)C1CCC2C3CC(O)C4CC(O)CCC4(C)C3CCC12C,M02184,499.71400000000034,3.3973000000000013,123.93,4.0,5.0,7.0,C1CCC2C(C1)CCC1C3CCCC3CCC21,0.6274242932504864,33
CCCCC(O)C(=O)O,M02185,132.159,0.6221,57.53,2.0,2.0,4.0,,0.0,0
CCC=CCC=CCC=CCCCCCCCCCCCC(=O)O,M02186,334.54400000000004,7.2209000000000065,37.3,1.0,1.0,17.0,,0.0,0
O=C(O)c1cc(O)c2cccc(O)c2n1,M02187,205.16899999999998,1.3441999999999998,90.65,3.0,4.0,1.0,c1ccc2ncccc2c1,0.6846698721617894,21
Nc1nc(=O)nc(N)[nH]1,M02188,127.107,-1.6707,110.68,3.0,5.0,0.0,O=c1nc[nH]cn1,0.8176983027273006,7
CN=C(O)CSP(=S)(OC)OC,M02189,229.26299999999998,1.8232,51.05000000000001,1.0,5.0,5.0,,0.0,0
CCCCc1c(C)[nH]c(NCC)nc1=O,M02190,209.29299999999998,1.85272,57.78,2.0,3.0,5.0,O=c1cc[nH]cn1,0.9466801716388252,2
CN(C)c1nc(=O)n(C2CCCCC2)c(=O)n1C,M02191,252.31799999999993,0.5131999999999994,60.13,0.0,6.0,2.0,O=c1nc[nH]c(=O)n1C1CCCCC1,1.0,1
O=C(O)c1ccccc1C(=O)Nc1cccc2ccccc12,M02192,291.30600000000004,3.790300000000002,66.39999999999999,2.0,2.0,3.0,O=C(Nc1cccc2ccccc12)c1ccccc1,1.0,1
COc1ccc(NC(=O)N(C)C)cc1Cl,M02193,228.67899999999997,2.4421,41.57,1.0,2.0,2.0,c1ccccc1,0.21161295934610674,802
COC(=O)c1ccccc1S(=O)(=O)NC(=O)Nc1nc(OC(F)F)cc(OC(F)F)n1,M02194,468.34100000000007,1.9763999999999997,145.81,2.0,9.0,8.0,O=C(Nc1ncccn1)NS(=O)(=O)c1ccccc1,0.8352580650673657,6
O=C(O)Cn1c(=O)sc2cccc(Cl)c21,M02195,243.671,1.8010000000000004,59.3,1.0,4.0,2.0,O=c1[nH]c2ccccc2s1,0.9466801716388252,2
CNC(=O)N(C)c1nnc(C(F)(F)F)s1,M02196,240.20999999999998,1.3325,58.120000000000005,1.0,4.0,1.0,c1nncs1,0.8795051323147839,4
CC(=O)CC(c1ccccc1)c1c(O)oc2ccccc2c1=O,M02197,308.333,3.609600000000002,67.50999999999999,1.0,4.0,4.0,O=c1c(Cc2ccccc2)coc2ccccc12,1.0,1
Cc1cccc(C)c1N,M02198,121.183,1.88564,26.02,1.0,1.0,0.0,c1ccccc1,0.21161295934610674,802
CC(C)C1(C)N=C(c2ncccc2C(=O)O)NC1=O,M02199,261.281,1.0709,91.65,2.0,4.0,3.0,O=C1CN=C(c2ccccn2)N1,0.9088491513636503,3
CC(C)C1(C)N=C(c2nc3ccccc3cc2C(=O)O)NC1=O,M02200,311.341,2.2241,91.65,2.0,4.0,3.0,O=C1CN=C(c2ccc3ccccc3n2)N1,1.0,1
CCc1cnc(C2=NC(C)(C(C)C)C(=O)N2)c(C(=O)O)c1,M02201,289.335,1.6333000000000002,91.65,2.0,4.0,4.0,O=C1CN=C(c2ccccn2)N1,0.9088491513636503,3
CCNc1nc(NCC)nc(SC)n1,M02202,213.31,1.4570999999999998,62.730000000000004,2.0,6.0,5.0,c1ncncn1,0.6028054368020348,40
CN(C)C(=O)Nc1ccc(-n2nc(C(C)(C)C)oc2=O)c(Cl)c1,M02203,338.7950000000001,2.8699000000000012,80.37,1.0,5.0,2.0,O=c1ocnn1-c1ccccc1,0.9088491513636503,3
CON(C)C(=O)Nc1ccc(Cl)cc1,M02204,214.652,2.365100000000001,41.57,1.0,2.0,2.0,c1ccccc1,0.21161295934610674,802
CCOC(=O)C1=NN(c2ccc(Cl)cc2Cl)C(C)(C(=O)OCC)C1,M02205,373.2360000000002,3.4444000000000026,68.2,0.0,6.0,5.0,C1=NN(c2ccccc2)CC1,1.0,1
Cc1nc(=O)c(-c2ccccc2)n[nH]1,M02206,187.202,1.1403199999999998,58.64,1.0,3.0,1.0,O=c1nc[nH]nc1-c1ccccc1,1.0,1
O=C1CCc2cccc3c2N1CC3,M02207,173.21499999999995,1.5219,20.310000000000002,0.0,1.0,0.0,O=C1CCc2cccc3c2N1CC3,1.0,1
COP(=S)(OC)Oc1ccc(SC)c(C)c1,M02208,278.335,3.6130200000000023,27.69,0.0,5.0,5.0,c1ccccc1,0.21161295934610674,802
COC(=O)c1ccc(I)cc1S(=O)(O)=NC(=O)Nc1nc(C)nc(OC)n1,M02209,507.26600000000025,2.11182,152.95999999999998,2.0,8.0,4.0,O=C(N=[SH](=O)c1ccccc1)Nc1ncncn1,1.0,1
Cc1ccc(C)c(OCCCC(C)(C)C(=O)O)c1,M02210,250.33799999999997,3.573240000000002,46.53,1.0,2.0,6.0,c1ccccc1,0.21161295934610674,802
CCNc1nc(N)nc(OC)n1,M02211,169.18800000000002,-0.10580000000000028,85.95,2.0,6.0,3.0,c1ncncn1,0.6028054368020348,40
CCNc1nc(O)nc(NCC)n1,M02212,183.21499999999997,0.4407999999999998,82.96000000000001,3.0,6.0,4.0,c1ncncn1,0.6028054368020348,40
CCNc1nc(NC(C)C)nc(SC)n1,M02213,227.337,1.8455999999999997,62.730000000000004,2.0,6.0,5.0,c1ncncn1,0.6028054368020348,40
O=C1CC2(CCCCC2)CN1,M02214,153.22500000000002,1.4568,29.1,1.0,1.0,0.0,O=C1CC2(CCCCC2)CN1,1.0,1
COC(=O)c1ccccc1CS(=O)(=O)NC(=O)Nc1nc(OC)cc(OC)n1,M02215,410.40800000000013,0.9319000000000001,145.81,2.0,9.0,7.0,O=C(Nc1ncccn1)NS(=O)(=O)Cc1ccccc1,1.0,1
COc1nc(C)nc(NC(=O)NS(=O)(=O)c2ccccc2CCC(F)(F)F)n1,M02216,419.3850000000001,2.1939199999999994,123.17,2.0,7.0,6.0,O=C(Nc1ncncn1)NS(=O)(=O)c1ccccc1,0.802209494641301,8
COC(=O)c1cccc(C)c1S(=O)(=O)NC(=O)Nc1nc(OCC(F)(F)F)nc(N(C)C)n1,M02217,492.4360000000002,1.4841199999999997,152.70999999999998,2.0,10.0,7.0,O=C(Nc1ncncn1)NS(=O)(=O)c1ccccc1,0.802209494641301,8
COP(=O)(OC)Oc1ccc([N+](=O)[O-])cc1,M02218,247.143,2.3745000000000003,87.9,0.0,6.0,5.0,c1ccccc1,0.21161295934610674,802
CCOP(=O)(OCC)Oc1ccc([N+](=O)[O-])cc1,M02219,275.197,3.154700000000002,87.9,0.0,6.0,7.0,c1ccccc1,0.21161295934610674,802
CC(C)NCC(O)COc1ccc(COCCOC(C)C)cc1,M02220,325.449,2.3659,59.95,2.0,5.0,12.0,c1ccccc1,0.21161295934610674,802
CCCC(=O)Nc1ccc(OCC(O)CNC(C)C)c(C(C)=O)c1,M02221,336.4320000000001,2.3655,87.66,3.0,5.0,10.0,c1ccccc1,0.21161295934610674,802
CC(C)Nc1nc(=O)nc(NC(C)C)[nH]1,M02222,211.26900000000003,0.8054999999999997,82.69999999999999,3.0,5.0,4.0,O=c1nc[nH]cn1,0.8176983027273006,7
CC(C)(C)Nc1nc(=O)nc(N)[nH]1,M02223,183.215,-0.04250000000000004,96.69,3.0,5.0,1.0,O=c1nc[nH]cn1,0.8176983027273006,7
COc1cc(OC)n2nc(S(=O)(=O)Nc3c(Cl)ccc(C)c3Cl)nc2n1,M02224,418.2620000000001,2.5575200000000002,107.71000000000001,1.0,8.0,5.0,O=S(=O)(Nc1ccccc1)c1nc2ncccn2n1,0.9466801716388252,2
CNC1=C(c2cccc(C(F)(F)F)c2)C(=O)C(c2ccccc2)O1,M02225,333.30899999999997,3.934000000000002,38.33,1.0,3.0,3.0,O=C1C(c2ccccc2)=COC1c1ccccc1,1.0,1
CCOC(=O)C(C)(C)Oc1ccc(Cl)cc1,M02226,242.702,3.060500000000001,35.53,0.0,3.0,4.0,c1ccccc1,0.21161295934610674,802
NC(=S)c1c(Cl)cccc1Cl,M02227,206.097,2.627600000000001,26.02,1.0,1.0,1.0,c1ccccc1,0.21161295934610674,802
CCCOP(=S)(OCCC)SCC(=O)N1CCCCC1C,M02228,353.4900000000001,4.198300000000004,38.77,0.0,5.0,9.0,C1CCNCC1,0.7265474540909509,15
CC(C)c1cc(Oc2ccccc2)cc(C(C)C)c1NC(=S)NC(C)(C)C,M02229,384.58900000000006,6.810600000000006,33.29,2.0,2.0,5.0,c1ccc(Oc2ccccc2)cc1,0.6438836066809098,29
CCNc1nc(=O)nc(NC(C)C)[nH]1,M02230,197.24200000000002,0.4169999999999994,82.69999999999999,3.0,5.0,4.0,O=c1nc[nH]cn1,0.8176983027273006,7
CC(C)Nc1nc(=O)nc(N)[nH]1,M02231,169.18800000000002,-0.43260000000000026,96.69,3.0,5.0,2.0,O=c1nc[nH]cn1,0.8176983027273006,7
Cc1c(Cl)cccc1Nc1ccccc1C(=O)O,M02232,261.70799999999997,4.090220000000002,49.33,2.0,2.0,3.0,c1ccc(Nc2ccccc2)cc1,0.7643784743661259,11
CC(C)N(C(=O)SCC(Cl)=C(Cl)Cl)C(C)C,M02233,304.6700000000001,4.843900000000003,20.310000000000002,0.0,2.0,4.0,,0.0,0
CCC(C)Nc1nc(N)nc(Cl)n1,M02234,201.661,1.3175999999999999,76.72,2.0,5.0,3.0,c1ncncn1,0.6028054368020348,40
CCNc1nc(O)nc(NC(C)(C)C)n1,M02235,211.26899999999998,1.2193999999999998,82.96000000000001,3.0,6.0,3.0,c1ncncn1,0.6028054368020348,40
FC(F)C(F)(F)OCC(Cn1cncn1)c1ccc(Cl)cc1Cl,M02236,372.1490000000001,4.2432000000000025,39.94,0.0,4.0,7.0,c1ccc(CCn2cncn2)cc1,0.8352580650673657,6
Cc1c(C(C)C)c(=O)n(-c2ccccc2)n1C,M02237,230.31100000000004,2.607820000000001,26.93,0.0,3.0,2.0,O=c1cc[nH]n1-c1ccccc1,0.7758207207981391,10
CC1OC(C)OC(C)OC(C)O1,M02238,176.212,1.4504,36.92,0.0,4.0,0.0,C1OCOCOCO1,1.0,1
C=CCc1ccccc1OCC(O)CNC(C)C,M02239,249.35399999999996,2.1528,41.49,2.0,3.0,8.0,c1ccccc1,0.21161295934610674,802
CNC(=O)Oc1cccc2c1OC(C)(C)C2O,M02240,237.25499999999997,1.6092,67.79,2.0,4.0,1.0,c1ccc2c(c1)CCO2,0.8352580650673657,6
CCOCn1c(-c2ccc(Cl)cc2)c(C#N)c(Br)c1C(F)(F)F,M02241,407.617,5.455480000000002,37.95,0.0,3.0,4.0,c1ccc(-c2ccc[nH]2)cc1,1.0,1
Nc1nc(N)nc(NC2CC2)n1,M02242,166.188,-0.3897000000000006,102.74,3.0,6.0,2.0,c1ncnc(NC2CC2)n1,0.9088491513636503,3
CCS(=O)(=O)CCSP(=O)(OC)OC,M02243,262.289,1.5552000000000001,69.67,0.0,6.0,7.0,,0.0,0
c1ccc(Nc2ccccc2)cc1,M02244,169.227,3.430200000000001,12.03,1.0,1.0,2.0,c1ccc(Nc2ccccc2)cc1,0.7643784743661259,11
CCOP(=S)(OCC)SCCS(=O)(=O)CC,M02245,306.41100000000006,2.4518000000000004,52.6,0.0,6.0,9.0,,0.0,0
CCOP(=S)(OCC)SCCS(=O)CC,M02246,290.41200000000003,2.785700000000001,35.53,0.0,5.0,9.0,,0.0,0
CCOP(=S)(OCC)N1C(=O)c2ccccc2C1=O,M02247,299.28800000000007,2.5801000000000007,55.84,0.0,5.0,5.0,O=C1NC(=O)c2ccccc21,0.8795051323147839,4
COP(=O)(OC)OC1=C(Cl)C2C=CCC12,M02248,250.618,3.060200000000002,44.760000000000005,0.0,4.0,4.0,C1=CC2C=CC2C1,0.9466801716388252,2
Cc1ccccc1C(=O)Nc1cccc(OC(C)C)c1,M02249,269.344,4.034520000000002,38.33,1.0,2.0,4.0,O=C(Nc1ccccc1)c1ccccc1,0.744107216431016,13
CCSCCSP(=O)(OC)OC,M02250,230.29099999999997,2.8736000000000015,35.53,0.0,5.0,7.0,,0.0,0
CNC(=O)Oc1cc(C)c(S(C)(=O)=O)c(C)c1,M02251,257.311,1.42514,72.47,1.0,4.0,2.0,c1ccccc1,0.21161295934610674,802
OC(c1ccc(F)cc1)(c1cncnc1)c1ccccc1Cl,M02252,314.74700000000007,3.553300000000002,46.010000000000005,1.0,3.0,3.0,c1ccc(C(c2ccccc2)c2cncnc2)cc1,0.9466801716388252,2
CCCCOCCOCCOCc1cc2c(cc1CCC)OCO2,M02253,338.44400000000013,3.7177000000000024,46.150000000000006,0.0,5.0,13.0,c1ccc2c(c1)OCO2,0.7265474540909509,15
CCOP(=S)(OCC)Oc1cc(C)nc(N(CC)CC)n1,M02254,333.3940000000001,3.307520000000002,56.71,0.0,7.0,9.0,c1cncnc1,0.7185751418868361,16
CCOC(=O)c1cn2nc(OP(=S)(OCC)OCC)cc2nc1C,M02255,373.37100000000015,2.890720000000001,84.18,0.0,9.0,8.0,c1cnc2ccnn2c1,1.0,1
CCOP(=S)(OCC)Oc1ccc(=O)n(-c2ccccc2)n1,M02256,340.341,2.908800000000001,62.580000000000005,0.0,7.0,7.0,O=c1cccnn1-c1ccccc1,0.8795051323147839,4
CCC(C)(C)C(=O)OC1=C(c2ccc(Cl)cc2Cl)C(=O)OC12CCCCC2,M02257,411.3250000000003,5.943600000000005,52.60000000000001,0.0,4.0,4.0,O=C1OC2(C=C1c1ccccc1)CCCCC2,0.9466801716388252,2
COP(=S)(OC)Oc1ccc(S(C)=O)c(C)c1,M02258,294.334,2.628520000000001,44.760000000000005,0.0,5.0,5.0,c1ccccc1,0.21161295934610674,802
O=P(Oc1ccccc1)(Oc1ccccc1)Oc1ccccc1,M02259,326.288,5.331500000000003,44.760000000000005,0.0,4.0,6.0,O=P(Oc1ccccc1)(Oc1ccccc1)Oc1ccccc1,0.8352580650673657,6
CNc1nc(NC(C)C)nc(SC)n1,M02260,213.30999999999997,1.4555,62.730000000000004,2.0,6.0,4.0,c1ncncn1,0.6028054368020348,40
CCS(=O)CCSP(=O)(OC)OC,M02261,246.28999999999996,1.8890999999999998,52.60000000000001,0.0,5.0,7.0,,0.0,0
O=c1ccc2ccccc2o1,M02262,146.14499999999998,1.793,30.21,0.0,2.0,0.0,O=c1ccc2ccccc2o1,0.7265474540909509,15
Nc1ccccc1Cl,M02263,127.574,1.9222,26.02,1.0,1.0,0.0,c1ccccc1,0.21161295934610674,802
Nc1c(Cl)cnn(-c2ccccc2)c1=O,M02264,221.64700000000002,1.4681,60.91,1.0,4.0,1.0,O=c1cccnn1-c1ccccc1,0.8795051323147839,4
CCOP(=S)(NC(C)C)Oc1ccccc1C(=O)OC(C)C,M02265,345.4010000000002,3.8896000000000033,56.790000000000006,1.0,5.0,8.0,c1ccccc1,0.21161295934610674,802
O=CNC(N1CCN(C(NC=O)C(Cl)(Cl)Cl)CC1)C(Cl)(Cl)Cl,M02266,434.9660000000001,1.488600000000001,64.68,2.0,4.0,6.0,C1CNCCN1,0.8352580650673657,6
Cc1cccc2[nH]nnc12,M02267,133.15400000000002,1.26632,41.57,1.0,2.0,0.0,c1ccc2[nH]nnc2c1,0.7758207207981391,10
c1ccc2[nH]nnc2c1,M02268,119.127,0.9578999999999998,41.57,1.0,2.0,0.0,c1ccc2[nH]nnc2c1,0.7758207207981391,10
Nc1nc2ccccc2s1,M02269,150.20599999999996,1.8784999999999998,38.91,1.0,3.0,0.0,c1ccc2scnc2c1,0.7185751418868361,16
Cc1cc2nn[nH]c2cc1C,M02270,147.181,1.5747399999999998,41.57,1.0,2.0,0.0,c1ccc2[nH]nnc2c1,0.7758207207981391,10
O=C(O)c1ccc2ncsc2c1,M02271,179.2,1.9945,50.19,1.0,3.0,1.0,c1ccc2scnc2c1,0.7185751418868361,16
Cc1cnc2c(C(=O)O)c(Cl)ccc2c1O,M02272,237.642,2.60042,70.42,2.0,3.0,1.0,c1ccc2ncccc2c1,0.6846698721617894,21
COc1ncnc(NS(=O)(=O)c2ccc(N)cc2)c1OC,M02273,310.33500000000004,0.8768,116.43,2.0,7.0,5.0,O=S(=O)(Nc1ccncn1)c1ccccc1,0.8795051323147839,4
Nc1nc(N)nc(N)n1,M02274,126.12300000000002,-1.3818000000000001,116.72999999999999,3.0,6.0,0.0,c1ncncn1,0.6028054368020348,40
Nc1nc(=O)[nH]c(=O)[nH]1,M02275,128.09099999999998,-1.9596000000000005,104.63,3.0,4.0,0.0,O=c1nc[nH]c(=O)[nH]1,0.9466801716388252,2
CCCOc1nn(C(=O)NS(=O)(=O)c2ccccc2C(=O)OC)c(=O)n1C,M02276,398.3970000000002,0.10380000000000056,138.59,1.0,10.0,6.0,O=C(NS(=O)(=O)c1ccccc1)n1nc[nH]c1=O,1.0,1
COC(=O)c1ccc(C(F)(F)F)nc1S(=O)(=O)NC(=O)Nc1nc(OC)cc(OC)n1,M02277,465.36600000000016,1.2046,158.7,2.0,10.0,6.0,O=C(Nc1ncccn1)NS(=O)(=O)c1ccccn1,0.8555293230024756,5
CSc1nc2ccccc2s1,M02278,181.285,3.018200000000001,12.89,0.0,3.0,1.0,c1ccc2scnc2c1,0.7185751418868361,16
O=c1[nH]c2ccccc2s1,M02279,151.18999999999997,1.5896,32.86,1.0,2.0,0.0,O=c1[nH]c2ccccc2s1,0.9466801716388252,2
S=c1[nH]c2ccccc2s1,M02280,167.25799999999998,2.9588900000000002,15.79,1.0,2.0,0.0,S=c1[nH]c2ccccc2s1,1.0,1
N#CSCSc1nc2ccccc2s1,M02281,238.36200000000002,3.560180000000001,36.68,0.0,5.0,3.0,c1ccc2scnc2c1,0.7185751418868361,16
COc1cc(OC)nc(NC(=O)NS(=O)(=O)c2c(NC=O)cccc2C(=O)N(C)C)n1,M02282,452.4490000000002,0.27430000000000065,168.92000000000002,3.0,9.0,8.0,O=C(Nc1ncccn1)NS(=O)(=O)c1ccccc1,0.8352580650673657,6
CN=C(NCc1cnc(Cl)s1)N[N+](=O)[O-],M02283,249.68300000000002,0.6531999999999998,92.45,2.0,5.0,3.0,c1cscn1,0.8352580650673657,6
COc1nc(N)nc(C(F)(F)F)n1,M02284,194.11599999999999,0.4811999999999999,73.92,1.0,5.0,1.0,c1ncncn1,0.6028054368020348,40
CCCCCCCCCc1ccc(OCCOCCO)cc1,M02285,308.462,4.367400000000004,38.69,1.0,3.0,14.0,c1ccccc1,0.21161295934610674,802
COC(=O)c1ccccc1C(=O)OC,M02286,194.18599999999995,1.2597999999999998,52.60000000000001,0.0,4.0,2.0,c1ccccc1,0.21161295934610674,802
CCOC(=O)c1ccccc1C(=O)OCC,M02287,222.23999999999995,2.04,52.60000000000001,0.0,4.0,4.0,c1ccccc1,0.21161295934610674,802
CC(C)COC(=O)c1ccccc1C(=O)OCC(C)C,M02288,278.348,3.3122000000000025,52.60000000000001,0.0,4.0,6.0,c1ccccc1,0.21161295934610674,802
CCCCOC(=O)c1ccccc1C(=O)OCc1ccccc1,M02289,312.36499999999995,4.000500000000003,52.60000000000001,0.0,4.0,7.0,O=C(OCc1ccccc1)c1ccccc1,0.9466801716388252,2
O=C(OC1CCCCC1)c1ccccc1C(=O)OC1CCCCC1,M02290,330.4240000000002,4.665600000000004,52.60000000000001,0.0,4.0,4.0,O=C(OC1CCCCC1)c1ccccc1C(=O)OC1CCCCC1,1.0,1
N=C(NC(N)=O)NC(=O)NS(=O)(=O)c1ccccc1C(F)(F)F,M02291,353.28200000000004,0.2963700000000006,154.23999999999998,5.0,5.0,2.0,c1ccccc1,0.21161295934610674,802
Cc1cccc(C)c1N(Cn1cccn1)C(=O)CS(C)=O,M02292,305.403,1.86914,55.2,0.0,4.0,5.0,c1ccc(NCn2cccn2)cc1,0.8176983027273006,7
COCC(=O)N(c1c(C)cccc1C(=O)O)C(C)C(=O)O,M02293,295.29100000000005,1.1457200000000005,104.14,2.0,4.0,6.0,c1ccccc1,0.21161295934610674,802
Cc1cccc(C(=O)O)c1N(Cn1cccn1)C(=O)C(=O)O,M02294,303.27400000000006,0.96502,112.73,2.0,5.0,4.0,c1ccc(NCn2cccn2)cc1,0.8176983027273006,7
Cc1cccc(C)c1N(Cn1cccn1)C(=O)CS(=O)CC(=O)O,M02295,349.4120000000001,1.32394,92.50000000000001,1.0,5.0,7.0,c1ccc(NCn2cccn2)cc1,0.8176983027273006,7
O=C(O)c1cnc2c(C(=O)O)c(Cl)ccc2c1,M02296,251.625,2.2846,87.49,2.0,3.0,2.0,c1ccc2ncccc2c1,0.6846698721617894,21
CC(C)(C)NCC(O)c1cc(Cl)c(N)c(Cl)c1,M02297,277.195,2.9971000000000005,58.28,3.0,3.0,3.0,c1ccccc1,0.21161295934610674,802
O=C(NCC1CCCCN1)c1cc(OCC(F)(F)F)ccc1OCC(F)(F)F,M02298,414.34600000000006,3.4407000000000014,59.59,2.0,4.0,7.0,O=C(NCC1CCCCN1)c1ccccc1,1.0,1
COCC(C)N(C(=O)CS(=O)CC(=O)O)c1c(C)csc1C,M02299,347.4580000000001,1.5661399999999999,83.91,1.0,5.0,8.0,c1ccsc1,0.802209494641301,8
CC(C)CC(C)(O)C#CC(C)(O)CC(C)C,M02300,226.35999999999996,2.5840000000000005,40.46,2.0,2.0,4.0,,0.0,0
Cc1ccc2[nH]nnc2c1,M02301,133.15400000000002,1.26632,41.57,1.0,2.0,0.0,c1ccc2[nH]nnc2c1,0.7758207207981391,10
Nc1nc(N)c2nc(-c3ccccc3)c(N)nc2n1,M02302,253.26900000000003,0.8334000000000001,129.62,3.0,7.0,1.0,c1ccc(-c2cnc3ncncc3n2)cc1,1.0,1
CCc1cccc(C)c1NC(=O)CS(=O)(=O)O,M02303,257.3109999999999,1.3837199999999998,83.47,2.0,3.0,4.0,c1ccccc1,0.21161295934610674,802
Cc1cccc(C)c1N(CCSCC(O)C(=O)O)C(=O)CO,M02304,327.40200000000004,0.8074399999999997,98.07000000000001,3.0,5.0,8.0,c1ccccc1,0.21161295934610674,802
CN=C(O)c1c(I)c(N=C(C)O)c(I)c(C(=O)O)c1I,M02305,613.9150000000002,3.7409000000000017,102.48,3.0,3.0,3.0,c1ccccc1,0.21161295934610674,802
CCCOC(=O)c1ccccc1C(=O)OCCC,M02306,250.29399999999993,2.8202000000000016,52.60000000000001,0.0,4.0,6.0,c1ccccc1,0.21161295934610674,802
CCCCCCCCOC(=O)c1ccccc1C(=O)OCCCCCCCC,M02307,390.56400000000036,6.721200000000008,52.60000000000001,0.0,4.0,16.0,c1ccccc1,0.21161295934610674,802
Cc1cccc(C)c1N(CC(=O)O)C(=O)C(=O)O,M02308,251.23799999999997,0.8056400000000001,94.91000000000001,2.0,3.0,3.0,c1ccccc1,0.21161295934610674,802
CCc1cccc(C)c1N(C(=O)C(=O)O)C(C)C(=O)O,M02309,279.292,1.4481199999999999,94.91000000000001,2.0,3.0,4.0,c1ccccc1,0.21161295934610674,802
CC1(C)CC(=O)CC(C)(C)N1,M02310,155.241,1.4961,29.1,1.0,2.0,0.0,O=C1CCNCC1,1.0,1
Cc1c(C(=O)O)ccc(S(C)(=O)=O)c1C1=NOCC1,M02311,283.305,1.22112,93.03,1.0,5.0,3.0,c1ccc(C2=NOCC2)cc1,1.0,1
CC(CCl)OP(=O)(OC(C)CCl)OC(C)CCl,M02312,327.572,4.026200000000004,44.760000000000005,0.0,4.0,9.0,,0.0,0
O=P(OCCCl)(OCCCl)OCCCl,M02313,285.491,2.8607000000000014,44.760000000000005,0.0,4.0,9.0,,0.0,0
CC(=O)Oc1ccccc1C(=O)O,M02314,180.15899999999996,1.3101,63.60000000000001,1.0,3.0,2.0,c1ccccc1,0.21161295934610674,802
CC(=O)CCCCn1c(=O)c2c(ncn2C)n(C)c1=O,M02315,278.31200000000007,0.19300000000000006,78.89,0.0,7.0,5.0,O=c1[nH]c(=O)c2[nH]cnc2[nH]1,0.7110586460049512,17
CC(C)NCC(O)COc1ccc(CCOCC2CC2)cc1,M02316,307.434,2.3933999999999997,50.72,2.0,4.0,11.0,c1ccc(CCOCC2CC2)cc1,1.0,1
CC(C)NCC(O)COc1cccc2[nH]ccc12,M02317,248.32600000000002,1.9055999999999995,57.279999999999994,3.0,3.0,6.0,c1ccc2[nH]ccc2c1,0.5442457568182516,63
CC(C)(Oc1ccc(Cl)cc1)C(=O)OCCOC(=O)c1cccnc1,M02318,363.7970000000001,3.292600000000001,74.72,0.0,6.0,7.0,O=C(COc1ccccc1)OCCOC(=O)c1cccnc1,1.0,1
O=c1oc2cc(O)ccc2c2oc3cc(O)ccc3c12,M02319,268.224,3.1036,83.81,2.0,5.0,0.0,O=c1oc2ccccc2c2oc3ccccc3c12,1.0,1
O=c1nc2[nH][nH]cc-2c(=O)[nH]1,M02320,152.113,-1.1089000000000002,94.4,3.0,3.0,0.0,O=c1nc2[nH][nH]cc-2c(=O)[nH]1,1.0,1
O=C(O)c1ccc2[nH]nnc2c1,M02321,163.136,0.6560999999999999,78.86999999999999,2.0,3.0,1.0,c1ccc2[nH]nnc2c1,0.7758207207981391,10
CCc1cccc(C)c1NC(C)C(=O)O,M02322,207.27299999999997,2.4424200000000003,49.33,2.0,2.0,4.0,c1ccccc1,0.21161295934610674,802
CCc1cccc(C)c1NC(=O)CO,M02323,193.24599999999995,1.4882199999999997,49.33,2.0,2.0,3.0,c1ccccc1,0.21161295934610674,802
CCOCCN(C(=O)CS(=O)(=O)O)C(=C(C)C)c1ccccc1,M02324,341.42900000000003,2.1904000000000003,83.91,1.0,4.0,8.0,c1ccccc1,0.21161295934610674,802
CCC(C(N)=O)(C(N)=O)c1ccccc1,M02325,206.24500000000003,0.3050000000000002,86.18,2.0,2.0,4.0,c1ccccc1,0.21161295934610674,802
NC(N)=Nc1nc(CSCCC(N)=NS(N)(=O)=O)cs1,M02326,337.456,-0.7679999999999998,175.82999999999998,4.0,6.0,7.0,c1cscn1,0.8352580650673657,6
O=P(OC(CCl)CCl)(OC(CCl)CCl)OC(CCl)CCl,M02327,430.90700000000004,4.682900000000004,44.760000000000005,0.0,4.0,12.0,,0.0,0
Cn1c([N+](=O)[O-])cnc1COC(N)=O,M02328,200.15399999999997,-0.07640000000000013,113.28,1.0,6.0,3.0,c1c[nH]cn1,0.6438836066809098,29
Cc1ccnc(NS(=O)(=O)c2ccc(N)cc2)n1,M02329,264.31,1.16802,97.97,2.0,5.0,3.0,O=S(=O)(Nc1ncccn1)c1ccccc1,0.8176983027273006,7
COc1ncc(F)c2nc(S(=O)(=O)Nc3c(F)cccc3F)nn12,M02330,359.28900000000004,1.3509999999999995,98.48,1.0,7.0,4.0,O=S(=O)(Nc1ccccc1)c1nc2ccncn2n1,1.0,1
CN(C)C(=N)NC(=N)N,M02331,129.167,-1.034159999999999,88.99000000000001,4.0,2.0,0.0,,0.0,0
NC12CC3CC(CC(C3)C1)C2,M02332,151.253,1.9139,26.02,1.0,1.0,0.0,C1C2CC3CC1CC(C2)C3,0.8555293230024756,5
CCCCNS(=O)(=O)c1ccccc1,M02333,213.302,1.7650000000000003,46.17,1.0,2.0,5.0,c1ccccc1,0.21161295934610674,802
Nc1cccc2ccccc12,M02334,143.189,2.4220000000000006,26.02,1.0,1.0,0.0,c1ccc2ccccc2c1,0.6846698721617894,21
CN(C)c1ccccc1,M02335,121.18299999999995,1.7526,3.24,0.0,1.0,1.0,c1ccccc1,0.21161295934610674,802
Nc1ccc(S(=O)(=O)c2ccc(N)cc2)cc1,M02336,248.30700000000002,1.6838000000000002,86.18,2.0,4.0,2.0,O=S(=O)(c1ccccc1)c1ccccc1,0.8795051323147839,4
COC(=O)NC(=S)Nc1ccccc1NC(=S)NC(=O)OC,M02337,342.4020000000001,1.7921999999999998,100.72000000000001,4.0,6.0,2.0,c1ccccc1,0.21161295934610674,802
NC12CC3CC(C1)CC(O)(C3)C2,M02338,167.25199999999998,1.0287999999999997,46.25,2.0,2.0,0.0,C1C2CC3CC1CC(C2)C3,0.8555293230024756,5
COCN(COC)c1nc(N(COC)COC)nc(N(COC)COC)n1,M02339,390.44100000000014,-0.08579999999999721,103.77000000000001,0.0,12.0,15.0,c1ncncn1,0.6028054368020348,40
Cn1c(=O)nc(NC(C)(C)C)[nH]c1=O,M02340,198.226,-0.32100000000000034,79.78,2.0,5.0,1.0,O=c1nc[nH]c(=O)[nH]1,0.9466801716388252,2
CC(C)(C)Nc1nc(O)nc(O)n1,M02341,184.19899999999998,0.4931999999999997,91.16000000000001,3.0,6.0,1.0,c1ncncn1,0.6028054368020348,40
Cc1nc2n(c(=O)c1CCN1CCC(c3noc4cc(F)ccc34)CC1)CCCC2,M02342,410.4930000000003,3.5904200000000026,64.16,0.0,6.0,4.0,O=c1c(CCN2CCC(c3noc4ccccc34)CC2)cnc2n1CCCC2,0.9466801716388252,2
CC12CC3CC(C)(C1)CC(N)(C3)C2,M02343,179.307,2.6941000000000006,26.02,1.0,1.0,0.0,C1C2CC3CC1CC(C2)C3,0.8555293230024756,5
COCCOC(=O)C1=C(C)NC(C)=C(C(=O)OC(C)C)C1c1cccc([N+](=O)[O-])c1,M02344,418.44600000000014,2.9708000000000014,117.0,1.0,8.0,8.0,C1=CC(c2ccccc2)C=CN1,0.8176983027273006,7
COc1cc2c(cc1OC)C(=O)C(CC1CCN(Cc3ccccc3)CC1)C2,M02345,379.50000000000017,4.361100000000004,38.77,0.0,4.0,6.0,O=C1c2ccccc2CC1CC1CCN(Cc2ccccc2)CC1,1.0,1
NC(=O)CN1CCCC1=O,M02346,142.158,-0.9059000000000004,63.400000000000006,1.0,2.0,2.0,O=C1CCCN1,0.8176983027273006,7
Nc1nc(=O)c2ncn(COCCO)c2[nH]1,M02347,225.20799999999997,-1.3318000000000003,119.05000000000001,3.0,7.0,4.0,O=c1nc[nH]c2[nH]cnc12,0.9466801716388252,2
COCCOCCOCCOC,M02348,178.22799999999998,0.3124,36.92,0.0,4.0,9.0,,0.0,0
CC(C)c1ccc(O)c(-c2cc(C(C)C)ccc2O)c1,M02349,270.37199999999996,5.011600000000004,40.46,2.0,2.0,3.0,c1ccc(-c2ccccc2)cc1,0.7758207207981391,10
COc1cc(OC)c(C(=O)CCCN2CCCC2)c(OC)c1,M02350,307.39,2.7711000000000015,48.0,0.0,5.0,8.0,O=C(CCCN1CCCC1)c1ccccc1,1.0,1
Nc1ccc(S(N)(=O)=O)cc1,M02351,172.20900000000003,-0.08380000000000004,86.18,2.0,3.0,1.0,c1ccccc1,0.21161295934610674,802
CC1CC(OC(=O)C(O)c2ccccc2)CC(C)(C)C1,M02352,276.37600000000003,3.4780000000000024,46.53,1.0,3.0,3.0,O=C(Cc1ccccc1)OC1CCCCC1,1.0,1
CN=C(NC#N)NCCSCc1nc[nH]c1C,M02353,252.347,0.5973999999999997,88.88999999999999,3.0,4.0,5.0,c1c[nH]cn1,0.6438836066809098,29
Nc1ccc2cc3ccccc3cc2c1,M02354,193.249,3.5752000000000015,26.02,1.0,1.0,0.0,c1ccc2cc3ccccc3cc2c1,1.0,1
CCN1CCCC1CNC(=O)c1cc(S(N)(=O)=O)ccc1OC,M02355,341.4330000000001,0.5567000000000012,101.73,2.0,5.0,6.0,O=C(NCC1CCCN1)c1ccccc1,0.8795051323147839,4
NC(=O)N=C(N)N,M02356,102.09700000000002,-1.6615000000000002,107.49,3.0,1.0,0.0,,0.0,0
c1ccc2[nH]cnc2c1,M02357,118.13899999999998,1.5629,28.68,1.0,1.0,0.0,c1ccc2[nH]cnc2c1,0.7758207207981391,10
CC(Cc1ccc(C(C)C(=O)O)cc1)C(=O)O,M02358,236.26699999999997,2.1378999999999997,74.6,2.0,2.0,5.0,c1ccccc1,0.21161295934610674,802
CC(C(=O)O)c1ccc(C(O)C(C)C)cc1,M02359,222.284,2.5641000000000007,57.53,2.0,2.0,4.0,c1ccccc1,0.21161295934610674,802
O=C(O)Cc1ccccc1Nc1c(Cl)cc(O)cc1Cl,M02360,312.15200000000004,4.069700000000001,69.56,3.0,3.0,4.0,c1ccc(Nc2ccccc2)cc1,0.7643784743661259,11
Oc1cccc2[nH]nnc12,M02361,135.126,0.6634999999999999,61.8,2.0,3.0,0.0,c1ccc2[nH]nnc2c1,0.7758207207981391,10
Cc1cc(NS(=O)(=O)c2ccc([N+](=O)[O-])cc2)no1,M02362,283.26500000000004,1.6920199999999999,115.34,1.0,6.0,4.0,O=S(=O)(Nc1ccon1)c1ccccc1,0.8795051323147839,4
O=C(O)c1ccc(-c2ccccc2-c2nn[nH]n2)cc1,M02363,266.26,2.2318999999999996,91.76,2.0,4.0,3.0,c1ccc(-c2ccccc2-c2nn[nH]n2)cc1,0.9466801716388252,2
CN1C(=O)C(O)N=C(c2ccccc2)c2cc(Cl)ccc21,M02364,300.74500000000006,2.4722,52.900000000000006,1.0,3.0,1.0,O=C1CN=C(c2ccccc2)c2ccccc2N1,0.6627017793637848,25
CCCCc1nc(Cl)c(CO)n1Cc1ccc(-c2ccccc2-c2nn[nH]n2)cc1,M02365,422.9200000000001,4.2668000000000035,92.51,2.0,6.0,8.0,c1ccc(-c2nn[nH]n2)c(-c2ccc(Cn3ccnc3)cc2)c1,0.9466801716388252,2
CCOc1nc2cccc(C(=O)O)c2n1Cc1ccc(-c2ccccc2-c2noc(=O)[nH]2)cc1,M02366,456.45800000000014,4.1918000000000015,123.23999999999998,2.0,7.0,7.0,O=c1[nH]c(-c2ccccc2-c2ccc(Cn3cnc4ccccc43)cc2)no1,1.0,1
CCCc1nc(C(C)(C)O)c(C(=O)O)n1Cc1ccc(-c2ccccc2-c2nnn[nH]2)cc1,M02367,446.5110000000001,3.656600000000002,129.81,3.0,7.0,8.0,c1ccc(-c2nnn[nH]2)c(-c2ccc(Cn3ccnc3)cc2)c1,1.0,1
CC[N+]1([O-])CCCC1CNC(=O)c1cc(S(N)(=O)=O)ccc1OC,M02368,357.43200000000013,0.5693000000000011,121.55,2.0,5.0,6.0,O=C(NCC1CCC[NH2+]1)c1ccccc1,0.9466801716388252,2
CN(C)NC(=O)CCC(=O)O,M02369,160.173,-0.556,69.64,2.0,3.0,4.0,,0.0,0
C1CCC(NC2CCCCC2)CC1,M02370,181.32299999999995,3.2414000000000023,12.03,1.0,1.0,2.0,C1CCC(NC2CCCCC2)CC1,0.9466801716388252,2
O=CN1CCCCC1,M02371,113.16000000000001,0.6286999999999999,20.310000000000002,0.0,1.0,1.0,C1CCNCC1,0.7265474540909509,15
CC(C(=O)O)c1ccc(CC(C)(C)O)cc1,M02372,222.28399999999996,2.1881000000000004,57.53,2.0,2.0,4.0,c1ccccc1,0.21161295934610674,802
On1nnc2ccccc21,M02373,135.12599999999998,0.6685999999999999,50.94,1.0,4.0,0.0,c1ccc2[nH]nnc2c1,0.7758207207981391,10
CC[N+]1([O-])CCCC1CNC(=O)c1cc(S(=O)(=O)CC)c(N)cc1OC,M02374,385.4860000000002,1.2977000000000005,121.54999999999998,2.0,6.0,7.0,O=C(NCC1CCC[NH2+]1)c1ccccc1,0.9466801716388252,2
Clc1ccc(COC(Cn2ccnc2)c2ccc(Cl)cc2Cl)c(Cl)c1,M02375,416.1350000000001,6.454800000000002,27.05,0.0,3.0,6.0,c1ccc(COC(Cn2ccnc2)c2ccccc2)cc1,0.9466801716388252,2
Nc1nc(N)[n+]([O-])nc1-c1cccc(Cl)c1Cl,M02376,272.095,1.2482,104.75999999999999,2.0,5.0,1.0,c1ccc(-c2cnc[nH+]n2)cc1,1.0,1
Cn1cc(C(=O)Nc2ccccc2-c2cc(F)c(F)c(F)c2)c(C(F)F)n1,M02377,381.30400000000003,4.694300000000002,46.92,1.0,3.0,4.0,O=C(Nc1ccccc1-c1ccccc1)c1cn[nH]c1,0.9466801716388252,2
CNC(=O)Oc1cccc(C)c1,M02378,165.19199999999998,1.71322,38.33,1.0,2.0,1.0,c1ccccc1,0.21161295934610674,802
COc1ccc(Oc2ccc(NC(=O)N(C)C)cc2)cc1,M02379,286.331,3.581000000000002,50.800000000000004,1.0,3.0,4.0,c1ccc(Oc2ccccc2)cc1,0.6438836066809098,29
Oc1ccc2ncccc2c1,M02380,145.161,1.9403999999999997,33.120000000000005,1.0,2.0,0.0,c1ccc2ncccc2c1,0.6846698721617894,21
CNc1cnn(-c2cccc(C(F)(F)F)c2)c(=O)c1Cl,M02381,303.67100000000005,2.9464000000000006,46.92,1.0,4.0,2.0,O=c1cccnn1-c1ccccc1,0.8795051323147839,4
CCOP(=O)(NC(C)C)Oc1ccc(S(C)(=O)=O)c(C)c1,M02382,335.3620000000001,2.919920000000001,81.69999999999999,1.0,5.0,7.0,c1ccccc1,0.21161295934610674,802
Cc1ccc(N)c(Cl)c1,M02383,141.60100000000003,2.23062,26.02,1.0,1.0,0.0,c1ccccc1,0.21161295934610674,802
CCCC(C)(C)C(=O)Nc1ccc(Cl)cc1,M02384,239.746,4.104800000000003,29.1,1.0,1.0,4.0,c1ccccc1,0.21161295934610674,802
CCOP(=O)(OCC)OCC,M02385,182.15599999999998,2.2039999999999997,44.760000000000005,0.0,4.0,6.0,,0.0,0
CCOP(=O)(N=C1SCC(C)S1)OCC,M02386,269.328,3.392000000000002,47.89,0.0,5.0,5.0,N=C1SCCS1,1.0,1
CCNc1ccccc1,M02387,121.18299999999995,2.1184,12.03,1.0,1.0,2.0,c1ccccc1,0.21161295934610674,802
CCOP(=S)(OCC)OCC,M02388,198.22399999999996,2.3204000000000002,27.69,0.0,4.0,6.0,,0.0,0
Cc1ccc2ccccc2n1,M02389,143.189,2.5432200000000007,12.89,0.0,1.0,0.0,c1ccc2ncccc2c1,0.6846698721617894,21
Cc1cccnc1C,M02390,107.156,1.69844,12.89,0.0,1.0,0.0,c1ccncc1,0.5996365394334917,41
CS(=O)(=O)c1ccccc1,M02391,156.20600000000002,1.0901,34.14,0.0,2.0,1.0,c1ccccc1,0.21161295934610674,802
CC(C)(C(=O)c1cccnc1)c1cccnc1,M02392,226.279,2.637100000000001,42.85,0.0,3.0,3.0,O=C(Cc1cccnc1)c1cccnc1,1.0,1
Cc1cccc(Cl)c1NC(=O)N(C)C,M02393,212.68,2.7419200000000012,32.34,1.0,1.0,1.0,c1ccccc1,0.21161295934610674,802
COc1ccccc1N=C=O,M02394,149.14899999999997,1.6624999999999999,38.66,0.0,3.0,2.0,c1ccccc1,0.21161295934610674,802
CN(C)C(=O)N(C)C,M02395,116.16399999999999,0.22960000000000003,23.550000000000004,0.0,1.0,0.0,,0.0,0
Cc1ccccc1N=C=O,M02396,133.15,1.96232,29.43,0.0,2.0,1.0,c1ccccc1,0.21161295934610674,802
O=C(Nc1ccccc1)Nc1ccccc1Cl,M02397,246.69699999999997,3.9840000000000018,41.13,2.0,1.0,2.0,O=C(Nc1ccccc1)Nc1ccccc1,0.9088491513636503,3
CC(=O)Nc1cc(Cl)ccc1C,M02398,183.63799999999998,2.606820000000001,29.1,1.0,1.0,1.0,c1ccccc1,0.21161295934610674,802
CN(C)P(=O)(OP(=O)(N(C)C)N(C)C)N(C)C,M02399,286.25300000000004,1.4655999999999998,56.330000000000005,0.0,3.0,6.0,,0.0,0
CN1CCC(=C2c3ccccc3CC(=O)c3sccc32)CC1,M02400,309.4340000000001,4.014400000000004,20.310000000000002,0.0,3.0,0.0,O=C1Cc2ccccc2C(=C2CCNCC2)c2ccsc21,1.0,1
CCCCOC(=O)c1ccccc1C(=O)OCCCC,M02401,278.348,3.600400000000003,52.60000000000001,0.0,4.0,8.0,c1ccccc1,0.21161295934610674,802
O=P(c1ccccc1)(c1ccccc1)c1ccccc1,M02402,278.291,3.3260000000000014,17.07,0.0,1.0,3.0,O=P(c1ccccc1)(c1ccccc1)c1ccccc1,1.0,1
CCN(CC)CCOC(=O)C(Cc1cccc2ccccc12)CC1CCCO1,M02403,383.5320000000002,4.452600000000004,38.769999999999996,0.0,4.0,10.0,c1ccc2c(CCCC3CCCO3)cccc2c1,1.0,1
CC(CO)Cc1ccc(C(C)C(=O)O)cc1,M02404,222.284,2.0456000000000003,57.53,2.0,2.0,5.0,c1ccccc1,0.21161295934610674,802
O=C(Nc1ccccc1)Nc1ccccc1,M02405,212.25199999999998,3.3306000000000013,41.13,2.0,1.0,2.0,O=C(Nc1ccccc1)Nc1ccccc1,0.9088491513636503,3
CNC(=O)Oc1cc(C)cc(C)c1,M02406,179.219,2.02164,38.33,1.0,2.0,1.0,c1ccccc1,0.21161295934610674,802
CNC(=O)Oc1cc(C)c(C)c(C)c1,M02407,193.24599999999998,2.3300600000000005,38.33,1.0,2.0,1.0,c1ccccc1,0.21161295934610674,802
Cc1c(N)cccc1Cl,M02408,141.60099999999997,2.23062,26.02,1.0,1.0,0.0,c1ccccc1,0.21161295934610674,802
Nc1cccc(C(F)(F)F)c1,M02409,161.126,2.2876000000000003,26.02,1.0,1.0,0.0,c1ccccc1,0.21161295934610674,802
CCOc1ccccc1C(N)=O,M02410,165.19199999999995,1.1842,52.32,1.0,2.0,3.0,c1ccccc1,0.21161295934610674,802
c1ccc(-n2cccc2)cc1,M02411,143.189,2.4773000000000005,4.93,0.0,1.0,1.0,c1ccc(-n2cccc2)cc1,1.0,1
CNS(=O)(=O)c1ccccc1,M02412,171.221,0.5947,46.17,1.0,2.0,2.0,c1ccccc1,0.21161295934610674,802
CCCCCCCCCC[N+](C)(C)CCCCCCCCCC,M02413,326.6330000000001,7.344200000000009,0.0,0.0,0.0,18.0,,0.0,0
CCOC(=O)C1=C(COCCN)NC(C)=C(C(=O)OC)C1c1ccccc1Cl,M02414,408.88200000000006,2.266300000000001,99.88000000000001,2.0,7.0,8.0,C1=CC(c2ccccc2)C=CN1,0.8176983027273006,7
CCN1CCN(c2cc3c(cc2F)c(=O)c(C(=O)O)cn3C2CC2)CC1,M02415,359.4010000000001,2.3156,65.78,1.0,5.0,4.0,O=c1ccn(C2CC2)c2cc(N3CCNCC3)ccc12,0.9466801716388252,2
CN1CCN(c2c(F)cc3c(=O)c(C(=O)O)cn4c3c2OCN4C)CC1,M02416,362.3610000000002,0.5083000000000002,78.25,1.0,7.0,2.0,O=c1ccn2c3c(c(N4CCNCC4)ccc13)OCN2,1.0,1
COc1ccc(NS(=O)(=O)c2ccc(N)cc2)nn1,M02417,280.30899999999997,0.8681999999999999,107.2,2.0,6.0,4.0,O=S(=O)(Nc1cccnn1)c1ccccc1,0.9088491513636503,3
CCOc1ccc(NS(=O)(=O)c2ccc(N)cc2)nn1,M02418,294.33599999999996,1.2582999999999998,107.2,2.0,6.0,5.0,O=S(=O)(Nc1cccnn1)c1ccccc1,0.9088491513636503,3
Nc1ccc(S(=O)(=O)N=c2cnc3ccccc3[nH]2)cc1,M02419,300.343,1.4346999999999999,101.20000000000002,2.0,4.0,2.0,O=S(=O)(N=c1cnc2ccccc2[nH]1)c1ccccc1,1.0,1
COc1cc(OC)n2nc(NS(=O)(=O)c3c(C(F)(F)F)ccnc3OC)nc2n1,M02420,434.3560000000001,1.3646999999999998,129.83,1.0,10.0,6.0,O=S(=O)(Nc1nc2ncccn2n1)c1cccnc1,1.0,1
Nc1ccc(S(=O)(=O)Nc2ccc(Cl)nn2)cc1,M02421,284.728,1.513,97.97,2.0,5.0,3.0,O=S(=O)(Nc1cccnn1)c1ccccc1,0.9088491513636503,3
CC1COc2c(N3CCN(C)CC3)c(F)cc3c(=O)c(C(=O)O)cn1c23,M02422,361.37300000000005,1.5439999999999998,75.00999999999999,1.0,6.0,2.0,O=c1ccn2c3c(c(N4CCNCC4)ccc13)OCC2,1.0,1
Cn1cc(C(=O)Nc2ccc(F)cc2-c2ccc(Cl)c(Cl)c2)c(C(F)F)n1,M02423,414.21400000000006,5.722900000000003,46.92,1.0,3.0,4.0,O=C(Nc1ccccc1-c1ccccc1)c1cn[nH]c1,0.9466801716388252,2
[O-][n+]1nc(-n2ccnc2)nc2ccc(Cl)cc21,M02424,247.64499999999998,1.1022999999999992,70.53999999999999,0.0,5.0,1.0,c1ccc2[nH+]nc(-n3ccnc3)nc2c1,1.0,1
CS(=O)(=O)c1ccc(C(=O)C2C(=O)CCCC2=O)c(Cl)c1COCC(F)(F)F,M02425,440.82300000000015,2.9434000000000013,94.58,0.0,6.0,6.0,O=C1CCCC(=O)C1C(=O)c1ccccc1,0.9088491513636503,3
O=C1Cc2ccccc2CO1,M02426,148.16099999999994,1.2859,26.3,0.0,2.0,0.0,O=C1Cc2ccccc2CO1,1.0,1
O=c1oc2ccccc2c(O)c1C1CCCc2ccccc21,M02427,292.33399999999995,3.9668000000000028,50.44,1.0,3.0,1.0,O=c1oc2ccccc2cc1C1CCCc2ccccc21,1.0,1
CCCCN(CCC(=O)OCC)C(C)=O,M02428,215.29299999999995,1.5882,46.61,0.0,3.0,7.0,,0.0,0
Cn1sccc1=O,M02429,115.15699999999998,0.4468,22.0,0.0,3.0,0.0,O=c1ccs[nH]1,0.8795051323147839,4
OCCN(CCO)CCO,M02430,149.19,-1.734699999999999,63.93000000000001,3.0,4.0,6.0,,0.0,0
CC(=O)N(CCN(C(C)=O)C(C)=O)C(C)=O,M02431,228.248,-0.22360000000000002,74.76,0.0,4.0,3.0,,0.0,0
COC(=O)c1csc(C)c1S(=O)(=O)NC(=O)n1nc(OC)n(C)c1=O,M02432,390.39900000000017,-0.30647999999999986,138.59,1.0,11.0,4.0,O=C(NS(=O)(=O)c1ccsc1)n1nc[nH]c1=O,1.0,1
COc1ccccc1C(=O)NS(=O)(=O)c1ccc(C(=O)NC2CC2)cc1,M02433,374.4180000000001,1.7061,101.57,2.0,5.0,6.0,O=C(NC1CC1)c1ccc(S(=O)(=O)NC(=O)c2ccccc2)cc1,1.0,1
C1N2CN3CN1CN(C2)C3,M02434,140.19,-1.0197999999999992,12.96,0.0,4.0,0.0,C1N2CN3CN1CN(C2)C3,1.0,1
OCCN1CCOCC1,M02435,131.17499999999998,-0.6891000000000005,32.7,1.0,3.0,2.0,C1COCCN1,0.8795051323147839,4
NS(=O)(=O)c1ccc(-n2nc(C(F)(F)F)cc2-c2ccc(C(=O)O)cc2)cc1,M02436,411.3610000000001,2.9037000000000006,115.28000000000002,2.0,5.0,4.0,c1ccc(-c2ccnn2-c2ccccc2)cc1,0.9466801716388252,2
Nc1nc(N)nc(-c2ccccc2)n1,M02437,187.20600000000002,0.7030000000000001,90.71,2.0,5.0,1.0,c1ccc(-c2ncncn2)cc1,1.0,1
C=C(C)C(=O)NCCCN(C)C,M02438,170.25599999999997,0.6303999999999998,32.34,1.0,2.0,5.0,,0.0,0
Cc1nc(N)nc(N)n1,M02439,125.13500000000002,-0.6555800000000003,90.71,2.0,5.0,0.0,c1ncncn1,0.6028054368020348,40
Cc1ccc(-c2cc(C(F)(F)F)nn2-c2ccc(S(N)(=O)=O)cc2)cc1,M02440,381.3790000000001,3.5139200000000006,77.98,1.0,4.0,3.0,c1ccc(-c2ccnn2-c2ccccc2)cc1,0.9466801716388252,2
CCOP(=O)(OCC)Oc1nc(Cl)c(Cl)cc1Cl,M02441,334.523,4.601700000000003,57.650000000000006,0.0,5.0,6.0,c1ccncc1,0.5996365394334917,41
N=C(N)NCCCC(=O)O,M02442,145.162,-0.6657299999999999,99.2,4.0,2.0,4.0,,0.0,0
Nc1cc[nH]c(=O)n1,M02443,111.104,-0.6479000000000001,71.77000000000001,2.0,3.0,0.0,O=c1nccc[nH]1,0.8795051323147839,4
COP(=O)(OC)Oc1nc(Cl)c(Cl)cc1Cl,M02444,306.46900000000005,3.8215000000000012,57.650000000000006,0.0,5.0,4.0,c1ccncc1,0.5996365394334917,41
COP(C)(=O)OC,M02445,124.07599999999998,1.1020999999999999,35.53,0.0,3.0,2.0,,0.0,0
C[N+]1(C)CCCCC1,M02446,114.212,1.2467,0.0,0.0,0.0,0.0,C1CC[NH2+]CC1,0.9466801716388252,2
C[N+](C)(C)CCCl,M02447,122.619,0.9314,0.0,0.0,0.0,2.0,,0.0,0
CCN(CC)c1ccc2c(-c3ccccc3C(=O)O)c3ccc(=[N+](CC)CC)cc-3oc2c1,M02448,443.56700000000023,5.561000000000005,56.690000000000005,1.0,3.0,7.0,[N+]=c1ccc2c(-c3ccccc3)c3ccccc3oc-2c1,1.0,1
CC(=O)c1cc2c(cc1C)C(C)(C)C(C)CC2(C)C,M02449,258.4049999999999,4.792620000000005,17.07,0.0,1.0,1.0,c1ccc2c(c1)CCCC2,0.9466801716388252,2
c1ccc2nc3ccccc3cc2c1,M02450,179.22199999999998,3.3880000000000017,12.89,0.0,1.0,0.0,c1ccc2nc3ccccc3cc2c1,1.0,1
Cc1cccc(Cl)c1N,M02451,141.601,2.23062,26.02,1.0,1.0,0.0,c1ccccc1,0.21161295934610674,802
CCOC(=O)c1ccc(N)cc1,M02452,165.19199999999998,1.4455,52.32,1.0,3.0,2.0,c1ccccc1,0.21161295934610674,802
Cc1cc(C2CCCCC2)n(O)c(=O)c1,M02453,207.273,2.4417199999999992,42.230000000000004,1.0,3.0,1.0,O=c1cccc(C2CCCCC2)[nH]1,1.0,1
c1ccc2c(CC3=NCCN3)cccc2c1,M02454,210.28000000000003,2.3840000000000003,24.39,1.0,2.0,2.0,c1ccc2c(CC3=NCCN3)cccc2c1,1.0,1
CCCNC(C)C(=O)Nc1ccccc1C,M02455,220.316,2.3216200000000002,41.13,2.0,2.0,5.0,c1ccccc1,0.21161295934610674,802
CC(C)NC(=O)NC(C)C,M02456,144.21799999999996,1.1023999999999998,41.13,2.0,1.0,2.0,,0.0,0
CN(C)C(=O)Nc1ccc(C(=O)O)c(Cl)c1,M02457,242.66199999999998,2.1317000000000004,69.64,2.0,2.0,2.0,c1ccccc1,0.21161295934610674,802
CON(C)C(=O)Nc1ccc(Br)c(Cl)c1,M02458,293.548,3.127600000000002,41.57,1.0,2.0,2.0,c1ccccc1,0.21161295934610674,802
CCCCOCN(C(=O)CS(=O)(=O)O)c1c(CC)cccc1CC,M02459,357.47200000000015,2.806400000000001,83.91,1.0,4.0,10.0,c1ccccc1,0.21161295934610674,802
O=C(NCCc1ncc(C(F)(F)F)cc1Cl)c1ccccc1C(F)(F)F,M02460,396.718,4.745100000000002,41.99,1.0,2.0,4.0,O=C(NCCc1ccccn1)c1ccccc1,1.0,1
Cc1nnc(NS(=O)(=O)c2ccc(N)cc2)s1,M02461,270.339,1.2295199999999997,97.97,2.0,6.0,3.0,O=S(=O)(Nc1nncs1)c1ccccc1,1.0,1
CC(C)C1C2CCC1c1c(NC(=O)c3cn(C)nc3C(F)F)cccc12,M02462,359.42,4.856800000000004,46.92,1.0,3.0,4.0,O=C(Nc1cccc2c1C1CCC2C1)c1cn[nH]c1,1.0,1
CC(=O)NCCNC(C)=O,M02463,144.17399999999998,-0.7414000000000003,58.2,2.0,2.0,3.0,,0.0,0
CC(C)(C)c1cc(C(=O)O)c(O)c(C(C)(C)C)c1,M02464,250.33799999999997,3.6854000000000022,57.53,2.0,2.0,1.0,c1ccccc1,0.21161295934610674,802
O=S(=O)(O)c1ccc2nc(-c3ccccc3)[nH]c2c1,M02465,274.30100000000004,2.4766000000000004,83.05000000000001,2.0,3.0,2.0,c1ccc(-c2nc3ccccc3[nH]2)cc1,0.9466801716388252,2
CN(CCCCCCN(C)C(=O)Oc1ccc[n+](C)c1)C(=O)Oc1ccc[n+](C)c1,M02466,416.52200000000016,2.4574000000000007,66.84,0.0,4.0,9.0,O=C(NCCCCCCNC(=O)Oc1ccc[nH+]c1)Oc1ccc[nH+]c1,1.0,1
CN(C)C(=O)Oc1cccc([N+](C)(C)C)c1,M02467,223.29599999999996,1.9437,29.540000000000003,0.0,2.0,2.0,c1ccccc1,0.21161295934610674,802
CC[N+](C)(C)c1cccc(O)c1,M02468,166.24399999999997,1.9790000000000003,20.23,1.0,1.0,2.0,c1ccccc1,0.21161295934610674,802
CN(C)C(=O)Oc1ccc[n+](C)c1,M02469,181.21499999999997,0.5714999999999999,33.42,0.0,2.0,1.0,c1cc[nH+]cc1,0.6627017793637848,25
CCCCC(=O)NC1(C(=O)NCc2ccc(-c3ccccc3-c3nnn[nH]3)cc2)CCCC1,M02470,446.55500000000023,3.7691000000000017,112.66,3.0,5.0,9.0,O=C(NCc1ccc(-c2ccccc2-c2nnn[nH]2)cc1)C1CCCC1,1.0,1
Cc1cccc(C)c1NC(=O)CS(=O)(=O)O,M02471,243.284,1.12974,83.47,2.0,3.0,3.0,c1ccccc1,0.21161295934610674,802
COCCN(C(=O)CO)c1c(C)cccc1C(=O)O,M02472,267.281,0.6649199999999997,87.07000000000001,2.0,4.0,6.0,c1ccccc1,0.21161295934610674,802
Cc1cccc(C)c1N(CC(=O)O)C(=O)CS(=O)(=O)O,M02473,301.32,0.6088399999999999,111.98,2.0,4.0,5.0,c1ccccc1,0.21161295934610674,802
CCC1(c2ccccc2)CCC(=O)NC1=O,M02474,217.26799999999992,1.771,46.17,1.0,2.0,2.0,O=C1CCC(c2ccccc2)C(=O)N1,0.9466801716388252,2
CN(C)P(=O)(N(C)C)n1nc(-c2ccccc2)nc1N,M02475,294.2990000000001,1.6066999999999998,80.28,1.0,5.0,4.0,c1ccc(-c2nc[nH]n2)cc1,1.0,1
CCCCOCN(C(=O)C(=O)O)c1c(CC)cccc1CC,M02476,307.39000000000004,3.0032000000000014,66.84,1.0,3.0,8.0,c1ccccc1,0.21161295934610674,802
CC(C)NCC(O)COc1ccc(COCC(=O)O)cc1,M02477,297.35099999999994,1.0254999999999992,88.02,3.0,5.0,10.0,c1ccccc1,0.21161295934610674,802
CC(C)NCC(O)COc1ccc(C(=O)O)cc1,M02478,253.298,1.1224999999999992,78.78999999999999,3.0,4.0,7.0,c1ccccc1,0.21161295934610674,802
CC(C)NCC(O)COc1ccc(COCCO)cc1,M02479,283.36799999999994,0.9331999999999996,70.95,3.0,5.0,10.0,c1ccccc1,0.21161295934610674,802
CCOc1cc(OP(=S)(OC)OC)nc(CC)n1,M02480,292.297,2.3338,62.7,0.0,7.0,7.0,c1cncnc1,0.7185751418868361,16
CCNc1nc(O)nc(NC(C)CC)n1,M02481,211.26899999999998,1.2193999999999998,82.96000000000001,3.0,6.0,5.0,c1ncncn1,0.6028054368020348,40
CCC(C)Nc1nc(=O)nc(N)[nH]1,M02482,183.215,-0.04250000000000004,96.69,3.0,5.0,3.0,O=c1nc[nH]cn1,0.8176983027273006,7
Cc1cc(C)c2ccccc2n1,M02483,157.21599999999998,2.8516400000000006,12.89,0.0,1.0,0.0,c1ccc2ncccc2c1,0.6846698721617894,21
Oc1nccc2ccccc12,M02484,145.16099999999997,1.9404,33.120000000000005,1.0,2.0,0.0,c1ccc2cnccc2c1,0.9466801716388252,2
Cc1ccc2cccc(O)c2n1,M02485,159.188,2.2488200000000007,33.120000000000005,1.0,2.0,0.0,c1ccc2ncccc2c1,0.6846698721617894,21
Cc1nccc2ccccc12,M02486,143.18899999999996,2.5432200000000007,12.89,0.0,1.0,0.0,c1ccc2cnccc2c1,0.9466801716388252,2
O=c1c2ccccc2oc2ccccc12,M02487,196.20499999999998,2.946200000000001,30.21,0.0,2.0,0.0,O=c1c2ccccc2oc2ccccc12,1.0,1
O=C1CC=Cc2ncc3ccccc3c21,M02488,195.221,2.8344000000000014,29.96,0.0,2.0,0.0,O=C1CC=Cc2ncc3ccccc3c21,1.0,1
O=[N+]([O-])c1ccc(O)cc1,M02489,139.10999999999999,1.3003999999999998,63.370000000000005,1.0,3.0,1.0,c1ccccc1,0.21161295934610674,802
Nc1ccc(S(=O)(=O)O)c(N)c1,M02490,188.208,0.09769999999999995,106.41,3.0,4.0,1.0,c1ccccc1,0.21161295934610674,802
O=S(=O)(O)c1ccc2[nH]c(-c3ccccc3)nc2c1,M02491,274.30100000000004,2.4766000000000004,83.05,2.0,3.0,2.0,c1ccc(-c2nc3ccccc3[nH]2)cc1,0.9466801716388252,2
CCCCCCCCCCCCc1ccccc1S(=O)(=O)O,M02492,326.502,5.396700000000005,54.370000000000005,1.0,2.0,12.0,c1ccccc1,0.21161295934610674,802
CC(C)C(=O)Nc1ccc([N+](=O)[O-])c(C(F)(F)F)c1,M02493,276.21399999999994,3.2081000000000017,72.24,1.0,3.0,3.0,c1ccccc1,0.21161295934610674,802
Oc1cc(Cl)ccc1Oc1ccc(Cl)cc1Cl,M02494,289.54499999999996,5.144700000000002,29.46,1.0,2.0,2.0,c1ccc(Oc2ccccc2)cc1,0.6438836066809098,29
O=S(=O)(O)C(F)(F)C(F)(F)C(F)(F)C(F)(F)C(F)(F)C(F)(F)C(F)(F)C(F)(F)F,M02495,500.1259999999999,4.841100000000001,54.370000000000005,1.0,2.0,7.0,,0.0,0
COc1cc(O)c(C(=O)c2ccccc2)cc1S(=O)(=O)O,M02496,308.31100000000004,1.8785,100.9,2.0,5.0,4.0,O=C(c1ccccc1)c1ccccc1,0.7538526280001345,12
Oc1ccc(Cl)cc1Cc1ccccc1,M02497,218.68300000000002,3.6364000000000027,20.23,1.0,1.0,2.0,c1ccc(Cc2ccccc2)cc1,0.6274242932504864,33
N#Cc1c(O)c(Cl)c(Cl)c(C#N)c1Cl,M02498,247.46799999999996,3.0957600000000007,67.81,1.0,3.0,0.0,c1ccccc1,0.21161295934610674,802
CCOC(=O)c1ccc(O)cc1,M02499,166.176,1.5689,46.53,1.0,3.0,2.0,c1ccccc1,0.21161295934610674,802
CCCCCCCCCCCCOS(=O)(=O)O,M02500,266.40299999999996,3.726700000000002,63.60000000000001,1.0,3.0,12.0,,0.0,0
CC(C)(c1cc(Br)c(O)c(Br)c1)c1cc(Br)c(O)c(Br)c1,M02501,543.875,6.4737000000000045,40.46,2.0,2.0,2.0,c1ccc(Cc2ccccc2)cc1,0.6274242932504864,33
CCCCOC(=O)c1ccc(O)cc1,M02502,194.23,2.349100000000001,46.53,1.0,3.0,4.0,c1ccccc1,0.21161295934610674,802
O=C(O)C(F)(F)C(F)(F)C(F)(F)C(F)(F)C(F)(F)C(F)(F)C(F)(F)C(F)(F)C(F)(F)C(F)(F)C(F)(F)C(F)(F)C(F)(F)F,M02503,714.1060000000003,8.256900000000005,37.3,1.0,1.0,12.0,,0.0,0
O=C(Nc1ccc(Cl)c(Cl)c1)c1cc(Cl)cc(Cl)c1O,M02504,351.0160000000001,5.258100000000002,49.33,2.0,2.0,2.0,O=C(Nc1ccccc1)c1ccccc1,0.744107216431016,13
O=C(O)Cc1ccc(S(=O)(=O)O)cc1,M02505,216.214,0.5604000000000001,91.67,2.0,3.0,3.0,c1ccccc1,0.21161295934610674,802
O=[N+]([O-])c1ccc(O)c([N+](=O)[O-])c1,M02506,184.10699999999997,1.2086,106.51000000000002,1.0,5.0,2.0,c1ccccc1,0.21161295934610674,802
O=S(=O)(O)c1nc2ccccc2s1,M02507,215.25500000000002,1.5430000000000001,67.26,1.0,4.0,1.0,c1ccc2scnc2c1,0.7185751418868361,16
O=S(=O)(O)c1ccccc1,M02508,158.178,0.9333000000000001,54.370000000000005,1.0,2.0,1.0,c1ccccc1,0.21161295934610674,802
Oc1nc(Cl)c(Cl)cc1Cl,M02509,198.436,2.7474,33.120000000000005,1.0,2.0,0.0,c1ccncc1,0.5996365394334917,41
Oc1ccc(Cl)cc1Cl,M02510,163.003,2.699,20.23,1.0,1.0,0.0,c1ccccc1,0.21161295934610674,802
O=S(=O)(c1ccc(O)cc1)c1ccc(O)cc1,M02511,250.275,1.9305999999999996,74.60000000000001,2.0,4.0,2.0,O=S(=O)(c1ccccc1)c1ccccc1,0.8795051323147839,4
CCC1=C(C)CN(C(=O)NCCc2ccc(S(=O)(=O)NC(=O)NC3CCC(C)CC3)cc2)C1=O,M02512,490.6260000000003,3.0740000000000016,124.68,3.0,5.0,7.0,O=C(NC1CCCCC1)NS(=O)(=O)c1ccc(CCNC(=O)N2CC=CC2=O)cc1,1.0,1
COC(=O)c1ccc(O)cc1,M02513,152.149,1.1788,46.53,1.0,3.0,1.0,c1ccccc1,0.21161295934610674,802
CCCOC(=O)c1ccc(O)cc1,M02514,180.20299999999997,1.9589999999999999,46.53,1.0,3.0,3.0,c1ccccc1,0.21161295934610674,802
NC(=O)c1ccccc1C(=O)O,M02515,165.14799999999997,0.4837,80.39,2.0,2.0,2.0,c1ccccc1,0.21161295934610674,802
Nc1nc2c(ncn2COCCO)c(=O)[nH]1,M02516,225.20799999999997,-1.3318000000000003,119.04999999999998,3.0,7.0,4.0,O=c1[nH]cnc2[nH]cnc12,0.8795051323147839,4
Oc1cc(Cl)c(Cl)c(Cl)c1,M02517,197.448,3.3524000000000003,20.23,1.0,1.0,0.0,c1ccccc1,0.21161295934610674,802
NS(=O)(=O)C(F)(F)C(F)(F)C(F)(F)C(F)(F)C(F)(F)C(F)(F)C(F)(F)C(F)(F)F,M02518,499.14199999999994,4.2418000000000005,60.160000000000004,1.0,2.0,7.0,,0.0,0
O=S(=O)(O)CCC(F)(F)C(F)(F)C(F)(F)C(F)(F)C(F)(F)C(F)(F)F,M02519,428.16599999999994,4.003100000000001,54.370000000000005,1.0,2.0,7.0,,0.0,0
Oc1c(Br)cc(Cl)cc1Cc1cc(Cl)cc(Br)c1O,M02520,426.91900000000004,5.520400000000004,40.46,2.0,2.0,2.0,c1ccc(Cc2ccccc2)cc1,0.6274242932504864,33
CC(C)(O)c1ccccc1CCC(SCC1(CC(=O)O)CC1)c1cccc(C=Cc2ccc3ccc(Cl)cc3n2)c1,M02521,586.1970000000001,8.948000000000002,70.42,2.0,4.0,12.0,C(=Cc1ccc2ccccc2n1)c1cccc(C(CCc2ccccc2)SCC2CC2)c1,1.0,1
Oc1ccc(Br)cc1,M02522,173.00900000000001,2.1547,20.23,1.0,1.0,0.0,c1ccccc1,0.21161295934610674,802
CCC(=O)Nc1ccc(Cl)c(Cl)c1,M02523,218.08299999999997,3.3419000000000016,29.1,1.0,1.0,2.0,c1ccccc1,0.21161295934610674,802
O=C(c1ccc(OCCN2CCCCC2)cc1)c1c(-c2ccc(O)cc2)sc2cc(O)ccc12,M02524,473.5940000000001,6.075200000000007,70.0,2.0,6.0,7.0,O=C(c1ccc(OCCN2CCCCC2)cc1)c1c(-c2ccccc2)sc2ccccc12,1.0,1
O=C(O)c1cc(Oc2ccc(Cl)cc2Cl)ccc1[N+](=O)[O-],M02525,328.1070000000001,4.392100000000002,89.67,1.0,4.0,4.0,c1ccc(Oc2ccccc2)cc1,0.6438836066809098,29
CCCN(CCC)c1c([N+](=O)[O-])cc(S(N)(=O)=O)cc1[N+](=O)[O-],M02526,346.36500000000007,1.7768,149.68,1.0,7.0,8.0,c1ccccc1,0.21161295934610674,802
O=C(O)CCC(=O)c1ccc(F)cc1,M02527,196.177,1.8732000000000002,54.37,1.0,2.0,4.0,c1ccccc1,0.21161295934610674,802
CC(=O)Nc1ccc(O)c(C(=O)O)c1,M02528,195.17399999999998,1.0487999999999997,86.63000000000001,3.0,3.0,2.0,c1ccccc1,0.21161295934610674,802
CCOC(=O)C1=C(C)NC(C)=C(C(=O)OC)C1c1cccc([N+](=O)[O-])c1,M02529,360.36600000000004,2.5657000000000005,107.77000000000001,1.0,7.0,5.0,C1=CC(c2ccccc2)C=CN1,0.8176983027273006,7
Oc1ccc(Cl)cc1Cc1cc(Cl)ccc1O,M02530,269.127,3.9954000000000023,40.46,2.0,2.0,2.0,c1ccc(Cc2ccccc2)cc1,0.6274242932504864,33
S=c1nc[nH]c2nc[nH]c12,M02531,152.182,1.0154899999999998,57.36,2.0,3.0,0.0,S=c1nc[nH]c2nc[nH]c12,0.9466801716388252,2
CCCc1cc(=O)[nH]c(=S)[nH]1,M02532,170.237,1.38499,48.65,2.0,2.0,2.0,O=c1cc[nH]c(=S)[nH]1,0.9466801716388252,2
CCCCCCCCCCOS(=O)(=O)O,M02533,238.349,2.9465000000000012,63.60000000000001,1.0,3.0,10.0,,0.0,0
CCCCCCCCCCCCCCOS(=O)(=O)O,M02534,294.457,4.5069000000000035,63.60000000000001,1.0,3.0,14.0,,0.0,0
Oc1ccc(Cc2ccc(O)cc2)cc1,M02535,200.23700000000002,2.688600000000001,40.46,2.0,2.0,2.0,c1ccc(Cc2ccccc2)cc1,0.6274242932504864,33
Cc1cc(O)ccc1Cl,M02536,142.58499999999998,2.3540200000000002,20.23,1.0,1.0,0.0,c1ccccc1,0.21161295934610674,802
Oc1cccc2ccccc12,M02537,144.17299999999997,2.5454000000000008,20.23,1.0,1.0,0.0,c1ccc2ccccc2c1,0.6846698721617894,21
CCCCCCCCCc1ccc(O)cc1,M02538,220.35600000000002,4.685300000000005,20.23,1.0,1.0,8.0,c1ccccc1,0.21161295934610674,802
Cc1ccc(C(C)C)c(O)c1,M02539,150.221,2.824020000000001,20.23,1.0,1.0,1.0,c1ccccc1,0.21161295934610674,802
Oc1ccccc1-c1ccccc1,M02540,170.211,3.0592000000000015,20.23,1.0,1.0,1.0,c1ccc(-c2ccccc2)cc1,0.7758207207981391,10
CC(C)(c1ccccc1)c1ccc(O)cc1,M02541,212.29199999999997,3.7181000000000024,20.23,1.0,1.0,2.0,c1ccc(Cc2ccccc2)cc1,0.6274242932504864,33
CC(C)(C(=O)O)c1ccc(C(O)CCCN2CCC(C(O)(c3ccccc3)c3ccccc3)CC2)cc1,M02542,501.66700000000014,5.510500000000006,81.0,3.0,4.0,10.0,c1ccc(CCCCN2CCC(C(c3ccccc3)c3ccccc3)CC2)cc1,0.9466801716388252,2
CCS(=O)(=O)c1nc2ccccn2c1S(=O)(=O)NC(=O)Nc1nc(OC)cc(OC)n1,M02543,470.48900000000026,0.4454999999999994,170.94999999999993,2.0,11.0,7.0,O=C(Nc1ncccn1)NS(=O)(=O)c1cnc2ccccn12,0.9466801716388252,2
CC(C)Oc1cccc(NC(=O)c2ccccc2C(F)(F)F)c1,M02544,323.31399999999996,4.744900000000003,38.33,1.0,2.0,4.0,O=C(Nc1ccccc1)c1ccccc1,0.744107216431016,13
O=C(Nc1ccc([N+](=O)[O-])cc1Cl)c1cc(Cl)ccc1O,M02545,327.12300000000005,3.859500000000001,92.47,2.0,4.0,3.0,O=C(Nc1ccccc1)c1ccccc1,0.744107216431016,13
CC(=O)Nc1nnc(S(N)(=O)=O)s1,M02546,222.251,-0.8561000000000003,115.03999999999999,2.0,6.0,2.0,c1nncs1,0.8795051323147839,4
C=CCOc1ccccc1OCC(O)CNC(C)C,M02547,265.35299999999995,1.9890999999999999,50.72,2.0,4.0,9.0,c1ccccc1,0.21161295934610674,802
COc1ccc2c(c1)c(CC(=O)OCC(=O)O)c(C)n2C(=O)c1ccc(Cl)cc1,M02548,415.82900000000006,3.4705200000000014,94.82999999999998,1.0,6.0,6.0,O=C(c1ccccc1)n1ccc2ccccc21,0.9466801716388252,2
NS(=O)(=O)c1cc(C2(O)NC(=O)c3ccccc32)ccc1Cl,M02549,338.77200000000005,0.9242000000000001,109.49000000000001,3.0,4.0,2.0,O=C1NC(c2ccccc2)c2ccccc21,1.0,1
Nc1nc(=O)c2ncn(CCC(CO)CO)c2[nH]1,M02550,253.26199999999997,-1.3073,130.05,4.0,7.0,5.0,O=c1nc[nH]c2[nH]cnc12,0.9466801716388252,2
Cc1c(OCC(F)(F)F)ccnc1CS(=O)c1nc2ccccc2[nH]1,M02551,369.3680000000001,3.515220000000001,67.87,1.0,4.0,5.0,O=S(Cc1ccccn1)c1nc2ccccc2[nH]1,0.8795051323147839,4
CCc1cccc2c3c([nH]c12)C(CC)(CC(=O)O)OCC3,M02552,287.35900000000004,3.383000000000002,62.32000000000001,2.0,2.0,4.0,c1ccc2c3c([nH]c2c1)COCC3,1.0,1
CSc1nc2cc(Oc3cccc(Cl)c3Cl)c(Cl)cc2[nH]1,M02553,359.665,6.037300000000001,37.91,1.0,3.0,3.0,c1ccc(Oc2ccc3[nH]cnc3c2)cc1,1.0,1
CCCC(C)(COC(N)=O)COC(=O)NC(C)C,M02554,260.334,2.0227,90.65,2.0,4.0,7.0,,0.0,0
Clc1ccccc1CN1CCc2sccc2C1,M02555,263.793,3.959800000000002,3.24,0.0,2.0,2.0,c1ccc(CN2CCc3sccc3C2)cc1,0.9088491513636503,3
O=[N+]([O-])c1ccc(C2OC2c2ccc([N+](=O)[O-])cc2S(=O)(=O)O)c(S(=O)(=O)O)c1,M02556,446.37100000000015,1.809,207.54999999999995,2.0,9.0,6.0,c1ccc(C2OC2c2ccccc2)cc1,1.0,1
N#Cc1c(Cl)c(Cl)c(O)c(C(N)=O)c1Cl,M02557,265.48299999999995,2.32298,87.10999999999999,2.0,3.0,1.0,c1ccccc1,0.21161295934610674,802
CNC(=O)Nc1ccc(C)c(Cl)c1,M02558,198.653,2.3997200000000003,41.13,2.0,1.0,1.0,c1ccccc1,0.21161295934610674,802
CC(Oc1ccc(Oc2cnc3cc(Cl)ccc3n2)cc1)C(=O)O,M02559,344.7540000000001,3.9274000000000022,81.54,1.0,5.0,5.0,c1ccc(Oc2cnc3ccccc3n2)cc1,0.9088491513636503,3
Nc1ccc(Oc2ccc(Cl)cc2Cl)cc1C(=O)O,M02560,298.12500000000006,4.066100000000001,72.55,2.0,3.0,3.0,c1ccc(Oc2ccccc2)cc1,0.6438836066809098,29
CCCc1nn(C)c2c(=O)nc(-c3cc(S(=O)(=O)N4CCN(C)CC4)ccc3OCC)[nH]c12,M02561,474.58700000000033,1.6109,113.41999999999999,1.0,8.0,7.0,O=c1nc(-c2cccc(S(=O)(=O)N3CCNCC3)c2)[nH]c2cn[nH]c12,1.0,1
CCCCc1nc(Cl)c(C(=O)O)n1Cc1ccc(-c2ccccc2-c2nn[nH]n2)cc1,M02562,436.90300000000013,4.472700000000002,109.58,2.0,6.0,8.0,c1ccc(-c2nn[nH]n2)c(-c2ccc(Cn3ccnc3)cc2)c1,0.9466801716388252,2
CS(=O)(=O)OCC(O)C(O)COS(C)(=O)=O,M02563,278.30400000000003,-2.3393999999999986,127.20000000000002,2.0,8.0,7.0,,0.0,0
CCCCc1ncc(C(=O)O)n1Cc1ccc(C(=O)O)cc1,M02564,302.33,2.6704000000000008,92.42,2.0,4.0,7.0,c1ccc(Cn2ccnc2)cc1,1.0,1
CCN(CC)C(=O)c1cccc(C(=O)O)c1,M02565,221.256,1.8668,57.61,1.0,2.0,4.0,c1ccccc1,0.21161295934610674,802
Oc1cc(-c2ccc(Cl)cc2)ccc1Cl,M02566,239.101,4.366000000000001,20.23,1.0,1.0,1.0,c1ccc(-c2ccccc2)cc1,0.7758207207981391,10
Oc1c(Cl)cc(-c2ccc(Cl)cc2)cc1Cl,M02567,273.546,5.019400000000002,20.23,1.0,1.0,1.0,c1ccc(-c2ccccc2)cc1,0.7758207207981391,10
CC(=O)C(N)(C(C)=O)C(N)(C(C)=O)C(C)=O,M02568,228.24799999999996,-1.2625999999999995,120.32,2.0,6.0,5.0,,0.0,0
Cc1cc(Cc2cc(C)cc(C(C)(C)C)c2O)c(O)c(C(C)(C)C)c1,M02569,340.5070000000001,5.900440000000007,40.46,2.0,2.0,2.0,c1ccc(Cc2ccccc2)cc1,0.6274242932504864,33
CCN(CC)c1nc(=O)cc(C)[nH]1,M02570,181.239,0.92452,48.99,1.0,3.0,3.0,O=c1cc[nH]cn1,0.9466801716388252,2
O=C(O)c1cc2ccccc2cc1O,M02571,188.182,2.2436000000000003,57.53,2.0,2.0,1.0,c1ccc2ccccc2c1,0.6846698721617894,21
O=C(O)c1cccc(C(=O)O)c1,M02572,166.13199999999998,1.083,74.6,2.0,2.0,2.0,c1ccccc1,0.21161295934610674,802
O=C(Nc1ccccc1)c1ccccc1SSc1ccccc1C(=O)Nc1ccccc1,M02573,456.59200000000016,6.990600000000004,58.2,2.0,4.0,7.0,O=C(Nc1ccccc1)c1ccccc1SSc1ccccc1C(=O)Nc1ccccc1,1.0,1
CC(C)OC(=O)CCCCCCCCC(=O)OC(C)C,M02574,286.412,4.010400000000003,52.60000000000001,0.0,4.0,11.0,,0.0,0
CC(C)C(=O)OCC(C)(C)C(OC(=O)C(C)C)C(C)C,M02575,286.412,3.4356000000000027,52.6,0.0,4.0,7.0,,0.0,0
COP(=S)(S)OC,M02576,158.184,1.4335,18.46,1.0,3.0,2.0,,0.0,0
Oc1ccc2c(c1)[nH]c1ccccc12,M02577,183.21,3.026700000000001,36.019999999999996,2.0,1.0,0.0,c1ccc2c(c1)[nH]c1ccccc12,0.8795051323147839,4
Nc1ccc(C=Cc2ccc(N)cc2S(=O)(=O)O)c(S(=O)(=O)O)c1,M02578,370.4080000000001,1.5148000000000008,160.78,4.0,6.0,4.0,C(=Cc1ccccc1)c1ccccc1,0.7883542836784342,9
O=S(=O)(O)C(F)(F)F,M02579,150.07699999999997,0.3940000000000002,54.370000000000005,1.0,2.0,0.0,,0.0,0
CCCCCCOC(=O)c1ccccc1C(=O)c1ccc(N(CC)CC)cc1O,M02580,397.5150000000002,5.206500000000006,66.84,1.0,5.0,11.0,O=C(c1ccccc1)c1ccccc1,0.7538526280001345,12
C=C(C(=O)O)c1c[nH]c2ccccc12,M02581,187.198,2.2657,53.089999999999996,2.0,1.0,2.0,c1ccc2[nH]ccc2c1,0.5442457568182516,63
Nc1c(Cl)cc(C(F)(F)F)cc1Cl,M02582,230.01599999999996,3.5944000000000003,26.02,1.0,1.0,0.0,c1ccccc1,0.21161295934610674,802
CCCCCCCCCCS(=O)(=O)O,M02583,222.35,3.014900000000001,54.370000000000005,1.0,2.0,9.0,,0.0,0
COc1cc([N+](=O)[O-])ccc1O,M02584,169.136,1.3089999999999997,72.60000000000001,1.0,4.0,2.0,c1ccccc1,0.21161295934610674,802
CCCCCCCCCCCC(=O)NCCO,M02585,243.39099999999996,3.015800000000001,49.33,2.0,2.0,12.0,,0.0,0
CCCCCCCCCCCCS(=O)(=O)O,M02586,250.40399999999997,3.7951000000000024,54.370000000000005,1.0,2.0,11.0,,0.0,0
CCCCCCS(=O)(=O)O,M02587,166.242,1.4545000000000001,54.370000000000005,1.0,2.0,5.0,,0.0,0
COc1ccc(S(=O)(=O)O)cc1,M02588,188.204,0.9419,63.60000000000001,1.0,3.0,2.0,c1ccccc1,0.21161295934610674,802
O=C(Nc1ccccc1)NC1CCCCC1,M02589,218.2999999999999,3.1408000000000023,41.13,2.0,1.0,2.0,O=C(Nc1ccccc1)NC1CCCCC1,0.9088491513636503,3
CCCCCSCCOCCOCCOCCO,M02590,280.42999999999995,1.9518999999999997,47.92,1.0,5.0,15.0,,0.0,0
CCCCCCCCSCCOCCOCCOCCO,M02591,322.5110000000001,3.1222000000000025,47.92,1.0,5.0,18.0,,0.0,0
CCCCCCCCSCCOCCOCCO,M02592,278.45799999999997,3.105600000000002,38.69,1.0,4.0,15.0,,0.0,0
Nc1ccc(Cl)cc1Cl,M02593,162.019,2.5756000000000006,26.02,1.0,1.0,0.0,c1ccccc1,0.21161295934610674,802
Nc1c(Cl)cccc1Cl,M02594,162.01899999999998,2.5756000000000006,26.02,1.0,1.0,0.0,c1ccccc1,0.21161295934610674,802
Nc1ccc(Cl)c(Cl)c1,M02595,162.019,2.5756000000000006,26.02,1.0,1.0,0.0,c1ccccc1,0.21161295934610674,802
Nc1cc(Cl)cc(Cl)c1,M02596,162.019,2.5756000000000006,26.02,1.0,1.0,0.0,c1ccccc1,0.21161295934610674,802
ClN(Cl)c1ccccc1,M02597,162.019,2.800600000000001,3.24,0.0,1.0,1.0,c1ccccc1,0.21161295934610674,802
Cc1ccccc1N,M02598,107.156,1.57722,26.02,1.0,1.0,0.0,c1ccccc1,0.21161295934610674,802
CC(C)c1cc(C(C)(C)c2ccc(O)c(C(C)C)c2)ccc1O,M02599,312.45300000000003,5.670500000000007,40.46,2.0,2.0,4.0,c1ccc(Cc2ccccc2)cc1,0.6274242932504864,33
O=[PH]1Oc2ccccc2-c2ccccc21,M02600,216.176,2.846000000000002,26.3,0.0,2.0,0.0,O=[PH]1Oc2ccccc2-c2ccccc21,1.0,1
CC(C)CCOC(=O)c1ccccc1C(=O)OCCC(C)C,M02601,306.40200000000004,4.092400000000004,52.60000000000001,0.0,4.0,8.0,c1ccccc1,0.21161295934610674,802
CCOCCOC(=O)c1ccccc1C(=O)OCCOCC,M02602,310.3460000000001,2.0732,71.06,0.0,6.0,10.0,c1ccccc1,0.21161295934610674,802
COCCOC(=O)c1ccccc1C(=O)OCCOC,M02603,282.292,1.2930000000000001,71.06,0.0,6.0,8.0,c1ccccc1,0.21161295934610674,802
CC(C)CC(C)OC(=O)c1ccccc1C(=O)OC(C)CC(C)C,M02604,334.4560000000001,4.869400000000005,52.60000000000001,0.0,4.0,8.0,c1ccccc1,0.21161295934610674,802
CCCCCCOC(=O)c1ccccc1C(=O)OCCCCCC,M02605,334.45600000000024,5.160800000000005,52.60000000000001,0.0,4.0,12.0,c1ccccc1,0.21161295934610674,802
CCCCCOC(=O)c1ccccc1C(=O)OCCCCC,M02606,306.4020000000001,4.380600000000004,52.60000000000001,0.0,4.0,10.0,c1ccccc1,0.21161295934610674,802
CNC(=O)Oc1cccc2c1OC(C)(C)O2,M02607,223.22799999999995,1.9121,56.790000000000006,1.0,4.0,1.0,c1ccc2c(c1)OCO2,0.7265474540909509,15
O=C(NC(=O)c1c(F)cccc1F)Nc1cc(Cl)c(Oc2ncc(C(F)(F)F)cc2Cl)c(Cl)c1,M02608,540.6590000000002,7.093000000000002,80.32000000000001,2.0,4.0,4.0,O=C(NC(=O)c1ccccc1)Nc1ccc(Oc2ccccn2)cc1,1.0,1
CCCCN(C)C(O)=Nc1ccc(Cl)c(Cl)c1,M02609,275.179,4.270800000000003,35.83,1.0,1.0,4.0,c1ccccc1,0.21161295934610674,802
CCS(=O)c1c(C#N)nn(-c2c(Cl)cc(C(F)(F)F)cc2Cl)c1N,M02610,397.209,3.7792800000000017,84.7,1.0,5.0,3.0,c1ccc(-n2cccn2)cc1,0.8555293230024756,5
OC(Cc1ccccc1Cl)(Cn1[nH]cnc1=S)C1(Cl)CC1,M02611,344.26700000000005,3.339290000000001,53.84,2.0,4.0,5.0,S=c1nc[nH]n1CC(Cc1ccccc1)C1CC1,1.0,1
c1ccc2c(c1)=NC(c1ccoc1)N=2,M02612,184.19799999999998,1.2311999999999999,37.86,0.0,3.0,1.0,c1ccc2c(c1)=NC(c1ccoc1)N=2,1.0,1
CCCCc1c(O)nc(=NCC)[nH]c1C,M02613,209.29299999999998,1.68692,61.27,2.0,3.0,4.0,N=c1nccc[nH]1,1.0,1
CCCCCC(C)OC(=O)COc1ccc(Cl)c2cccnc12,M02614,335.8310000000001,4.779000000000004,48.42,0.0,4.0,8.0,c1ccc2ncccc2c1,0.6846698721617894,21
COc1cc(OC)nc(N)n1,M02615,155.15699999999998,0.07599999999999996,70.26,1.0,5.0,2.0,c1cncnc1,0.7185751418868361,16
CN(C)CCOC(C)(c1ccccc1)c1ccccn1,M02616,270.37600000000003,2.923300000000001,25.36,0.0,3.0,6.0,c1ccc(Cc2ccccn2)cc1,0.802209494641301,8
CN1CCN=C(c2ccccc2)c2cc(Cl)ccc21,M02617,270.76300000000003,3.627200000000003,15.6,0.0,2.0,1.0,c1ccc(C2=NCCNc3ccccc32)cc1,0.9466801716388252,2
COc1ccc(C2Sc3ccccc3N(CCN(C)C)C(=O)C2OC(C)=O)cc1,M02618,414.52700000000016,3.368500000000002,59.080000000000005,0.0,6.0,6.0,O=C1CC(c2ccccc2)Sc2ccccc2N1,0.9088491513636503,3
CN1C2CCC1CC(OC(=O)C(CO)c1ccccc1)C2,M02619,289.37500000000006,1.9308999999999996,49.769999999999996,1.0,4.0,4.0,O=C(Cc1ccccc1)OC1CC2CCC(C1)N2,0.9466801716388252,2
CNCCCC12CCC(c3ccccc31)c1ccccc12,M02620,277.41100000000006,4.211400000000004,12.03,1.0,1.0,4.0,c1ccc2c(c1)C1CCC2c2ccccc21,0.9466801716388252,2
CCOC(=O)C1(c2ccccc2)CCN(C)CC1,M02621,247.33799999999994,2.2131,29.54,0.0,3.0,3.0,c1ccc(C2CCNCC2)cc1,0.9466801716388252,2
Cc1ncc2n1-c1ccc(Cl)cc1C(c1ccccc1F)=NC2,M02622,325.77400000000006,4.324220000000002,30.18,0.0,3.0,1.0,c1ccc(C2=NCc3cncn3-c3ccccc32)cc1,0.9466801716388252,2
CCOc1cc(Oc2ccc(C(F)(F)F)cc2Cl)ccc1[N+](=O)[O-],M02623,361.70300000000003,5.458000000000003,61.599999999999994,0.0,4.0,5.0,c1ccc(Oc2ccccc2)cc1,0.6438836066809098,29
CCCCOC(=O)C(C)Oc1ccc(Oc2ccc(C(F)(F)F)cn2)cc1,M02624,383.366,5.003300000000005,57.650000000000006,0.0,5.0,8.0,c1ccc(Oc2ccccn2)cc1,0.8352580650673657,6
O=C1C(Cl)C(CCl)CN1c1cccc(C(F)(F)F)c1,M02625,312.118,3.514400000000002,20.310000000000002,0.0,1.0,2.0,O=C1CCCN1c1ccccc1,1.0,1
O=c1ccc(=O)[nH][nH]1,M02626,112.08800000000001,-0.9368000000000001,65.72,2.0,2.0,0.0,O=c1ccc(=O)[nH][nH]1,1.0,1
CCOC(=O)C1=NOC(c2ccccc2)(c2ccccc2)C1,M02627,295.3380000000001,3.2696000000000023,47.89,0.0,4.0,4.0,C1=NOC(c2ccccc2)(c2ccccc2)C1,1.0,1
CN1C(=O)CC(C)(c2ccccc2)C1=O,M02628,203.241,1.333,37.38,0.0,2.0,1.0,O=C1CC(c2ccccc2)C(=O)N1,1.0,1
CN1COCN(Cc2cnc(Cl)s2)C1=O,M02629,247.707,1.5954999999999997,45.67,0.0,4.0,2.0,O=C1NCOCN1Cc1cncs1,1.0,1
O=C(C1CCCCC1)N1CC(=O)N2CCc3ccccc3C2C1,M02630,312.41300000000007,2.5349000000000004,40.620000000000005,0.0,2.0,1.0,O=C(C1CCCCC1)N1CC(=O)N2CCc3ccccc3C2C1,1.0,1
Cc1cccc(N(C)C(=S)Oc2ccc3ccccc3c2)c1,M02631,307.41800000000006,4.948320000000003,12.47,0.0,2.0,2.0,S=C(Nc1ccccc1)Oc1ccc2ccccc2c1,1.0,1
Cc1cc(C(C)(C)C)cc(C)c1CC1=NCCN1,M02632,244.38199999999995,3.1451400000000014,24.39,1.0,2.0,2.0,c1ccc(CC2=NCCN2)cc1,0.9088491513636503,3
Cc1cccc(C)c1NC(=O)C1CCCCN1C,M02633,246.35399999999996,2.7262400000000007,32.34,1.0,2.0,2.0,O=C(Nc1ccccc1)C1CCCCN1,0.9088491513636503,3
CN1C(=O)CN=C(C2=CCCCC2)c2cc(Cl)ccc21,M02634,288.77799999999996,3.6059000000000028,32.67,0.0,2.0,1.0,O=C1CN=C(C2=CCCCC2)c2ccccc2N1,0.9466801716388252,2
CN1COCN(Cc2cnc(Cl)s2)C1=N,M02635,246.723,1.4102699999999997,52.45,1.0,4.0,2.0,N=C1NCOCN1Cc1cncs1,0.9466801716388252,2
CCN(CC)C(=O)Nc1ccc(OCC(O)CNC(C)(C)C)c(C(C)=O)c1,M02636,379.5010000000002,2.8907000000000007,90.9,3.0,5.0,9.0,c1ccccc1,0.21161295934610674,802
CC(COc1ccccc1Cc1ccccc1)N1CCCCC1,M02637,309.45300000000015,4.530600000000004,12.47,0.0,2.0,6.0,c1ccc(Cc2ccccc2OCCN2CCCCC2)cc1,1.0,1
CCN(CC)CCNC(=O)c1cc(S(C)(=O)=O)ccc1OC,M02638,328.4340000000001,1.1702999999999997,75.71000000000001,1.0,5.0,8.0,c1ccccc1,0.21161295934610674,802
CCCCN1CCCCC1C(=O)Nc1c(C)cccc1C,M02639,288.43500000000006,3.8965400000000026,32.34,1.0,2.0,5.0,O=C(Nc1ccccc1)C1CCCCN1,0.9088491513636503,3
CNC(=O)NCc1cnc(Cl)s1,M02640,205.67000000000002,1.2254999999999998,54.02,2.0,3.0,2.0,c1cscn1,0.8352580650673657,6
CCCCOc1ccc(CC(O)=NO)cc1,M02641,223.272,2.7537000000000003,62.05,2.0,3.0,6.0,c1ccccc1,0.21161295934610674,802
NC(=O)c1cn(Cc2c(F)cccc2F)nn1,M02642,238.197,0.7035000000000001,73.80000000000001,1.0,4.0,3.0,c1ccc(Cn2ccnn2)cc1,1.0,1
OCC(O)CN1CCN(c2ccccc2)CC1,M02643,236.31500000000003,0.16179999999999972,46.940000000000005,2.0,4.0,4.0,c1ccc(N2CCNCC2)cc1,0.8795051323147839,4
CCCCOc1cc(C(=O)NCCN(CC)CC)c2ccccc2n1,M02644,343.471,3.4853000000000023,54.46,1.0,4.0,10.0,c1ccc2ncccc2c1,0.6846698721617894,21
CC(=O)N(C)c1ccc(N)cc1,M02645,164.20799999999997,1.2515,46.33,1.0,2.0,1.0,c1ccccc1,0.21161295934610674,802
COc1cc2nc(N3CCN(C(=O)C4COc5ccccc5O4)CC3)nc(N)c2cc1OC,M02646,451.4830000000003,1.7177999999999993,112.27000000000001,1.0,9.0,4.0,O=C(C1COc2ccccc2O1)N1CCN(c2ncc3ccccc3n2)CC1,1.0,1
NS(=O)(=O)Cc1noc2ccccc12,M02647,212.23000000000002,0.6163,86.19000000000001,1.0,4.0,2.0,c1ccc2oncc2c1,1.0,1
COc1cc2nc(N(C)CCCNC(=O)C3CCCO3)nc(N)c2cc1OC,M02648,389.4560000000002,1.3507000000000002,111.83,2.0,8.0,8.0,O=C(NCCCNc1ncc2ccccc2n1)C1CCCO1,1.0,1
CCCN(CCOc1c(Cl)cc(Cl)cc1Cl)C(N)=O,M02649,325.62300000000005,3.8163000000000027,55.56,1.0,2.0,6.0,c1ccccc1,0.21161295934610674,802
N=C(NCCCCCCNC(=N)NC(=N)Nc1ccc(Cl)cc1)NC(=N)Nc1ccc(Cl)cc1,M02650,505.4580000000002,4.175280000000002,167.58,10.0,4.0,9.0,N=C(NCCCCCCNC(=N)NC(=N)Nc1ccccc1)NC(=N)Nc1ccccc1,1.0,1
CNC(=O)Oc1cccc(N=CN(C)C)c1,M02651,221.26,1.6262,53.93,1.0,3.0,3.0,c1ccccc1,0.21161295934610674,802
COP(=O)(OC)OC(Br)C(Cl)(Cl)Br,M02652,380.784,3.651200000000001,44.760000000000005,0.0,4.0,5.0,,0.0,0
CCNC(=O)C(C)Oc1cccc2ccccc12,M02653,243.306,2.7432000000000016,38.33,1.0,2.0,4.0,c1ccc2ccccc2c1,0.6846698721617894,21
Nc1ccc(Cc2ccc(N)c(Cl)c2)cc1Cl,M02654,267.159,3.7486000000000015,52.04,2.0,2.0,2.0,c1ccc(Cc2ccccc2)cc1,0.6274242932504864,33
Nc1ccc(Cc2ccc(N)cc2)cc1,M02655,198.269,2.4418000000000006,52.04,2.0,2.0,2.0,c1ccc(Cc2ccccc2)cc1,0.6274242932504864,33
CC(C)CC(C)Nc1ccc(Nc2ccccc2)cc1,M02656,268.404,5.2767000000000035,24.06,2.0,2.0,6.0,c1ccc(Nc2ccccc2)cc1,0.7643784743661259,11
CC(C)(C)c1ccc(O)cc1,M02657,150.22099999999998,2.689700000000001,20.23,1.0,1.0,0.0,c1ccccc1,0.21161295934610674,802
CCc1cccc(C)c1N,M02658,135.20999999999995,2.13962,26.02,1.0,1.0,1.0,c1ccccc1,0.21161295934610674,802
CC(C)(c1ccc(OCC(O)CO)cc1)c1ccc(OCC2CO2)cc1,M02659,358.43400000000014,2.522100000000001,71.45,2.0,5.0,9.0,c1ccc(Cc2ccc(OCC3CO3)cc2)cc1,0.9466801716388252,2
Cc1ccc(N)cc1Cl,M02660,141.601,2.23062,26.02,1.0,1.0,0.0,c1ccccc1,0.21161295934610674,802
Nc1cccc2c(N)cccc12,M02661,158.204,2.0042,52.04,2.0,2.0,0.0,c1ccc2ccccc2c1,0.6846698721617894,21
Nc1ccc2nc3c(N)cccc3nc2c1,M02662,210.24000000000004,1.9473999999999998,77.82,2.0,4.0,0.0,c1ccc2nc3ccccc3nc2c1,0.9466801716388252,2
Nc1ccc2nc3ccc(N)cc3nc2c1,M02663,210.24,1.9473999999999998,77.82,2.0,4.0,0.0,c1ccc2nc3ccccc3nc2c1,0.9466801716388252,2
COc1cc(Cl)c(OC)cc1N,M02664,187.626,1.9393999999999998,44.480000000000004,1.0,3.0,2.0,c1ccccc1,0.21161295934610674,802
Nc1ccc(Nc2ccccc2)cc1,M02665,184.24200000000002,3.0124000000000013,38.05,2.0,2.0,2.0,c1ccc(Nc2ccccc2)cc1,0.7643784743661259,11
CCCCCCCCCCCCCCCC(=O)OCC(O)CO,M02666,330.509,4.364100000000005,66.76,2.0,4.0,17.0,,0.0,0
CCCCCCCCCCCCCCCCCC(=O)OCC(O)CO,M02667,358.56300000000005,5.1443000000000065,66.76,2.0,4.0,19.0,,0.0,0
CCCCOC(=O)CCCCCCCCC(=O)OCCCC,M02668,314.46600000000007,4.7938000000000045,52.60000000000001,0.0,4.0,15.0,,0.0,0
COCCOCCO,M02669,120.148,-0.3583,38.69,1.0,3.0,5.0,,0.0,0
c1ccc2c(c1)Nc1ccccc1S2,M02670,199.278,3.894800000000001,12.03,1.0,2.0,0.0,c1ccc2c(c1)Nc1ccccc1S2,0.7185751418868361,16
O=C1CCCCCN1,M02671,113.16000000000001,0.6766000000000001,29.1,1.0,1.0,0.0,O=C1CCCCCN1,1.0,1
CCCN(CCC)CCC,M02672,143.27399999999997,2.5184000000000006,3.24,0.0,1.0,6.0,,0.0,0
N#CCCCCC#N,M02673,108.144,1.59396,47.58,0.0,2.0,3.0,,0.0,0
CC(C)(C)c1ccc(OP(=O)(Oc2ccc(C(C)(C)C)cc2C(C)(C)C)Oc2ccc(C(C)(C)C)cc2C(C)(C)C)c(C(C)(C)C)c1,M02674,662.936,13.116499999999977,44.760000000000005,0.0,4.0,6.0,O=P(Oc1ccccc1)(Oc1ccccc1)Oc1ccccc1,0.8352580650673657,6
CCNC(=O)c1cccc(C)c1,M02675,163.21999999999997,1.74472,29.1,1.0,1.0,2.0,c1ccccc1,0.21161295934610674,802
O=C1CCCCCCCCCCCN1,M02676,197.32199999999997,3.0172000000000008,29.1,1.0,1.0,0.0,O=C1CCCCCCCCCCCN1,1.0,1
O=C(NC1CCCCC1)NC1CCCCC1,M02677,224.34799999999996,2.9510000000000014,41.13,2.0,1.0,2.0,O=C(NC1CCCCC1)NC1CCCCC1,1.0,1
CN(C1CCCCC1)C1CCCCC1,M02678,195.34999999999994,3.5836000000000023,3.24,0.0,1.0,2.0,C1CCC(NC2CCCCC2)CC1,0.9466801716388252,2
CC(=O)OCC(COC(C)=O)OC(C)=O,M02679,218.20499999999998,0.044299999999999784,78.9,0.0,6.0,5.0,,0.0,0
COC(=O)c1ccc(C(=O)OC)cc1,M02680,194.18599999999998,1.2598,52.60000000000001,0.0,4.0,2.0,c1ccccc1,0.21161295934610674,802
COCCOCCOCCO,M02681,164.201,-0.34170000000000006,47.92,1.0,4.0,8.0,,0.0,0
O=C1CCCCCCCCCCC1,M02682,182.30699999999996,3.8602000000000034,17.07,0.0,1.0,0.0,O=C1CCCCCCCCCCC1,1.0,1
O=C(c1ccccc1)C1CCCCC1,M02683,188.2699999999999,3.449600000000002,17.07,0.0,1.0,2.0,O=C(c1ccccc1)C1CCCCC1,1.0,1
N#Cc1ccccc1C#N,M02684,128.13399999999996,1.4299600000000001,47.58,0.0,2.0,0.0,c1ccccc1,0.21161295934610674,802
Clc1nc2ccccc2s1,M02685,169.63599999999997,2.9497,12.89,0.0,2.0,0.0,c1ccc2scnc2c1,0.7185751418868361,16
Cc1ccc(N)cc1O,M02686,123.155,1.2828199999999998,46.25,2.0,2.0,0.0,c1ccccc1,0.21161295934610674,802
CN(C)C(=O)NC1CCCCC1,M02687,170.25599999999994,1.5902999999999996,32.34,1.0,1.0,1.0,C1CCCCC1,0.6846698721617894,21
CCCCOCCOCCOCCOCCO,M02688,250.33499999999992,0.8452,57.150000000000006,1.0,5.0,14.0,,0.0,0
CCCCCCCCCC(=O)N(C)C,M02689,199.338,3.215300000000002,20.310000000000002,0.0,1.0,8.0,,0.0,0
CCCCCCCCCCCCNC,M02690,199.38199999999998,4.126700000000003,12.03,1.0,1.0,11.0,,0.0,0
Clc1ccccn1,M02691,113.54699999999998,1.7349999999999997,12.89,0.0,1.0,0.0,c1ccncc1,0.5996365394334917,41
c1ccc2sc(SSc3nc4ccccc4s3)nc2c1,M02692,332.50000000000006,5.705400000000002,25.78,0.0,6.0,3.0,c1ccc2sc(SSc3nc4ccccc4s3)nc2c1,1.0,1
CN(C)C(=S)SC(=S)N(C)C,M02693,208.377,1.4126,6.48,0.0,3.0,0.0,,0.0,0
CCCCCCCCCCCCCCCC(=O)NCCO,M02694,299.499,4.576200000000004,49.33,2.0,2.0,16.0,,0.0,0
CCCCCCCCCCSCCOCCO,M02695,262.45899999999995,3.8692000000000033,29.46,1.0,3.0,14.0,,0.0,0
CCCCCCCCSCCOCCO,M02696,234.40499999999994,3.0890000000000026,29.46,1.0,3.0,12.0,,0.0,0
CC(C)=CCOc1c2occc2cc2ccc(=O)oc12,M02697,270.28400000000005,3.8842000000000025,52.58,0.0,4.0,3.0,O=c1ccc2cc3ccoc3cc2o1,0.8352580650673657,6
COc1ccc(Cc2nccc3cc(OC)c(OC)cc23)cc1OC,M02698,339.3910000000001,3.860000000000003,49.81,0.0,5.0,6.0,c1ccc(Cc2nccc3ccccc23)cc1,0.9466801716388252,2
C=C1C(=O)OC2CC[N+]3([O-])CC=C(COC(=O)C(C)(O)C(C)C1C)C23,M02699,351.39900000000006,1.0612999999999995,95.89,1.0,6.0,0.0,C=C1CCCC(=O)OCC2=CC[NH+]3CCC(OC1=O)C23,0.9088491513636503,3
CN1CCc2cc3c(cc2C(=O)Cc2ccc4c(c2C1)OCO4)OCO3,M02700,353.37400000000014,2.5573000000000006,57.230000000000004,0.0,6.0,0.0,O=C1Cc2ccc3c(c2CNCCc2cc4c(cc21)OCO4)OCO3,1.0,1
CN(C)CCc1ccc(O)cc1,M02701,165.236,1.4963,23.47,1.0,2.0,3.0,c1ccccc1,0.21161295934610674,802
CCCCCC1=CC(=O)C=C(OC)C1=O,M02702,208.25699999999998,2.1752000000000002,43.370000000000005,0.0,3.0,5.0,O=C1C=CC(=O)C=C1,1.0,1
C=CC1CNC(=S)O1,M02703,129.18399999999997,0.44569999999999993,21.259999999999998,1.0,2.0,1.0,S=C1NCCO1,1.0,1
CC1=CC(=O)CC(C)(C)C1,M02704,138.20999999999998,2.3218000000000005,17.07,0.0,1.0,0.0,O=C1C=CCCC1,0.8352580650673657,6
O=c1cc(O)oc2ccccc12,M02705,162.14399999999998,1.4986,50.44,1.0,3.0,0.0,O=c1ccoc2ccccc12,1.0,1
O=C1C(O)Oc2ccccc2N1O,M02706,181.147,0.11959999999999998,70.0,2.0,4.0,0.0,O=C1COc2ccccc2N1,0.9466801716388252,2
COc1ccc2c(c1)OC(O)C(=O)N2O,M02707,211.173,0.12819999999999954,79.23,2.0,5.0,1.0,O=C1COc2ccccc2N1,0.9466801716388252,2
COc1cc2ccc(=O)oc2c(O)c1OC,M02708,222.19599999999997,1.5157999999999998,68.9,1.0,5.0,2.0,O=c1ccc2ccccc2o1,0.7265474540909509,15
O=c1cc(-c2ccccc2)c2c(O)cc(O)cc2o1,M02709,254.24099999999999,2.871200000000001,70.67,2.0,4.0,1.0,O=c1cc(-c2ccccc2)c2ccccc2o1,1.0,1
CCCCCC(O)CC(=O)CCc1ccc(O)c(OC)c1,M02710,294.391,3.2338000000000022,66.76,2.0,4.0,10.0,c1ccccc1,0.21161295934610674,802
Nc1ncnc2[nH]cnc12,M02711,135.13,-0.0648999999999999,80.48,2.0,4.0,0.0,c1ncc2nc[nH]c2n1,0.9466801716388252,2
Nc1ccc(Br)cc1,M02712,172.02500000000003,2.0313,26.02,1.0,1.0,0.0,c1ccccc1,0.21161295934610674,802
Oc1ccc(C(c2ccc(O)cc2)(C(F)(F)F)C(F)(F)F)cc1,M02713,336.23099999999994,4.5085000000000015,40.46,2.0,2.0,2.0,c1ccc(Cc2ccccc2)cc1,0.6274242932504864,33
CCC(C)(c1ccc(O)cc1)c1ccc(O)cc1,M02714,242.31799999999998,3.8138000000000023,40.46,2.0,2.0,3.0,c1ccc(Cc2ccccc2)cc1,0.6274242932504864,33
CC(c1ccc(O)cc1)c1ccc(O)cc1,M02715,214.26399999999998,3.249600000000002,40.46,2.0,2.0,2.0,c1ccc(Cc2ccccc2)cc1,0.6274242932504864,33
Oc1ccc(C(=C(Cl)Cl)c2ccc(O)cc2)cc1,M02716,281.13800000000003,4.292300000000002,40.46,2.0,2.0,2.0,C=C(c1ccccc1)c1ccccc1,0.9466801716388252,2
Oc1ccc(C2(c3ccc(O)cc3)CCCCC2)cc1,M02717,268.35599999999994,4.3480000000000025,40.46,2.0,2.0,2.0,c1ccc(C2(c3ccccc3)CCCCC2)cc1,1.0,1
CCCCC(CC)COP(=O)(Oc1ccccc1)Oc1ccccc1,M02718,362.40600000000006,6.485500000000006,44.760000000000005,0.0,4.0,11.0,O=[PH](Oc1ccccc1)Oc1ccccc1,0.9466801716388252,2
Cc1ccc(OP(=O)(Oc2ccccc2)Oc2ccccc2)cc1,M02719,340.31500000000005,5.6399200000000045,44.760000000000005,0.0,4.0,6.0,O=P(Oc1ccccc1)(Oc1ccccc1)Oc1ccccc1,0.8352580650673657,6
CCOP(=O)(O)OCC,M02720,154.10199999999998,1.1598,55.760000000000005,1.0,3.0,4.0,,0.0,0
Cc1ccc(OP(=O)(Oc2ccccc2)Oc2ccc(C)cc2)cc1,M02721,354.3420000000001,5.948340000000005,44.760000000000005,0.0,4.0,6.0,O=P(Oc1ccccc1)(Oc1ccccc1)Oc1ccccc1,0.8352580650673657,6
CC(C)COP(=O)(OCC(C)C)OCC(C)C,M02722,266.318,4.112300000000004,44.760000000000005,0.0,4.0,9.0,,0.0,0
COP(=O)(OC)OC,M02723,140.075,1.0337,44.760000000000005,0.0,4.0,3.0,,0.0,0
O=P(OCC(Cl)CCl)(OCC(Cl)CCl)OCC(Cl)CCl,M02724,430.90700000000004,4.682900000000003,44.760000000000005,0.0,4.0,12.0,,0.0,0
CCCCOCCOP(=O)(OCCOCCCC)OCCOCCCC,M02725,398.47700000000026,4.594400000000005,72.45000000000002,0.0,7.0,21.0,,0.0,0
CC(Cl)COP(=O)(OCC(C)Cl)OCC(C)Cl,M02726,327.572,4.026200000000004,44.760000000000005,0.0,4.0,9.0,,0.0,0
CCCCC(CC)COP(=O)(OCC(CC)CCCC)OCC(CC)CCCC,M02727,434.6420000000004,8.793500000000003,44.760000000000005,0.0,4.0,21.0,,0.0,0
Cc1ccccc1OP(=O)(Oc1ccccc1C)Oc1ccccc1C,M02728,368.36900000000014,6.256760000000005,44.760000000000005,0.0,4.0,6.0,O=P(Oc1ccccc1)(Oc1ccccc1)Oc1ccccc1,0.8352580650673657,6
Cc1ccccc1O,M02729,108.13999999999999,1.70062,20.23,1.0,1.0,0.0,c1ccccc1,0.21161295934610674,802
Cc1cccc(O)c1,M02730,108.13999999999999,1.7006199999999998,20.23,1.0,1.0,0.0,c1ccccc1,0.21161295934610674,802
Cc1ccc(O)cc1,M02731,108.13999999999999,1.7006199999999998,20.23,1.0,1.0,0.0,c1ccccc1,0.21161295934610674,802
CCCCOC(=O)COC(=O)c1ccccc1C(=O)OCCCC,M02732,336.3840000000002,3.143600000000002,78.9,0.0,6.0,10.0,c1ccccc1,0.21161295934610674,802
C=CCOC(=O)c1ccccc1C(=O)OCC=C,M02733,246.26199999999994,2.3722000000000003,52.60000000000001,0.0,4.0,6.0,c1ccccc1,0.21161295934610674,802
O=C(OCc1ccccc1)c1ccccc1C(=O)OCc1ccccc1,M02734,346.38200000000006,4.400600000000003,52.60000000000001,0.0,4.0,6.0,O=C(OCc1ccccc1)c1ccccc1C(=O)OCc1ccccc1,1.0,1
CCCCCCCCCCCCOC(=O)c1ccccc1C(=O)OCCCCCCCCCCCC,M02735,502.78000000000054,9.841999999999997,52.60000000000001,0.0,4.0,24.0,c1ccccc1,0.21161295934610674,802
CC(C)OC(=O)c1ccccc1C(=O)OC(C)C,M02736,250.29399999999998,2.817000000000001,52.60000000000001,0.0,4.0,4.0,c1ccccc1,0.21161295934610674,802
CCCCCCCOC(=O)c1ccccc1C(=O)OCCCCCCC,M02737,362.5100000000003,5.941000000000006,52.60000000000001,0.0,4.0,14.0,c1ccccc1,0.21161295934610674,802
O=C(Oc1ccccc1)c1ccccc1C(=O)Oc1ccccc1,M02738,318.328,4.125000000000003,52.60000000000001,0.0,4.0,4.0,O=C(Oc1ccccc1)c1ccccc1C(=O)Oc1ccccc1,1.0,1
CCCCCCCCCCCOC(=O)c1ccccc1C(=O)OCCCCCCCCCCC,M02739,474.7260000000005,9.061800000000002,52.60000000000001,0.0,4.0,22.0,c1ccccc1,0.21161295934610674,802
CC(C)CCCCCCCOC(=O)c1ccccc1C(=O)OCCCCCCCC(C)C,M02740,446.6720000000004,7.993400000000009,52.60000000000001,0.0,4.0,18.0,c1ccccc1,0.21161295934610674,802
CC(C)CCCCCCOC(=O)c1ccccc1C(=O)OCCCCCCC(C)C,M02741,418.6180000000004,7.2132000000000085,52.60000000000001,0.0,4.0,16.0,c1ccccc1,0.21161295934610674,802
CCCCCCOC(=O)c1ccccc1C(=O)OCC(CC)CCCC,M02742,362.5100000000003,5.796900000000006,52.60000000000001,0.0,4.0,13.0,c1ccccc1,0.21161295934610674,802
CCCCCCCCCOC(=O)c1ccccc1C(=O)OCCCCCCCCC,M02743,418.61800000000045,7.501400000000008,52.60000000000001,0.0,4.0,18.0,c1ccccc1,0.21161295934610674,802
CN=C(O)N(C)c1nc2ccccc2s1,M02744,221.28500000000003,2.276300000000001,48.720000000000006,1.0,3.0,1.0,c1ccc2scnc2c1,0.7185751418868361,16
CCOc1ccc(N=C(O)OC(C)C)cc1OCC,M02745,267.325,3.454500000000002,60.28,1.0,4.0,6.0,c1ccccc1,0.21161295934610674,802
CN(C)C(O)=Nc1ccccc1,M02746,164.208,1.7937,35.83,1.0,1.0,1.0,c1ccccc1,0.21161295934610674,802
CNC(=O)Oc1ccccc1C(C)C,M02747,193.24599999999998,2.528200000000001,38.33,1.0,2.0,2.0,c1ccccc1,0.21161295934610674,802
CON(C)C(O)=Nc1ccc(Cl)c(Cl)c1,M02748,249.09699999999998,3.0321000000000007,45.06,1.0,2.0,2.0,c1ccccc1,0.21161295934610674,802
CC1CCCCC1NC(=O)Nc1ccccc1,M02749,232.32700000000003,3.386800000000001,41.13,2.0,1.0,2.0,O=C(Nc1ccccc1)NC1CCCCC1,0.9088491513636503,3
CCN(CC)C(=O)SCc1ccc(Cl)cc1,M02750,257.786,4.035000000000004,20.310000000000002,0.0,2.0,4.0,c1ccccc1,0.21161295934610674,802
CC(C)OC(O)=Nc1ccccc1,M02751,179.21900000000002,2.6571000000000007,41.82,1.0,2.0,2.0,c1ccccc1,0.21161295934610674,802
C=CCOC(=O)C(C)(C)OC(=O)c1cc(-n2c(=O)cc(C(F)(F)F)n(C)c2=O)ccc1Cl,M02752,474.8190000000001,2.873000000000001,96.6,0.0,8.0,6.0,O=c1cc[nH]c(=O)n1-c1ccccc1,1.0,1
C#CCOc1ccc(CCN=C(O)C(OCC#C)c2ccc(Cl)cc2)cc1OC,M02753,411.8850000000001,4.250700000000003,60.28,1.0,4.0,10.0,C(Cc1ccccc1)=NCCc1ccccc1,1.0,1
CSC(=O)c1cccc2nnsc12,M02754,210.283,2.1945000000000006,42.85,0.0,5.0,1.0,c1ccc2snnc2c1,1.0,1
CN(C(=O)COc1nc2ccccc2s1)c1ccccc1,M02755,298.367,3.3381000000000016,42.43000000000001,0.0,4.0,4.0,O=C(COc1nc2ccccc2s1)Nc1ccccc1,1.0,1
COCCCN=c1nc(SC)[nH]c(=NC(C)C)[nH]1,M02756,271.39,0.7059999999999994,78.42,2.0,5.0,6.0,N=c1nc[nH]c(=N)[nH]1,1.0,1
CC(C)(C)C(O)C(Cc1ccc(Cl)cc1Cl)n1cncn1,M02757,328.243,3.7757000000000023,50.94,1.0,4.0,4.0,c1ccc(CCn2cncn2)cc1,0.8352580650673657,6
CCC1COC(Cn2cncn2)(c2ccc(Cl)cc2Cl)O1,M02758,328.19900000000007,3.263300000000002,49.17,0.0,5.0,4.0,c1ccc(C2(Cn3cncn3)OCCO2)cc1,0.9088491513636503,3
CCOc1cc(C(C)(C)C)ccc1C1COC(c2c(F)cccc2F)=N1,M02759,359.416,5.1791000000000045,30.82,0.0,3.0,4.0,c1ccc(C2=NC(c3ccccc3)CO2)cc1,1.0,1
OC(=Nc1ccccc1)N(Cc1ccc(Cl)cc1)C1CCCC1,M02760,328.84300000000013,5.330300000000004,35.830000000000005,1.0,1.0,4.0,C(=Nc1ccccc1)N(Cc1ccccc1)C1CCCC1,1.0,1
Cc1[nH]c(=O)n(C(C)(C)C)c(=O)c1Cl,M02761,216.66799999999998,1.25342,54.86,1.0,3.0,0.0,O=c1cc[nH]c(=O)[nH]1,0.7883542836784342,9
O=C(O)Cc1c(Cl)ccc(Cl)c1Cl,M02762,239.485,3.273900000000001,37.3,1.0,1.0,2.0,c1ccccc1,0.21161295934610674,802
CC(Oc1ccc(Oc2ccc(Cl)cc2Cl)cc1)C(=O)O,M02763,327.163,4.637600000000003,55.760000000000005,1.0,3.0,5.0,c1ccc(Oc2ccccc2)cc1,0.6438836066809098,29
CCCCCCCCCCOC(=O)c1ccccc1C(=O)OCCCCCCCCCC,M02764,446.6720000000005,8.281600000000006,52.60000000000001,0.0,4.0,20.0,c1ccccc1,0.21161295934610674,802
O=P(O)(O)CCCl,M02765,144.494,0.4029,57.53,2.0,1.0,2.0,,0.0,0
CC1COCc2cc3c(cc21)C(C)(C)C(C)C3(C)C,M02766,258.405,4.525200000000004,9.23,0.0,1.0,0.0,c1c2c(cc3c1CCOC3)CCC2,1.0,1
CCCC(CCC)C(=O)O,M02767,144.214,2.2874,37.3,1.0,1.0,5.0,,0.0,0
O=C1NC(=O)C(c2ccccc2)(c2ccccc2)N1,M02768,252.27300000000002,1.7696,58.2,2.0,2.0,2.0,O=C1NC(=O)C(c2ccccc2)(c2ccccc2)N1,0.9466801716388252,2
CC(C(=O)O)N(C(=O)c1ccc(F)c(Cl)c1)c1ccccc1,M02769,321.735,3.599000000000002,57.61,1.0,2.0,4.0,O=C(Nc1ccccc1)c1ccccc1,0.744107216431016,13
O=C(Nc1ccccc1)c1ccccc1I,M02770,323.133,3.5435000000000016,29.1,1.0,1.0,2.0,O=C(Nc1ccccc1)c1ccccc1,0.744107216431016,13
CC(C)(C)c1cc([N+](=O)[O-])cc([N+](=O)[O-])c1O,M02771,240.21499999999997,2.5061000000000013,106.51,1.0,5.0,2.0,c1ccccc1,0.21161295934610674,802
O=C(Nc1ccc(Cl)cc1C(O)c1ccccc1)c1ccncc1,M02772,338.79400000000004,4.069000000000003,62.22,2.0,3.0,4.0,O=C(Nc1ccccc1Cc1ccccc1)c1ccncc1,1.0,1
CON(C)C(O)=Nc1ccc(Br)c(Cl)c1,M02773,293.548,3.1412000000000013,45.06,1.0,2.0,2.0,c1ccccc1,0.21161295934610674,802
CCCCCCCCc1ccc(O)cc1,M02774,206.32900000000004,4.295200000000005,20.23,1.0,1.0,7.0,c1ccccc1,0.21161295934610674,802
O=C(O)c1ccc(Cl)cc1Cl,M02775,191.01299999999998,2.6916,37.3,1.0,1.0,1.0,c1ccccc1,0.21161295934610674,802
O=C(O)c1nc(Cl)ccc1Cl,M02776,192.00100000000003,2.0866,50.19,1.0,2.0,1.0,c1ccncc1,0.5996365394334917,41
Cc1ccc(S(=O)(=O)O)c(C)c1,M02777,186.232,1.55014,54.370000000000005,1.0,2.0,1.0,c1ccccc1,0.21161295934610674,802
CCCCC(CC)COC(=O)CC(C(=O)OCC(CC)CCCC)S(=O)(=O)O,M02778,422.58400000000023,4.1521000000000035,106.97000000000001,1.0,6.0,16.0,,0.0,0
Nc1c(Cl)c(Cl)nc(C(=O)O)c1Cl,M02779,241.46099999999998,2.3222,76.21,2.0,3.0,1.0,c1ccncc1,0.5996365394334917,41
COc1c(C(C)(C)C)cc([N+](=O)[O-])c(C)c1[N+](=O)[O-],M02780,268.26899999999995,3.1175200000000025,95.51,0.0,5.0,3.0,c1ccccc1,0.21161295934610674,802
Fc1ccc(C2CCNCC2COc2ccc3c(c2)OCO3)cc1,M02781,329.3710000000001,3.326500000000002,39.72,1.0,4.0,4.0,c1ccc(C2CCNCC2COc2ccc3c(c2)OCO3)cc1,1.0,1
CC1(C)CC(N)CC(C)(CN)C1,M02782,170.29999999999998,1.4888000000000001,52.04,2.0,2.0,1.0,C1CCCCC1,0.6846698721617894,21
CC(=O)Nc1ccc(N)cc1,M02783,150.181,1.2271999999999998,55.120000000000005,2.0,2.0,1.0,c1ccccc1,0.21161295934610674,802
CCCCCCCCCCCC[N+](C)(C)[O-],M02784,229.40799999999996,4.481500000000004,23.06,0.0,1.0,11.0,,0.0,0
CCOC(=O)CC(O)(CC(=O)OCC)C(=O)OCC,M02785,276.28499999999997,0.18700000000000006,99.13000000000001,1.0,7.0,8.0,,0.0,0
CC(C)(C)c1cccc(C(C)(C)C)c1O,M02786,206.32899999999995,3.9872000000000036,20.23,1.0,1.0,0.0,c1ccccc1,0.21161295934610674,802
CN(C)S(=O)(=O)c1ccc(N)cc1,M02787,200.263,0.5191,63.400000000000006,1.0,3.0,2.0,c1ccccc1,0.21161295934610674,802
NC(=O)c1ccc(N)cc1,M02788,136.154,0.3677,69.11,2.0,2.0,1.0,c1ccccc1,0.21161295934610674,802
Sc1nc2ccccc2s1,M02789,167.25799999999998,2.585,12.89,1.0,3.0,0.0,c1ccc2scnc2c1,0.7185751418868361,16
Cc1nc2ccccc2s1,M02790,149.21799999999996,2.6047200000000013,12.89,0.0,2.0,0.0,c1ccc2scnc2c1,0.7185751418868361,16
CC(=O)c1ccc2ccccc2c1,M02791,170.21099999999998,3.0424000000000015,17.07,0.0,1.0,1.0,c1ccc2ccccc2c1,0.6846698721617894,21
CCCCC(CC)COC(=O)C(C#N)=C(c1ccccc1)c1ccccc1,M02792,361.485,5.771680000000005,50.09,0.0,3.0,9.0,C=C(c1ccccc1)c1ccccc1,0.9466801716388252,2
CC(=O)c1cc2c(cc1C)C(C)(C)C(C)C2C(C)C,M02793,258.405,4.864520000000005,17.07,0.0,1.0,2.0,c1ccc2c(c1)CCC2,0.8795051323147839,4
CC(=O)c1cc(C(C)(C)C)cc2c1CCC2(C)C,M02794,244.37799999999993,4.410500000000004,17.07,0.0,1.0,1.0,c1ccc2c(c1)CCC2,0.8795051323147839,4
CC1C(C)(C)C2=C(C(=O)CCC2)C1(C)C,M02795,206.32899999999992,3.738100000000003,17.07,0.0,1.0,0.0,O=C1CCCC2=C1CCC2,1.0,1
O=Cc1ccccc1Nc1ccccc1Cl,M02796,231.682,3.8961000000000015,29.1,1.0,2.0,3.0,c1ccc(Nc2ccccc2)cc1,0.7643784743661259,11
CC(=O)c1cc2c(cc1C)C(C)(C)C(C)C2(C)C,M02797,244.37799999999996,4.402520000000004,17.07,0.0,1.0,1.0,c1ccc2c(c1)CCC2,0.8795051323147839,4
CC(C)c1ccc2sc3ccccc3c(=O)c2c1,M02798,254.35399999999998,4.538100000000004,17.07,0.0,2.0,1.0,O=c1c2ccccc2sc2ccccc12,1.0,1
Cc1ccc(C=C2C(=O)C3(C)CCC2C3(C)C)cc1,M02799,254.37299999999996,4.403620000000004,17.07,0.0,1.0,1.0,O=C1C(=Cc2ccccc2)C2CCC1C2,1.0,1
CCOC(=O)c1ccc(N(C)C)cc1,M02800,193.24599999999998,1.9293,29.54,0.0,3.0,3.0,c1ccccc1,0.21161295934610674,802
CCCCCCCCCCCC(=O)N(CCO)CCO,M02801,287.444,2.720500000000001,60.77000000000001,2.0,3.0,14.0,,0.0,0
CCCCCCCCCCCC(=O)NCC(C)O,M02802,257.41799999999995,3.4043000000000014,49.33,2.0,2.0,12.0,,0.0,0
O=S(=O)(c1ccc(Cl)cc1)c1ccc(Cl)cc1,M02803,287.16700000000003,3.826200000000002,34.14,0.0,2.0,2.0,O=S(=O)(c1ccccc1)c1ccccc1,0.8795051323147839,4
O=P(O)(Oc1ccccc1)Oc1ccccc1,M02804,250.19000000000003,3.2448000000000015,55.760000000000005,1.0,3.0,4.0,O=[PH](Oc1ccccc1)Oc1ccccc1,0.9466801716388252,2
CCNS(=O)(=O)c1ccccc1C,M02805,199.275,1.2932199999999998,46.17,1.0,2.0,3.0,c1ccccc1,0.21161295934610674,802
Cc1cc(C(C)(C)C)c(O)c(C(C)(C)C)c1,M02806,220.356,4.295620000000004,20.23,1.0,1.0,0.0,c1ccccc1,0.21161295934610674,802
O=NN1CCOCC1,M02807,116.12,0.0,41.900000000000006,0.0,3.0,1.0,C1COCCN1,0.8795051323147839,4
O=S1(=O)CCCC1,M02808,120.173,0.19500000000000006,34.14,0.0,2.0,0.0,O=S1(=O)CCCC1,1.0,1
CCC(C)OC(=O)N1CCCCC1CCO,M02809,229.31999999999994,2.1584000000000008,49.769999999999996,1.0,3.0,4.0,C1CCNCC1,0.7265474540909509,15
Cc1c(C=O)c(=O)n(-c2ccccc2)n1C,M02810,216.24000000000004,1.2969199999999999,44.0,0.0,4.0,2.0,O=c1cc[nH]n1-c1ccccc1,0.7758207207981391,10
CC(=O)C1(C)CC2=C(CCCC2(C)C)CC1C,M02811,234.38299999999995,4.518300000000004,17.07,0.0,1.0,1.0,C1CCC2=C(C1)CCCC2,1.0,1
NC(=O)N1c2ccccc2C=Cc2cc(O)ccc21,M02812,252.273,3.0928000000000013,66.56,2.0,2.0,0.0,C1=Cc2ccccc2Nc2ccccc21,0.8795051323147839,4
NC(=O)N1c2ccccc2CC(O)c2ccccc21,M02813,254.289,2.4929000000000006,66.56,2.0,2.0,0.0,c1ccc2c(c1)CCc1ccccc1N2,0.8176983027273006,7
OC(Cc1ccccc1Cl)(Cn1cncn1)C1(Cl)CC1,M02814,312.20000000000005,2.6767000000000003,50.94,1.0,4.0,5.0,c1ccc(CC(Cn2cncn2)C2CC2)cc1,1.0,1
CN(C)CCOC(c1ccccc1)c1ccccc1,M02815,255.36100000000002,3.3542000000000023,12.47,0.0,2.0,6.0,c1ccc(Cc2ccccc2)cc1,0.6274242932504864,33
CCCCc1oc2ccccc2c1C(=O)c1cc(I)c(OCCN(CC)CC)c(I)c1,M02816,645.3190000000002,6.936200000000007,42.68,0.0,4.0,11.0,O=C(c1ccccc1)c1coc2ccccc12,0.9466801716388252,2
CN1CCCC(n2nc(Cc3ccc(Cl)cc3)c3ccccc3c2=O)CC1,M02817,381.9070000000002,4.297500000000004,38.13,0.0,4.0,3.0,O=c1c2ccccc2c(Cc2ccccc2)nn1C1CCCNCC1,1.0,1
Clc1ccc2c(c1)CCc1cccnc1C2=C1CCNCC1,M02818,310.8280000000001,4.018900000000002,24.92,1.0,2.0,0.0,c1ccc2c(c1)CCc1cccnc1C2=C1CCNCC1,0.9088491513636503,3
CNCCC(Oc1cccc2ccccc12)c1cccs1,M02819,297.423,4.630900000000003,21.259999999999998,1.0,3.0,6.0,c1csc(COc2cccc3ccccc23)c1,1.0,1
COc1ccc(Cl)cc1C(=O)NCCc1ccc(S(=O)(=O)NC(=O)NC2CCCCC2)cc1,M02820,494.0130000000003,3.641700000000003,113.6,3.0,5.0,8.0,O=C(NC1CCCCC1)NS(=O)(=O)c1ccc(CCNC(=O)c2ccccc2)cc1,1.0,1
CN(C)C(=O)C(CCN1CCC(O)(c2ccc(Cl)cc2)CC1)(c1ccccc1)c1ccccc1,M02821,477.0480000000002,5.088000000000005,43.78,1.0,3.0,7.0,c1ccc(C2CCN(CCC(c3ccccc3)c3ccccc3)CC2)cc1,0.9466801716388252,2
O=C1Nc2ccc(Cl)cc2C(c2ccccc2Cl)=NC1O,M02822,321.163,3.1013000000000015,61.69,2.0,3.0,1.0,O=C1CN=C(c2ccccc2)c2ccccc2N1,0.6627017793637848,25
CN1CCN2c3ncccc3Cc3ccccc3C2C1,M02823,265.36,2.4789000000000003,19.37,0.0,3.0,0.0,c1ccc2c(c1)Cc1cccnc1N1CCNCC21,0.9088491513636503,3
CC(CN1c2ccccc2Sc2ccccc21)N(C)C,M02824,284.428,4.239400000000003,6.48,0.0,3.0,3.0,c1ccc2c(c1)Nc1ccccc1S2,0.7185751418868361,16
Cc1cc(-n2nc3ccc(Cl)cc3n2)c(O)c(C(C)(C)C)c1,M02825,315.8040000000001,4.3854200000000025,50.94,1.0,4.0,1.0,c1ccc(-n2nc3ccccc3n2)cc1,0.9088491513636503,3
CC(C)(C)c1cc(-n2nc3ccc(Cl)cc3n2)c(O)c(C(C)(C)C)c1,M02826,357.88500000000016,5.374500000000006,50.94,1.0,4.0,1.0,c1ccc(-n2nc3ccccc3n2)cc1,0.9088491513636503,3
CC(C)(C)c1cc(-n2nc3ccccc3n2)c(O)c(C(C)(C)C)c1,M02827,323.4400000000001,4.721100000000004,50.94,1.0,4.0,1.0,c1ccc(-n2nc3ccccc3n2)cc1,0.9088491513636503,3
CC(C)(c1ccccc1)c1cc(-n2nc3ccccc3n2)c(O)c(C(C)(C)c2ccccc2)c1,M02828,447.58200000000016,6.777900000000007,50.94,1.0,4.0,5.0,c1ccc(Cc2cc(Cc3ccccc3)cc(-n3nc4ccccc4n3)c2)cc1,1.0,1
Cc1ccc(OP(=O)(Oc2ccc(C)cc2)Oc2ccc(C)cc2)cc1,M02829,368.3690000000001,6.256760000000005,44.760000000000005,0.0,4.0,6.0,O=P(Oc1ccccc1)(Oc1ccccc1)Oc1ccccc1,0.8352580650673657,6
CCCCC(CC)COP(=O)(O)OCC(CC)CCCC,M02830,322.4260000000001,5.552800000000006,55.760000000000005,1.0,3.0,14.0,,0.0,0
CCNc1nc(O)nc(NC(C)C)n1,M02831,197.242,0.8292999999999997,82.96000000000001,3.0,6.0,4.0,c1ncncn1,0.6028054368020348,40
O=C1NC(=O)C2CC=CCC12,M02832,151.16499999999996,0.22519999999999984,46.17,1.0,2.0,0.0,O=C1NC(=O)C2CC=CCC12,0.9088491513636503,3
CCCCOCCOCCO,M02833,162.22899999999998,0.812,38.69,1.0,3.0,8.0,,0.0,0
COc1ccccc1Oc1c(NS(=O)(=O)c2ccc(C(C)(C)C)cc2)nc(-c2ncccn2)nc1OCCO,M02834,551.6250000000002,4.203900000000004,145.65,2.0,10.0,10.0,O=S(=O)(Nc1nc(-c2ncccn2)ncc1Oc1ccccc1)c1ccccc1,1.0,1
O=c1[nH]c2ccccc2n1CCCN1CCC(n2c(=O)[nH]c3cc(Cl)ccc32)CC1,M02835,425.92000000000013,3.353200000000002,78.82,2.0,5.0,5.0,O=c1[nH]c2ccccc2n1CCCN1CCC(n2c(=O)[nH]c3ccccc32)CC1,1.0,1
O=C1Nc2ccc(Cl)cc2C(C#CC2CC2)(C(F)(F)F)O1,M02836,315.67799999999994,4.073100000000001,38.33,1.0,2.0,0.0,O=C1Nc2ccccc2C(C#CC2CC2)O1,1.0,1
COCCCCC(=NOCCN)c1ccc(C(F)(F)F)cc1,M02837,318.339,3.201500000000001,56.84,1.0,4.0,9.0,c1ccccc1,0.21161295934610674,802
CCN(CCO)CCCC(C)Nc1ccnc2cc(Cl)ccc12,M02838,335.8790000000001,3.783000000000002,48.39,2.0,4.0,9.0,c1ccc2ncccc2c1,0.6846698721617894,21
Cc1ccc(NC(=O)c2ccc(CN3CCN(C)CC3)cc2)cc1Nc1nccc(-c2cccnc2)n1,M02839,493.6150000000002,4.590320000000004,86.28000000000002,2.0,7.0,7.0,O=C(Nc1cccc(Nc2nccc(-c3cccnc3)n2)c1)c1ccc(CN2CCNCC2)cc1,1.0,1
CCN(CCCCOC(=O)c1ccc(OC)c(OC)c1)C(C)Cc1ccc(OC)cc1,M02840,429.5570000000002,4.6025000000000045,57.230000000000004,0.0,6.0,13.0,O=C(OCCCCNCCc1ccccc1)c1ccccc1,1.0,1
Cc1nccn1CC1CCc2c(c3ccccc3n2C)C1=O,M02841,293.37000000000006,3.1285200000000017,39.82,0.0,4.0,2.0,O=C1c2c([nH]c3ccccc23)CCC1Cn1ccnc1,1.0,1
CCc1ccc(CCOc2ccc(CC3SC(=O)NC3=O)cc2)nc1,M02842,356.44700000000006,3.159600000000001,68.28999999999999,1.0,5.0,7.0,O=C1NC(=O)C(Cc2ccc(OCCc3ccccn3)cc2)S1,1.0,1
CCCN(CCC)CCc1cccc2c1CC(=O)N2,M02843,260.3809999999999,2.845700000000001,32.34,1.0,2.0,7.0,O=C1Cc2ccccc2N1,0.9466801716388252,2
CCCc1nc(C)c2c(=O)nc(-c3cc(S(=O)(=O)N4CCN(CC)CC4)ccc3OCC)[nH]n12,M02844,488.6140000000004,2.07042,112.9,1.0,8.0,8.0,O=c1nc(-c2cccc(S(=O)(=O)N3CCNCC3)c2)[nH]n2cncc12,1.0,1
O=C1Cc2cc(CCN3CCN(c4nsc5ccccc45)CC3)c(Cl)cc2N1,M02845,412.9460000000002,3.809000000000002,48.470000000000006,1.0,5.0,4.0,O=C1Cc2cc(CCN3CCN(c4nsc5ccccc45)CC3)ccc2N1,1.0,1
COC(=O)C(c1ccccc1Cl)N1CCc2sccc2C1,M02846,321.829,3.6739000000000024,29.54,0.0,4.0,3.0,c1ccc(CN2CCc3sccc3C2)cc1,0.9088491513636503,3
CCC(=C(c1ccc(O)cc1)c1ccc(OCCN(C)C)cc1)c1ccccc1,M02847,387.523,5.701700000000005,32.7,1.0,3.0,8.0,C(=C(c1ccccc1)c1ccccc1)c1ccccc1,0.8795051323147839,4
CC(C)(C#N)c1cc(Cn2cncn2)cc(C(C)(C)C#N)c1,M02848,293.374,2.9287600000000014,78.28999999999999,0.0,5.0,4.0,c1ccc(Cn2cncn2)cc1,1.0,1
CC1CCc2cc(F)cc3c(=O)c(C(=O)O)cn1c23,M02849,261.252,2.346,59.300000000000004,1.0,3.0,1.0,O=c1ccn2c3c(cccc13)CCC2,1.0,1
COC(=O)Nc1nc2ccc(C(=O)c3ccccc3)cc2[nH]1,M02850,295.298,2.972200000000001,84.07999999999998,2.0,4.0,3.0,O=C(c1ccccc1)c1ccc2nc[nH]c2c1,0.9466801716388252,2
CCCSc1ccc2[nH]c(NC(=O)OC)nc2c1,M02851,265.33799999999997,3.2433000000000005,67.01,2.0,4.0,4.0,c1ccc2[nH]cnc2c1,0.7758207207981391,10
CCNc1nc(=O)nc(NC(C)(C)C)[nH]1,M02852,211.269,0.8070999999999993,82.69999999999999,3.0,5.0,3.0,O=c1nc[nH]cn1,0.8176983027273006,7
COCCOCCOCCOCCOC,M02853,222.28099999999995,0.32900000000000085,46.150000000000006,0.0,5.0,12.0,,0.0,0
CC(C)OC(=O)Nc1cccc(Cl)c1,M02854,213.66400000000002,3.2969000000000017,38.33,1.0,2.0,2.0,c1ccccc1,0.21161295934610674,802
Clc1cccc(Cl)c1NC1=NCCN1,M02855,230.09799999999998,2.3644999999999996,36.42,2.0,3.0,1.0,c1ccc(NC2=NCCN2)cc1,0.9466801716388252,2
CCCCNc1ccc(C(=O)OCCN(C)C)cc1,M02856,264.3689999999999,2.617000000000001,41.57,1.0,4.0,8.0,c1ccccc1,0.21161295934610674,802
CN(C)c1ccncc1,M02857,122.17099999999996,1.1476,16.130000000000003,0.0,2.0,1.0,c1ccncc1,0.5996365394334917,41
CC1CN(C2CCCCCCCCCCC2)CC(C)O1,M02858,281.4839999999999,4.768900000000005,12.47,0.0,2.0,1.0,C1CCCCCC(N2CCOCC2)CCCCC1,1.0,1
Cn1cc[nH]c1=S,M02859,114.173,1.08269,20.72,1.0,2.0,0.0,S=c1[nH]cc[nH]1,1.0,1
c1ccc(-c2ccc(C(c3ccccc3)n3ccnc3)cc2)cc1,M02860,310.40000000000003,5.187800000000005,17.82,0.0,2.0,4.0,c1ccc(-c2ccc(C(c3ccccc3)n3ccnc3)cc2)cc1,1.0,1
Nc1c(Br)cc(Br)cc1CNC1CCC(O)CC1,M02861,378.10800000000023,3.1869000000000014,58.28,3.0,3.0,3.0,c1ccc(CNC2CCCCC2)cc1,0.9466801716388252,2
CC(C)(C)c1ccc(C(=O)CCCN2CCC(OC(c3ccccc3)c3ccccc3)CC2)cc1,M02862,469.6690000000001,7.217600000000008,29.540000000000003,0.0,3.0,9.0,O=C(CCCN1CCC(OC(c2ccccc2)c2ccccc2)CC1)c1ccccc1,1.0,1
CC1CCN(CCCC(=O)c2ccc(F)cc2)CC1,M02863,263.356,3.520500000000003,20.310000000000002,0.0,2.0,5.0,O=C(CCCN1CCCCC1)c1ccccc1,1.0,1
NC(=O)C1(N2CCCCC2)CCN(CCCC(=O)c2ccc(F)cc2)CC1,M02864,375.48800000000006,2.5944000000000003,66.64000000000001,1.0,4.0,7.0,O=C(CCCN1CCC(N2CCCCC2)CC1)c1ccccc1,1.0,1
CCN(CC)CC#CCOC(=O)C(O)(c1ccccc1)C1CCCCC1,M02865,357.4940000000002,3.342900000000002,49.769999999999996,1.0,4.0,7.0,c1ccc(CC2CCCCC2)cc1,0.802209494641301,8
Cn1cnc2c1c(=O)n(CCCC(=O)O)c(=O)n2C,M02866,266.25699999999995,-0.7014999999999996,99.12,1.0,7.0,4.0,O=c1[nH]c(=O)c2[nH]cnc2[nH]1,0.7110586460049512,17
Cc1cc(=O)oc2cc(N)ccc12,M02867,175.18699999999998,1.68362,56.230000000000004,1.0,3.0,0.0,O=c1ccc2ccccc2o1,0.7265474540909509,15
c1ccc2sc(N3CCOCC3)nc2c1,M02868,220.29699999999997,2.1329000000000002,25.36,0.0,4.0,1.0,c1ccc2sc(N3CCOCC3)nc2c1,1.0,1
c1ccc2sc(SN3CCOCC3)nc2c1,M02869,252.36399999999995,2.6356,25.36,0.0,5.0,2.0,c1ccc2sc(SN3CCOCC3)nc2c1,1.0,1
CCN(CC)c1ccc2c(C)cc(=O)oc2c1,M02870,231.29499999999996,2.9476200000000015,33.45,0.0,3.0,3.0,O=c1ccc2ccccc2o1,0.7265474540909509,15
c1ccc2sc(NC3CCCCC3)nc2c1,M02871,232.35199999999992,4.040900000000002,24.92,1.0,3.0,2.0,c1ccc2sc(NC3CCCCC3)nc2c1,1.0,1
O=C1CCCC=CCCCCCCCCCC1,M02872,236.3989999999999,5.196600000000005,17.07,0.0,1.0,0.0,O=C1CCCC=CCCCCCCCCCC1,1.0,1
c1ccc(Oc2ccccc2)cc1,M02873,170.21099999999998,3.478900000000001,9.23,0.0,1.0,2.0,c1ccc(Oc2ccccc2)cc1,0.6438836066809098,29
Cc1nccc2c1[nH]c1ccccc12,M02874,182.226,3.0245200000000008,28.68,1.0,1.0,0.0,c1ccc2c(c1)[nH]c1cnccc12,0.9466801716388252,2
CC(CCc1ccccc1)NCC(O)c1ccc(O)c(C(N)=O)c1,M02875,328.4120000000001,2.1353999999999997,95.57999999999998,4.0,4.0,8.0,c1ccc(CCCNCCc2ccccc2)cc1,0.9088491513636503,3
Cc1cccc(Nc2ccncc2S(=O)(=O)NC(=O)NC(C)C)c1,M02876,348.4280000000001,2.5299199999999997,100.19,3.0,5.0,5.0,c1ccc(Nc2ccncc2)cc1,1.0,1
CCOc1nc2cccc(C(=O)O)c2n1Cc1ccc(-c2ccccc2-c2nnn[nH]2)cc1,M02877,440.4630000000001,4.028600000000002,118.81,2.0,7.0,7.0,c1ccc(-c2nnn[nH]2)c(-c2ccc(Cn3cnc4ccccc43)cc2)c1,1.0,1
CN1CCN(C)C1=O,M02878,114.14799999999998,-0.01639999999999997,23.55,0.0,1.0,0.0,O=C1NCCN1,0.9088491513636503,3
N=C(Nc1ccccc1)Nc1ccccc1,M02879,211.268,3.1453700000000007,47.910000000000004,3.0,1.0,2.0,N=C(Nc1ccccc1)Nc1ccccc1,1.0,1
CCNc1ccc2c(C)cc(=O)oc2c1,M02880,203.24099999999996,2.533220000000001,42.24,1.0,3.0,2.0,O=c1ccc2ccccc2o1,0.7265474540909509,15
COc1cc(OC)nc(N=C(O)NS(=O)(=O)N(C)S(C)(=O)=O)n1,M02881,369.3810000000001,-1.2348999999999983,160.38,2.0,9.0,6.0,c1cncnc1,0.7185751418868361,16
COc1ccc2c(c1)[nH]c1c(C)nccc12,M02882,212.25199999999998,3.033120000000001,37.91,1.0,2.0,1.0,c1ccc2c(c1)[nH]c1cnccc12,0.9466801716388252,2
O=[PH](c1ccccc1)c1ccccc1,M02883,202.19299999999998,2.1971,17.07,0.0,1.0,2.0,O=[PH](c1ccccc1)c1ccccc1,1.0,1
CC(=O)C1(O)CCC2C3CCC4=CC(=O)CCC4(C)C3CCC21C,M02884,330.4680000000001,3.8384000000000027,54.37,1.0,3.0,1.0,O=C1C=C2CCC3C4CCCC4CCC3C2CC1,0.6627017793637848,25
CC(C)(N)CN,M02885,88.15400000000001,-0.31760000000000027,52.04,2.0,2.0,1.0,,0.0,0
C[N+](C)(C)C,M02886,74.14699999999999,0.3224,0.0,0.0,0.0,0.0,,0.0,0
NC1CCCCC1,M02887,99.177,1.2778,26.02,1.0,1.0,0.0,C1CCCCC1,0.6846698721617894,21
c1ccc2[nH]ncc2c1,M02888,118.13899999999998,1.5629,28.68,1.0,1.0,0.0,c1ccc2[nH]ncc2c1,0.802209494641301,8
COc1ccc(CO)cc1,M02889,138.166,1.1874999999999998,29.46,1.0,2.0,2.0,c1ccccc1,0.21161295934610674,802
OCCc1cccc(O)c1,M02890,138.16599999999997,0.9269999999999998,40.46,2.0,2.0,2.0,c1ccccc1,0.21161295934610674,802
CC1(C)C2CC=C(CO)C1C2,M02891,152.237,1.9710999999999999,20.23,1.0,1.0,1.0,C1=CC2CC(C1)C2,1.0,1
CC(=O)c1ccc(N)cc1,M02892,135.166,1.4714,43.09,1.0,2.0,1.0,c1ccccc1,0.21161295934610674,802
COc1cccc(CO)c1O,M02893,154.165,0.8930999999999998,49.69,2.0,3.0,2.0,c1ccccc1,0.21161295934610674,802
O=C1NC(=O)c2ccccc21,M02894,147.13299999999998,0.5702,46.17,1.0,2.0,0.0,O=C1NC(=O)c2ccccc21,0.8795051323147839,4
CC(N)C(O)c1ccccc1,M02895,151.20899999999997,1.0672000000000001,46.25,2.0,2.0,2.0,c1ccccc1,0.21161295934610674,802
CCCCCCCC(O)CC(=O)O,M02896,188.267,2.1825,57.53,2.0,2.0,8.0,,0.0,0
O=C(O)Cc1cc2ccccc2[nH]1,M02897,175.187,1.795,53.089999999999996,2.0,1.0,2.0,c1ccc2[nH]ccc2c1,0.5442457568182516,63
CCN(CCO)c1cccc(C)c1,M02898,179.26299999999998,1.81362,23.47,1.0,2.0,4.0,c1ccccc1,0.21161295934610674,802
O=C(O)CC1(C(=O)O)CCCCC1,M02899,186.20699999999994,1.4961999999999998,74.6,2.0,2.0,3.0,C1CCCCC1,0.6846698721617894,21
NC(Cc1cnc[nH]1)C(=O)N1CCCC1C(=O)O,M02900,252.27399999999994,-0.6448999999999996,112.30999999999999,3.0,4.0,4.0,O=C(CCc1cnc[nH]1)N1CCCC1,1.0,1
NC(Cc1ccccc1)C(=O)N1CCCC1C(=O)O,M02901,262.3089999999999,0.6319999999999999,83.63000000000001,2.0,3.0,4.0,O=C(CCc1ccccc1)N1CCCC1,1.0,1
Nc1cc(Cl)c(S(N)(=O)=O)cc1S(N)(=O)=O,M02902,285.73400000000004,-0.7829999999999995,146.34,3.0,5.0,2.0,c1ccccc1,0.21161295934610674,802
NS(=O)(=O)c1cc2c(cc1Cl)NC=NS2(=O)=O,M02903,295.72900000000004,0.12990000000000046,118.69,2.0,5.0,1.0,O=S1(=O)N=CNc2ccccc21,1.0,1
CSCC1OC(n2cnc3c(NC(=O)C(F)(F)F)ncnc32)C(OC(=O)C(F)(F)F)C1OC(=O)C(F)(F)F,M02904,585.3610000000002,2.5357000000000003,134.53,1.0,11.0,6.0,c1ncc2ncn(C3CCCO3)c2n1,0.6577388176437765,26
CC(=O)C1CCC2C3CC=C4CC(O)CCC4(C)C3CCC12C,M02905,316.48500000000007,4.515300000000004,37.3,1.0,2.0,1.0,C1=C2CCCCC2C2CCC3CCCC3C2C1,0.7185751418868361,16
NCCc1ccc(OC2OC(C(=O)O)C(O)C(O)C2O)c(O)c1,M02906,329.305,-1.8355999999999986,162.7,6.0,8.0,5.0,c1ccc(OC2CCCCO2)cc1,0.6788243374826469,22
Cc1cnc(NC(=O)C2=C(O)c3ccccc3S(=O)(=O)N2C)s1,M02907,351.4090000000001,1.95092,99.59999999999998,2.0,6.0,2.0,O=C(Nc1nccs1)C1=Cc2ccccc2S(=O)(=O)N1,1.0,1
CCCCOC(C)OP(=O)(OC(C)OCCCC)OC(C)OCCCC,M02908,398.4770000000002,5.632400000000006,72.45000000000002,0.0,7.0,18.0,,0.0,0
CC(O)C(NC(=O)Nc1ncnc2c1ncn2C1OC(CO)C(O)C1O)C(=O)O,M02909,412.35900000000015,-2.6066999999999996,212.17999999999998,7.0,11.0,6.0,c1ncc2ncn(C3CCCO3)c2n1,0.6577388176437765,26
COCCc1ccc(OCC(CNC(C)C)OC(=O)C2OC(O)C(O)C(O)C2O)cc1,M02910,443.49300000000005,-1.0359999999999967,146.94,5.0,10.0,11.0,O=C(OCCOc1ccccc1)C1CCCCO1,1.0,1
CC12CCC(=O)C=C1CCC1C2CCC2(C)C(OC3OC(C(=O)O)C(O)C(O)C3O)CCC12,M02911,464.5550000000002,1.7956999999999992,133.52,4.0,7.0,3.0,O=C1C=C2CCC3C(CCC4C(OC5CCCCO5)CCC43)C2CC1,1.0,1
COc1ccc2c3c1OC1C(OC4OC(C(=O)O)C(O)C(O)C4O)C=CC4C(C2)N(C)CCC341,M02912,475.4940000000002,-0.582399999999998,138.15,4.0,9.0,4.0,C1=CC2C3Cc4cccc5c4C2(CCN3)C(O5)C1OC1CCCCO1,0.9466801716388252,2
Nc1nnnc(Cl)c1N,M02913,145.553,-0.3106000000000004,90.71,2.0,5.0,0.0,c1cnnnc1,1.0,1
N#Cc1ccccc1Oc1cc(O)ncn1,M02914,213.196,1.8461799999999997,79.03,1.0,5.0,2.0,c1ccc(Oc2ccncn2)cc1,1.0,1
CC1=CC=C(NC(=O)N(C)C)C2OC12,M02915,194.234,0.8688,44.870000000000005,1.0,2.0,1.0,C1=CC2OC2C=C1,1.0,1
O=C(O)c1cccnc1Oc1cccc(C(F)(F)F)c1,M02916,283.205,3.5909000000000013,59.42,1.0,3.0,3.0,c1ccc(Oc2ccccn2)cc1,0.8352580650673657,6
Cc1csc(C)c1NC(=O)CCl,M02917,203.694,2.5422400000000005,29.1,1.0,2.0,2.0,c1ccsc1,0.802209494641301,8
O=NNC1=NCCN1Cc1ccc(Cl)nc1,M02918,239.66600000000003,1.1776,69.95,1.0,5.0,3.0,C1=NCCN1Cc1cccnc1,0.9088491513636503,3
O=[N+]([O-])Nc1nccn1Cc1ccc(Cl)nc1,M02919,253.649,1.5833999999999997,85.88000000000001,1.0,5.0,4.0,c1cncc(Cn2ccnc2)c1,1.0,1
Cc1cccc(C)c1NC(=O)CCl,M02920,197.665,2.48074,29.1,1.0,1.0,2.0,c1ccccc1,0.21161295934610674,802
Cc1cccc(C)c1N(Cn1cccn1)C(=O)CO,M02921,259.30899999999997,1.48294,58.36,1.0,4.0,4.0,c1ccc(NCn2cccn2)cc1,0.8176983027273006,7
CCc1cccc(C)c1NC(=O)CCl,M02922,211.69199999999995,2.7347200000000003,29.1,1.0,1.0,3.0,c1ccccc1,0.21161295934610674,802
CCC=Nc1c([N+](=O)[O-])cc(C)c(C)c1[N+](=O)[O-],M02923,251.24199999999996,3.232140000000002,98.64,0.0,5.0,4.0,c1ccccc1,0.21161295934610674,802
Cc1cc([N+](=O)[O-])c(N)c([N+](=O)[O-])c1C,M02924,211.177,1.70204,112.30000000000001,1.0,5.0,2.0,c1ccccc1,0.21161295934610674,802
O=C(O)c1cccc(Oc2cccc(C(F)(F)F)c2)n1,M02925,283.205,3.5909000000000013,59.42,1.0,3.0,3.0,c1ccc(Oc2ccccn2)cc1,0.8352580650673657,6
Nc1ccc(F)cc1,M02926,111.119,1.4079,26.02,1.0,1.0,0.0,c1ccccc1,0.21161295934610674,802
C=CNc1nc(NC(C)(C)C)nc(SC)n1,M02927,239.348,2.3593,62.730000000000004,2.0,6.0,4.0,c1ncncn1,0.6028054368020348,40
CCNc1nc(S)nc(NC(C)(C)C)n1,M02928,227.337,1.8024999999999998,62.730000000000004,3.0,6.0,3.0,c1ncncn1,0.6028054368020348,40
NC(=O)N1c2ccccc2CC(=O)c2ccccc21,M02929,252.27299999999997,2.6422000000000008,63.400000000000006,1.0,2.0,0.0,O=C1Cc2ccccc2Nc2ccccc21,1.0,1
Cc1ccc(NC=O)c(C)c1,M02930,149.193,1.8717399999999997,29.1,1.0,1.0,2.0,c1ccccc1,0.21161295934610674,802
CCC1(c2cccc(O)c2)CCCCN(C)C1,M02931,233.3549999999999,3.1557000000000013,23.47,1.0,2.0,2.0,c1ccc(C2CCCCNC2)cc1,1.0,1
CC(=O)N(C)c1ccccc1,M02932,149.19299999999998,1.6693,20.310000000000002,0.0,1.0,1.0,c1ccccc1,0.21161295934610674,802
C=C(c1ccc(C(=O)O)cc1)c1cc2c(cc1C)C(C)(C)CCC2(C)C,M02933,348.48600000000016,6.103720000000005,37.3,1.0,1.0,3.0,C=C(c1ccccc1)c1ccc2c(c1)CCCC2,1.0,1
CCNc1nc(N)nc(O)n1,M02934,155.16100000000003,-0.40880000000000033,96.95,3.0,6.0,2.0,c1ncncn1,0.6028054368020348,40
CC(C)(c1ccc(OCC(O)CCl)cc1)c1ccc(OCC(O)CCl)cc1,M02935,413.3410000000001,3.9695000000000027,58.92,2.0,4.0,10.0,c1ccc(Cc2ccccc2)cc1,0.6274242932504864,33
Cc1cccc(C)c1O,M02936,122.16699999999999,2.00904,20.23,1.0,1.0,0.0,c1ccccc1,0.21161295934610674,802
O=Cc1ccccc1O,M02937,122.12299999999996,1.2047,37.3,1.0,2.0,1.0,c1ccccc1,0.21161295934610674,802
Cc1ccc(C)c(O)c1C,M02938,136.194,2.3174600000000005,20.23,1.0,1.0,0.0,c1ccccc1,0.21161295934610674,802
CC(C)(c1ccc(O)c(-c2ccccc2)c1)c1ccc(O)c(-c2ccccc2)c1,M02939,380.4870000000001,6.757700000000007,40.46,2.0,2.0,4.0,c1ccc(-c2cccc(Cc3cccc(-c4ccccc4)c3)c2)cc1,1.0,1
CC(c1ccc(O)cc1)(c1ccc(O)cc1)c1ccc(O)cc1,M02940,306.36100000000005,4.157700000000002,60.69,3.0,3.0,3.0,c1ccc(C(c2ccccc2)c2ccccc2)cc1,0.9466801716388252,2
CNC(=O)ON=C(C)C(C)S(C)(=O)=O,M02941,222.266,0.15139999999999998,84.82999999999998,1.0,5.0,3.0,,0.0,0
NS(=O)(=O)c1ccccc1,M02942,157.194,0.3340000000000002,60.160000000000004,1.0,2.0,1.0,c1ccccc1,0.21161295934610674,802
CSc1nc(=O)c(C(C)(C)C)n[nH]1,M02943,199.279,1.1843,58.64,1.0,4.0,1.0,O=c1cn[nH]cn1,1.0,1
CC(N)C12CC3CC(CC(C3)C1)C2,M02944,179.30699999999996,2.5500000000000007,26.02,1.0,1.0,1.0,C1C2CC3CC1CC(C2)C3,0.8555293230024756,5
Nc1[nH]c(=O)ncc1F,M02945,129.094,-0.5088000000000001,71.77000000000001,2.0,3.0,0.0,O=c1nccc[nH]1,0.8795051323147839,4
CN(CCO)CCO,M02946,119.16399999999999,-1.0972000000000002,43.7,2.0,3.0,4.0,,0.0,0
OCCc1ccccn1,M02947,123.15499999999997,0.6164,33.120000000000005,1.0,2.0,2.0,c1ccncc1,0.5996365394334917,41
CC1(C)CC(O)CC(C)(C)N1,M02948,157.257,1.2878999999999998,32.26,2.0,2.0,0.0,C1CCNCC1,0.7265474540909509,15
Nc1cccc(Cl)c1,M02949,127.574,1.9222,26.02,1.0,1.0,0.0,c1ccccc1,0.21161295934610674,802
Cc1cc(Cl)ccc1N,M02950,141.60099999999997,2.23062,26.02,1.0,1.0,0.0,c1ccccc1,0.21161295934610674,802
Nc1ccc(Cl)cc1,M02951,127.574,1.9222,26.02,1.0,1.0,0.0,c1ccccc1,0.21161295934610674,802
O=P(OCCCCl)(OCCCCl)OCCCCl,M02952,327.5720000000001,4.031000000000003,44.760000000000005,0.0,4.0,12.0,,0.0,0
O=C(O)C1(O)c2ccccc2-c2ccccc21,M02953,226.231,1.9875000000000003,57.53,2.0,2.0,1.0,c1ccc2c(c1)Cc1ccccc1-2,1.0,1
CC(Oc1c(Cl)cc(Cl)cc1Cl)C(=O)O,M02954,269.51099999999997,3.4987000000000013,46.53,1.0,2.0,3.0,c1ccccc1,0.21161295934610674,802
Cc1c(C(=O)c2cnn(C)c2O)ccc(S(C)(=O)=O)c1C1=NOCC1,M02955,363.3950000000002,1.19302,110.85,1.0,8.0,4.0,O=C(c1cn[nH]c1)c1cccc(C2=NOCC2)c1,1.0,1
Oc1ccc(C(c2ccccc2)(c2ccccc2)c2ccc(O)cc2)cc1,M02956,352.43300000000005,5.480500000000005,40.46,2.0,2.0,4.0,c1ccc(C(c2ccccc2)(c2ccccc2)c2ccccc2)cc1,1.0,1
Cc1cc(C(C)(C)c2ccc(O)c(C)c2)ccc1O,M02957,256.34499999999997,4.040540000000004,40.46,2.0,2.0,2.0,c1ccc(Cc2ccccc2)cc1,0.6274242932504864,33
c1ccc(OCCOc2ccccc2)cc1,M02958,214.26400000000004,3.144400000000002,18.46,0.0,2.0,5.0,c1ccc(OCCOc2ccccc2)cc1,1.0,1
On1ccccc1=S,M02959,127.168,1.45489,25.16,1.0,3.0,0.0,S=c1cccc[nH]1,1.0,1
NC1=NCCN1Cc1ccc(Cl)nc1,M02960,210.668,0.8653,54.51,1.0,4.0,2.0,C1=NCCN1Cc1cccnc1,0.9088491513636503,3
O=S(=O)(NC1CCCCC1)c1nc2ccccc2s1,M02961,296.417,2.907300000000001,59.06,1.0,4.0,3.0,O=S(=O)(NC1CCCCC1)c1nc2ccccc2s1,1.0,1
CCCCOCCOCCOCCO,M02962,206.28199999999995,0.8286,47.92,1.0,4.0,11.0,,0.0,0
C=C(C)C12OC3(C=CC=CCCCCC)OC1C1C4OC4(CO)C(O)C4(O)C(=O)C(C)=CC4C1(O3)C(C)C2OC(=O)c1ccccc1,M02963,648.7490000000003,3.7044000000000024,144.28,3.0,10.0,10.0,O=C(OC1CC23OC4OC1C(O4)C2C1OC1CC1C(=O)C=CC13)c1ccccc1,1.0,1
CCCCCCCCCCCC(=O)OC12CC(C)C3(O)C(C4OC4(CO)C(O)C4(O)C(=O)C(C)=CC43)C1C2(C)C,M02964,562.7440000000001,3.613100000000003,136.82000000000002,4.0,8.0,12.0,O=C1C=CC2C1CC1OC1C1C3CC3CCC21,0.9088491513636503,3
CCN1CC2(COC(=O)c3ccccc3N)CCC(OC)C34C5CC6C(OC)CC(O)(C5C6OC)C(O)(C(OC)C23)C14,M02965,586.7260000000003,1.717900000000002,132.94000000000003,3.0,10.0,8.0,O=C(OCC12CCCC34C5CC6CCC(C5C6)C(CC13)C4NC2)c1ccccc1,0.9088491513636503,3
CCN1CC2(COC(=O)c3ccccc3NC(=O)CCC(=O)O)CCC(OC)C34C5CC6C(OC)CC(O)(C5C6OC)C(O)(C(OC)C23)C14,M02966,686.7990000000005,1.9390000000000025,173.32,4.0,11.0,12.0,O=C(OCC12CCCC34C5CC6CCC(C5C6)C(CC13)C4NC2)c1ccccc1,0.9088491513636503,3
CC=C1C2C=C(C)CC1(N)c1ccc(=O)[nH]c1C2,M02967,242.32199999999997,1.9975,58.88,2.0,2.0,0.0,C=C1C2C=CCC1c1ccc(=O)[nH]c1C2,0.9466801716388252,2
CC=C1C2C=C(C)CC1(NC)c1ccc(=O)[nH]c1C2,M02968,256.349,2.2582000000000004,44.89,2.0,2.0,1.0,C=C1C2C=CCC1c1ccc(=O)[nH]c1C2,0.9466801716388252,2
COC(=O)C1=COC(C)C2CN3CCC4(C(=O)Nc5ccccc54)C3CC12,M02969,368.43300000000005,2.062499999999999,67.87,1.0,5.0,1.0,O=C1Nc2ccccc2C12CCN1CC3COC=CC3CC12,1.0,1
C=CC1CN2CCC3c4ccccc4NC3C2CC1C(=COC)C(=O)OC,M02970,368.4770000000002,3.1640000000000015,50.8,1.0,5.0,4.0,c1ccc2c(c1)NC1C2CCN2CCCCC12,1.0,1
CC=C1CN2CCc3c([nH]c4ccccc34)C2CC1C(=COC)C(=O)OC,M02971,366.4610000000002,3.736600000000003,54.56,1.0,4.0,3.0,C=C1CCC2c3[nH]c4ccccc4c3CCN2C1,1.0,1
CCC1C(=O)N2CCc3c([nH]c4ccccc34)C2CC1C(=COC)C(=O)OC,M02972,382.4600000000002,3.3431000000000024,71.63,1.0,4.0,4.0,O=C1CCCC2c3[nH]c4ccccc4c3CCN12,1.0,1
COC(=O)C1=COC(OC2OC(CO)C(O)C(O)C2O)C2C(O)CN3CCc4c([nH]c5ccccc45)C3CC12,M02973,546.5730000000002,-0.7061999999999975,174.17000000000002,6.0,11.0,4.0,C1=CC2CC3c4[nH]c5ccccc5c4CCN3CCC2C(OC2CCCCO2)O1,1.0,1
CC(O)c1cncc2c(=O)n3c(cc12)-c1[nH]c2ccccc2c1CC3,M02974,331.3750000000001,3.1542000000000012,70.91,2.0,4.0,1.0,O=c1c2cnccc2cc2n1CCc1c-2[nH]c2ccccc12,1.0,1
CCN1CC2(COC(=O)c3ccccc3N3C(=O)CC(C)C3=O)CCC(OC)C34C5CC6C(OC)CC(O)(C5C6OC)C(O)(C(OC)C23)C14,M02975,682.8110000000005,2.035100000000002,144.3,2.0,11.0,9.0,O=C(OCC12CCCC34C5CC6CCC(C5C6)C(CC13)C4NC2)c1ccccc1N1C(=O)CCC1=O,1.0,1
O=C1C=C2C=CC3CC2(O1)C1CCCCN31,M02976,217.26799999999994,1.405,29.54,0.0,3.0,0.0,O=C1C=C2C=CC3CC2(O1)C1CCCCN31,1.0,1
CCC1CC2CN3CCc4c([nH]c5ccccc45)C(C(=O)OC)(C2)C13,M02977,338.45100000000014,3.255200000000002,45.33,1.0,3.0,2.0,c1ccc2c3c([nH]c2c1)C1CC2CCC1N(CC3)C2,0.8795051323147839,4
CCC1CN(C)C2Cc3c([nH]c4ccccc34)C(=O)CC1C2C(=O)OC,M02978,354.45000000000016,3.0424000000000015,62.400000000000006,1.0,4.0,2.0,O=C1CC2CCNC(Cc3c1[nH]c1ccccc31)C2,1.0,1
CCC1CC2CC3(C(=O)OC)c4[nH]c5ccccc5c4CCN(C2OC)C13,M02979,368.4770000000002,3.2277000000000022,54.56,1.0,4.0,3.0,c1ccc2c3c([nH]c2c1)C1CC2CCC1N(CC3)C2,0.8795051323147839,4
CC=C1CN(C)C2Cc3c([nH]c4ccccc34)C(=O)CC1C2C(=O)OC,M02980,352.43400000000014,2.9625000000000012,62.400000000000006,1.0,4.0,1.0,C=C1CNC2Cc3c([nH]c4ccccc34)C(=O)CC1C2,1.0,1
CCCCCCCCCCCCCC(=O)OC12CC(C)C3(O)C(C4OC4(CO)C(O)C4(O)C(=O)C(C)=CC43)C1C2(C)C,M02981,590.7980000000001,4.393300000000004,136.82000000000002,4.0,8.0,14.0,O=C1C=CC2C1CC1OC1C1C3CC3CCC21,0.9088491513636503,3
CCC1CN(C)CC2(C(=O)OC)Cc3c([nH]c4ccccc34)C(=O)CC12,M02982,354.4500000000001,3.0440000000000014,62.4,1.0,4.0,2.0,O=C1CC2CCNCC2Cc2c1[nH]c1ccccc21,0.9466801716388252,2
CC=C1CN(C)CC2Cc3c([nH]c4ccccc34)C(=O)CC12,M02983,294.3980000000001,3.4209000000000014,36.1,1.0,2.0,0.0,C=C1CNCC2Cc3c([nH]c4ccccc34)C(=O)CC12,1.0,1
CCC1CN(C)CC2Cc3c([nH]c4ccccc34)C(=O)CC12,M02984,296.41400000000004,3.5008000000000017,36.1,1.0,2.0,1.0,O=C1CC2CCNCC2Cc2c1[nH]c1ccccc21,0.9466801716388252,2
COC(=O)C12CC3CC(C(C)O)C1N(CCc1c2[nH]c2ccccc12)C3,M02985,354.45000000000005,2.226,65.56,2.0,4.0,2.0,c1ccc2c3c([nH]c2c1)C1CC2CCC1N(CC3)C2,0.8795051323147839,4
CC=C1CN2CCc3c([nH]c4ccccc34)C(CO)(C(=O)OC)C1CC2,M02986,354.45000000000016,2.3953000000000007,65.56,2.0,4.0,2.0,C=C1CN2CCc3c([nH]c4ccccc34)CC1CC2,1.0,1
CCC12CC(C(=O)OC)=C3Nc4ccccc4C34CCN(CC3OC31)C42,M02987,352.4340000000001,2.4324000000000003,54.1,1.0,5.0,2.0,C1=C2Nc3ccccc3C23CCN2CC4OC4C(C1)C23,1.0,1
CCC12C=CCN3CCC4(C(=C(C(=O)OC)C1)Nc1ccccc14)C32,M02988,336.43500000000006,3.2212000000000014,41.57,1.0,4.0,2.0,C1=CC2CC=C3Nc4ccccc4C34CCN(C1)C24,1.0,1
CCC1CC2CN3CCc4c([nH]c5ccc(OC)cc45)C(C(=O)OC)(C2)C13,M02989,368.4770000000002,3.2638000000000016,54.56,1.0,4.0,3.0,c1ccc2c3c([nH]c2c1)C1CC2CCC1N(CC3)C2,0.8795051323147839,4
CCC1C2CCCCN3C(C4CC(C)C(=O)O4)CC(C4C(C)C(=O)OC14)C23,M02990,375.5090000000001,3.0147000000000013,55.84,0.0,5.0,2.0,O=C1CC2C(CC3CCCCN4C(C5CCC(=O)O5)CC2C34)O1,1.0,1
CCC1C2CCCCN3CCC(C4C(C)C(=O)OC14)C23,M02991,277.408,2.6945000000000006,29.540000000000003,0.0,3.0,1.0,O=C1CC2C(CC3CCCCN4CCC2C34)O1,1.0,1
CC1CC(C2CCC3N2CCCCC32CC(C)C(=O)O2)OC1=O,M02992,321.41700000000003,2.2767,55.84,0.0,5.0,1.0,O=C1CCC(C2CCC3N2CCCCC32CCC(=O)O2)O1,1.0,1
COC1=C(C)C(=O)OC1=C1OC2CCCN3C(C4CC(C)C(=O)O4)CCC3C2C1C,M02993,417.50200000000024,2.904700000000001,74.30000000000001,0.0,7.0,2.0,O=C1C=CC(=C2CC3C(CCCN4C(C5CCC(=O)O5)CCC34)O2)O1,1.0,1
CC1=CC(C2OC3CCCN4C(C5CC(C)C(=O)O5)CCC4C3C2C)OC1=O,M02994,389.4920000000002,2.4562,65.07,0.0,6.0,2.0,O=C1C=CC(C2CC3C(CCCN4C(C5CCC(=O)O5)CCC34)O2)O1,1.0,1
CC(=O)OC1CC(O)C23COC(O)C1(C)C2CC(O)C1(C)C3=C(O)C(=O)C2(C)C(c3ccoc3)CC3OC312,M02995,530.5700000000003,1.7302999999999995,159.19000000000003,4.0,10.0,2.0,O=C1C=C2C(CCC3C4CCCC23COC4)C23OC2CC(c2ccoc2)C13,1.0,1
COc1c(-c2c(C)cc(OC)c3c(OC)cccc23)c(O)cc2c1C(C)NC(C)C2,M02996,407.51000000000016,5.1418200000000045,59.95,2.0,5.0,4.0,c1ccc2c(-c3ccc4c(c3)CNCC4)cccc2c1,1.0,1
COc1cc2c(cc1OC)Oc1c(O)ccc3c1C(C2)N(C)CC3,M02997,327.3800000000001,3.286800000000002,51.160000000000004,1.0,5.0,2.0,c1ccc2c(c1)CC1NCCc3cccc(c31)O2,1.0,1
CN1CCc2ccc(O)c3c2C1Cc1cc2c(cc1O3)OCO2,M02998,311.33700000000005,2.9983000000000013,51.16000000000001,1.0,5.0,0.0,c1cc2c3c(c1)Oc1cc4c(cc1CC3NCC2)OCO4,1.0,1
COc1cc2c3c(c1OC)Oc1ccc(cc1)CC1c4c(cc(OC)c5c4Oc4ccc(cc4CO5)CC3N(C)CC2)CCN1C,M02999,620.746,7.046200000000008,61.860000000000014,0.0,8.0,3.0,c1cc2c3c(c1)Oc1ccc(cc1)CC1NCCc4ccc5c(c41)Oc1ccc(cc1CO5)CC3NCC2,1.0,1
COc1cc2c3c(c1OC)Oc1ccc(cc1)CC1c4c(cc(OC)c(OC)c4Oc4ccc(cc4)CC3N(C)CC2)CCN1C,M03000,622.762,7.16240000000001,61.860000000000014,0.0,8.0,4.0,c1cc2c3c(c1)Oc1ccc(cc1)CC1NCCc4cccc(c41)Oc1ccc(cc1)CC3NCC2,0.9466801716388252,2
COc1cc2c3c(c1O)Oc1ccc(cc1)CC1c4c(cc(OC)c(O)c4Oc4ccc(cc4)CC3N(C)CC2)CCN1C,M03001,594.708,6.556400000000007,83.86,2.0,8.0,2.0,c1cc2c3c(c1)Oc1ccc(cc1)CC1NCCc4cccc(c41)Oc1ccc(cc1)CC3NCC2,0.9466801716388252,2
COc1ccc2cc1-c1cc(ccc1O)CC1c3cc4c(cc3CCN1C)Oc1c(OC)c(OC)c3c(c1O4)C(C2)N(C)CC3,M03002,606.7190000000002,6.839800000000006,72.86000000000001,1.0,8.0,3.0,c1cc2cc(c1)-c1cccc(c1)CC1NCCc3ccc4c(c31)Oc1cc3c(cc1O4)CCNC3C2,0.9466801716388252,2
COc1ccc2cc1-c1cc(ccc1O)CC1NCCc3cc4c(cc31)Oc1c(c(OC)c(O)c3c1C(C2)N(C)CC3)O4,M03003,578.6650000000002,6.1946000000000065,92.65,3.0,8.0,2.0,c1cc2cc(c1)-c1cccc(c1)CC1NCCc3ccc4c(c31)Oc1cc3c(cc1O4)CCNC3C2,0.9466801716388252,2
CN1CCc2cc3c(c4c2C1CC41C=CC(=O)C=C1)OCO3,M03004,295.3380000000001,2.2809,38.77,0.0,4.0,0.0,O=C1C=CC2(C=C1)CC1NCCc3cc4c(c2c31)OCO4,1.0,1
CC(=O)OC(CC(C)C1=C2CC(O)C3C4(C)CCC(=O)C(C)(C)C4CCC3(C)C2(C)CC1)C1OC1(C)C,M03005,514.7470000000004,6.410900000000008,76.13,1.0,5.0,5.0,O=C1CCC2C(CCC3C4CCC(CCCC5CO5)=C4CCC23)C1,1.0,1
COc1c(O)cc2c3c1C1(C=CC(=O)C=C1)CC3N(C)CC2,M03006,297.3540000000001,2.266400000000001,49.77,1.0,4.0,1.0,O=C1C=CC2(C=C1)CC1NCCc3cccc2c31,1.0,1
COc1cc2c3cc1Oc1c(cccc1OC)CC1c4c(cc(OC)c(OC)c4Oc4cccc(c4)CC3N(C)CC2)CCN1C,M03007,622.762,7.16240000000001,61.860000000000014,0.0,8.0,4.0,c1cc2cc(c1)Oc1cccc3c1C(Cc1ccccc1Oc1ccc4c(c1)C(C2)NCC4)NCC3,0.9466801716388252,2
COc1cc2c3cc1Oc1c(cccc1OC)CC1c4c(cc(O)c(OC)c4Oc4cccc(c4)CC3N(C)CC2)CCN1C,M03008,608.7349999999999,6.859400000000009,72.86,1.0,8.0,3.0,c1cc2cc(c1)Oc1cccc3c1C(Cc1ccccc1Oc1ccc4c(c1)C(C2)NCC4)NCC3,0.9466801716388252,2
COc1cc2c(cc1O)C(Cc1ccc(OC3=CC4(C=CC3=O)CC3c5c(cc(OC)c(OC)c54)CCN3C)cc1)N(C)CC2,M03009,608.7350000000001,5.462000000000006,80.69999999999999,1.0,8.0,7.0,O=C1C=CC2(C=C1Oc1ccc(CC3NCCc4ccccc43)cc1)CC1NCCc3cccc2c31,1.0,1
COc1ccc(C23Oc4cc5c(c(OC)c4C2(O)C(O)C(C(=O)N(C)C)C3c2ccccc2)OCO5)cc1,M03010,519.5500000000003,2.7707000000000006,106.92,2.0,8.0,5.0,c1ccc(C2CCC3c4cc5c(cc4OC23c2ccccc2)OCO5)cc1,1.0,1
CC(=CC1CC(C2CCC34CC23C=CC2C3(C)CC=C5CC(c6ccccc6)OCC5(C)C3CC(O)C24C)C(=O)O1)CO,M03011,584.7970000000004,6.720600000000011,75.99000000000001,2.0,5.0,4.0,O=C1OCCC1C1CCC23CC12C=CC1C2CC=C4CC(c5ccccc5)OCC4C2CCC13,1.0,1
CCC1NC2CC3(C(=O)N(OC)c4ccccc43)C3CC1C2CO3,M03012,328.4120000000001,2.0077999999999996,50.80000000000001,1.0,4.0,2.0,O=C1Nc2ccccc2C12CC1NCC3CC2OCC31,0.9088491513636503,3
CCC1NC2CC3(C(=O)N(OC)c4cc(OC)ccc43)C3CC1C2CO3,M03013,358.4380000000001,2.0164,60.030000000000015,1.0,5.0,3.0,O=C1Nc2ccccc2C12CC1NCC3CC2OCC31,0.9088491513636503,3
C=CC12CN(C)C3C4COC(CC41)C1(C(=O)Nc4ccccc41)C32,M03014,322.408,2.0275999999999996,41.57,1.0,3.0,1.0,O=C1Nc2ccccc2C12C1CC3C(CO1)C1NCC3C12,1.0,1
CCC1NC2CC3(C(=O)N(OC)c4cc(OC)ccc43)C3OCC2C1C3O,M03015,374.43700000000007,0.9871999999999996,80.26000000000002,2.0,6.0,3.0,O=C1Nc2ccccc2C12CC1NCC3CC2OCC31,0.9088491513636503,3
CCC(O)c1cc(=O)oc2c(C(=O)CC(C)C)c(O)c(CC=C(C)C)c(O)c12,M03016,388.46000000000015,4.385100000000005,107.97,3.0,6.0,7.0,O=c1ccc2ccccc2o1,0.7265474540909509,15
COC(=O)C1=C2CCC3=C2C2(C1)C1(C)CCC4C(C)CN(CC1CC3)C42O,M03017,369.50500000000017,3.4167000000000027,49.769999999999996,1.0,4.0,1.0,C1=C2CCC3=C2C2(C1)C1CCC4CCN(CC1CC3)C42,1.0,1
CC(C)C1CCC2(C)C3CCC45CCCC4C2(CCC(=O)C2(C)COC4(C)CCC2O4)C1N5C3,M03018,469.7100000000003,5.9728000000000065,38.77,0.0,4.0,5.0,O=C(CCC12C3CCCC1N1CC3CCC13CCCC23)C1COC2CCC1O2,1.0,1
C=C1COC(=O)C12CC1(C)C(C)CCC(OC(=O)C(C)=CC)C1C2OC(C)=O,M03019,390.4760000000001,3.351600000000002,78.9,0.0,6.0,3.0,C=C1COC(=O)C12CC1CCCCC1C2,0.9088491513636503,3
C=C1COC(=O)C12CC1(C)C(C)CCC(OC(=O)C=CSC)C1C2OC(C)=O,M03020,408.5160000000001,3.262100000000002,78.9,0.0,7.0,4.0,C=C1COC(=O)C12CC1CCCCC1C2,0.9088491513636503,3
CC1CCC2(C)C(CCC3OC32C)C1(C)CC(=O)c1ccoc1,M03021,316.44100000000003,4.8624000000000045,42.74,0.0,3.0,3.0,O=C(CC1CCCC2C1CCC1OC12)c1ccoc1,1.0,1
CC1CCC2(C)C(CCC(O)C2(C)O)C1(C)CC(O)c1ccoc1,M03022,336.47200000000004,3.667500000000003,73.83,3.0,4.0,3.0,c1cc(CCC2CCCC3CCCCC32)co1,1.0,1
CC1CC(O)C2(C)C(CCC(O)C2(C)O)C1(C)CC(=O)c1ccoc1,M03023,350.45500000000004,2.787600000000001,90.89999999999999,3.0,5.0,3.0,O=C(CC1CCCC2CCCCC21)c1ccoc1,1.0,1
COC(=O)C1=CC(O)C23OOC1CC2(C)CCC3C(C)C,M03024,296.363,1.9918999999999996,64.99000000000001,1.0,5.0,2.0,C1=CC2CC3CCCC3(C1)OO2,1.0,1
COC(=O)C1=CC(O)C23OC1CC2(C)CCC(C(C)C)O3,M03025,296.363,1.7867999999999995,64.99000000000001,1.0,5.0,2.0,C1=CC2CC3CCCOC3(C1)O2,1.0,1
CC(=O)OC1CC(O)C23COCC1(C)C2CC(O)C1(C)C3C(=O)C(O)C2(C)C(c3ccoc3)CC3OC321,M03026,516.5870000000002,1.576899999999999,138.96,3.0,9.0,2.0,O=C1CC2C(c3ccoc3)CC3OC32C2CCC3C4CCCC3(COC4)C12,1.0,1
COc1c(O)c(OC)c(C(=O)C2CC=C(CCC=C(C)C)CC2c2ccccc2)c(O)c1OC,M03027,466.5740000000002,6.1729000000000065,85.22,2.0,6.0,9.0,O=C(c1ccccc1)C1CC=CCC1c1ccccc1,0.9466801716388252,2
COc1c(O)c(C(=O)C2CC=C(CCC=C(C)C)CC2c2ccccc2)c(OC)c(OC)c1OC,M03028,480.6010000000002,6.475900000000007,74.22000000000001,1.0,6.0,10.0,O=C(c1ccccc1)C1CC=CCC1c1ccccc1,0.9466801716388252,2
C=C1CCC2(OC1)OC1CC3C4C(O)C(=O)C5(O)C(O)C(O)C(O)C(O)C5(C)C4CCC3(C)C1C2C,M03029,508.60800000000023,-0.1089999999999991,156.91,6.0,9.0,0.0,C=C1CCC2(CC3C(CC4C3CCC3C5CCCCC5C(=O)CC34)O2)OC1,1.0,1
CC1CCC2(OC1)OC1CC3C4C(O)C(=O)C5(O)C(O)C(O)C(O)C(O)C5(C)C4CCC3(C)C1C2C,M03030,510.62400000000025,-0.029099999999999238,156.91,6.0,9.0,0.0,O=C1CC2C(CCC3C4CC5(CCCCO5)OC4CC32)C2CCCCC12,1.0,1
CCN1CC2(COC(=O)c3ccccc3NC(=O)C(C)CC(=O)O)CCC(OC)C34C5CC6C(OC)CC(O)(C5C6OC)C(O)(C(OC)C23)C14,M03031,700.8260000000005,2.1850000000000023,173.32,4.0,11.0,12.0,O=C(OCC12CCCC34C5CC6CCC(C5C6)C(CC13)C4NC2)c1ccccc1,0.9088491513636503,3
Cn1c(Cc2ccccc2)nc(=O)c2ccccc21,M03032,250.301,2.5243,34.89,0.0,3.0,2.0,O=c1nc(Cc2ccccc2)[nH]c2ccccc12,1.0,1
CCCCCCCCCCCCCCC(O)C(O)CCC(O)C1CCC(CCCCCC(O)CC2=CC(C)OC2=O)O1,M03033,596.8900000000004,7.061300000000011,116.45,4.0,7.0,26.0,O=C1OCC=C1CCCCCCCC1CCCO1,1.0,1
C=C(C)C1CCC2(C(=O)O)CCC3(C)C(CCC4C5(C)CCC(OC(=O)C=Cc6ccc(O)c(O)c6)C(C)(C)C5CCC43C)C12,M03034,618.855,8.765000000000006,104.06,3.0,5.0,5.0,O=C(C=Cc1ccccc1)OC1CCC2C(CCC3C2CCC2C4CCCC4CCC23)C1,1.0,1
C=C(C(=O)C(OC(C)=O)C(C)C1C(OC(C)=O)CC2(C)C3CCC4C(C)C(=O)C=CC45CC35CCC12C)C(C)C,M03035,552.7520000000004,6.271200000000007,86.74000000000001,0.0,6.0,7.0,O=C1C=CC23CC24CCC2CCCC2C4CCC3C1,0.8555293230024756,5
COc1cc2c(cc1OC)-c1c3c(cc4c1C(C2)N(C)CC4)OCO3,M03036,339.39100000000013,3.1846000000000023,40.160000000000004,0.0,5.0,2.0,c1ccc2c(c1)CC1NCCc3cc4c(c-2c31)OCO4,0.9088491513636503,3
CCCCCCCCCCCCCCCC(=O)OC12CC(C)C3(O)C(C4OC4(CO)C(O)C4(O)C(=O)C(C)=CC43)C1C2(C)C,M03037,618.8520000000001,5.173500000000006,136.82000000000002,4.0,8.0,16.0,O=C1C=CC2C1CC1OC1C1C3CC3CCC21,0.9088491513636503,3
CC(=O)OC(C)(C)C=CC(=O)C(C)(O)C1C(O)CC2(C)C3CC=C4C(=COC(=O)C4(C)C)C3(C)C(=O)CC12C,M03038,542.6690000000003,3.9901000000000026,127.20000000000002,2.0,8.0,5.0,O=C1CC2=CCC3C(C(=O)CC4CCCC43)C2=CO1,1.0,1
CC(C)=CC(O)CC(C)C1CCC2(C)C3C(=O)C=C4C(CCC(O)C4(C)C)C3(C)CCC12C,M03039,456.71100000000035,6.484800000000008,57.53,2.0,3.0,4.0,O=C1C=C2CCCCC2C2CCC3CCCC3C12,0.9088491513636503,3
CC=CC(CC1C(=O)C=CC1(O)CCCCCCCC(=O)O)OC(C)=O,M03040,366.4540000000001,3.1858000000000013,100.9,2.0,5.0,12.0,O=C1C=CCC1,0.9466801716388252,2
C=C1C2CCC3C4(C)CCCC(C)(C(=O)O)C4CCC3(C2)C1O,M03041,318.45700000000005,4.010900000000003,57.53,2.0,2.0,1.0,C=C1CC23CCC4CCCCC4C2CCC1C3,0.9466801716388252,2
CC(C)=CC1CC(C2CCC3(C)C4=CCC5C(C)(C)C(=O)CCC5(C)C4CC(C=O)=C23)C(O)O1,M03042,466.66200000000026,5.949500000000008,63.60000000000001,1.0,4.0,3.0,O=C1CCC2C(CC=C3C4CCC(C5CCOC5)C4=CCC32)C1,1.0,1
C=C(C(=O)C(O)C(C)C1C(OC(C)=O)CC2(C)C3CC(O)C4C(C)C(=O)C=CC45CC35CCC12C)C(C)CO,M03043,542.7130000000003,3.6436000000000033,121.13000000000001,3.0,7.0,7.0,O=C1C=CC23CC24CCC2CCCC2C4CCC3C1,0.8555293230024756,5
CC(C)(O)C=CC(=O)C(C)(O)C1C(O)CC2(C)C3CC=C4C(C=C(O)C(=O)C4(C)C)C3(C)C(=O)CC12C,M03044,514.6590000000003,3.6194000000000024,132.13,4.0,7.0,4.0,O=C1C=CC2C(=CCC3C4CCCC4CC(=O)C23)C1,0.9466801716388252,2
COc1ccc2c(c1)CC1c3c(cc4c(c3-2)OCO4)CCN1C,M03045,309.36500000000007,3.176000000000002,30.93,0.0,4.0,1.0,c1ccc2c(c1)CC1NCCc3cc4c(c-2c31)OCO4,0.9088491513636503,3
COc1cc2c(cc1O)C(Cc1ccc(O)cc1)NCC2,M03046,285.3430000000001,2.5359000000000007,61.72,3.0,4.0,3.0,c1ccc(CC2NCCc3ccccc32)cc1,0.9466801716388252,2
CC(=O)OC(C)(C)CCC(=O)C(C)(O)C1C(O)CC2(C)C3CC=C4C(CC(O)C(O)C4(C)C)C3(C)C(=O)CC12C,M03047,562.7440000000003,3.515100000000002,141.36,4.0,8.0,6.0,O=C1CC2CCCC2C2CC=C3CCCCC3C12,1.0,1
CC(=O)OC(C)(C)C=CC(=O)C(C)(O)C1C(O)CC2(C)C3CC=C4C(C=C(O)C(=O)C4(C)C)C3(C)C(=O)CC12C,M03048,556.6960000000003,4.190200000000003,138.20000000000002,3.0,8.0,5.0,O=C1C=CC2C(=CCC3C4CCCC4CC(=O)C23)C1,0.9466801716388252,2
CC(C)=CCc1c2c(c(O)c3c1OC14C(=CC5CC1C(C)(C)OC4(CC=C(C)C(=O)O)C5=O)C3=O)C=CC(C)(C)O2,M03049,560.6430000000003,5.512800000000006,119.36,2.0,7.0,5.0,O=C1C2=CC3CC4COC(C3=O)C24Oc2cc3c(cc21)C=CCO3,0.9088491513636503,3
CCC(O)C(C=C1C(=O)C=CC1(O)CCCCCCCC(=O)OC)OC(C)=O,M03050,396.4800000000002,2.3891,110.13,2.0,7.0,12.0,C=C1CC=CC1=O,1.0,1
CC1(C(=O)O)CCCC2(C)C3CCC4CC3(C=C4CO)CCC12,M03051,318.4570000000001,4.012500000000004,57.53,2.0,2.0,2.0,C1=CC23CCC4CCCCC4C2CCC1C3,0.9466801716388252,2
CC1=C(O)C(=O)C=C2C1=CC=C1C2(C)CCC2(C)C3CC(C)(C(=O)O)CCC3(C)CCC12C,M03052,450.61900000000037,6.697700000000006,74.6,2.0,3.0,1.0,O=C1C=CC2=CC=C3C(CCC4C3CCC3CCCCC34)C2=C1,1.0,1
C=C(C(=O)C(O)C(C)C1C(OC(C)=O)CC2(C)C3CCC4C(C)C(=O)C=CC45CC35CCC12C)C(C)CO,M03053,526.7140000000004,4.672800000000006,100.9,2.0,6.0,7.0,O=C1C=CC23CC24CCC2CCCC2C4CCC3C1,0.8555293230024756,5
COc1cc2c(cc1OC)-c1c(OC)c(OC)cc3c1C(C2)N(C)CC3,M03054,355.43400000000014,3.4731000000000023,40.160000000000004,0.0,5.0,4.0,c1ccc2c(c1)CC1NCCc3cccc-2c31,0.8795051323147839,4
COc1cc2c(cc1O)CC1NCCc3cc(OC)c(OC)c-2c31,M03055,327.3800000000001,2.8279000000000014,59.95,2.0,5.0,3.0,c1ccc2c(c1)CC1NCCc3cccc-2c31,0.8795051323147839,4
CC(=O)OC(CCc1ccccc1)Cc1cc(=O)c2c(o1)OC1(C)CCC(C(C)C)C2C1,M03056,438.5640000000003,5.437600000000006,65.74000000000001,0.0,5.0,7.0,O=c1cc(CCCCc2ccccc2)oc2c1C1CCCC(C1)O2,1.0,1
CC1(C)CCC2(C(=O)O)CC=C3C(C)(CCC4C3(C)CCC3C(C)(C)C(OC(=O)c5ccc(O)cc5)C(OC(=O)c5ccc(O)cc5)CC43C)C2C1,M03057,712.9240000000001,9.344999999999999,130.35999999999999,3.0,7.0,5.0,O=C(OC1CC2CCC3C4=CCC5CCCCC5C4CCC3C2CC1OC(=O)c1ccccc1)c1ccccc1,1.0,1
Cc1coc2c1C(=O)C(=O)c1c-2ccc2c(C)cccc12,M03058,276.291,4.095640000000003,47.28,0.0,3.0,0.0,O=C1C(=O)c2c(ccc3ccccc23)-c2occc21,1.0,1
CC(C)=CCCC(C)=CCC1=Cc2c(O)c3c(c(CC=C(C)C)c2OC1O)OC12C(=CC4CC1C(C)(C)OC2(CC=C(C)C(=O)O)C4=O)C3=O,M03059,684.8260000000001,7.505600000000009,139.59,3.0,8.0,10.0,O=C1C2=CC3CC4COC(C3=O)C24Oc2cc3c(cc21)C=CCO3,0.9088491513636503,3
CC=CC(=O)CC1C(=O)C=CC1(CCCCCCCC(=O)O)OC(C)=O,M03060,364.4380000000001,3.394000000000002,97.74000000000001,1.0,5.0,12.0,O=C1C=CCC1,0.9466801716388252,2
C=C1CCC(C(C)C)=CC2C1CCC2(C)O,M03061,220.35599999999997,3.696000000000003,20.23,1.0,1.0,1.0,C=C1CCC=CC2CCCC12,1.0,1
Oc1ccc(C2Oc3cc(O)cc4c3C2c2cc(O)cc(O)c2C(c2ccc(O)cc2)C2c3cc(O)cc(O)c3C(c3ccc(O)cc3)C42)cc1,M03062,680.7090000000003,7.755400000000012,171.07,8.0,9.0,3.0,c1ccc(C2Oc3cccc4c3C2c2ccccc2C(c2ccccc2)C2c3ccccc3C(c3ccccc3)C42)cc1,1.0,1
C=C(C(=O)C(O)C(C)C1C(OC(C)=O)CC2(C)C3CCC4C(C)C(=O)CCC45CC35CCC12C)C(C)CO,M03063,528.7300000000005,4.896800000000006,100.9,2.0,6.0,7.0,O=C1CCC23CC24CCC2CCCC2C4CCC3C1,1.0,1
CC1CC2CC(=O)C3CCCN4CCCC2C34C1,M03064,247.38199999999992,2.866100000000001,20.310000000000002,0.0,2.0,0.0,O=C1CC2CCCC34C1CCCN3CCCC24,1.0,1
COc1ccc2c(c1OC)C(=O)OC2C1c2c(cc3c(c2OC)OCO3)CCN1C,M03065,413.4260000000003,2.881800000000001,75.69000000000001,0.0,8.0,4.0,O=C1OC(C2NCCc3cc4c(cc32)OCO4)c2ccccc21,0.9466801716388252,2
COc1cc2c(cc1O)CC1NCCc3cc(O)c(OC)c-2c31,M03066,313.35300000000007,2.5249000000000006,70.95,3.0,5.0,2.0,c1ccc2c(c1)CC1NCCc3cccc-2c31,0.8795051323147839,4
CC(C)(O)C=CC(=O)C(C)(O)C1C(O)CC2(C)C3CC=C4C(CC(=O)C(O)C4(C)C)C3(C)C(=O)CC12C,M03067,516.6750000000004,2.9285000000000005,132.13000000000002,4.0,7.0,4.0,O=C1CCC2=CCC3C4CCCC4CC(=O)C3C2C1,0.9466801716388252,2
C=C1C(=O)C23C(O)CC4C(C)(C)CCCC4(CO)C2C(O)CC1C3O,M03068,350.455,1.0391999999999997,97.99000000000001,4.0,5.0,1.0,C=C1C(=O)C23CCC4CCCCC4C2CCC1C3,0.9466801716388252,2
CC(C)=CCCC1(C)C=Cc2c(O)c3c(c(CC=C(C)C)c2O1)OC12C(=CC4CC1C(C)(C)OC2(CC=C(C)C(=O)O)C4=O)C3=O,M03069,628.7620000000004,7.239300000000007,119.36000000000001,2.0,7.0,8.0,O=C1C2=CC3CC4COC(C3=O)C24Oc2cc3c(cc21)C=CCO3,0.9088491513636503,3
COc1cc(C=Cc2ccc(OCC=C(C)C)cc2)cc(OC)c1,M03070,324.42,5.219200000000005,27.69,0.0,3.0,7.0,C(=Cc1ccccc1)c1ccccc1,0.7883542836784342,9
C=C1COC(=O)C12CC1(C)C(C)CCC(OC(=O)C=CSC)C1C2OC(=O)C(C)=CC,M03071,448.58100000000013,4.208400000000004,78.9,0.0,7.0,5.0,C=C1COC(=O)C12CC1CCCCC1C2,0.9088491513636503,3
Cc1ccc2c(c1)C1(C(C)C)CCC2(C)OO1,M03072,232.32299999999992,3.8171200000000027,18.46,0.0,2.0,1.0,c1ccc2c(c1)C1CCC2OO1,1.0,1
C=C(CO)C(=O)OC1CC(=C)C2CC(O)C(=C)C2C2OC(=O)C(=C)C12,M03073,346.3790000000001,1.0575999999999999,93.06,2.0,6.0,3.0,C=C1C(=O)OC2C1CCC(=C)C1CCC(=C)C12,0.9466801716388252,2
C=C(C(=O)C(OC(C)=O)C(C)C1C(OC(C)=O)CC2(C)C3CCC4C(C)C(=O)C=CC45CC35CCC12C)C(C)CO,M03074,568.7510000000004,5.243600000000007,106.97000000000001,1.0,7.0,8.0,O=C1C=CC23CC24CCC2CCCC2C4CCC3C1,0.8555293230024756,5
CC1CC2CC3CCCC(=O)N3C3CCC(O)C(C1)N23,M03075,278.396,1.7211,43.78000000000001,1.0,3.0,0.0,O=C1CCCC2CC3CCCC4CCCC(N12)N43,0.9466801716388252,2
COc1cccc2nc3occc3c(OC)c12,M03076,229.23499999999999,2.9982000000000015,44.49000000000001,0.0,4.0,2.0,c1ccc2nc3occc3cc2c1,1.0,1
COc1ccc2c3c(c4cc(OC)c(OC)cc4c2c1)CC1CCCN1C3,M03077,363.45700000000016,4.539300000000004,30.93,0.0,4.0,3.0,c1ccc2c(c1)c1c(c3ccccc32)CN2CCCC2C1,1.0,1
CC(=O)OC(C)(C)C=CC(=O)C(C)(O)C1C(O)CC2(C)C3CC=C4C(CC(=O)C(O)C4(C)C)C3(C)C(=O)CC12C,M03078,558.7120000000002,3.4993000000000016,138.20000000000002,3.0,8.0,5.0,O=C1CCC2=CCC3C4CCCC4CC(=O)C3C2C1,0.9466801716388252,2
C=C1C(=O)C23C(O)CC4C(C)(C)CCCC4(COC(C)=O)C2C(O)CC1C3O,M03079,392.492,1.6099999999999997,104.06,3.0,6.0,2.0,C=C1C(=O)C23CCC4CCCCC4C2CCC1C3,0.9466801716388252,2
COc1cc(C=CC(=O)OC2CC3(C)CCC2C3(C)C)ccc1O,M03080,330.42400000000004,4.172000000000004,55.760000000000005,1.0,4.0,4.0,O=C(C=Cc1ccccc1)OC1CC2CCC1C2,0.9466801716388252,2
CC1=C2CC3(C)C(C)CCCC3CC2(O)OC1=O,M03081,250.33799999999994,2.7846000000000015,46.53,1.0,3.0,0.0,O=C1C=C2CC3CCCCC3CC2O1,0.9466801716388252,2
C=C(CO)C(=O)OC1CC(=C)C2CC(=O)C(C)C2C2OC(=O)C(=C)C12,M03082,346.3790000000001,1.3457,89.9,1.0,6.0,3.0,C=C1CCC2C(=C)C(=O)OC2C2CC(=O)CC12,1.0,1
C=C(C(=O)C(OC(C)=O)C(C)C1C(OC(C)=O)CC2(C)C3C4OC4C4C(C)C(=O)C=CC45CC35CCC12C)C(C)CO,M03083,582.7340000000003,4.230800000000005,119.50000000000001,1.0,8.0,8.0,O=C1C=CC23CC24CCC2CCCC2C4C2OC2C3C1,1.0,1
CC1(C(=O)O)CCCC2(C)C3CCC4CC3(C=C4C=O)CCC12,M03084,316.4410000000001,4.219100000000004,54.37,1.0,2.0,2.0,C1=CC23CCC4CCCCC4C2CCC1C3,0.9466801716388252,2
CC1CC2CCCC3N4C(=O)CCCC4CC(C1)N23,M03085,262.39699999999993,2.750300000000001,23.550000000000004,0.0,2.0,0.0,O=C1CCCC2CC3CCCC4CCCC(N12)N43,0.9466801716388252,2
COc1c(O)ccc2c1C(OC)N(C)c1c-2ccc2cc3c(cc12)OCO3,M03086,365.38500000000016,4.044500000000003,60.39,1.0,6.0,2.0,c1ccc2c(c1)CNc1c-2ccc2cc3c(cc12)OCO3,1.0,1
CC(=O)OC(C)(C)C=CC(=O)C(C)(O)C1C(O)CC2(C)C3CC=C4C(CC(OC5OC(CO)C(O)C(O)C5O)C(=O)C4(C)C)C3(C)C(=O)CC12C,M03087,720.8530000000001,1.3235000000000001,217.35,6.0,13.0,8.0,O=C1CC2=CCC3C4CCCC4CC(=O)C3C2CC1OC1CCCCO1,1.0,1
CC1=CC(=O)C(O)C(C)=CC(CO)C(C)CC2C=C(C)C2CC1,M03088,318.4570000000001,3.429800000000002,57.53,2.0,3.0,1.0,O=C1C=CCCC2C=CC2CCCC=CC1,1.0,1
C=C1CC23CCC4C(C)(C(=O)O)CCCC4(C)C2CCC1C3,M03089,302.4580000000001,5.040100000000005,37.3,1.0,1.0,1.0,C=C1CC23CCC4CCCCC4C2CCC1C3,0.9466801716388252,2
CC=C(C)C(=O)OC1CCC2CC3(O)OC(=O)C(C)=C3CC2(C)C1C,M03090,348.4390000000001,3.2725000000000017,72.83000000000001,1.0,5.0,2.0,O=C1C=C2CC3CCCCC3CC2O1,0.9466801716388252,2
COc1c(O)c(O)c(-c2c(O)c(O)c(OC)c3oc4ccccc4c23)c2c1oc1ccccc12,M03091,458.4220000000002,5.992000000000004,125.66000000000001,4.0,8.0,3.0,c1ccc2c(c1)oc1cccc(-c3cccc4oc5ccccc5c34)c12,1.0,1
C=C(C(=O)CC(C)C1CCC2(C)C3CCC4C(C)(C(=O)OC5OC(C)C(O)C(O)C5O)C(O)CCC45CC35CCC12C)C(C)C,M03092,630.8629999999998,4.9447000000000045,133.52,4.0,8.0,7.0,O=C(OC1CCCCO1)C1CCCC23CC24CCC2CCCC2C4CCC13,1.0,1
Cn1c(-c2ccc3c(c2)OCO3)cc(=O)c2ccccc21,M03093,279.29499999999996,2.9342000000000015,40.46,0.0,4.0,1.0,O=c1cc(-c2ccc3c(c2)OCO3)[nH]c2ccccc12,1.0,1
COc1c2occc2cc2ccc(=O)oc12,M03094,216.19199999999995,2.5478000000000005,52.58,0.0,4.0,1.0,O=c1ccc2cc3ccoc3cc2o1,0.8352580650673657,6
CCC=CCC(O)C(O)C=CC(O)CCCCCCCC(=O)O,M03095,328.44900000000007,2.796900000000001,97.99,4.0,4.0,14.0,,0.0,0
C=C(C(=O)C(O)C(C)C1C(OC(C)=O)CC2(C)C3CCC4C(C)C(=O)C=CC45CC35CCC12C)C(C)C,M03096,510.7150000000004,5.700400000000006,80.67,1.0,5.0,6.0,O=C1C=CC23CC24CCC2CCCC2C4CCC3C1,0.8555293230024756,5
COc1cc(CC[N+](C)(C)C)c2ccc3cc4c(c5c3c2c1OC5)OCO4,M03097,366.43700000000024,3.871400000000003,36.92,0.0,4.0,4.0,c1cc2c3c(c1)ccc1cc4c(c(c13)CO2)OCO4,0.9466801716388252,2
C=C(C)C12CC(C)C34OC(CCCCCCCCCCCCC)(OC1C3C1OC1(CO)C(O)C1(O)C(=O)C(C)=CC14)O2,M03098,588.7820000000003,4.877300000000006,117.98,3.0,8.0,14.0,O=C1C=CC2C1CC1OC1C1C3OC4OC3CCC21O4,1.0,1
CC(C)(O)C=CC(=O)C(C)(O)C1C(O)CC2(C)C3CC=C4C(CC(O)C(=O)C4(C)C)C3(C)C(=O)CC12C,M03099,516.6750000000004,2.9285000000000005,132.13,4.0,7.0,4.0,O=C1CCC2C(=CCC3C4CCCC4CC(=O)C23)C1,1.0,1
COc1cc(CCN(C)C)c2ccc3cc4c(c5c3c2c1OC5)OCO4,M03100,351.4020000000002,3.7268000000000026,40.160000000000004,0.0,5.0,4.0,c1cc2c3c(c1)ccc1cc4c(c(c13)CO2)OCO4,0.9466801716388252,2
CC(CC=CC(C)(C)O)C1CCC2(C)C3C(=O)C=C4C(CCC(O)C4(C)C)C3(C)CCC12C,M03101,456.71100000000035,6.484800000000009,57.53,2.0,3.0,4.0,O=C1C=C2CCCCC2C2CCC3CCCC3C12,0.9088491513636503,3
CC(=O)OCC=C(C)C(=O)OC1C(=O)C(CO)=CC(OC(C)=O)C1C(C)C,M03102,382.4090000000001,1.1128999999999996,116.20000000000002,1.0,8.0,7.0,O=C1C=CCCC1,0.8352580650673657,6
CC12CCC(C(OC(=O)C=Cc3ccc(O)cc3)C1)C2(C)C,M03103,300.39800000000014,4.163400000000003,46.53,1.0,3.0,3.0,O=C(C=Cc1ccccc1)OC1CC2CCC1C2,0.9466801716388252,2
CC(C)=CC1CC(C2CCC3(C)C4=CCC5C(C)(C)C(O)CCC5(C)C4CC(C=O)=C23)C(O)O1,M03104,468.6780000000002,5.741300000000007,66.76,2.0,4.0,3.0,C1=C2C(CCC2C2CCOC2)C2=CCC3CCCCC3C2C1,1.0,1
CC1OC(OC2C(OC3CCC4(C)C(CCC5(C)C4CC=C4C6CC(C)(C)CCC6(C(=O)O)CCC45C)C3(C)CO)OCC(OC3OC(CO)C(O)C(O)C3O)C2O)C(O)C(OC2OCC(O)C(O)C2O)C1O,M03105,1045.2230000000009,-0.19139999999999024,333.67,12.0,20.0,11.0,C1=C2C3CCCCC3CCC2C2CCC3CC(OC4OCC(OC5CCCCO5)CC4OC4CC(OC5CCCCO5)CCO4)CCC3C2C1,0.9466801716388252,2
CC1(C)CCCC2(COC(=O)C=Cc3ccc(O)c(O)c3)C1CCC13CC(CCC12)C(O)(CO)C3,M03106,484.63300000000044,4.790500000000008,107.22000000000001,4.0,6.0,5.0,O=C(C=Cc1ccccc1)OCC12CCCCC1CCC13CCC(CCC12)C3,1.0,1
C=C1C(O)CC2C(C)(C)CC(O)CC2(C)C1CC1C(C)=CCC2C(=O)C(OC)=CC(=O)C21c1cc(=O)c2c(O)cc(O)cc2o1,M03107,618.7230000000004,4.837000000000006,154.5,4.0,9.0,4.0,C=C1CCC2CCCCC2C1CC1C=CCC2C(=O)C=CC(=O)C12c1cc(=O)c2ccccc2o1,0.8795051323147839,4
C=C1C(O)CC2C(C)(C)CCCC2(C)C1CC1C(C)=CCC2C(=O)C(OC)=CC(=O)C21c1cc(=O)c2c(O)cc(O)cc2o1,M03108,602.7240000000004,5.866200000000008,134.27,3.0,8.0,4.0,C=C1CCC2CCCCC2C1CC1C=CCC2C(=O)C=CC(=O)C12c1cc(=O)c2ccccc2o1,0.8795051323147839,4
COC1=CC(=O)C2(c3cc(=O)c4c(O)cc(O)cc4o3)C(CC=C(C)C2CC2(O)C(C)(O)CCC3C(C)(C)CC(O)CC32C)C1=O,M03109,636.7380000000003,4.175900000000003,174.73,5.0,10.0,4.0,O=C1C=CC(=O)C2(c3cc(=O)c4ccccc4o3)C(CC3CCCC4CCCCC43)C=CCC12,0.9466801716388252,2
COC1=CC(=O)C2(c3cc(=O)c4c(O)cc(O)cc4o3)C(CC=C(C)C2CC2C(C)C(O)CC3C(C)(C)CC(O)CC23C)C1=O,M03110,620.7390000000003,4.9169000000000045,154.5,4.0,9.0,4.0,O=C1C=CC(=O)C2(c3cc(=O)c4ccccc4o3)C(CC3CCCC4CCCCC43)C=CCC12,0.9466801716388252,2
COc1c(O)cc(-c2oc3cc(O)cc(O)c3c(=O)c2OC2OC(C)C(O)C(O)C2O)cc1O,M03111,478.4060000000002,0.4972999999999997,199.50999999999996,7.0,12.0,4.0,O=c1c(OC2CCCCO2)c(-c2ccccc2)oc2ccccc12,0.7538526280001345,12
CC1CC2(N=CCS2)C2(O)OC3CC4(C=O)C(CCC5C4CCC4(C)C(C6=CC(=O)OC6)CC(O)C54O)CC3OC2O1,M03112,603.7340000000005,2.1244999999999994,144.11,3.0,11.0,2.0,O=C1C=C(C2CCC3C2CCC2C4CC5OC6C(OCCC67N=CCS7)OC5CC4CCC23)CO1,0.9466801716388252,2
CC1CC2(NCCS2)C2(O)OC3CC4(C=O)C(CCC5C4CCC4(C)C(C6=CC(=O)OC6)CCC54O)CC3OC2O1,M03113,589.7510000000005,2.6725000000000003,123.55000000000001,3.0,10.0,2.0,O=C1C=C(C2CCC3C2CCC2C4CC5OC6C(OCCC67NCCS7)OC5CC4CCC23)CO1,0.9466801716388252,2
CC1CC2(N=CCS2)C2(O)OC3CC4(C=O)C(CCC5C4CCC4(C)C(C6=CC(=O)OC6)CCC54O)CC3OC2O1,M03114,587.7350000000005,3.1537000000000015,123.88000000000002,2.0,10.0,2.0,O=C1C=C(C2CCC3C2CCC2C4CC5OC6C(OCCC67N=CCS7)OC5CC4CCC23)CO1,0.9466801716388252,2
CC1CC2(NCCS2)C2(O)OC3CC4(C=O)C(CCC5C4CCC4(C)C(C6=CC(=O)OC6)CC(O)C54O)CC3OC2O1,M03115,605.7500000000005,1.6432999999999998,143.78,4.0,11.0,2.0,O=C1C=C(C2CCC3C2CCC2C4CC5OC6C(OCCC67NCCS7)OC5CC4CCC23)CO1,0.9466801716388252,2
COc1cc(C=CC(=O)OCC(Cc2ccc(O)c(OC)c2)C(COC(C)=O)Cc2ccc(O)c(OC)c2)ccc1O,M03116,580.6300000000003,4.666500000000006,140.98000000000002,3.0,10.0,14.0,O=C(C=Cc1ccccc1)OCC(CCc1ccccc1)Cc1ccccc1,0.9466801716388252,2
CC(CCC(C)C(C)(C)C)C1CCC2C3CC(OS(=O)(=O)O)C4CC(OS(=O)(=O)O)C(OS(=O)(=O)O)CC4(C)C3CCC12C,M03117,688.924,5.527600000000004,190.79999999999998,3.0,9.0,10.0,C1CCC2C(C1)CCC1C3CCCC3CCC21,0.6274242932504864,33
NCC(Cl)C(O)c1c[nH]c(N)n1,M03118,190.634,-0.40860000000000024,100.95,4.0,4.0,3.0,c1c[nH]cn1,0.6438836066809098,29
COc1ccc(OC)c([N+](=O)[O-])c1C=C[N+](=O)[O-],M03119,254.19799999999998,1.8594,104.74000000000001,0.0,6.0,5.0,c1ccccc1,0.21161295934610674,802
COc1cc(C=O)c([N+](=O)[O-])cc1OC,M03120,211.17299999999997,1.4244999999999999,78.67,0.0,5.0,4.0,c1ccccc1,0.21161295934610674,802
CC(=CCCC=C(C)CCC=C(C)CCC(O)C(C)(C)O)CCC=C(C)CCC(O)C(C)(C)O,M03121,478.7580000000003,6.936200000000012,80.92,4.0,4.0,17.0,,0.0,0
CC1(C)CCCC2(CO)C1CCC13CC(CCC12)C(O)(COC(=O)C=Cc1ccc(O)c(O)c1)C3,M03122,484.6330000000002,4.790500000000008,107.22,4.0,6.0,5.0,O=C(C=Cc1ccccc1)OCC1CC23CCC4CCCCC4C2CCC1C3,1.0,1
CC1OC(OC2C(OC3CCC4(C)C(CCC5(C)C4CC=C4C6CC(C)(C)CCC6(C(=O)O)CCC45C)C3(C)C)OCC(OC3OC(CO)C(O)C(O)C3O)C2O)C(O)C(OC2OCC(O)C(O)C2O)C1O,M03123,1029.2240000000008,0.8362000000000072,313.44,11.0,19.0,10.0,C1=C2C3CCCCC3CCC2C2CCC3CC(OC4OCC(OC5CCCCO5)CC4OC4CC(OC5CCCCO5)CCO4)CCC3C2C1,0.9466801716388252,2
COC1C2(O)COC3=CC(=O)C=CC31c1cc(O)c(O)cc1C2,M03124,316.3090000000001,0.6907999999999999,96.22,3.0,6.0,1.0,O=C1C=CC23CC(COC2=C1)Cc1ccccc13,1.0,1
COc1cc(O)c2c(c1)C(=O)c1cc(C)cc(O)c1C2=O,M03125,284.26700000000005,2.1902200000000005,83.83000000000001,2.0,5.0,1.0,O=C1c2ccccc2C(=O)c2ccccc21,0.8555293230024756,5
O=C(C=Cc1ccc(O)cc1)OCC1OC(Oc2cc(O)c3c(=O)cc(-c4ccc(O)cc4)oc3c2)C(OC(=O)C=Cc2ccc(O)cc2)C(O)C1O,M03126,724.6710000000004,3.989700000000005,222.64999999999998,6.0,14.0,10.0,O=C(C=Cc1ccccc1)OCC1CCC(OC(=O)C=Cc2ccccc2)C(Oc2ccc3c(=O)cc(-c4ccccc4)oc3c2)O1,1.0,1
CC(=CCCC=C(C)CCC=C(C)CCC(O)C(C)(O)CO)CCC=C(C)CCC(O)C(C)(C)O,M03127,494.75700000000035,5.9086000000000105,101.15,5.0,5.0,18.0,,0.0,0
COc1cc(CC(COC(C)=O)C(COC(=O)C=Cc2ccc(O)c(O)c2)Cc2ccc(O)c(OC)c2)ccc1O,M03128,566.6030000000003,4.3635000000000055,151.98,4.0,10.0,13.0,O=C(C=Cc1ccccc1)OCC(CCc1ccccc1)Cc1ccccc1,0.9466801716388252,2
CC(C)=CCc1c(O)cc2oc(-c3ccc(O)cc3)c(O)c(=O)c2c1O,M03129,354.3580000000001,3.7911000000000032,111.13000000000001,4.0,6.0,3.0,O=c1cc(-c2ccccc2)oc2ccccc12,0.6127978022039184,37
CC(C)=CCC1CC23CC(CC=C(C)C)C(C)(C)C(CC=C(C)C)(C(=O)C(C(=O)c4ccc(O)c(O)c4)=C2OC1(C)C)C3=O,M03130,602.8120000000002,8.589300000000003,100.9,2.0,6.0,8.0,O=C(C1=C2OCCCC23CCCC(C1=O)C3=O)c1ccccc1,1.0,1
COc1c(C=O)c(O)cc2c1C(=O)c1ccccc1C2=O,M03131,282.251,1.9887,80.67,1.0,5.0,2.0,O=C1c2ccccc2C(=O)c2ccccc21,0.8555293230024756,5
C=C(C)C(CCC(C)(C)O)Cc1c(O)cc(O)c2c1OC(c1ccc(O)cc1O)CC2=O,M03132,442.5080000000002,4.501400000000007,127.45000000000002,5.0,7.0,7.0,O=C1CC(c2ccccc2)Oc2ccccc21,0.7185751418868361,16
C=C(C)C(CC=C(C)C)Cc1c(O)cc(OC)c2c1OC(c1ccc(O)cc1O)CC2=O,M03133,438.5200000000002,5.609600000000007,96.22,3.0,6.0,7.0,O=C1CC(c2ccccc2)Oc2ccccc21,0.7185751418868361,16
CC=C1C(=O)OC23C=CC4C(C(=O)OC)=COC(OC12)C43,M03134,290.27099999999996,0.8424999999999998,71.06000000000002,0.0,6.0,1.0,C=C1C(=O)OC23C=CC4C=COC(OC12)C43,1.0,1
COc1cc2ccc(=O)oc2cc1OC,M03135,206.19699999999997,1.8101999999999998,48.67,0.0,4.0,2.0,O=c1ccc2ccccc2o1,0.7265474540909509,15
CC(=O)OCC(C)=CC(=O)OC1CC(C)C(=O)CC(=O)C2(C)OC2C2OC(=O)C(COC(C)=O)=C12,M03136,492.4770000000003,0.9183000000000003,151.87,0.0,11.0,6.0,O=C1CCCC2=CC(=O)OC2C2OC2C(=O)C1,1.0,1
CC(C)=CCCC(C)C12C=CC(C)(CC1)OO2,M03137,236.35499999999996,4.178200000000003,18.46,0.0,2.0,4.0,C1=CC2CCC1OO2,1.0,1
CCCCCCCCCCCCOC1OC(C)C(OC2OC(C)C(OC(C)=O)C(OC3OC(C)C(OC(C)=O)C(OC4OC(C)C(OC(C)=O)C(OC(C)=O)C4O)C3OC(C)=O)C2O)C(O)C1O,M03138,981.0920000000004,2.1608000000000085,286.26,4.0,22.0,23.0,C1CCC(OC2CCOC(OC3CCOC(OC4CCCOC4)C3)C2)OC1,0.9466801716388252,2
CCCCCCCCCCCCOC1OC(C)C(OC(C)=O)C(OC2OC(C)C(OC(C)=O)C(OC3OC(C)C(OC(C)=O)C(O)C3O)C2OC(C)=O)C1O,M03139,792.9130000000005,2.738200000000004,221.26999999999998,3.0,17.0,20.0,C1CCC(OC2CCOC(OC3CCOCC3)C2)OC1,1.0,1
CCCCCCCCCCCCOC1OC(C)C(OC2OC(C)C(OC(C)=O)C(OC3OC(C)C(OC(C)=O)C(OC4OC(C)C(OC(C)=O)C(O)C4O)C3OC(C)=O)C2O)C(O)C1O,M03140,939.0550000000005,1.5900000000000067,280.19,5.0,21.0,22.0,C1CCC(OC2CCOC(OC3CCOC(OC4CCCOC4)C3)C2)OC1,0.9466801716388252,2
COc1c(CC=C(C)C)c(O)c(CC=C(C)C)c(O)c1C(=O)c1ccc(O)cc1,M03141,396.4830000000001,5.060400000000006,86.99,3.0,5.0,7.0,O=C(c1ccccc1)c1ccccc1,0.7538526280001345,12
COc1ccc(-c2cc(=O)c3c(O)cc(O)cc3o2)cc1-c1c(O)cc(O)c2c(=O)cc(-c3ccc(O)cc3)oc12,M03142,552.4910000000003,5.437000000000006,170.8,5.0,10.0,4.0,O=c1cc(-c2cccc(-c3cccc4c(=O)cc(-c5ccccc5)oc34)c2)oc2ccccc12,1.0,1
C=C1C(=O)OC2CC3(C)CCCC(=C)C3CC12,M03143,232.32299999999992,3.2406000000000024,26.3,0.0,2.0,0.0,C=C1CCCC2CC3OC(=O)C(=C)C3CC12,1.0,1
C=C1C(=O)OC2CC3(C)CCCC(C)C3=CC12,M03144,232.32299999999995,3.2406000000000024,26.3,0.0,2.0,0.0,C=C1C(=O)OC2CC3CCCCC3=CC12,1.0,1
COc1ccc(C(=O)C(c2coc3cc(O)ccc3c2=O)C(c2ccc(O)cc2)c2ccc(O)cc2)c(OC)c1,M03145,538.5520000000002,5.725600000000007,126.43000000000002,3.0,8.0,8.0,O=C(c1ccccc1)C(c1coc2ccccc2c1=O)C(c1ccccc1)c1ccccc1,0.9466801716388252,2
COc1ccc(C2Oc3cc4c(c(O)c3C2C(=O)c2ccc(O)cc2O)C(=O)CC(c2ccc(O)cc2)O4)cc1,M03146,540.5240000000002,5.324300000000007,142.74999999999997,4.0,9.0,5.0,O=C1CC(c2ccccc2)Oc2cc3c(cc21)C(C(=O)c1ccccc1)C(c1ccccc1)O3,0.9466801716388252,2
COc1ccc(C(=O)C(c2coc3cc(O)ccc3c2=O)C(c2ccc(O)cc2)c2ccc(O)cc2)c(O)c1,M03147,524.5250000000002,5.422600000000007,137.43,4.0,8.0,7.0,O=C(c1ccccc1)C(c1coc2ccccc2c1=O)C(c1ccccc1)c1ccccc1,0.9466801716388252,2
O=C1c2ccc(O)cc2OC(c2ccc(O)cc2)C1C1C(=O)c2ccc(O)cc2OC1c1ccc(O)cc1,M03148,510.4980000000002,5.074400000000004,133.52,4.0,8.0,3.0,O=C1c2ccccc2OC(c2ccccc2)C1C1C(=O)c2ccccc2OC1c1ccccc1,1.0,1
O=C1CC(c2ccc(O)cc2)Oc2cc3c(c(O)c21)C(C(=O)c1ccc(O)cc1O)C(c1ccc(O)cc1)O3,M03149,526.4970000000002,5.021300000000007,153.75,5.0,9.0,4.0,O=C1CC(c2ccccc2)Oc2cc3c(cc21)C(C(=O)c1ccccc1)C(c1ccccc1)O3,0.9466801716388252,2
O=C(c1ccc(O)cc1O)C1C(c2ccc(O)cc2)OC(c2ccc(O)cc2)C1C(=O)c1ccc(O)cc1O,M03150,528.5130000000003,4.731000000000007,164.75,6.0,9.0,6.0,O=C(c1ccccc1)C1C(c2ccccc2)OC(c2ccccc2)C1C(=O)c1ccccc1,1.0,1
CCCCCCCCCCCC1CCCC(C)N1,M03151,253.47399999999996,5.437900000000005,12.03,1.0,1.0,10.0,C1CCNCC1,0.7265474540909509,15
CCCCCCCCCCCC=CCCC1CCCC(C)N1,M03152,307.566,6.774300000000007,12.03,1.0,1.0,13.0,C1CCNCC1,0.7265474540909509,15
CCCCCCCCCCCCCC1CCCC(C)N1,M03153,281.5279999999999,6.218100000000006,12.03,1.0,1.0,12.0,C1CCNCC1,0.7265474540909509,15
CCCCCCCCCC=CCCCCC1CCCC(C)N1,M03154,307.566,6.774300000000007,12.03,1.0,1.0,13.0,C1CCNCC1,0.7265474540909509,15
CCCCCCCCCCCCCCCC1CCCC(C)N1,M03155,309.58199999999994,6.9983000000000075,12.03,1.0,1.0,14.0,C1CCNCC1,0.7265474540909509,15
COC(=O)CC(C1=C2OC(O)=C(C(=O)CC(C)C)C(=O)C2(CC=C(C)C)CC(CC=C(C)C)C1(C)C)c1ccccc1,M03156,576.7740000000005,8.316600000000008,89.9,1.0,6.0,11.0,O=C1C=COC2=C(Cc3ccccc3)CCCC12,0.8176983027273006,7
CCCC(CC(=O)O)C1=C2OC(O)=C(C(=O)C(C)CC)C(=O)C2(CC=C(C)C)CC(CC=C(C)C)C1(C)C,M03157,528.7300000000004,7.8607000000000085,100.9,2.0,5.0,12.0,O=C1C=COC2=CCCCC12,0.9466801716388252,2
CCCC(CC(=O)O)C1=C2OC(O)=C(C(=O)CC(C)C)C(=O)C2(CC=C(C)C)CC(CC=C(C)C)C1(C)C,M03158,528.7300000000004,7.8607000000000085,100.9,2.0,5.0,12.0,O=C1C=COC2=CCCCC12,0.9466801716388252,2
CCC(C)C(=O)C1=C(O)OC2=C(C(CC(=O)O)c3ccccc3)C(C)(C)C(CCC(C)(C)OC(=O)C(F)(F)F)CC2(CC=C(C)C)C1=O,M03159,676.7690000000001,8.536200000000004,127.19999999999999,2.0,7.0,13.0,O=C1C=COC2=C(Cc3ccccc3)CCCC12,0.8176983027273006,7
CCC(C)C(=O)C1=C(O)OC2=C(C(CC(=O)O)c3ccccc3)C(C)(C)C(CCC(C)(C)O)CC2(CC=C(C)C)C1=O,M03160,580.7620000000003,7.423000000000009,121.13,3.0,6.0,12.0,O=C1C=COC2=C(Cc3ccccc3)CCCC12,0.8176983027273006,7
CCC(C)C(=O)C1=C(O)OC2=C(C(CC(=O)O)c3ccccc3)C(C)(C)C(CCC(C)(C)NC(C)=O)CC2(CC=C(C)C)C1=O,M03161,621.815,7.566800000000009,130.0,3.0,6.0,13.0,O=C1C=COC2=C(Cc3ccccc3)CCCC12,0.8176983027273006,7
CCC(C)C(=O)C1=C(O)OC2=C(C(CC(=O)O)c3ccccc3)C(C)(C)C(CC=C(C)C)CC2(CC=C(C)C)C1=O,M03162,562.7470000000003,8.228200000000008,100.9,2.0,5.0,11.0,O=C1C=COC2=C(Cc3ccccc3)CCCC12,0.8176983027273006,7
CC(C)=CCC1CC2(CC=C(C)C)C(=O)C(C(=O)CC(C)C)=C(O)OC2=C(C(CC(=O)O)c2ccccc2)C1(C)C,M03163,562.7470000000003,8.228200000000006,100.90000000000002,2.0,5.0,11.0,O=C1C=COC2=C(Cc3ccccc3)CCCC12,0.8176983027273006,7
C=CCc1ccc(O)c(-c2cc(CC=C)ccc2O)c1,M03164,266.3399999999999,4.2218000000000035,40.46,2.0,2.0,5.0,c1ccc(-c2ccccc2)cc1,0.7758207207981391,10
CC(C)=CCC1CC2(CC=C(C)C)C(=O)C(C(=O)C(C)C)=C(O)OC2=C(C(CC(=O)O)c2ccccc2)C1(C)C,M03165,548.7200000000003,7.838100000000008,100.90000000000002,2.0,5.0,10.0,O=C1C=COC2=C(Cc3ccccc3)CCCC12,0.8176983027273006,7
CC(=CCCC(C)C1CCC2(C)C3=CCC4C(C)(C)C(=O)CCC4(C)C3CCC12C)C(=O)O,M03166,454.69500000000033,7.607900000000009,54.370000000000005,1.0,2.0,5.0,O=C1CCC2C(CC=C3C4CCCC4CCC32)C1,0.9466801716388252,2
COc1ccc(-c2oc3cc(O)c(OC)c(O)c3c(=O)c2OC)cc1O,M03167,360.3180000000001,2.602600000000001,118.59,3.0,8.0,4.0,O=c1cc(-c2ccccc2)oc2ccccc12,0.6127978022039184,37
COc1ccc(-c2oc3cc(O)c(OC)c(O)c3c(=O)c2OC)cc1,M03168,344.3190000000001,2.897000000000001,98.36,2.0,7.0,4.0,O=c1cc(-c2ccccc2)oc2ccccc12,0.6127978022039184,37
Oc1cc(O)cc(C=Cc2ccc(O)cc2O)c1,M03169,244.24599999999998,2.6794000000000002,80.92,4.0,4.0,2.0,C(=Cc1ccccc1)c1ccccc1,0.7883542836784342,9
C=CCc1ccc(O)c(-c2ccc(O)c(CC=C)c2)c1,M03170,266.3399999999999,4.221800000000003,40.46,2.0,2.0,5.0,c1ccc(-c2ccccc2)cc1,0.7758207207981391,10
COc1cc(-c2oc3cc(OC)c(OC)c(O)c3c(=O)c2OC)ccc1O,M03171,374.3450000000001,2.905600000000002,107.59,2.0,8.0,5.0,O=c1cc(-c2ccccc2)oc2ccccc12,0.6127978022039184,37
COc1ccc(-c2oc3cc(OC)c(OC)c(O)c3c(=O)c2OC)cc1O,M03172,374.34500000000014,2.905600000000002,107.59,2.0,8.0,5.0,O=c1cc(-c2ccccc2)oc2ccccc12,0.6127978022039184,37
O=C1c2c(O)cc(O)c(C3C(=O)c4c(O)cc(O)cc4OC3c3ccc(O)cc3)c2OC(c2ccc(O)cc2)C1O,M03173,558.4950000000003,3.6977000000000015,194.20999999999998,7.0,11.0,3.0,O=C1CC(c2ccccc2)Oc2c1cccc2C1C(=O)c2ccccc2OC1c1ccccc1,0.8795051323147839,4
COc1ccc(C2Oc3c(c(O)cc(O)c3C3C(=O)c4c(O)cc(O)cc4OC3c3ccc(O)cc3)C(=O)C2O)cc1O,M03174,588.5210000000003,3.706300000000001,203.44,7.0,12.0,4.0,O=C1CC(c2ccccc2)Oc2c1cccc2C1C(=O)c2ccccc2OC1c1ccccc1,0.8795051323147839,4
O=C1CC(c2ccc(O)cc2)Oc2c1c(O)cc(O)c2C1C(=O)c2c(O)cc(O)cc2OC1c1ccc(O)cc1,M03175,542.4960000000003,4.726900000000008,173.98,6.0,10.0,3.0,O=C1CC(c2ccccc2)Oc2c1cccc2C1C(=O)c2ccccc2OC1c1ccccc1,0.8795051323147839,4
COc1cc(O)ccc1CCC(c1ccc(O)cc1)c1cc(CCC(=O)c2ccc(O)cc2)c(O)cc1O,M03176,514.5740000000003,5.803400000000008,127.45,5.0,7.0,10.0,O=C(CCc1cccc(C(CCc2ccccc2)c2ccccc2)c1)c1ccccc1,1.0,1
C=C1C(O)CC2C(C)(CO)CCCC2(C)C1CC1C(C)=CCC2C(=O)C(OC)=CC(=O)C21c1cc(=O)c2c(O)cc(O)cc2o1,M03177,618.7230000000004,4.838600000000007,154.5,4.0,9.0,5.0,C=C1CCC2CCCCC2C1CC1C=CCC2C(=O)C=CC(=O)C12c1cc(=O)c2ccccc2o1,0.8795051323147839,4
C=C1C(O)CC2C(C)(C(=O)O)CCCC2(C)C1CC1C(C)=CCC2C(=O)C(OC)=CC(=O)C21c1cc(=O)c2c(O)cc(O)cc2o1,M03178,632.7060000000004,4.9309000000000065,171.57,4.0,9.0,5.0,C=C1CCC2CCCCC2C1CC1C=CCC2C(=O)C=CC(=O)C12c1cc(=O)c2ccccc2o1,0.8795051323147839,4
CC1CC2(NCCS2)C(=O)C(OC2CC3CCC4C(CCC5(C)C(C6=CC(=O)OC6)CCC45O)C3(C=O)CC2O)O1,M03179,589.7510000000004,2.515100000000001,131.39000000000001,3.0,10.0,4.0,O=C1C=C(C2CCC3C2CCC2C4CCC(OC5OCCC6(NCCS6)C5=O)CC4CCC23)CO1,1.0,1
Cn1c(N)nc2c(ncn2C)c1=O,M03180,179.18299999999996,-0.7508000000000001,78.73,1.0,6.0,0.0,O=c1[nH]cnc2[nH]cnc12,0.8795051323147839,4
COC(=O)C1OC=C2C(OC(C)=O)CC3C4(C)CCC5C(C)(C)CCCC5(C)C4CC(O)C3(C)C21,M03181,488.66500000000036,5.029700000000005,82.06,1.0,6.0,2.0,C1=C2CCC3C(CCC4C5CCCCC5CCC43)C2CO1,1.0,1
CC12CCCc3coc(c31)C(=O)c1cc3c(cc12)C(=O)C=CC3=O,M03182,318.32800000000003,3.401500000000002,64.35,0.0,4.0,0.0,O=C1C=CC(=O)c2cc3c(cc21)C(=O)c1occ2c1C3CCC2,1.0,1
O=C1c2c(O)cc(O)c(C3C(=O)c4c(O)cc(O)cc4OC3c3ccc(O)cc3)c2OC(c2ccc(O)c(O)c2)C1O,M03183,574.4940000000004,3.403300000000002,214.43999999999997,8.0,12.0,3.0,O=C1CC(c2ccccc2)Oc2c1cccc2C1C(=O)c2ccccc2OC1c1ccccc1,0.8795051323147839,4
COc1cccc2c1C(=O)c1c(O)c3c(c(O)c1C2=O)CC(O)(C(C)=O)CC3OC1CC(N)C(O)C(C)O1,M03184,527.5260000000003,1.0288999999999997,185.84,5.0,11.0,4.0,O=C1c2ccccc2C(=O)c2cc3c(cc21)CCCC3OC1CCCCO1,1.0,1
CC(=O)OC1CC2(C)C(CC(O)C3C4(C)CCC(O)C(C)C4CCC32C)C1=C(CCC=C(C)C)C(=O)O,M03185,516.7190000000004,5.6661000000000055,104.06000000000002,3.0,5.0,5.0,C=C1CCC2C1CCC1C3CCCCC3CCC21,1.0,1
CNC(=O)CC1NC(=O)c2csc(n2)-c2ccc(-c3nc(C4=NC(C(=O)N5CCCC5C(N)=O)CO4)cs3)nc2-c2csc(n2)-c2csc(n2)C(C(O)c2ccccc2)NC(=O)CNC(=O)c2nc(sc2COC)C(C(C)C)NC(=O)c2nc1sc2C,M03186,1290.5529999999994,5.9337200000000045,350.17999999999984,7.0,24.0,11.0,O=C1CNC(=O)c2csc(n2)CNC(=O)c2csc(n2)CNC(=O)c2csc(n2)-c2ccc(-c3nc(C4=NC(C(=O)N5CCCC5)CO4)cs3)nc2-c2csc(n2)-c2csc(n2)C(Cc2ccccc2)N1,1.0,1
CC=CC=CC1OC(O)(C(CC)C(=O)NCC=CC=C(C)C(OC)C(C)C2OC(C=CC=CC=C(C)C(=O)c3c(O)cc[nH]c3=O)C(O)C2O)C(O)C(O)C1(C)C,M03187,796.9550000000004,3.0748000000000015,228.09999999999997,8.0,12.0,17.0,O=C(CC1CCCCO1)NCC=CC=CCCC1CCC(C=CC=CC=CC(=O)c2ccc[nH]c2=O)O1,1.0,1
C=C(NC(=O)c1csc(-c2nc3c(cc2O)-c2nc(cs2)C(=O)NC(C(C)O)C(=O)NC(=CC)c2nc(cs2)C(=O)NC2CC(O)C(=O)OCc4cccc5[nH]c(c(C)c45)C(=O)SCC(NC(=O)c4csc2n4)c2nc-3cs2)n1)C(N)=O,M03188,1222.386,4.882620000000003,385.77999999999986,10.0,24.0,5.0,C=C1NC(=O)CNC(=O)c2csc(n2)-c2ccc(-c3nccs3)nc2-c2csc(n2)C2CSC(=O)c3cc4c(cccc4[nH]3)COC(=O)CCC(NC(=O)c3csc1n3)c1nc(cs1)C(=O)N2,1.0,1
COC1C(OC(N)=O)C(O)C(Oc2ccc3c(O)c(NC(=O)c4ccc(O)c(CC=C(C)C)c4)c(=O)oc3c2C)OC1(C)C,M03189,612.6320000000002,3.6271200000000023,200.00999999999996,5.0,11.0,8.0,O=C(Nc1cc2ccc(OC3CCCCO3)cc2oc1=O)c1ccccc1,1.0,1
CCCC=CC=CC(=O)NC(CC(N)=O)C(=O)NC(CC(N)=O)C(=O)NC(C(=O)NC(CCCN)C(=O)NC(C(=O)NC(C(=O)NC(C(=O)NC(C(=O)NC(Cc1ccccc1)C(=O)NC(CCCN)C(=O)NC(C(=O)NC(C(=O)NC(C(=O)NCC(=O)NC(CC(C)C)C(=O)NC(C)C(=O)NC(C(=O)O)C1CCC(O)C(Cl)C1)C1CCC(O)CC1)C(C)O)C1CCC(O)CC1)C(C)O)C1CCC(O)CC1)C1CCC(O)CC1)C(C)O)C1CCC(O)CC1,M03190,2254.095999999999,-5.939899999999952,852.2900000000001,31.0,31.0,61.0,O=C(CNC(=O)CNC(=O)C(NC(=O)CNC(=O)C(NC(=O)CNC(=O)C(Cc1ccccc1)NC(=O)CNC(=O)C(NC(=O)C(NC(=O)CNC(=O)CNC(=O)CC1CCCCC1)C1CCCCC1)C1CCCCC1)C1CCCCC1)C1CCCCC1)NCC(=O)NCC1CCCCC1,1.0,1
COC1C=COC2(C)Oc3c(C)c(O)c4c(O)c(c(C=NN5CCN(C)CC5)c(O)c4c3C2=O)NC(=O)C(C)=CC=CC(C)C(O)C(C)C(O)C(C)C(OC(C)=O)C1C,M03191,822.9530000000003,4.335420000000004,220.14999999999995,6.0,15.0,4.0,O=C1C=CC=CCCCCCCCCC=COC2Oc3ccc4cc(c(C=NN5CCNCC5)cc4c3C2=O)N1,1.0,1
CCC(C(=O)O)C1CCC(C)C(C(C)C(O)C(C)C(=O)C(CC)C2OC3(C=CC(O)C4(CCC(C)(C5CCC(O)(CC)C(C)O5)O4)O3)C(C)CC2C)O1,M03192,751.0110000000001,6.188000000000006,161.20999999999998,4.0,10.0,12.0,O=C(CCCC1CCCCO1)CC1CCCC2(C=CCC3(CCC(C4CCCCO4)O3)O2)O1,0.9466801716388252,2
CC(=O)NC1C(OC2c3ccc(c(Cl)c3)Oc3cc4cc(c3O)Oc3ccc(cc3Cl)CC3NC(=O)C(N)c5ccc(O)c(c5)Oc5cc(O)cc(c5)C(NC3=O)C(=O)NC4C(=O)NC3C(=O)NC2C(=O)NC(C(=O)O)c2cc(O)cc(OC4OC(CO)C(O)C(O)C4O)c2-c2cc3ccc2O)OC(CO)C(O)C1O,M03193,1564.2700000000007,0.42590000000000533,574.3900000000001,21.0,28.0,8.0,O=C1Cc2cccc(c2)Oc2cccc(c2)C2NC(=O)C(Cc3ccc(cc3)Oc3cc4cc(c3)C(NC2=O)C(=O)NC2C(=O)NC(C(=O)NCc3cccc(OC5CCCCO5)c3-c3cccc2c3)C(OC2CCCCO2)c2ccc(cc2)O4)N1,1.0,1
C=C(NC(=O)C(=C)NC(=O)c1csc(C2=NC3c4csc(n4)C4NC(=O)c5csc(n5)C(C(C)(O)C(C)O)NC(=O)C5CSC(=N5)C(=CC)NC(=O)C(C(C)O)NC(=O)c5csc(n5)C3(CC2)NC(=O)C(C)NC(=O)C(=C)NC(=O)C(C)NC(=O)C(C(C)CC)NC2C=Cc3c(C(C)O)cc(nc3C2O)C(=O)OC4C)n1)C(N)=O,M03194,1664.9219999999996,0.7739000000000107,562.7399999999999,17.0,31.0,12.0,C=C1NC(=O)CNC(=O)CNC2C=Cc3ccc(nc3C2)C(=O)OCC2NC(=O)c3csc(n3)CNC(=O)C3CSC(=N3)C(=C)NC(=O)CNC(=O)c3csc(n3)C3(CCC(c4nccs4)=NC3c3csc2n3)NC(=O)CNC1=O,1.0,1
CC1(C)SC2C(NC(=O)C(N)c3ccccc3)C(=O)N2C1C(=O)O,M03195,349.4120000000001,0.3181000000000002,112.73,3.0,5.0,4.0,O=C(Cc1ccccc1)NC1C(=O)N2CCSC12,0.8795051323147839,4
CCC(C)CCCC(=O)NC(CCN)C(=O)NC(C(=O)NC(CCN)C(=O)NC1CCNC(=O)C(C(C)O)NC(=O)C(CCN)NC(=O)C(CCN)NC(=O)C(CC(C)C)NC(=O)C(CC(C)C)NC(=O)C(CCN)NC1=O)C(C)O,M03196,1155.455,-5.8314999999999975,490.6599999999998,18.0,18.0,28.0,O=C1CCCNC(=O)CNC(=O)CNC(=O)CNC(=O)CNC(=O)CNC(=O)CN1,1.0,1
CCCCCCCCCC(=O)NC(Cc1c[nH]c2ccccc12)C(=O)NC(CC(N)=O)C(=O)NC(CC(=O)O)C(=O)NC1C(=O)NCC(=O)NC(CCCN)C(=O)NC(CC(=O)O)C(=O)NC(C)C(=O)NC(CC(=O)O)C(=O)NCC(=O)NC(CO)C(=O)NC(C(C)CC(=O)O)C(=O)NC(CC(=O)c2ccccc2N)C(=O)OC1C,M03197,1620.6930000000004,-5.621799999999983,702.02,22.0,24.0,35.0,O=C(CCc1c[nH]c2ccccc12)NCC(=O)NCC(=O)NC1COC(=O)C(CC(=O)c2ccccc2)NC(=O)CNC(=O)CNC(=O)CNC(=O)CNC(=O)CNC(=O)CNC(=O)CNC(=O)CNC1=O,1.0,1
CNC(CC(C)C)C(=O)NC1C(=O)NC(CC(N)=O)C(=O)NC2C(=O)NC3C(=O)NC(C(=O)NC(C(=O)O)c4cc(O)cc(O)c4-c4cc3ccc4O)C(O)c3ccc(c(Cl)c3)Oc3cc2cc(c3OC2OC(CO)C(O)C(O)C2OC2CC(C)(N)C(O)C(C)O2)Oc2ccc(cc2Cl)C1O,M03198,1449.2710000000004,0.10620000000000512,530.4900000000002,19.0,25.0,13.0,O=C1CCc2ccc(cc2)Oc2cc3cc(c2OC2OCCCC2OC2CCCCO2)Oc2ccc(cc2)CC2NC(=O)C(NC(=O)C3NC(=O)CN1)c1cccc(c1)-c1ccccc1CNC2=O,1.0,1
CC1C(NC(=O)C(=NOC(C)(C)C(=O)O)c2csc(N)n2)C(=O)N1S(=O)(=O)O,M03199,435.44000000000017,-1.1724999999999979,201.57999999999998,4.0,10.0,7.0,N=C(C(=O)NC1CNC1=O)c1cscn1,1.0,1
CC1(C)SC2C(NC(=O)Cc3ccccc3)C(=O)N2C1C(=O)O,M03200,334.39700000000005,0.8607999999999998,86.71000000000001,2.0,4.0,4.0,O=C(Cc1ccccc1)NC1C(=O)N2CCSC12,0.8795051323147839,4
Oc1ccc2ccc3cccc4ccc1c2c34,M03201,218.255,4.289600000000002,20.23,1.0,1.0,0.0,c1cc2ccc3cccc4ccc(c1)c2c34,0.9466801716388252,2
Cc1ccc2nn[nH]c2c1,M03202,133.15400000000002,1.26632,41.57,1.0,2.0,0.0,c1ccc2[nH]nnc2c1,0.7758207207981391,10
CCN=C1NC(=NC(C)C)NC(OC)N1,M03203,213.28500000000003,-0.16089999999999954,70.04,3.0,3.0,3.0,N=C1NCNC(=N)N1,0.8352580650673657,6
CCN=C1NC(=NC(C)C)NC(Cl)N1,M03204,217.70400000000004,0.43149999999999966,60.81,3.0,2.0,2.0,N=C1NCNC(=N)N1,0.8352580650673657,6
CC(O)(CS(=O)(=O)c1ccc(F)cc1)C(O)=Nc1ccc(C#N)c(C(F)(F)F)c1,M03205,430.37900000000013,3.529080000000002,110.75,2.0,5.0,5.0,O=S(=O)(CCC=Nc1ccccc1)c1ccccc1,1.0,1
N=C(O)N1c2ccccc2C=Cc2ccccc21,M03206,236.274,3.8012700000000015,47.32,2.0,1.0,0.0,C1=Cc2ccccc2Nc2ccccc21,0.8795051323147839,4
c1ccc2c(c1)[nH]c1ccccc12,M03207,167.21099999999998,3.3211000000000013,15.79,1.0,0.0,0.0,c1ccc2c(c1)[nH]c1ccccc12,0.8795051323147839,4
NS(=O)(=O)c1cc(C2(O)N=C(O)c3ccccc32)ccc1Cl,M03208,338.77200000000005,1.4990000000000003,112.98,3.0,4.0,2.0,C1=NC(c2ccccc2)c2ccccc21,1.0,1
CCN=C1NC(Cl)NC(NC(C)(C)C#N)N1,M03209,244.73000000000002,-0.15751999999999916,84.27000000000001,4.0,4.0,3.0,N=C1NCNCN1,1.0,1
CN(C)C(O)=Nc1ccc(Cl)c(Cl)c1,M03210,233.09799999999998,3.100500000000001,35.83,1.0,1.0,1.0,c1ccccc1,0.21161295934610674,802
OC1=Nc2ccc(Cl)cc2C(C#CC2CC2)(C(F)(F)F)O1,M03211,315.67799999999994,4.086700000000001,41.82000000000001,1.0,2.0,0.0,C(#CC1OC=Nc2ccccc21)C1CC1,1.0,1
CC12CCC3c4ccc(O)cc4CCC3C1CCC2=O,M03212,270.37199999999996,3.817400000000002,37.3,1.0,2.0,0.0,O=C1CCC2C1CCC1c3ccccc3CCC12,0.8795051323147839,4
OC(=NCC1CCCCN1)c1cc(OCC(F)(F)F)ccc1OCC(F)(F)F,M03213,414.34600000000006,4.015500000000003,63.08000000000001,2.0,4.0,7.0,C(=NCC1CCCCN1)c1ccccc1,1.0,1
COc1ccc(Cl)cc1C(O)=NCCc1ccc(S(=O)(=O)NC(O)=NC2CCCCC2)cc1,M03214,494.0130000000003,4.420900000000003,120.58000000000001,3.0,5.0,8.0,O=S(=O)(NC=NC1CCCCC1)c1ccc(CCN=Cc2ccccc2)cc1,1.0,1
CCC1=C(C)CN(C(O)=NCCc2ccc(S(=O)(=O)NC(O)=NC3CCC(C)CC3)cc2)C1=O,M03215,490.62600000000026,3.482800000000002,131.66,3.0,5.0,7.0,O=C1C=CCN1C=NCCc1ccc(S(=O)(=O)NC=NC2CCCCC2)cc1,1.0,1
CC(=O)N1CCN(c2ccc(OCC3COC(Cn4ccnc4)(c4ccc(Cl)cc4Cl)O3)cc2)CC1,M03216,531.4399999999999,4.205800000000003,69.06,0.0,7.0,7.0,c1ccc(C2(Cn3ccnc3)OCC(COc3ccc(N4CCNCC4)cc3)O2)cc1,1.0,1
N=c1[nH]c(=N)[nH]c(=N)[nH]1,M03217,126.123,-1.8906900000000002,118.91999999999999,6.0,3.0,0.0,N=c1[nH]c(=N)[nH]c(=N)[nH]1,1.0,1
COC(=O)C1CCCCC1S(=O)(=O)NC(O)=NC1=NC(C)NC(OC)N1,M03218,391.4500000000001,-0.623599999999997,150.70999999999998,4.0,9.0,4.0,O=S(=O)(NC=NC1=NCNCN1)C1CCCCC1,1.0,1
Cc1ccc(S(=O)(=O)N(C)N=O)cc1,M03219,214.246,1.29692,66.81,0.0,4.0,3.0,c1ccccc1,0.21161295934610674,802
N=C(O)c1cccnc1,M03220,122.12699999999997,0.9649699999999999,56.97,2.0,2.0,1.0,c1ccncc1,0.5996365394334917,41
C#CC1(O)CCC2C3CCC4=CC(=O)CCC4C3CCC21C,M03221,298.42600000000004,3.4925000000000024,37.3,1.0,2.0,0.0,O=C1C=C2CCC3C4CCCC4CCC3C2CC1,0.6627017793637848,25
CCOP(=S)(OCC)Oc1ccc([N+](=O)[O-])cc1,M03222,291.265,3.2711000000000023,70.83,0.0,6.0,7.0,c1ccccc1,0.21161295934610674,802
CCC(O)=Nc1ccc(Cl)c(Cl)c1,M03223,218.08299999999997,3.9914000000000023,32.59,1.0,1.0,2.0,c1ccccc1,0.21161295934610674,802
CCCc1cc(O)nc(S)n1,M03224,170.237,1.4233999999999998,46.010000000000005,2.0,4.0,2.0,c1cncnc1,0.7185751418868361,16
c1ccc2nccnc2c1,M03225,130.15,1.6297999999999997,25.78,0.0,2.0,0.0,c1ccc2nccnc2c1,0.9466801716388252,2
CCN=C1NC(=NC(C)CC)NC(Cl)N1,M03226,231.73100000000002,0.8215999999999997,60.81,3.0,2.0,3.0,N=C1NCNC(=N)N1,0.8352580650673657,6
CCN=C1NC(=NCC)NC(Cl)N1,M03227,203.67700000000002,0.04300000000000004,60.81,3.0,2.0,2.0,N=C1NCNC(=N)N1,0.8352580650673657,6
Oc1ccc2ccccc2c1N=Nc1ccccc1,M03228,248.285,4.9608000000000025,44.95,1.0,3.0,2.0,c1ccc(N=Nc2cccc3ccccc23)cc1,0.9088491513636503,3
Cn1c(=O)c2nc[nH]c2n(C)c1=O,M03229,180.16699999999997,-1.0397000000000005,72.68,1.0,5.0,0.0,O=c1[nH]c(=O)c2nc[nH]c2[nH]1,1.0,1
COC1CC(CC2CNC(=N)NC2=N)CC(OC)C1OC,M03230,298.38700000000006,0.5525400000000018,99.45000000000002,4.0,5.0,5.0,N=C1NCC(CC2CCCCC2)C(=N)N1,1.0,1
O=C(O)c1ccc2ccccc2c1,M03231,172.183,2.5380000000000003,37.3,1.0,1.0,1.0,c1ccc2ccccc2c1,0.6846698721617894,21
O=C(CCCN1CCC(O)(c2ccc(Cl)cc2)CC1)c1ccc(F)cc1,M03232,375.87100000000015,4.425600000000004,40.540000000000006,1.0,3.0,6.0,O=C(CCCN1CCC(c2ccccc2)CC1)c1ccccc1,0.8795051323147839,4
O=[N+]([O-])c1ccc2ccc3cccc4ccc1c2c34,M03233,247.253,4.492200000000002,43.14,0.0,2.0,1.0,c1cc2ccc3cccc4ccc(c1)c2c34,0.9466801716388252,2
CN1CC(O)=NC1=N,M03234,113.11999999999999,-0.1769299999999998,59.68,2.0,1.0,0.0,N=C1N=CCN1,1.0,1
CCN=C1NC(=NC(C)C)NC(SC)N1,M03235,229.35300000000004,0.5556999999999995,60.81,3.0,3.0,3.0,N=C1NCNC(=N)N1,0.8352580650673657,6
CSC1NC(=NC(C)C)NC(=NC(C)C)N1,M03236,243.38,0.9441999999999995,60.81,3.0,3.0,3.0,N=C1NCNC(=N)N1,0.8352580650673657,6
CSC1NC(=NC2CC2)NC(NC(C)(C)C)N1,M03237,257.407,0.6055000000000004,60.480000000000004,4.0,4.0,3.0,C1NCNC(=NC2CC2)N1,1.0,1
CC(C)CCCC(C)C1CCC2C3C(O)CC4(C(=O)O)CC(O)CCC4(C)C3CC(O)C12C,M03238,464.6870000000003,4.8650000000000055,97.99000000000001,4.0,4.0,6.0,C1CCC2C(C1)CCC1C3CCCC3CCC21,0.6274242932504864,33
CCCCCCCCCCCCCCCCCCCCCCCCCCC(=O)O,M03239,410.72700000000026,9.843399999999999,37.3,1.0,1.0,25.0,,0.0,0
CC(O)C(C)C(=O)O,M03240,118.13199999999999,0.08790000000000003,57.53,2.0,2.0,2.0,,0.0,0
CC(CCC(=O)NCC(=O)O)C1CCC2C3C(O)C(O)C4CC(O)CCC4(C)C3CCC12C,M03241,465.6310000000003,2.5648999999999997,127.09000000000002,5.0,5.0,6.0,C1CCC2C(C1)CCC1C3CCCC3CCC21,0.6274242932504864,33
CC(CC(=O)[O-])CC(=O)OC(CC(=O)O)C[N+](C)(C)C,M03242,289.32800000000003,-0.7546999999999986,103.73,1.0,5.0,9.0,,0.0,0
CC(C)CCCCCCCCCCCCCCCC(=O)O,M03243,298.5109999999999,6.578500000000007,37.3,1.0,1.0,16.0,,0.0,0
C=CC(=O)O,M03244,72.06299999999999,0.25699999999999995,37.3,1.0,1.0,1.0,,0.0,0
O=C(O)CCCC(O)C(=O)O,M03245,162.141,-0.3132,94.83,3.0,3.0,5.0,,0.0,0
CC(C)=CC(=O)NCC(=O)O,M03246,157.169,0.15339999999999976,66.4,2.0,2.0,3.0,,0.0,0
CCC(C)C(O)C(=O)O,M03247,132.159,0.478,57.53,2.0,2.0,3.0,,0.0,0
CCCCCC=CCC=CCC=CCCCCCCC(=O)O,M03248,306.49,6.440700000000006,37.3,1.0,1.0,15.0,,0.0,0
CCCCCCCCCCCC=CCCCCC(=O)O,M03249,282.46799999999996,6.1085000000000065,37.3,1.0,1.0,15.0,,0.0,0
CCCCCCCCCCCCCCCCCCCCC(=O)O,M03250,326.565,7.502800000000008,37.3,1.0,1.0,19.0,,0.0,0
CCCCCCCCCCCCCCCCCCCCCCC(=O)O,M03251,354.6190000000001,8.283000000000008,37.3,1.0,1.0,21.0,,0.0,0
CCCCCCCCCCCCCCCCCCCCCCCCC(=O)O,M03252,382.6730000000002,9.063200000000004,37.3,1.0,1.0,23.0,,0.0,0
OCc1ccccc1,M03253,108.13999999999997,1.1789,20.23,1.0,1.0,1.0,c1ccccc1,0.21161295934610674,802
CCCCCCCCC=CCCCCCCCCC(=O)O,M03254,296.49499999999995,6.498600000000007,37.3,1.0,1.0,16.0,,0.0,0
CCCCCCCCCCCCCCCCCCCCCCCCCCCC(=O)O,M03255,424.7540000000003,10.233499999999996,37.3,1.0,1.0,26.0,,0.0,0
CCSC(C)CC1CC(=O)C(=C(CC)NOCC=CCl)C(=O)C1,M03256,359.91900000000004,4.004100000000003,55.4,1.0,5.0,9.0,C=C1C(=O)CCCC1=O,1.0,1
CC(CCC(=O)O)C1CCC2C3C(O)CC4CC(=O)CCC4(C)C3CC(O)C12C,M03257,406.5630000000002,3.656900000000003,94.83,3.0,4.0,4.0,O=C1CCC2C(CCC3C4CCCC4CCC23)C1,0.8555293230024756,5
CCC=CCC=CCC=CCC=CCC=CCCCCCC(=O)O,M03258,330.5120000000001,6.772900000000006,37.3,1.0,1.0,15.0,,0.0,0
CCCCCCCCCCCCCCCC(=O)OC1CCC2(C)C(=CCC3C2CCC2(C)C(C(C)CCCC(C)C)CCC32)C1,M03259,625.0790000000001,13.420899999999975,26.3,0.0,2.0,20.0,C1=C2CCCCC2C2CCC3CCCC3C2C1,0.7185751418868361,16
CCCCCCCCC1=C(CCCCCCCC(=O)O)C1,M03260,294.479,6.252600000000006,37.3,1.0,1.0,15.0,C1=CC1,1.0,1
O=C(O)CCCCC(S)CCS,M03261,208.348,2.249700000000001,37.3,3.0,3.0,7.0,,0.0,0
CCCCCCCCC(C)CCCCCCCCC(=O)O,M03262,298.5109999999999,6.578500000000007,37.3,1.0,1.0,16.0,,0.0,0
NC(=O)c1ccc[n+](C2OC(COP(=O)([O-])OP(=O)(O)OCC3OC(n4cnc5c(N)ncnc54)C(OP(=O)(O)O)C3O)C(O)C2O)c1,M03263,743.4090000000006,-3.5308999999999964,367.6200000000001,8.0,19.0,13.0,O=[PH](OCC1CCC(n2cnc3cncnc32)O1)O[PH](=O)OCC1CCC([n+]2ccccc2)O1,0.8352580650673657,6
O=P(O)(O)OC1C(OP(=O)(O)O)C(OP(=O)(O)O)C(OP(=O)(O)O)C(OP(=O)(O)O)C1OP(=O)(O)O,M03264,660.0300000000004,-3.132600000000001,400.56000000000006,12.0,12.0,12.0,C1CCCCC1,0.6846698721617894,21
NC(=O)c1ccc[n+](C2OC(COP(=O)([O-])OP(=O)(O)OCC3OC(n4cnc5c(=O)nc[nH]c54)C(O)C3O)C(O)C2O)c1,M03265,664.4140000000004,-3.9367999999999954,315.04,7.0,17.0,11.0,O=c1nc[nH]c2c1ncn2C1CCC(CO[PH](=O)O[PH](=O)OCC2CCC([n+]3ccccc3)O2)O1,1.0,1
CCCCCCCCCCCCCCCCCCCCCCCCCCCCCC(=O)O,M03266,452.8080000000004,11.013699999999991,37.3,1.0,1.0,28.0,,0.0,0
NC(CCC(=O)NC(C(=O)NCC(=O)O)C(=S)SCC(N)C(O)O)C(=O)O,M03267,426.4730000000001,-3.437299999999996,225.29999999999995,8.0,10.0,12.0,,0.0,0
CC(C)CC(NC(=O)C(C)O)C(=O)O,M03268,203.23799999999997,-0.017300000000000093,86.63000000000001,3.0,3.0,5.0,,0.0,0
CC12CCC3C(CCC4CC(OS(=O)(=O)O)CCC43C)C1CCC2=O,M03269,370.51100000000025,3.7862000000000027,80.67000000000002,1.0,4.0,2.0,O=C1CCC2C1CCC1C3CCCCC3CCC21,0.9088491513636503,3
CCCCCCCCC=CCCCCCCCC(=O)OC(COC(=O)CCCCCCCCCCCCCCC)COP(=O)(O)OC1C(O)C(O)C(O)C(O)C1O,M03270,837.0820000000008,8.280500000000002,209.50999999999996,6.0,12.0,37.0,C1CCCCC1,0.6846698721617894,21
CCCCCC=CCC=CCCCCCCCC(=O)OC(COC(=O)CCCCCCCCCCCCCCC)COP(=O)([O-])OCC[N+](C)(C)C,M03271,758.075,10.943999999999992,111.19000000000001,0.0,8.0,38.0,,0.0,0
CCCCCC=CCC=CCC=CCC=CCCCC(=O)OC(COCCCCCCCCCCCCCCCC)COP(=O)([O-])OCC[N+](C)(C)C,M03272,768.1140000000001,11.749599999999988,94.12,0.0,7.0,39.0,,0.0,0
NC(Cc1ccccc1)C(=O)NC(Cc1ccccc1)C(=O)O,M03273,312.369,1.3684999999999996,92.42,3.0,3.0,7.0,O=C(CCc1ccccc1)NCCc1ccccc1,1.0,1
O=S(=O)([O-])Oc1c[nH]c2ccccc12.[K+],M03274,251.30399999999997,-1.989099999999999,82.22,1.0,4.0,2.0,c1ccc2[nH]ccc2c1,0.5442457568182516,63
O=C(O)CCCCCCCCCCCCCCC(=O)O,M03275,286.4119999999999,4.6170000000000035,74.6,2.0,2.0,15.0,,0.0,0
COCC(NC(C)=O)C(=O)NCc1ccccc1,M03276,250.298,0.4539000000000007,67.42999999999999,2.0,3.0,6.0,c1ccccc1,0.21161295934610674,802
NC(CCC(=O)NC(CSCO)C(=O)NCC(=O)O)C(=O)O,M03277,337.35400000000004,-2.452899999999997,179.04999999999998,6.0,7.0,11.0,,0.0,0
O=C(O)COC(=O)Cc1ccccc1Nc1c(Cl)cccc1Cl,M03278,354.1890000000001,3.907300000000002,75.63,2.0,4.0,6.0,c1ccc(Nc2ccccc2)cc1,0.7643784743661259,11
CN(C)C1C(=O)C(C(N)=O)=C(O)C2(O)C(=O)C3=C(O)c4c(O)ccc(Cl)c4C(C)(O)C3CC12,M03279,478.8850000000002,0.2824000000000005,181.61999999999998,6.0,9.0,2.0,O=C1C=CC2C(=O)C3=Cc4ccccc4CC3CC2C1,0.8795051323147839,4
CN(C)CCCC1(c2ccc(F)cc2)OC(=O)c2cc(C#N)ccc21,M03280,338.38200000000006,3.4531800000000024,53.33,0.0,4.0,5.0,O=C1OC(c2ccccc2)c2ccccc21,1.0,1
CNCCCC1(c2ccc(F)cc2)OCc2cc(C#N)ccc21,M03281,310.372,3.470780000000002,45.05,1.0,3.0,5.0,c1ccc(C2OCc3ccccc32)cc1,0.8555293230024756,5
Cc1onc(-c2c(Cl)cccc2Cl)c1C(=O)NC1C(=O)N2C1SC(C)(C)C2C(=O)O,M03282,470.3340000000002,3.2021200000000007,112.74,2.0,6.0,4.0,O=C(NC1C(=O)N2CCSC12)c1conc1-c1ccccc1,0.9466801716388252,2
C#CC1(O)CCC2C3CCc4cc(O)ccc4C3CCC21C,M03283,296.4100000000001,3.6126000000000023,40.46,2.0,2.0,0.0,c1ccc2c(c1)CCC1C2CCC2CCCC21,0.9088491513636503,3
CC1COC2=C(N3CCNCC3)C(F)=CC3C(=O)C(C(=O)O)=CN1C23,M03284,349.362,0.22690000000000093,82.11,2.0,6.0,2.0,O=C1C=CN2CCOC3=C(N4CCNCC4)C=CC1C32,1.0,1
Cc1onc(-c2ccccc2)c1C(=O)NC1C(=O)N2C1SC(C)(C)C2C(=O)O,M03285,401.44400000000013,1.89532,112.74,2.0,6.0,4.0,O=C(NC1C(=O)N2CCSC12)c1conc1-c1ccccc1,0.9466801716388252,2
CN(C)C1C(=O)C(C(N)=O)=C(O)C2(O)C(=O)C3=C(O)c4c(O)cccc4C(C)(O)C3C(O)C12,M03286,460.43900000000014,-1.4001999999999974,201.84999999999997,7.0,10.0,2.0,O=C1C=CC2C(=O)C3=Cc4ccccc4CC3CC2C1,0.8795051323147839,4
CC1(C)SC2C(NC(=O)COc3ccccc3)C(=O)N2C1C(=O)O,M03287,350.3960000000001,0.6970999999999998,95.94000000000001,2.0,5.0,5.0,O=C(COc1ccccc1)NC1C(=O)N2CCSC12,1.0,1
C1CNCCN1,M03288,86.138,-0.8208,24.06,2.0,2.0,0.0,C1CNCCN1,0.8352580650673657,6
Cc1cc(NS(=O)(=O)c2ccc(NO)cc2)no1,M03289,269.28200000000004,1.5849199999999997,104.46000000000001,3.0,6.0,4.0,O=S(=O)(Nc1ccon1)c1ccccc1,0.8795051323147839,4
Cc1cc(NS(=O)(=O)c2ccc(N)cc2)on1,M03290,253.28300000000002,1.3660199999999998,98.22,2.0,5.0,3.0,O=S(=O)(Nc1ccno1)c1ccccc1,0.9466801716388252,2
CN(C)C1C(=O)C(C(N)=O)=C(O)C2(O)C(=O)C3=C(O)c4c(O)cccc4C(C)(O)C3CC12,M03291,444.44000000000017,-0.3709999999999982,181.61999999999998,6.0,9.0,2.0,O=C1C=CC2C(=O)C3=Cc4ccccc4CC3CC2C1,0.8795051323147839,4
COc1cc(C(=O)c2cnc(N)nc2N)cc(OC)c1OC,M03292,304.30600000000004,0.8977999999999999,122.58,2.0,8.0,5.0,O=C(c1ccccc1)c1cncnc1,1.0,1
O=c1cn[nH][nH]1,M03293,85.066,-0.9020000000000004,61.54,2.0,2.0,0.0,O=c1cn[nH][nH]1,1.0,1
COc1cc(CCN)c(OC)cc1C,M03294,195.262,1.5134200000000002,44.480000000000004,1.0,3.0,4.0,c1ccccc1,0.21161295934610674,802
CCCc1cc(OC)c(CCN)cc1OC,M03295,223.31599999999995,2.1574999999999998,44.480000000000004,1.0,3.0,6.0,c1ccccc1,0.21161295934610674,802
COC(=O)COc1cc(Cl)c(Cl)cc1Cl,M03296,269.51099999999997,3.1986000000000017,35.53,0.0,3.0,3.0,c1ccccc1,0.21161295934610674,802
O=C(O)CCCOc1ccc(Cl)cc1Cl,M03297,249.09300000000002,3.237000000000002,46.53,1.0,2.0,5.0,c1ccccc1,0.21161295934610674,802
COC(=O)CCCOc1ccc(Cl)cc1Cl,M03298,263.12,3.325400000000002,35.53,0.0,3.0,5.0,c1ccccc1,0.21161295934610674,802
CCCCOC(=O)COc1ccc(Cl)cc1Cl,M03299,277.147,3.7155000000000022,35.53,0.0,3.0,6.0,c1ccccc1,0.21161295934610674,802
COC(=O)COc1ccc(Cl)cc1Cl,M03300,235.066,2.5452000000000004,35.53,0.0,3.0,3.0,c1ccccc1,0.21161295934610674,802
COc1ccc(OC)c(CC(C)N)c1,M03301,195.26199999999997,1.5935,44.480000000000004,1.0,3.0,4.0,c1ccccc1,0.21161295934610674,802
COc1cc(CCNCc2ccccc2OC)c(OC)cc1I,M03302,427.2820000000001,3.649300000000003,39.72,1.0,4.0,8.0,c1ccc(CCNCc2ccccc2)cc1,0.9088491513636503,3
COc1cc(CCN)c(OC)cc1Br,M03303,260.131,1.9675000000000002,44.480000000000004,1.0,3.0,4.0,c1ccccc1,0.21161295934610674,802
COc1cc(CCN)c(OC)cc1Cl,M03304,215.68,1.8584,44.480000000000004,1.0,3.0,4.0,c1ccccc1,0.21161295934610674,802
COc1cc(CCNCc2ccccc2OC)c(OC)cc1Cl,M03305,335.83100000000013,3.698100000000003,39.72,1.0,4.0,8.0,c1ccc(CCNCc2ccccc2)cc1,0.9088491513636503,3
CCc1cc(OC)c(CCN)cc1OC,M03306,209.28899999999996,1.7673999999999999,44.480000000000004,1.0,3.0,5.0,c1ccccc1,0.21161295934610674,802
COc1ccc(OC)c(CCN)c1,M03307,181.23499999999996,1.205,44.480000000000004,1.0,3.0,4.0,c1ccccc1,0.21161295934610674,802
COc1cc(CCN)c(OC)cc1I,M03308,307.131,1.8096,44.480000000000004,1.0,3.0,4.0,c1ccccc1,0.21161295934610674,802
CCSc1cc(OC)c(CCN)cc1OC,M03309,241.35599999999994,2.317,44.480000000000004,1.0,4.0,6.0,c1ccccc1,0.21161295934610674,802
COc1cc(SC(C)C)c(OC)cc1CCN,M03310,255.38299999999992,2.7055,44.480000000000004,1.0,4.0,6.0,c1ccccc1,0.21161295934610674,802
CCCSc1cc(OC)c(CCN)cc1OC,M03311,255.38299999999992,2.7071000000000005,44.480000000000004,1.0,4.0,7.0,c1ccccc1,0.21161295934610674,802
CCN(CC)C(=O)C1C=C2c3cccc4c3C(O)(CC2N(C)C1)C(=O)N4,M03312,355.4380000000001,1.4119999999999997,72.88000000000001,2.0,4.0,3.0,O=C1Nc2cccc3c2C1CC1NCCC=C31,1.0,1
CC(=O)Oc1ccc2c(CCN(C(C)C)C(C)C)c[nH]c2c1,M03313,302.41799999999995,3.754500000000002,45.33,1.0,3.0,6.0,c1ccc2[nH]ccc2c1,0.5442457568182516,63
COc1ccc(N)cc1N,M03314,138.17,0.8595999999999999,61.269999999999996,2.0,3.0,1.0,c1ccccc1,0.21161295934610674,802
CC(N)Cc1ccc2occc2c1,M03315,175.231,2.3225000000000007,39.16,1.0,2.0,2.0,c1ccc2occc2c1,0.9088491513636503,3
CC(N)Cc1ccc2[nH]ccc2c1,M03316,174.24699999999999,2.0576,41.81,2.0,1.0,2.0,c1ccc2[nH]ccc2c1,0.5442457568182516,63
O=C(Nc1cccc2ccccc12)c1nn(CCCCCF)c2ccccc12,M03317,375.44700000000006,5.581600000000004,46.92,1.0,3.0,7.0,O=C(Nc1cccc2ccccc12)c1n[nH]c2ccccc12,0.9466801716388252,2
NC1Cc2ccc(I)cc2C1,M03318,259.09,1.7171,26.02,1.0,1.0,0.0,c1ccc2c(c1)CCC2,0.8795051323147839,4
CC12CCC3C(CCC4=CC(=O)CCC43C)C1CCC2=O,M03319,286.415,4.087400000000003,34.14,0.0,2.0,0.0,O=C1C=C2CCC3C4CCC(=O)C4CCC3C2CC1,0.8795051323147839,4
CC1(C)C(C(=O)c2cn(CCN3CCOCC3)c3ccccc23)C1(C)C,M03320,354.494,3.8384000000000036,34.47,0.0,4.0,5.0,O=C(c1cn(CCN2CCOCC2)c2ccccc12)C1CC1,1.0,1
CC1(C)C(C(=O)c2cn(CC3CCOCC3)c3ccccc23)C1(C)C,M03321,339.47900000000004,4.932800000000005,31.23,0.0,3.0,4.0,O=C(c1cn(CC2CCOCC2)c2ccccc12)C1CC1,1.0,1
CN1CCCCC1Cn1cc(C(=O)C2C(C)(C)C2(C)C)c2ccccc21,M03322,352.5220000000001,4.990500000000005,25.240000000000002,0.0,3.0,4.0,O=C(c1cn(CC2CCCCN2)c2ccccc12)C1CC1,1.0,1
CC(C)C(NC(=O)c1nn(CC2CCCCC2)c2ccccc12)C(N)=O,M03323,356.47,2.8563,90.00999999999999,2.0,4.0,6.0,c1ccc2c(c1)cnn2CC1CCCCC1,0.8795051323147839,4
CC(C)C(NC(=O)c1nn(Cc2ccc(F)cc2)c2ccccc12)C(N)=O,M03324,368.4120000000001,2.4633999999999996,90.00999999999999,2.0,4.0,6.0,c1ccc(Cn2ncc3ccccc32)cc1,0.8795051323147839,4
CC(C)C(NC(=O)c1cn(CCCCCF)c2ccccc12)C(N)=O,M03325,347.43399999999997,3.0208000000000004,77.12,2.0,3.0,9.0,c1ccc2[nH]ccc2c1,0.5442457568182516,63
CCCCCn1nc(C(=O)NC(C(N)=O)C(C)C)c2ccccc21,M03326,330.4320000000001,2.4661999999999997,90.00999999999999,2.0,4.0,8.0,c1ccc2[nH]ncc2c1,0.802209494641301,8
CC(C)C(NC(=O)c1nn(CCCCCCl)c2ccccc12)C(N)=O,M03327,364.87700000000007,2.6851000000000003,90.00999999999999,2.0,4.0,9.0,c1ccc2[nH]ncc2c1,0.802209494641301,8
CC(C)C(NC(=O)c1nn(CCCCCF)c2ccccc12)C(N)=O,M03328,348.422,2.4157999999999995,90.00999999999999,2.0,4.0,9.0,c1ccc2[nH]ncc2c1,0.802209494641301,8
CC(=O)OC1CN2CCC1CC2,M03329,169.224,0.6436999999999999,29.54,0.0,3.0,1.0,C1CN2CCC1CC2,1.0,1
CC(=O)c1ccc2c(c1)N(CCCN(C)C)c1ccccc1S2,M03330,326.465,4.443600000000004,23.550000000000004,0.0,4.0,5.0,c1ccc2c(c1)Nc1ccccc1S2,0.7185751418868361,16
CC(=O)c1ccc2c(c1)N(CC(C)N(C)C)c1ccccc1S2,M03331,326.465,4.442000000000005,23.550000000000004,0.0,4.0,4.0,c1ccc2c(c1)Nc1ccccc1S2,0.7185751418868361,16
CC(=O)Nc1ccc(-c2ccc(C=NN3CC(=O)NC3=O)o2)cc1,M03332,326.31200000000007,1.7907,104.01,2.0,5.0,4.0,O=C1CN(N=Cc2ccc(-c3ccccc3)o2)C(=O)N1,1.0,1
CC(=O)OCCC(SC(C)=O)=C(C)N(C=O)Cc1cnc(C)nc1N,M03333,366.44300000000015,1.79002,115.48,1.0,8.0,8.0,c1cncnc1,0.7185751418868361,16
CCCc1nn(C)c2c(=O)[nH]c(-c3cc(C(=O)CN4CCN(CC)CC4)ccc3OCC)nc12,M03334,466.58600000000035,2.495,96.35,1.0,8.0,9.0,O=C(CN1CCNCC1)c1cccc(-c2nc3cn[nH]c3c(=O)[nH]2)c1,0.8795051323147839,4
CCCc1nn(C)c2c(=O)[nH]c(-c3cc(C(=O)CN4CC(C)NC(C)C4)ccc3OCC)nc12,M03335,466.58600000000024,2.5397000000000007,105.14,2.0,8.0,8.0,O=C(CN1CCNCC1)c1cccc(-c2nc3cn[nH]c3c(=O)[nH]2)c1,0.8795051323147839,4
CCCc1nn(C)c2c(=O)[nH]c(-c3cc(C(=O)CN4CCN(CCO)CC4)ccc3OCC)nc12,M03336,482.5850000000004,1.4673999999999998,116.58,2.0,9.0,10.0,O=C(CN1CCNCC1)c1cccc(-c2nc3cn[nH]c3c(=O)[nH]2)c1,0.8795051323147839,4
CCCc1nn(C)c2c(=O)[nH]c(-c3cc(C(=O)CN4CCN(C)CC4)ccc3OCC)nc12,M03337,452.5590000000003,2.1048999999999998,96.35,1.0,8.0,8.0,O=C(CN1CCNCC1)c1cccc(-c2nc3cn[nH]c3c(=O)[nH]2)c1,0.8795051323147839,4
CC(=O)c1ccc(S(=O)(=O)NC(=O)NC2CCCCC2)cc1,M03338,324.4020000000001,2.2098000000000004,92.34,2.0,4.0,4.0,O=C(NC1CCCCC1)NS(=O)(=O)c1ccccc1,1.0,1
O=C(O)c1cc(Oc2ccc(C(F)(F)F)cc2Cl)ccc1[N+](=O)[O-],M03339,361.65900000000005,4.757500000000002,89.67,1.0,4.0,4.0,c1ccc(Oc2ccccc2)cc1,0.6438836066809098,29
Nc1c([N+](=O)[O-])ccc(Oc2ccccc2)c1Cl,M03340,264.668,3.622700000000001,78.39,1.0,4.0,3.0,c1ccc(Oc2ccccc2)cc1,0.6438836066809098,29
CCN1CC2(COC)C(O)CC(OC)C34C5CC6(O)C(OC)C(O)C(OC(C)=O)(C5C6OC(=O)c5ccccc5)C(C(OC)C23)C14,M03341,645.7460000000003,0.6481000000000043,153.45000000000002,3.0,12.0,9.0,O=C(OC1C2CCC3C4CC5C6CCCC5(C(C2)C31)C4NC6)c1ccccc1,1.0,1
CC1(C)C(C=CC(=O)OC(C(F)(F)F)C(F)(F)F)C1C(=O)OC(C#N)c1cccc(Oc2ccccc2)c1,M03342,541.4440000000002,6.451580000000004,85.62000000000002,0.0,6.0,8.0,O=C(OCc1cccc(Oc2ccccc2)c1)C1CC1,0.802209494641301,8
Cc1ccc(C(=CCN2CCCC2)c2cccc(C=CC(=O)O)n2)cc1,M03343,348.446,4.015320000000003,53.43000000000001,1.0,3.0,6.0,C(CN1CCCC1)=C(c1ccccc1)c1ccccn1,0.9466801716388252,2
CCOc1ccc(S(=O)(=O)O)c2cccnc12,M03344,253.279,1.8801999999999999,76.49000000000001,1.0,4.0,3.0,c1ccc2ncccc2c1,0.6846698721617894,21
COC(=O)C(NC(=O)c1nn(CCCCCF)c2ccccc12)C(C)(C)C,M03345,377.4600000000001,3.4936000000000016,73.22,1.0,5.0,8.0,c1ccc2[nH]ncc2c1,0.802209494641301,8
CC(C)(C)C(NC(=O)c1cn(CC2CCCCC2)c2ccccc12)C(N)=O,M03346,369.50900000000007,3.8514000000000026,77.12,2.0,3.0,5.0,c1ccc2c(c1)ccn2CC1CCCCC1,0.9466801716388252,2
CC(C)(C)C(NC(=O)c1nn(Cc2ccc(F)cc2)c2ccccc12)C(N)=O,M03347,382.4390000000001,2.8535000000000004,90.00999999999999,2.0,4.0,5.0,c1ccc(Cn2ncc3ccccc32)cc1,0.8795051323147839,4
CCCCCn1cc(C(=O)NC(C(N)=O)C(C)(C)C)c2ccccc21,M03348,343.47100000000006,3.4613000000000023,77.12,2.0,3.0,7.0,c1ccc2[nH]ccc2c1,0.5442457568182516,63
CC(C)(C)C(NC(=O)c1cn(CCCCCF)c2ccccc12)C(N)=O,M03349,361.461,3.4109000000000016,77.12,2.0,3.0,8.0,c1ccc2[nH]ccc2c1,0.5442457568182516,63
CCCCCn1nc(C(=O)NC(C(N)=O)C(C)(C)C)c2ccccc21,M03350,344.45900000000006,2.856300000000001,90.00999999999999,2.0,4.0,7.0,c1ccc2[nH]ncc2c1,0.802209494641301,8
CC(C)(C)C(NC(=O)c1nn(CCCCCF)c2ccccc12)C(N)=O,M03351,362.449,2.8059000000000003,90.00999999999999,2.0,4.0,8.0,c1ccc2[nH]ncc2c1,0.802209494641301,8
CN(C)Cc1nnc2n1-c1ccc(Cl)cc1C(c1ccccc1)=NC2,M03352,351.8410000000001,3.333300000000002,46.31,0.0,5.0,3.0,c1ccc(C2=NCc3nncn3-c3ccccc32)cc1,0.7758207207981391,10
COc1ccc2cccc(CCNC(C)=O)c2c1,M03353,243.30599999999995,2.527,38.33,1.0,2.0,4.0,c1ccc2ccccc2c1,0.6846698721617894,21
CCC1C2CC3C4N(C)c5ccccc5C45CC(C2C5O)N3C1O,M03354,326.44,1.5545,46.94,2.0,4.0,1.0,c1ccc2c(c1)NC1C3CC4CCN3C3CC21CC43,1.0,1
CCCCCn1nc(C(=O)NC23CC4CC(CC(C4)C2)C3)c2ccccc21,M03355,365.5210000000002,4.925100000000005,46.92,1.0,3.0,6.0,O=C(NC12CC3CC(CC(C3)C1)C2)c1n[nH]c2ccccc12,0.9466801716388252,2
O=C(NC12CC3CC(CC(C3)C1)C2)c1nn(CCCCCF)c2ccccc12,M03356,383.51100000000014,4.874700000000005,46.92,1.0,3.0,7.0,O=C(NC12CC3CC(CC(C3)C1)C2)c1n[nH]c2ccccc12,0.9466801716388252,2
CCCSc1ccc2nc(NC(=O)OC)[nH]c2c1,M03357,265.33799999999997,3.2433000000000005,67.00999999999999,2.0,4.0,4.0,c1ccc2[nH]cnc2c1,0.7758207207981391,10
CCCS(=O)(=O)c1ccc2nc(NC(=O)OC)[nH]c2c1,M03358,297.336,1.9248999999999998,101.15,2.0,5.0,4.0,c1ccc2[nH]cnc2c1,0.7758207207981391,10
CNC(=O)ON=CC(C)(C)S(C)(=O)=O,M03359,222.26599999999996,0.15139999999999998,84.82999999999998,1.0,5.0,3.0,,0.0,0
CNC(=O)ON=CC(C)(C)S(C)=O,M03360,206.26699999999997,0.48529999999999984,67.75999999999999,1.0,4.0,3.0,,0.0,0
CCC(=O)N(c1ccccc1)C1(COC)CCN(CCn2nnn(CC)c2=O)CC1,M03361,416.52600000000024,1.3838999999999997,85.49000000000001,0.0,8.0,9.0,O=c1[nH]nnn1CCN1CCC(Nc2ccccc2)CC1,1.0,1
CC(CN(C)C)CN1c2ccccc2Sc2ccccc21,M03362,298.45500000000004,4.487000000000004,6.48,0.0,3.0,4.0,c1ccc2c(c1)Nc1ccccc1S2,0.7185751418868361,16
COCCCOc1cc(CC(CC(N)C(O)CC(C(=O)NCC(C)(C)C(N)=O)C(C)C)C(C)C)ccc1OC,M03363,551.7690000000003,3.2935000000000043,146.13,4.0,7.0,19.0,c1ccccc1,0.21161295934610674,802
CC(NC(=O)C(N)CC(=O)O)C(=O)NC1C(C)(C)SC1(C)C,M03364,331.43800000000005,0.08190000000000075,121.52000000000001,4.0,5.0,6.0,C1CSC1,1.0,1
C=CCN1CCCC1CNC(=O)c1cc2n[nH]nc2cc1OC,M03365,315.3770000000001,1.3466999999999996,83.14,2.0,5.0,6.0,O=C(NCC1CCCN1)c1ccc2n[nH]nc2c1,1.0,1
C=CCC1=C(C)C(OC(=O)C2C(C=C(C)C)C2(C)C)CC1=O,M03366,302.41400000000004,4.002000000000003,43.370000000000005,0.0,3.0,5.0,O=C1C=CC(OC(=O)C2CC2)C1,0.802209494641301,8
C=CCC1=C(C)C(OC(=O)C2C(C=C(C)C(=O)OC)C2(C)C)CC1=O,M03367,346.4230000000001,3.155100000000002,69.67000000000002,0.0,5.0,6.0,O=C1C=CC(OC(=O)C2CC2)C1,0.802209494641301,8
C=CCN(CC=C)C(=O)CCl,M03368,173.64299999999997,1.4258,20.310000000000002,0.0,1.0,5.0,,0.0,0
O=c1[nH]cnc2[nH]ncc12,M03369,136.114,-0.35380000000000006,74.43,2.0,3.0,0.0,O=c1[nH]cnc2[nH]ncc12,1.0,1
C=CCNc1nc(NCC=C)nc(N2CCN(C(c3ccc(F)cc3)c3ccc(F)cc3)CC2)n1,M03370,477.56300000000016,4.257200000000004,69.21000000000001,2.0,7.0,10.0,c1ccc(C(c2ccccc2)N2CCN(c3ncncn3)CC2)cc1,1.0,1
Cc1nnc2n1-c1ccc(Cl)cc1C(c1ccccc1)=NC2,M03371,308.77200000000005,3.5801200000000017,43.07,0.0,4.0,1.0,c1ccc(C2=NCc3nncn3-c3ccccc32)cc1,0.7758207207981391,10
OCc1nnc2n1-c1ccc(Cl)cc1C(c1ccccc1)=NC2,M03372,324.7710000000001,2.764000000000001,63.300000000000004,1.0,5.0,2.0,c1ccc(C2=NCc3nncn3-c3ccccc32)cc1,0.7758207207981391,10
Cc1nnc2n1-c1ccc(Cl)cc1C(c1ccccc1)=NC2O,M03373,324.771,3.071020000000001,63.3,1.0,5.0,1.0,c1ccc(C2=NCc3nncn3-c3ccccc32)cc1,0.7758207207981391,10
CN(C)c1nc(N(C)C)nc(N(C)C)n1,M03374,210.285,0.0696000000000001,48.39000000000001,0.0,6.0,3.0,c1ncncn1,0.6028054368020348,40
CCC(CN(C)C)(CN(C)C)OC(=O)c1ccccc1,M03375,278.39599999999996,2.1153999999999993,32.78,0.0,4.0,7.0,c1ccccc1,0.21161295934610674,802
CN1CCCCC1Cn1cc(C(=O)c2cccc3ccccc23)c2ccccc21,M03376,382.5070000000001,5.509800000000006,25.240000000000002,0.0,3.0,4.0,O=C(c1cccc2ccccc12)c1cn(CC2CCCCN2)c2ccccc12,1.0,1
CN1CCCCC(n2cc(C(=O)c3cccc4ccccc34)c3ccccc32)C1,M03377,382.5070000000001,5.682300000000006,25.240000000000002,0.0,3.0,3.0,O=C(c1cccc2ccccc12)c1cn(C2CCCCNC2)c2ccccc12,1.0,1
CN1CCCCC1Cn1cc(C(=O)C23CC4CC(CC(C4)C2)C3)c2ccccc21,M03378,390.5710000000002,5.5247000000000055,25.240000000000002,0.0,3.0,4.0,O=C(c1cn(CC2CCCCN2)c2ccccc12)C12CC3CC(CC(C3)C1)C2,1.0,1
O=C(c1cccc2ccccc12)c1cn(CCCCCF)c2ccccc12,M03379,359.444,6.165300000000005,22.0,0.0,2.0,7.0,O=C(c1cccc2ccccc12)c1c[nH]c2ccccc12,0.6060525864057348,39
N#CCCCCn1cc(C(=O)c2cccc3ccccc23)c2ccccc21,M03380,352.4370000000001,5.719380000000005,45.79,0.0,3.0,6.0,O=C(c1cccc2ccccc12)c1c[nH]c2ccccc12,0.6060525864057348,39
CN1CCCCC1Cn1cc(C(=O)c2ccccc2I)c2ccccc21,M03381,458.3430000000001,4.961200000000004,25.240000000000002,0.0,3.0,4.0,O=C(c1ccccc1)c1cn(CC2CCCCN2)c2ccccc12,1.0,1
O=C(c1ccccc1I)c1cn(CCCCCF)c2ccccc12,M03382,435.28000000000026,5.616700000000004,22.0,0.0,2.0,7.0,O=C(c1ccccc1)c1c[nH]c2ccccc12,0.8555293230024756,5
COCCC(N)C(=O)O,M03383,133.14700000000002,-0.5651999999999995,72.55,2.0,3.0,4.0,,0.0,0
COC(=O)C(NC(=O)c1nn(CCCCCF)c2ccccc12)C(C)C,M03384,363.43300000000005,3.1035000000000013,73.22,1.0,5.0,9.0,c1ccc2[nH]ncc2c1,0.802209494641301,8
CCN(CC)C(C)C(=O)c1ccccc1,M03385,205.30100000000002,2.5996000000000006,20.310000000000002,0.0,2.0,5.0,c1ccccc1,0.21161295934610674,802
CNCC(O)c1cccc(NS(C)(=O)=O)c1,M03386,244.31599999999997,0.31090000000000023,78.43,3.0,4.0,5.0,c1ccccc1,0.21161295934610674,802
NC(N)=NC(=O)c1nc(Cl)c(N)nc1N,M03387,229.63099999999997,-1.2919999999999998,159.29,4.0,5.0,1.0,c1cnccn1,0.8555293230024756,5
Nn1cnc2ccccc21,M03388,133.15399999999997,0.7500999999999999,43.84,1.0,3.0,0.0,c1ccc2[nH]cnc2c1,0.7758207207981391,10
CCC1(c2ccc(N)cc2)CCC(=O)NC1=O,M03389,232.28299999999996,1.3532,72.19,2.0,3.0,2.0,O=C1CCC(c2ccccc2)C(=O)N1,0.9466801716388252,2
CCCCCCCN,M03390,115.22000000000001,1.9155,26.02,1.0,1.0,5.0,,0.0,0
NC1=NCC(c2ccccc2)O1,M03391,162.19199999999998,1.0726,47.61,1.0,3.0,1.0,C1=NCC(c2ccccc2)O1,1.0,1
Nc1ncn[nH]1,M03392,84.082,-0.6131000000000002,67.59,2.0,3.0,0.0,c1nc[nH]n1,0.8795051323147839,4
CCC(C)(C)c1ccc(CC(C)CN2CC(C)OC(C)C2)cc1,M03393,317.517,4.662000000000004,12.47,0.0,2.0,6.0,c1ccc(CCCN2CCOCC2)cc1,0.9466801716388252,2
Clc1ccc2c(c1)C(N1CCNCC1)=Nc1ccccc1O2,M03394,313.788,3.4292000000000025,36.86,1.0,4.0,0.0,c1ccc2c(c1)N=C(N1CCNCC1)c1ccccc1O2,1.0,1
CC(N)Cc1ccccc1F,M03395,153.19999999999996,1.7154,26.02,1.0,1.0,2.0,c1ccccc1,0.21161295934610674,802
CC(N)Cc1cccc(F)c1,M03396,153.19999999999996,1.7154,26.02,1.0,1.0,2.0,c1ccccc1,0.21161295934610674,802
CC(N)Cc1ccc(F)cc1,M03397,153.2,1.7154,26.02,1.0,1.0,2.0,c1ccccc1,0.21161295934610674,802
CNC(C)Cc1ccccc1F,M03398,167.22699999999998,1.9761,12.03,1.0,1.0,3.0,c1ccccc1,0.21161295934610674,802
Cc1ccccc1CC(C)N,M03399,149.237,1.88472,26.02,1.0,1.0,2.0,c1ccccc1,0.21161295934610674,802
CNC(C)Cc1cccc(F)c1,M03400,167.22699999999998,1.9761,12.03,1.0,1.0,3.0,c1ccccc1,0.21161295934610674,802
Cc1cccc(CC(C)N)c1,M03401,149.237,1.88472,26.02,1.0,1.0,2.0,c1ccccc1,0.21161295934610674,802
CNC(C)Cc1ccc(F)cc1,M03402,167.22699999999998,1.9761,12.03,1.0,1.0,3.0,c1ccccc1,0.21161295934610674,802
CNC(C)Cc1ccc(OC)cc1,M03403,179.26299999999998,1.8456,21.259999999999998,1.0,2.0,4.0,c1ccccc1,0.21161295934610674,802
CCNC(C)Cc1ccccc1,M03404,163.264,2.2271,12.03,1.0,1.0,4.0,c1ccccc1,0.21161295934610674,802
CCCNC(C)Cc1ccccc1,M03405,177.291,2.6172000000000004,12.03,1.0,1.0,5.0,c1ccccc1,0.21161295934610674,802
CC(N)Cc1ccc(O)cc1,M03406,151.20899999999997,1.2819,46.25,2.0,2.0,2.0,c1ccccc1,0.21161295934610674,802
Nc1cc(-c2ccncc2)c[nH]c1=O,M03407,187.202,1.0191,71.77,2.0,3.0,1.0,O=c1ccc(-c2ccncc2)c[nH]1,1.0,1
CC(N)Cc1c[nH]c2ccccc12,M03408,174.24699999999999,2.0576,41.81,2.0,1.0,2.0,c1ccc2[nH]ccc2c1,0.5442457568182516,63
c1cc(C2CCCCN2)ccn1,M03409,162.23600000000002,1.8961999999999999,24.92,1.0,2.0,1.0,c1cc(C2CCCCN2)ccn1,1.0,1
C1=CCC(c2cccnc2)NC1,M03410,160.22,1.6721999999999997,24.92,1.0,2.0,1.0,C1=CCC(c2cccnc2)NC1,1.0,1
COc1ccc(C(O)(c2cncnc2)C2CC2)cc1,M03411,256.305,2.1311,55.24,1.0,4.0,4.0,c1ccc(C(c2cncnc2)C2CC2)cc1,1.0,1
Clc1nc(Cl)nc(Nc2ccccc2Cl)n1,M03412,275.526,3.575400000000001,50.7,1.0,4.0,2.0,c1ccc(Nc2ncncn2)cc1,0.9466801716388252,2
COP(=S)(OC)SCC(=O)N(c1ccc(Cl)cc1)C(C)C,M03413,367.86,4.331900000000004,38.77,0.0,5.0,7.0,c1ccccc1,0.21161295934610674,802
c1ccc(CN(CC2=NCCN2)c2ccccc2)cc1,M03414,265.36,2.6949000000000014,27.63,1.0,3.0,5.0,c1ccc(CN(CC2=NCCN2)c2ccccc2)cc1,1.0,1
CCCCCn1cc(C(=O)NC23CC4CC(CC(C4)C2)C3)c2ccccc21,M03415,364.5330000000002,5.530100000000005,34.03,1.0,2.0,6.0,O=C(NC12CC3CC(CC(C3)C1)C2)c1c[nH]c2ccccc12,0.9466801716388252,2
CN1CCc2cccc3c2C1Cc1ccc(O)c(O)c1-3,M03416,267.328,2.8499000000000025,43.7,2.0,3.0,0.0,c1ccc2c(c1)CC1NCCc3cccc-2c31,0.8795051323147839,4
Nc1cc(Cl)c(NC2=NCCN2)c(Cl)c1,M03417,245.113,1.9466999999999999,62.44,3.0,4.0,1.0,c1ccc(NC2=NCCN2)cc1,0.9466801716388252,2
CCN(CC)CCCN(c1ccccc1)C1Cc2ccccc2C1,M03418,322.4960000000001,4.392300000000004,6.48,0.0,2.0,8.0,c1ccc(NC2Cc3ccccc3C2)cc1,1.0,1
C=CCC(C(=O)NC(N)=O)C(C)C,M03419,184.239,1.0296000000000003,72.19,2.0,2.0,4.0,,0.0,0
CC(COc1ccc(C(C)(C)C)cc1)OS(=O)OCCCl,M03420,334.8650000000001,3.6021000000000027,44.760000000000005,0.0,4.0,8.0,c1ccccc1,0.21161295934610674,802
COC(=O)C1=CCCN(C)C1,M03421,155.197,0.4213,29.54,0.0,3.0,1.0,C1=CCNCC1,1.0,1
O=C1CCc2ccc(OCCCCN3CCN(c4cccc(Cl)c4Cl)CC3)cc2N1,M03422,448.39400000000006,4.859300000000005,44.81,1.0,4.0,7.0,O=C1CCc2ccc(OCCCCN3CCN(c4ccccc4)CC3)cc2N1,1.0,1
Nc1ncnc2c1ncn2Cc1c(F)cccc1Cl,M03423,277.68999999999994,2.2493,69.62,1.0,5.0,2.0,c1ccc(Cn2cnc3cncnc32)cc1,1.0,1
CC(C)C(C(=O)OC(C#N)c1cccc(Oc2ccccc2)c1)c1ccc(Cl)cc1,M03424,419.908,6.679980000000006,59.32000000000001,0.0,4.0,7.0,O=C(Cc1ccccc1)OCc1cccc(Oc2ccccc2)c1,0.9466801716388252,2
CN1CC2c3ccccc3Oc3ccc(Cl)cc3C2C1,M03425,285.77400000000006,4.258500000000003,12.47,0.0,2.0,0.0,c1ccc2c(c1)Oc1ccccc1C1CNCC21,1.0,1
CCCOP(=S)(OCCC)OP(=S)(OCCC)OCCC,M03426,378.4330000000002,5.158400000000005,46.150000000000006,0.0,7.0,14.0,,0.0,0
COc1ccc(CCN2CCC(Nc3nc4ccccc4n3Cc3ccc(F)cc3)CC2)cc1,M03427,458.58100000000024,5.351300000000005,42.32,1.0,5.0,8.0,c1ccc(CCN2CCC(Nc3nc4ccccc4n3Cc3ccccc3)CC2)cc1,1.0,1
COC(=O)NC(C(=O)NC(Cc1ccccc1)C(O)CN(Cc1ccc(-c2ccccn2)cc1)NC(=O)C(NC(=O)OC)C(C)(C)C)C(C)(C)C,M03428,704.869,4.2116000000000025,171.21999999999997,5.0,9.0,14.0,c1ccc(CCCCNCc2ccc(-c3ccccn3)cc2)cc1,1.0,1
CC(C)C(=O)C1(C(=O)Nc2ccccc2)OC1(C(=O)c1ccc(F)cc1)c1ccccc1,M03429,431.46300000000014,4.536700000000003,75.77000000000001,1.0,4.0,7.0,O=C(Nc1ccccc1)C1OC1(C(=O)c1ccccc1)c1ccccc1,1.0,1
Nc1nc(N)nc(Cl)n1,M03430,145.553,-0.31060000000000015,90.71,2.0,5.0,0.0,c1ncncn1,0.6028054368020348,40
COc1ccc(CNc2nc(N3CCCC3CO)ncc2C(=O)NCc2ncccn2)cc1Cl,M03431,483.96000000000015,2.4318,125.39000000000001,3.0,9.0,9.0,O=C(NCc1ncccn1)c1cnc(N2CCCC2)nc1NCc1ccccc1,1.0,1
COC1CC(OC2C(C)OC(OC3C(C)=CCC4CC(CC5(C=CC(C)C(C(C)C)O5)O4)OC(=O)C4C=C(C)C(O)C5OCC(=CC=CC3C)C45O)CC2OC)OC(C)C1O,M03432,859.0630000000002,4.987300000000006,170.05999999999997,3.0,14.0,7.0,O=C1OC2CC(CC=CC(OC3CCC(OC4CCCCO4)CO3)CC=CC=C3COC4CC=CC1C34)OC1(C=CCCO1)C2,0.9088491513636503,3
C=CCC1(CC(C)O)C(=O)NC(=O)NC1=O,M03433,226.23199999999997,-0.3142,95.5,3.0,4.0,4.0,O=C1CC(=O)NC(=O)N1,0.802209494641301,8
OC(c1ccccc1)(c1ccccc1)C1CCNCC1,M03434,267.372,2.9221000000000013,32.26,2.0,2.0,3.0,c1ccc(C(c2ccccc2)C2CCNCC2)cc1,1.0,1
CC=C(C)C(=O)OC1CC(OC(C)=O)C2(C(=O)OC)COC3C2C12COC(O)(C(=O)OC)C2C(C)(C12OC1(C)C1CC2OC2OC=CC21O)C3O,M03435,720.7210000000003,-0.2030999999999955,215.33999999999997,3.0,16.0,6.0,C1=CC2C(O1)OC1CC2C2OC12C1CC2OCC3CCCC4(COCC14)C32,1.0,1
CCCC1C(=O)N2C(N(C)C)=Nc3ccc(C)cc3N2C1=O,M03436,300.3620000000001,2.0642199999999997,56.220000000000006,0.0,4.0,2.0,O=C1CC(=O)N2c3ccccc3N=CN12,1.0,1
CN1CCC(=C2c3ccccc3CCc3cccnc32)CC1,M03437,290.4100000000001,3.7077000000000027,16.130000000000003,0.0,2.0,0.0,c1ccc2c(c1)CCc1cccnc1C2=C1CCNCC1,0.9088491513636503,3
COc1cc(OC)nc(NC(=O)NS(=O)(=O)c2c(-c3nnn(C)n3)cnn2C)n1,M03438,424.40300000000013,-1.0717999999999994,180.93,2.0,13.0,6.0,O=C(Nc1ncccn1)NS(=O)(=O)c1[nH]ncc1-c1nn[nH]n1,1.0,1
CSc1nc(N=[N+]=[N-])nc(NC(C)C)n1,M03439,225.28100000000003,2.3556,99.46000000000001,1.0,6.0,4.0,c1ncncn1,0.6028054368020348,40
NCC(CC(=O)O)c1ccc(Cl)cc1,M03440,213.664,1.857,63.32000000000001,2.0,2.0,4.0,c1ccccc1,0.21161295934610674,802
CN(C)C(=O)Oc1cc(OC(=O)N(C)C)cc(C(O)CNC(C)(C)C)c1,M03441,367.4460000000001,2.2288999999999994,91.34,2.0,6.0,5.0,c1ccccc1,0.21161295934610674,802
CCN(CCO)CCn1c(Cc2ccccc2)nc2c1c(=O)n(C)c(=O)n2C,M03442,385.4680000000002,0.3387000000000002,85.28999999999999,1.0,8.0,8.0,O=c1[nH]c(=O)c2[nH]c(Cc3ccccc3)nc2[nH]1,1.0,1
CN1CCC(N(Cc2ccccc2)c2ccccc2)CC1,M03443,280.41500000000013,3.7874000000000034,6.48,0.0,2.0,4.0,c1ccc(CN(c2ccccc2)C2CCNCC2)cc1,1.0,1
O=C(Nc1cccc(Cl)c1)OCC#CCCl,M03444,258.1039999999999,3.130700000000002,38.33,1.0,2.0,2.0,c1ccccc1,0.21161295934610674,802
O=C1N(CCN2CCCCC2)C(=O)C(c2ccccc2)(N2CCCCC2)C(=O)N1CCN1CCCCC1,M03445,509.69500000000056,3.1304000000000016,67.41,0.0,6.0,8.0,O=C1N(CCN2CCCCC2)C(=O)C(c2ccccc2)(N2CCCCC2)C(=O)N1CCN1CCCCC1,1.0,1
O=C(Oc1cccc2cccnc12)c1cn(CC2CCCCC2)c2ccccc12,M03446,384.4790000000002,5.989000000000005,44.12,0.0,4.0,4.0,O=C(Oc1cccc2cccnc12)c1cn(CC2CCCCC2)c2ccccc12,1.0,1
CCC(N)Cc1ccc2c(c1)OCO2,M03447,193.24599999999995,1.6951,44.480000000000004,1.0,3.0,3.0,c1ccc2c(c1)OCO2,0.7265474540909509,15
O=C(CCCl)NCc1ccccc1,M03448,197.66500000000002,1.9317,29.1,1.0,1.0,4.0,c1ccccc1,0.21161295934610674,802
CC(=O)c1cc2cccc(OCC(O)CNC(C)C)c2o1,M03449,291.34700000000004,2.3731,71.7,2.0,5.0,7.0,c1ccc2occc2c1,0.9088491513636503,3
CCN(CC)CCOC(=O)C(O)(c1ccccc1)c1ccccc1,M03450,327.42400000000004,2.807500000000001,49.769999999999996,1.0,4.0,8.0,c1ccc(Cc2ccccc2)cc1,0.6274242932504864,33
NS(=O)(=O)c1cc2c(cc1C(F)(F)F)NC(Cc1ccccc1)NS2(=O)=O,M03451,421.4220000000001,1.6254000000000004,118.35999999999999,3.0,5.0,3.0,O=S1(=O)NC(Cc2ccccc2)Nc2ccccc21,1.0,1
CCCCNC(=O)n1c(NC(=O)OC)nc2ccccc21,M03452,290.323,2.572400000000001,85.25,2.0,5.0,4.0,c1ccc2[nH]cnc2c1,0.7758207207981391,10
CC(=O)Nc1ccc(OC(=O)c2ccccc2OC(C)=O)cc1,M03453,313.309,2.789500000000001,81.69999999999999,1.0,5.0,4.0,O=C(Oc1ccccc1)c1ccccc1,1.0,1
CC1COc2ccccc2N1C(=O)C(Cl)Cl,M03454,260.12,2.6042000000000005,29.54,0.0,2.0,1.0,c1ccc2c(c1)NCCO2,1.0,1
O=C(CCCN1CCC(n2c(=O)[nH]c3ccccc32)CC1)c1ccc(F)cc1,M03455,381.4510000000002,3.7687000000000026,58.1,1.0,4.0,6.0,O=C(CCCN1CCC(n2c(=O)[nH]c3ccccc32)CC1)c1ccccc1,1.0,1
NC(CO)C(=O)NNCc1ccc(O)c(O)c1O,M03456,257.246,-1.7562,148.07,7.0,7.0,5.0,c1ccccc1,0.21161295934610674,802
CC(C)OP(=S)(OC(C)C)SCCNS(=O)(=O)c1ccccc1,M03457,397.52400000000006,3.7726000000000024,64.63,1.0,6.0,10.0,c1ccccc1,0.21161295934610674,802
CN(C)C(CSS(=O)(=O)c1ccccc1)CSS(=O)(=O)c1ccccc1,M03458,431.62600000000015,3.160800000000002,71.52000000000001,0.0,7.0,9.0,O=S(=O)(SCCCSS(=O)(=O)c1ccccc1)c1ccccc1,1.0,1
O=C1CN=C(c2ccccc2)c2c(sc3c2CCCC3)N1,M03459,296.395,3.416400000000001,41.46,1.0,3.0,1.0,O=C1CN=C(c2ccccc2)c2c(sc3c2CCCC3)N1,1.0,1
CC(C)OC(=O)NC(C(=O)NC(C)c1nc2ccc(F)cc2s1)C(C)C,M03460,381.4730000000001,3.7718000000000025,80.32,2.0,5.0,6.0,c1ccc2scnc2c1,0.7185751418868361,16
COc1ccc(CNC(=O)c2cc([N+](=O)[O-])ccc2NC(C)CO)cc1OC,M03461,389.40800000000013,2.3346999999999998,122.96000000000001,3.0,7.0,9.0,O=C(NCc1ccccc1)c1ccccc1,0.9466801716388252,2
N=C(N)c1ccccc1,M03462,120.15499999999996,0.9706700000000004,49.870000000000005,2.0,1.0,1.0,c1ccccc1,0.21161295934610674,802
CN1C2CCC1CC(OC(c1ccccc1)c1ccccc1)C2,M03463,307.43700000000007,4.417800000000004,12.47,0.0,2.0,4.0,c1ccc(C(OC2CC3CCC(C2)N3)c2ccccc2)cc1,1.0,1
CC(C)(C)CC(C)(C)c1ccc(OCCOCC[N+](C)(C)Cc2ccccc2)cc1,M03464,412.6380000000001,6.072400000000007,18.46,0.0,2.0,11.0,c1ccc(C[NH2+]CCOCCOc2ccccc2)cc1,1.0,1
CNCC12CCC(c3ccccc31)c1ccccc12,M03465,249.357,3.4312000000000022,12.03,1.0,1.0,2.0,c1ccc2c(c1)C1CCC2c2ccccc21,0.9466801716388252,2
CCCCCCCCCCCC[N+](C)(C)Cc1ccccc1,M03466,304.542,6.183900000000007,0.0,0.0,0.0,13.0,c1ccccc1,0.21161295934610674,802
CC(N)Cc1ccc2ccoc2c1,M03467,175.23099999999997,2.3225000000000007,39.16,1.0,2.0,2.0,c1ccc2occc2c1,0.9088491513636503,3
Nc1ccc(Cl)cc1C(=O)c1ccccc1,M03468,231.68200000000002,3.153200000000001,43.09,1.0,2.0,2.0,O=C(c1ccccc1)c1ccccc1,0.7538526280001345,12
Nc1ccc([N+](=O)[O-])cc1C(=O)c1ccccc1,M03469,242.234,2.4080000000000004,86.22999999999999,1.0,4.0,3.0,O=C(c1ccccc1)c1ccccc1,0.7538526280001345,12
O=C(c1ccc(Cl)cc1)c1ccc(Cl)cc1,M03470,251.11200000000002,4.224400000000002,17.07,0.0,1.0,2.0,O=C(c1ccccc1)c1ccccc1,0.7538526280001345,12
Nc1nc2ccc(Cl)cc2s1,M03471,184.65099999999998,2.5319000000000003,38.91,1.0,3.0,0.0,c1ccc2scnc2c1,0.7185751418868361,16
Nc1nc2c(Cl)cccc2s1,M03472,184.65099999999998,2.5319000000000003,38.91,1.0,3.0,0.0,c1ccc2scnc2c1,0.7185751418868361,16
Cn1nnc2ccccc21,M03473,133.15399999999997,0.9682999999999999,30.71,0.0,3.0,0.0,c1ccc2[nH]nnc2c1,0.7758207207981391,10
Cc1cccc2n[nH]nc12,M03474,133.15400000000002,1.26632,41.57,1.0,2.0,0.0,c1ccc2n[nH]nc2c1,0.8352580650673657,6
Oc1cccc2n[nH]nc12,M03475,135.126,0.6634999999999999,61.800000000000004,2.0,3.0,0.0,c1ccc2n[nH]nc2c1,0.8352580650673657,6
Cc1cc2n[nH]nc2cc1C,M03476,147.181,1.5747399999999998,41.57,1.0,2.0,0.0,c1ccc2n[nH]nc2c1,0.8352580650673657,6
O=C(O)C1=CC=C2N=NN=C2C1,M03477,163.13599999999997,1.1068,74.38,1.0,4.0,1.0,C1=CCC2=NN=NC2=C1,1.0,1
Cln1nnc2ccccc21,M03478,153.57199999999997,1.4332,30.71,0.0,3.0,0.0,c1ccc2[nH]nnc2c1,0.7758207207981391,10
CCCCCCCCCCCC[N+](CCO)(CCO)Cc1ccccc1,M03479,364.59400000000005,4.908900000000005,40.46,2.0,2.0,17.0,c1ccccc1,0.21161295934610674,802
CCOC(=O)C(C)N(C(=O)c1ccccc1)c1ccc(Cl)c(Cl)c1,M03480,366.24400000000014,4.591800000000004,46.61,0.0,3.0,5.0,O=C(Nc1ccccc1)c1ccccc1,0.744107216431016,13
NS(=O)(=O)c1cc2c(cc1Cl)NC(CSCc1ccccc1)=NS2(=O)=O,M03481,431.94800000000015,2.4335000000000004,118.69,2.0,6.0,5.0,O=S1(=O)N=C(CSCc2ccccc2)Nc2ccccc21,1.0,1
CNC(=O)Nc1nc2ccccc2s1,M03482,207.258,2.0476,54.02,2.0,3.0,1.0,c1ccc2scnc2c1,0.7185751418868361,16
O=C1OCC(O)=C1Cc1ccccc1,M03483,190.198,1.598,46.53,1.0,3.0,2.0,O=C1OCC=C1Cc1ccccc1,1.0,1
CC(=O)OCC(=O)C1(O)C(C)CC2C3CCC4=CC(=O)C=CC4(C)C3(F)C(O)CC21C,M03484,434.5040000000002,2.466500000000001,100.90000000000002,2.0,6.0,3.0,O=C1C=CC2C(=C1)CCC1C3CCCC3CCC21,0.7265474540909509,15
CN=C(NC)NCc1ccccc1,M03485,177.251,0.9813999999999995,36.42,2.0,1.0,2.0,c1ccccc1,0.21161295934610674,802
COC(=O)c1cc(Oc2ccc(Cl)cc2Cl)ccc1[N+](=O)[O-],M03486,342.1340000000001,4.480500000000003,78.67,0.0,5.0,4.0,c1ccc(Oc2ccccc2)cc1,0.6438836066809098,29
CC(C)=CC1C(C(=O)OCc2coc(Cc3ccccc3)c2)C1(C)C,M03487,338.44700000000006,5.1520000000000055,39.44,0.0,3.0,6.0,O=C(OCc1coc(Cc2ccccc2)c1)C1CC1,1.0,1
OC(CCN1CCCCC1)(c1ccccc1)C1CC2C=CC1C2,M03488,311.46900000000005,3.9624000000000033,23.47,1.0,2.0,5.0,C1=CC2CC1CC2C(CCN1CCCCC1)c1ccccc1,1.0,1
CC(=O)Oc1ccc(C(c2ccc(OC(C)=O)cc2)c2ccccn2)cc1,M03489,361.39700000000005,4.112400000000003,65.49000000000001,0.0,5.0,5.0,c1ccc(C(c2ccccc2)c2ccccn2)cc1,1.0,1
CC(C)(c1ccc(OCC2CO2)cc1)c1ccc(OCC2CO2)cc1,M03490,340.4190000000001,3.567700000000002,43.519999999999996,0.0,4.0,8.0,c1cc(OCC2CO2)ccc1Cc1ccc(OCC2CO2)cc1,1.0,1
CC(C)(c1ccc(OCC(O)CCl)cc1)c1ccc(OCC2CO2)cc1,M03491,376.88000000000017,3.768600000000003,51.22,1.0,4.0,9.0,c1ccc(Cc2ccc(OCC3CO3)cc2)cc1,0.9466801716388252,2
COc1cc(OC)nc(Oc2cccc(Oc3nc(OC)cc(OC)n3)c2C(=O)O)n1,M03492,430.3730000000002,2.5838,144.24,1.0,11.0,9.0,c1cnc(Oc2cccc(Oc3ncccn3)c2)nc1,0.9466801716388252,2
CC12C=CC(=O)C=C1CCC1C2CCC2(C)C(O)CCC12,M03493,286.4150000000001,3.6552000000000024,37.3,1.0,2.0,0.0,O=C1C=CC2C(=C1)CCC1C3CCCC3CCC21,0.7265474540909509,15
CCN(CC)CCCOC(=O)C1(c2ccccc2)CC2CCC1C2,M03494,329.4840000000002,4.019500000000003,29.54,0.0,3.0,8.0,c1ccc(C2CC3CCC2C3)cc1,0.9466801716388252,2
CNC(C)C(=O)c1ccc(Br)cc1,M03495,242.11599999999999,2.2397,29.1,1.0,2.0,3.0,c1ccccc1,0.21161295934610674,802
O=c1oc2ccccc2c(O)c1C1CC(c2ccc(-c3ccc(Br)cc3)cc2)Cc2ccccc21,M03496,523.4260000000002,7.790000000000007,50.44,1.0,3.0,3.0,O=c1oc2ccccc2cc1C1CC(c2ccc(-c3ccccc3)cc2)Cc2ccccc21,1.0,1
O=c1oc2ccccc2c(O)c1C(CC(O)c1ccc(-c2ccc(Br)cc2)cc1)c1ccccc1,M03497,527.4140000000001,7.183700000000007,70.67,2.0,4.0,6.0,O=c1oc2ccccc2cc1C(CCc1ccc(-c2ccccc2)cc1)c1ccccc1,1.0,1
O=C1CN=C(c2ccccn2)c2cc(Br)ccc2N1,M03498,316.15799999999996,2.6336000000000004,54.35,1.0,3.0,1.0,O=C1CN=C(c2ccccn2)c2ccccc2N1,0.9466801716388252,2
O=C1Nc2ccc(Br)cc2C(c2ccccn2)=NC1O,M03499,332.157,1.9519999999999995,74.58,2.0,4.0,1.0,O=C1CN=C(c2ccccn2)c2ccccc2N1,0.9466801716388252,2
CN(Cc1cc(Br)cc(Br)c1N)C1CCCCC1,M03500,376.13600000000025,4.558300000000004,29.259999999999998,1.0,2.0,3.0,c1ccc(CNC2CCCCC2)cc1,0.9466801716388252,2
CC(N)Cc1c2ccoc2c(Br)c2ccoc12,M03501,294.148,3.8312000000000017,52.3,1.0,3.0,2.0,c1cc2cc3occc3cc2o1,1.0,1
COP(=S)(OC)Oc1cc(Cl)c(Br)cc1Cl,M03502,366.0,4.652000000000002,27.69,0.0,4.0,4.0,c1ccccc1,0.21161295934610674,802
CCOP(=S)(OCC)Oc1cc(Cl)c(Br)cc1Cl,M03503,394.054,5.4322000000000035,27.69,0.0,4.0,6.0,c1ccccc1,0.21161295934610674,802
CC(C)OC(=O)C(O)(c1ccc(Br)cc1)c1ccc(Br)cc1,M03504,428.12000000000006,4.3991000000000025,46.53,1.0,3.0,4.0,c1ccc(Cc2ccccc2)cc1,0.6274242932504864,33
O=C(CCCN1CCC(O)(c2ccc(Br)cc2)CC1)c1ccc(F)cc1,M03505,420.3220000000002,4.5347000000000035,40.540000000000006,1.0,3.0,6.0,O=C(CCCN1CCC(c2ccccc2)CC1)c1ccccc1,0.8795051323147839,4
CN(C)CCC(c1ccc(Br)cc1)c1ccccn1,M03506,319.246,3.9277000000000024,16.130000000000003,0.0,2.0,5.0,c1ccc(Cc2ccccn2)cc1,0.802209494641301,8
CC(C)C(Br)C(=O)NC(N)=O,M03507,223.07,0.6008000000000002,72.19,2.0,2.0,2.0,,0.0,0
Cc1nnc2n1-c1sc(Br)cc1C(c1ccccc1Cl)=NC2,M03508,393.69700000000006,4.404120000000002,43.07,0.0,5.0,1.0,c1ccc(C2=NCc3nncn3-c3sccc32)cc1,0.8795051323147839,4
COc1cc2c(cc1OC)C13CCN4CC5=CCOC6CC(=O)N2C1C6C5CC43,M03509,394.4710000000001,2.1097,51.24,0.0,5.0,2.0,O=C1CC2OCC=C3CN4CCC56c7ccccc7N1C5C2C3CC46,0.9466801716388252,2
CCOc1ccc(NC(=O)CC(C)O)cc1,M03510,223.272,1.7946999999999997,58.56,2.0,3.0,5.0,c1ccccc1,0.21161295934610674,802
CC(C)(C)N1CCC(c2ccccc2)(c2ccccc2)CC1,M03511,293.4540000000001,4.867000000000004,3.24,0.0,1.0,2.0,c1ccc(C2(c3ccccc3)CCNCC2)cc1,1.0,1
CCCCOc1ccc(CC(=O)NO)cc1,M03512,223.272,1.9134,58.56,2.0,3.0,6.0,c1ccccc1,0.21161295934610674,802
CN(C)CCc1c[nH]c2ccc(O)cc12,M03513,204.273,1.9776,39.260000000000005,2.0,2.0,3.0,c1ccc2[nH]ccc2c1,0.5442457568182516,63
COc1ccc2c(c1O)-c1c3c(cc4c1C(C2)N(C)CC4)OCO3,M03514,325.36400000000015,2.8816000000000015,51.16000000000001,1.0,5.0,1.0,c1ccc2c(c1)CC1NCCc3cc4c(c-2c31)OCO4,0.9088491513636503,3
CCCCNc1cc(C(=O)O)cc(S(N)(=O)=O)c1Oc1ccccc1,M03515,364.42300000000006,3.036500000000001,118.71999999999998,3.0,5.0,8.0,c1ccc(Oc2ccccc2)cc1,0.6438836066809098,29
CC(C)(C)NCC(O)COc1ccccc1C#N,M03516,248.326,1.68608,65.28,2.0,4.0,5.0,c1ccccc1,0.21161295934610674,802
CCC(NC)C(=O)c1ccccc1,M03517,177.247,1.8673,29.1,1.0,2.0,4.0,c1ccccc1,0.21161295934610674,802
CCC(NC)C(=O)c1ccc(C)cc1,M03518,191.274,2.17572,29.1,1.0,2.0,4.0,c1ccccc1,0.21161295934610674,802
Cc1ccc(Cl)c(OCC(O)CNC(C)(C)C)c1,M03519,271.788,2.7762200000000012,41.49,2.0,3.0,5.0,c1ccccc1,0.21161295934610674,802
CC(C)(C)NCC(O)COc1cc(C(=O)O)ccc1Cl,M03520,301.77,2.1660000000000004,78.78999999999999,3.0,4.0,6.0,c1ccccc1,0.21161295934610674,802
COC12CCC3(CC1C(C)(O)C(C)(C)C)C1Cc4ccc(O)c5c4C3(CCN1CC1CC1)C2O5,M03521,467.6500000000003,4.413800000000004,62.16,2.0,5.0,4.0,c1cc2c3c(c1)OC1C4CCC5(CC4)C(C2)N(CC2CC2)CCC315,1.0,1
COC12CCC3(CC1C(C)(O)C(C)(C)C)C1Cc4ccc(O)c5c4C3(CCN1)C2O5,M03522,413.55800000000016,3.291400000000001,70.95,3.0,5.0,2.0,c1cc2c3c(c1)OC1C4CCC5(CC4)C(C2)NCCC315,1.0,1
O=C1CC2(CCCC2)CC(=O)N1CCCCN1CCN(c2ncccn2)CC1,M03523,385.5120000000001,2.0881999999999996,69.64000000000001,0.0,6.0,6.0,O=C1CC2(CCCC2)CC(=O)N1CCCCN1CCN(c2ncccn2)CC1,1.0,1
CCCCOCN(C(=O)CCl)c1c(CC)cccc1CC,M03524,311.85300000000007,4.1574000000000035,29.54,0.0,2.0,9.0,c1ccccc1,0.21161295934610674,802
CCOP(=S)(NC(C)CC)Oc1cc(C)ccc1[N+](=O)[O-],M03525,332.3620000000001,3.9311200000000035,73.63,1.0,5.0,8.0,c1ccccc1,0.21161295934610674,802
CC(C)CC1Nc2cc(Cl)c(S(N)(=O)=O)cc2S(=O)(=O)N1,M03526,353.853,1.0634000000000001,118.35999999999999,3.0,5.0,3.0,O=S1(=O)NCNc2ccccc21,0.8176983027273006,7
C=C1C(=O)OC2C1CCC(C)C1C(O)CC(=O)C21C,M03527,264.32099999999997,1.4702999999999997,63.6,1.0,4.0,0.0,C=C1C(=O)OC2C1CCCC1CCC(=O)C12,1.0,1
CCCCOc1ccc(C(=O)OCCN(CC)CC)cc1,M03528,293.4069999999999,3.3641000000000023,38.77,0.0,4.0,10.0,c1ccccc1,0.21161295934610674,802
CCC(C)Nc1c([N+](=O)[O-])cc(C(C)(C)C)cc1[N+](=O)[O-],M03529,295.339,4.010900000000003,98.31,1.0,5.0,5.0,c1ccccc1,0.21161295934610674,802
CN(C)c1ccc(N=Nc2ccccc2)cc1,M03530,225.29500000000002,4.168000000000003,27.96,0.0,3.0,3.0,c1ccc(N=Nc2ccccc2)cc1,0.9466801716388252,2
C#CC(C)N(C)C(=O)Nc1ccc(Cl)cc1,M03531,236.70200000000003,2.825400000000001,32.34,1.0,1.0,2.0,c1ccccc1,0.21161295934610674,802
CCSC(=O)N(CC(C)C)CC(C)C,M03532,217.378,3.4735000000000023,20.310000000000002,0.0,2.0,5.0,,0.0,0
CCC(NC)C(=O)c1ccc2c(c1)OCO2,M03533,221.25599999999997,1.5959999999999999,47.56,1.0,4.0,4.0,c1ccc2c(c1)OCO2,0.7265474540909509,15
CCOP(=O)(SC(C)CC)SC(C)CC,M03534,270.4,5.194400000000004,26.3,0.0,4.0,8.0,,0.0,0
O=C(NC(CO)C(O)c1ccc([N+](=O)[O-])cc1)C(Cl)Cl,M03535,323.13199999999995,0.9089999999999998,112.70000000000002,3.0,5.0,6.0,c1ccccc1,0.21161295934610674,802
CN(CCO)c1nc2c(c(=O)n(C)c(=O)n2C)n1C,M03536,267.289,-1.6007999999999987,85.29000000000002,1.0,8.0,3.0,O=c1[nH]c(=O)c2[nH]cnc2[nH]1,0.7110586460049512,17
CC(O)CN1CCN(CC(=O)O)CCN(CC(=O)O)CCN(CC(=O)O)CC1,M03537,404.4640000000002,-2.157399999999993,145.08999999999997,4.0,8.0,8.0,C1CNCCNCCNCCN1,1.0,1
CN(C)C(=O)OC1N=C(c2ccccc2)c2cc(Cl)ccc2N(C)C1=O,M03538,371.8240000000001,3.1781000000000015,62.21000000000001,0.0,4.0,2.0,O=C1CN=C(c2ccccc2)c2ccccc2N1,0.6627017793637848,25
CC(C)OC(=O)Nc1ccc2nc(-c3cscn3)[nH]c2c1,M03539,302.35900000000004,3.643300000000001,79.9,2.0,5.0,3.0,c1ccc2[nH]c(-c3cscn3)nc2c1,0.9466801716388252,2
CCOc1nc2cccc(C(=O)OC(C)OC(=O)OC3CCCCC3)c2n1Cc1ccc(-c2ccccc2-c2nn[nH]n2)cc1,M03540,610.6710000000002,6.319100000000007,143.33999999999997,1.0,11.0,10.0,O=C(OCOC(=O)c1cccc2ncn(Cc3ccc(-c4ccccc4-c4nn[nH]n4)cc3)c12)OC1CCCCC1,1.0,1
C=C(C)C1CCC(C)=CC1c1c(O)cc(CCCCC)cc1O,M03541,314.469,5.846500000000006,40.46,2.0,2.0,6.0,C1=CC(c2ccccc2)CCC1,1.0,1
CCCCCc1cc(O)c2c(c1)OC(C)(C)c1ccc(C)cc1-2,M03542,310.437,5.727820000000007,29.46,1.0,2.0,4.0,c1ccc2c(c1)COc1ccccc1-2,1.0,1
CC12CCC(=O)C=C1C=CC1C2CCC2(C)C1CCC21CCC(=O)O1,M03543,340.46300000000014,4.370100000000003,43.370000000000005,0.0,3.0,0.0,O=C1C=C2C=CC3C(CCC4C3CCC43CCC(=O)O3)C2CC1,1.0,1
CCCCCOC(=O)Nc1nc(=O)n(C2OC(C)C(O)C2O)cc1F,M03544,359.35400000000004,0.7601999999999995,122.91000000000001,3.0,8.0,6.0,O=c1ncccn1C1CCCO1,0.7265474540909509,15
CCCCCC(=O)c1ccc(O)cc1O,M03545,208.257,2.8608000000000025,57.53,2.0,3.0,5.0,c1ccccc1,0.21161295934610674,802
O=C1C2CC=CCC2C(=O)N1SC(Cl)(Cl)C(Cl)Cl,M03546,349.0659999999999,3.520900000000002,37.38,0.0,3.0,3.0,O=C1NC(=O)C2CC=CCC12,0.9088491513636503,3
O=C1C2CC=CCC2C(=O)N1SC(Cl)(Cl)Cl,M03547,300.59399999999994,2.9135000000000018,37.38,0.0,3.0,1.0,O=C1NC(=O)C2CC=CCC12,0.9088491513636503,3
CC(CS)C(=O)N1CCCC1C(=O)O,M03548,217.28999999999996,0.6279000000000001,57.61,2.0,3.0,3.0,C1CCNC1,0.7643784743661259,11
CC(C)NCC(O)COc1cccc2[nH]c3ccccc3c12,M03549,298.3860000000001,3.0588000000000006,57.279999999999994,3.0,3.0,6.0,c1ccc2c(c1)[nH]c1ccccc12,0.8795051323147839,4
C[N+](C)(C)CCOC(N)=O,M03550,147.19799999999998,-0.2121000000000003,52.32,1.0,2.0,3.0,,0.0,0
CCN(CC)C(=O)N1CCN(C)CC1,M03551,199.29799999999994,0.6956,26.790000000000006,0.0,2.0,2.0,C1CNCCN1,0.8352580650673657,6
CN(C)CCOC(c1ccc(Cl)cc1)c1ccccn1,M03552,290.794,3.4026000000000023,25.36,0.0,3.0,6.0,c1ccc(Cc2ccccn2)cc1,0.802209494641301,8
CC1(C)CC(N)CC(C)(C)N1O,M03553,172.27200000000002,1.3558999999999999,49.489999999999995,2.0,3.0,0.0,C1CCNCC1,0.7265474540909509,15
CCCc1nn(C)c2c(=S)nc(-c3cc(C(=S)N4CCN(C)CC4)ccc3OCC)[nH]c12,M03554,470.66800000000035,3.9669900000000027,62.21,1.0,7.0,6.0,S=C(c1cccc(-c2nc(=S)c3[nH]ncc3[nH]2)c1)N1CCNCC1,1.0,1
CCOP(=S)(OCC)SCSc1ccc(Cl)cc1,M03555,342.875,5.420300000000004,18.46,0.0,5.0,8.0,c1ccccc1,0.21161295934610674,802
CC1=C(C(=O)Nc2ccccc2)S(=O)(=O)CCO1,M03556,267.306,1.3016,72.47,1.0,4.0,2.0,O=C(Nc1ccccc1)C1=COCCS1(=O)=O,1.0,1
CCCCNC(=O)NS(=O)(=O)c1ccc(N)cc1,M03557,271.342,1.0568,101.29,3.0,4.0,5.0,c1ccccc1,0.21161295934610674,802
CC(C)(C)NCC(O)c1ccc(O)c(NC(N)=O)c1,M03558,267.329,1.3043,107.60999999999999,5.0,4.0,4.0,c1ccccc1,0.21161295934610674,802
CC(C)(C)NCC(O)COc1cccc2c1CCC(=O)N2,M03559,292.37899999999996,1.6990999999999998,70.58999999999999,3.0,4.0,5.0,O=C1CCc2ccccc2N1,1.0,1
CCCNC(C)C(=O)Nc1c(C)csc1C(=O)OC,M03560,284.38100000000003,2.16972,67.43,2.0,5.0,6.0,c1ccsc1,0.802209494641301,8
COc1ccccc1OCCNCC(O)COc1cccc2[nH]c3ccccc3c12,M03561,406.482,3.738000000000002,75.74000000000001,3.0,5.0,10.0,c1ccc(OCCNCCCOc2cccc3[nH]c4ccccc4c23)cc1,1.0,1
CC(N)C(=O)c1ccccc1,M03562,149.19299999999998,1.2165000000000001,43.09,1.0,2.0,2.0,c1ccccc1,0.21161295934610674,802
CC(C(=O)c1ccccc1)N(C)C,M03563,177.24699999999999,1.8194000000000001,20.310000000000002,0.0,2.0,3.0,c1ccccc1,0.21161295934610674,802
CCNC(C)C(=O)c1ccccc1,M03564,177.247,1.8673000000000002,29.1,1.0,2.0,4.0,c1ccccc1,0.21161295934610674,802
O=C(c1cccc(F)c1)N1CCC(N2CCN(c3ccccc3)CC2)CC1,M03565,367.46800000000013,3.252500000000002,26.790000000000006,0.0,3.0,3.0,O=C(c1ccccc1)N1CCC(N2CCN(c3ccccc3)CC2)CC1,1.0,1
NC(C(=O)NC1C(=O)N2C(C(=O)O)=C(Cl)CSC12)c1ccccc1,M03566,367.814,0.6213000000000004,112.73,3.0,5.0,4.0,O=C(Cc1ccccc1)NC1C(=O)N2C=CCSC12,0.9088491513636503,3
CC1=C(C(=O)O)N2C(=O)C(NC(=O)C(N)c3ccc(O)cc3)C2SC1,M03567,363.3950000000001,0.15050000000000108,132.96,4.0,6.0,4.0,O=C(Cc1ccccc1)NC1C(=O)N2C=CCSC12,0.9088491513636503,3
CC1=C(C(=O)O)N2C(=O)C(NC(=O)C(N)c3ccccc3)C2SC1,M03568,347.3960000000001,0.4449000000000012,112.73,3.0,5.0,4.0,O=C(Cc1ccccc1)NC1C(=O)N2C=CCSC12,0.9088491513636503,3
NC(=O)c1cc[n+](CC2=C(C(=O)[O-])N3C(=O)C(NC(=O)Cc4cccs4)C3SC2)cc1,M03569,458.5210000000002,-1.218899999999995,136.51,2.0,7.0,7.0,O=C(Cc1cccs1)NC1C(=O)N2C=C(C[n+]3ccccc3)CSC12,1.0,1
Cc1nnc(SCC2=C(C(=O)O)N3C(=O)C(NC(=O)Cn4cnnn4)C3SC2)s1,M03570,454.5190000000002,-0.6360799999999995,156.08999999999997,2.0,12.0,7.0,O=C(Cn1cnnn1)NC1C(=O)N2C=C(CSc3nncs3)CSC12,1.0,1
CCN1CCN(C(=O)NC(C(=O)NC2C(=O)N3C(C(=O)O)=C(CSc4nnnn4C)CSC23)c2ccc(O)cc2)C(=O)C1=O,M03571,645.6800000000003,-1.1119999999999965,220.25999999999996,4.0,13.0,9.0,O=C1NCCN(C(=O)NC(C(=O)NC2C(=O)N3C=C(CSc4nnn[nH]4)CSC23)c2ccccc2)C1=O,1.0,1
CON=C(C(=O)NC1C(=O)N2C(C(=O)[O-])=C(C[n+]3cccc4c3CCCC4)CSC12)c1csc(N)n1,M03572,528.6160000000002,-0.6537999999999959,153.92000000000002,2.0,10.0,7.0,N=C(C(=O)NC1C(=O)N2C=C(C[n+]3cccc4c3CCCC4)CSC12)c1cscn1,1.0,1
CC(C)(ON=C(C(=O)NC1C(=O)N2C(C(=O)[O-])=C(C[n+]3ccccc3)CSC12)c1csc(N)n1)C(=O)O,M03573,546.5870000000002,-1.2991999999999946,191.22,3.0,11.0,9.0,N=C(C(=O)NC1C(=O)N2C=C(C[n+]3ccccc3)CSC12)c1cscn1,1.0,1
CON=C(C(=O)NC1C(=O)N2C(C(=O)O)=C(CSC(=O)c3ccco3)CSC12)c1csc(N)n1,M03574,523.5740000000002,0.9809999999999997,177.42000000000002,3.0,12.0,8.0,N=C(C(=O)NC1C(=O)N2C=C(CSC(=O)c3ccco3)CSC12)c1cscn1,1.0,1
COCc1c(C(C)C)nc(C(C)C)c(C=CC(O)CC(O)CC(=O)O)c1-c1ccc(F)cc1,M03575,459.5580000000002,4.8807000000000045,99.88000000000001,3.0,5.0,11.0,c1ccc(-c2ccncc2)cc1,1.0,1
COC(=O)COCCN1CCN(C(c2ccccc2)c2ccc(Cl)cc2)CC1,M03576,402.92200000000014,3.236600000000002,42.010000000000005,0.0,5.0,8.0,c1ccc(C(c2ccccc2)N2CCNCC2)cc1,0.8176983027273006,7
O=C(O)COCC[N+]1([O-])CCN(C(c2ccccc2)c2ccc(Cl)cc2)CC1,M03577,404.8940000000001,3.160800000000002,72.83,1.0,4.0,8.0,c1ccc(C(c2ccccc2)N2CC[NH2+]CC2)cc1,1.0,1
CON=C(C(=O)O)c1ccccc1CON=C(C)c1cccc(C(F)(F)F)c1,M03578,394.349,4.081300000000003,80.48,1.0,5.0,7.0,C(=NOCc1ccccc1)c1ccccc1,0.9466801716388252,2
Nc1ncnc(Nc2ccc(Cl)cc2)n1,M03579,221.651,1.8508,76.72,2.0,5.0,2.0,c1ccc(Nc2ncncn2)cc1,0.9466801716388252,2
Cc1ccccc1CN1CCN(CCOC(c2ccccc2)c2ccccc2Cl)CC1,M03580,435.0110000000001,5.572220000000006,15.71,0.0,3.0,8.0,c1ccc(CN2CCN(CCOC(c3ccccc3)c3ccccc3)CC2)cc1,1.0,1
C#CC(C)OC(=O)Nc1cccc(Cl)c1,M03581,223.65900000000002,2.9102000000000006,38.33,1.0,2.0,2.0,c1ccccc1,0.21161295934610674,802
CN1CCN(C(c2ccccc2)c2ccc(Cl)cc2)CC1,M03582,300.8330000000001,3.6768000000000027,6.48,0.0,2.0,3.0,c1ccc(C(c2ccccc2)N2CCNCC2)cc1,0.8176983027273006,7
CN=C1CN(O)C(c2ccccc2)=c2cc(Cl)ccc2=N1,M03583,299.761,1.8492000000000002,48.19,1.0,3.0,1.0,N=C1CNC(c2ccccc2)=c2ccccc2=N1,0.9466801716388252,2
N=C1CN(O)C(c2ccccc2)=c2cc(Cl)ccc2=N1,M03584,285.73400000000004,1.79817,59.68000000000001,2.0,3.0,1.0,N=C1CNC(c2ccccc2)=c2ccccc2=N1,0.9466801716388252,2
Cc1cc(Cl)ccc1N=CN(C)C,M03585,196.68099999999998,2.8698200000000016,15.6,0.0,1.0,2.0,c1ccccc1,0.21161295934610674,802
CCCCOC(=O)C1C(C(=O)OCCCC)C2(Cl)C(Cl)=C(Cl)C1(Cl)C2(Cl)Cl,M03586,501.06100000000015,5.750900000000004,52.60000000000001,0.0,4.0,8.0,C1=CC2CCC1C2,1.0,1
COC(=O)C(Cl)Cc1ccc(Cl)cc1,M03587,233.09400000000002,2.6629000000000005,26.3,0.0,2.0,3.0,c1ccccc1,0.21161295934610674,802
O=S(=O)(Oc1ccc(Cl)cc1)c1ccc(Cl)cc1,M03588,303.166,3.7611000000000017,43.370000000000005,0.0,3.0,3.0,O=S(=O)(Oc1ccccc1)c1ccccc1,0.9466801716388252,2
CCOC(=O)c1ccccc1S(=O)(=O)NC(=O)Nc1nc(Cl)cc(OC)n1,M03589,414.82700000000017,1.8257,136.57999999999998,2.0,8.0,6.0,O=C(Nc1ncccn1)NS(=O)(=O)c1ccccc1,0.8352580650673657,6
CN1C(=O)CCS(=O)(=O)C1c1ccc(Cl)cc1,M03590,273.741,1.6155000000000002,54.45,0.0,3.0,1.0,O=C1CCS(=O)(=O)C(c2ccccc2)N1,1.0,1
CCOC(=O)C(O)(c1ccc(Cl)cc1)c1ccc(Cl)cc1,M03591,325.19100000000003,3.7924000000000024,46.53,1.0,3.0,4.0,c1ccc(Cc2ccccc2)cc1,0.6274242932504864,33
CCCc1nn(C)c2c(=O)[nH]c(-c3cc(C(=O)CCl)ccc3OCC)nc12,M03592,388.85500000000013,3.096300000000001,89.87,1.0,6.0,7.0,O=c1[nH]c(-c2ccccc2)nc2cn[nH]c12,0.9466801716388252,2
O=C1c2ccccc2C(=O)C1C(=O)C(c1ccccc1)c1ccc(Cl)cc1,M03593,374.8230000000001,4.736400000000003,51.21,0.0,3.0,4.0,O=C1c2ccccc2C(=O)C1C(=O)C(c1ccccc1)c1ccccc1,0.9466801716388252,2
COC(=O)C1Cc2c([nH]c3ccccc23)C(c2ccc3c(c2)OCO3)N1C(=O)CCl,M03594,426.8560000000002,3.1511000000000013,80.86000000000001,1.0,5.0,3.0,c1ccc2c3c([nH]c2c1)C(c1ccc2c(c1)OCO2)NCC3,1.0,1
CC(C)OC(=O)C(O)(c1ccc(Cl)cc1)c1ccc(Cl)cc1,M03595,339.2180000000001,4.180900000000003,46.53,1.0,3.0,4.0,c1ccc(Cc2ccccc2)cc1,0.6274242932504864,33
CN(C)CCN(Cc1ccc(Cl)cc1)c1ccccn1,M03596,289.81,3.3032000000000012,19.37,0.0,3.0,6.0,c1ccc(CNc2ccccn2)cc1,0.8795051323147839,4
CCN(CC)CCCC(C)Nc1ccnc2cc(Cl)ccc12,M03597,319.88000000000005,4.810600000000004,28.16,1.0,3.0,8.0,c1ccc2ncccc2c1,0.6846698721617894,21
CC(CCCNCCO)Nc1ccnc2cc(Cl)ccc12,M03598,307.8250000000001,3.050700000000001,57.18,3.0,4.0,8.0,c1ccc2ncccc2c1,0.6846698721617894,21
CN(C)CCN1c2ccccc2Sc2ccc(Cl)cc21,M03599,304.84600000000006,4.504300000000003,6.48,0.0,3.0,3.0,c1ccc2c(c1)Nc1ccccc1S2,0.7185751418868361,16
CN(C)CCC(c1ccc(Cl)cc1)c1ccccn1,M03600,274.795,3.8186000000000027,16.130000000000003,0.0,2.0,5.0,c1ccc(Cc2ccccn2)cc1,0.802209494641301,8
CN(C)CCCN1c2ccccc2Sc2ccc(Cl)cc21,M03601,318.8730000000001,4.894400000000004,6.48,0.0,3.0,4.0,c1ccc2c(c1)Nc1ccccc1S2,0.7185751418868361,16
CCCNC(=O)NS(=O)(=O)c1ccc(Cl)cc1,M03602,276.745,1.7379,75.27000000000001,2.0,3.0,4.0,c1ccccc1,0.21161295934610674,802
CN(C)CCC=C1c2ccccc2Sc2ccc(Cl)cc21,M03603,315.869,5.188000000000004,3.24,0.0,2.0,3.0,C=C1c2ccccc2Sc2ccccc21,1.0,1
COC(=O)c1c(Cl)c(Cl)c(C(=O)OC)c(Cl)c1Cl,M03604,331.966,3.873400000000001,52.60000000000001,0.0,4.0,2.0,c1ccccc1,0.21161295934610674,802
COP(=S)(OC)Oc1ccc([N+](=O)[O-])c(Cl)c1,M03605,297.65599999999995,3.144300000000001,70.83,0.0,6.0,5.0,c1ccccc1,0.21161295934610674,802
Cc1cc(C)cc(C(=O)N(NC(=O)c2ccc3c(c2C)CCCO3)C(C)(C)C)c1,M03606,394.51500000000027,4.522560000000004,58.64,1.0,3.0,2.0,O=C(NNC(=O)c1ccc2c(c1)CCCO2)c1ccccc1,1.0,1
CCOC(=O)C(CCc1ccccc1)NC1CCCN2CCCC(C(=O)O)N2C1=O,M03607,417.5060000000003,1.5955,99.18,2.0,6.0,8.0,O=C1C(NCCCc2ccccc2)CCCN2CCCCN12,1.0,1
CC(C)NCC(O)c1ccc(N)c(C#N)c1,M03608,219.28799999999998,1.17188,82.07,3.0,4.0,4.0,c1ccccc1,0.21161295934610674,802
CCOC(=O)C(Cl)=Cc1cc(N2C(=O)C3=C(CCCC3)C2=O)ccc1Cl,M03609,394.25400000000013,4.226600000000003,63.68,0.0,4.0,4.0,O=C1C2=C(CCCC2)C(=O)N1c1ccccc1,1.0,1
CCCc1nn(C)c2c(=O)[nH]c(-c3cc(C(=O)CN4CCN(CC=Cc5ccccc5)CC4)ccc3OCC)nc12,M03610,554.6950000000002,4.188500000000003,96.35,1.0,8.0,11.0,O=C(CN1CCN(CC=Cc2ccccc2)CC1)c1cccc(-c2nc3cn[nH]c3c(=O)[nH]2)c1,1.0,1
C(=Cc1ccccc1)CN1CCN(C(c2ccccc2)c2ccccc2)CC1,M03611,368.5240000000001,5.1070000000000055,6.48,0.0,2.0,6.0,C(=Cc1ccccc1)CN1CCN(C(c2ccccc2)c2ccccc2)CC1,1.0,1
COCCOc1ccccc1S(=O)(=O)NC(=O)Nc1nc(OC)nc(OC)n1,M03612,413.41200000000015,0.42440000000000017,150.86,2.0,10.0,9.0,O=C(Nc1ncncn1)NS(=O)(=O)c1ccccc1,0.802209494641301,8
CCn1nc(C(=O)O)c(=O)c2cc3c(cc21)OCO3,M03613,262.22099999999995,0.8432999999999997,90.65,1.0,6.0,2.0,O=c1cn[nH]c2cc3c(cc12)OCO3,1.0,1
COc1cc(N)c(Cl)cc1C(=O)NC1CCN(CCCOc2ccc(F)cc2)CC1OC,M03614,465.9530000000003,3.358100000000002,86.05,2.0,6.0,9.0,O=C(NC1CCN(CCCOc2ccccc2)CC1)c1ccccc1,1.0,1
CN(C)CCCC1(c2ccc(F)cc2)OCc2cc(C(N)=O)ccc21,M03615,342.4140000000001,3.0402000000000013,55.56,1.0,3.0,6.0,c1ccc(C2OCc3ccccc32)cc1,0.8555293230024756,5
CN(C)CCCC1(c2ccc(F)cc2)OCc2cc(C(=O)O)ccc21,M03616,343.3980000000001,3.6395000000000026,49.769999999999996,1.0,3.0,6.0,c1ccc(C2OCc3ccccc32)cc1,0.8555293230024756,5
C[N+](C)([O-])CCCC1(c2ccc(F)cc2)OCc2cc(C#N)ccc21,M03617,340.3980000000001,3.825580000000003,56.08,0.0,3.0,5.0,c1ccc(C2OCc3ccccc32)cc1,0.8555293230024756,5
CCC1OC(=O)C(C)C(OC2CC(C)(OC)C(O)C(C)O2)C(C)C(OC2OC(C)CC(NC)C2O)C(C)(OC)CC(C)C(=O)C(C)C(O)C1(C)O,M03618,733.9370000000001,2.097500000000005,191.7,5.0,14.0,8.0,O=C1CCCCOC(=O)CC(OC2CCCCO2)CC(OC2CCCCO2)CCC1,0.9088491513636503,3
CN1CCCC1CCOC(C)(c1ccccc1)c1ccc(Cl)cc1,M03619,343.898,5.104400000000005,12.47,0.0,2.0,6.0,c1ccc(C(OCCC2CCCN2)c2ccccc2)cc1,1.0,1
CNC(C)C(=O)c1ccc(Cl)cc1,M03620,197.665,2.1306000000000003,29.1,1.0,2.0,3.0,c1ccccc1,0.21161295934610674,802
CCSC(C)CC1CC(=O)C(C(CC)=NOCC=CCl)=C(O)C1,M03621,359.919,4.844400000000005,58.89,1.0,5.0,9.0,O=C1C=CCCC1,0.8352580650673657,6
CC(CC(=O)Nc1ccc(Cl)cc1Cl)N1CCCCC1,M03622,315.2440000000002,4.196400000000003,32.34,1.0,2.0,4.0,O=C(CCN1CCCCC1)Nc1ccccc1,1.0,1
C[N+]12CCC(CC1)C(OC(=O)C(O)(c1ccccc1)c1ccccc1)C2,M03623,352.45400000000006,2.7045000000000012,46.53,1.0,3.0,4.0,O=C(OC1C[NH+]2CCC1CC2)C(c1ccccc1)c1ccccc1,1.0,1
CN1C(=O)CC(=O)N(c2ccccc2)c2cc(Cl)ccc21,M03624,300.74500000000006,3.3712000000000018,40.620000000000005,0.0,2.0,1.0,O=C1CC(=O)N(c2ccccc2)c2ccccc2N1,1.0,1
CN(C)CCN1C(=O)c2ccccc2Nc2cc(Cl)ccc21,M03625,315.80400000000003,3.605400000000002,35.58,1.0,3.0,3.0,O=C1Nc2ccccc2Nc2ccccc21,0.9466801716388252,2
CC(Cc1ccccc1)NCc1ccccc1Cl,M03626,259.78,4.060800000000003,12.03,1.0,1.0,5.0,c1ccc(CCNCc2ccccc2)cc1,0.9088491513636503,3
CCCC(=O)OC1(C(=O)CCl)C(C)CC2C3CCC4=CC(=O)C=CC4(C)C3(F)C(=O)CC21C,M03627,478.98800000000034,4.701400000000005,77.51,0.0,5.0,5.0,O=C1C=CC2C(=C1)CCC1C3CCCC3CC(=O)C21,0.9466801716388252,2
CC(CN(C)C)C(C)(O)Cc1ccc(Cl)cc1,M03628,255.789,2.831200000000001,23.47,1.0,2.0,5.0,c1ccccc1,0.21161295934610674,802
C#CCOC(=O)C(C)Oc1ccc(Oc2ncc(Cl)cc2F)cc1,M03629,349.745,3.6101000000000028,57.650000000000006,0.0,5.0,6.0,c1ccc(Oc2ccccn2)cc1,0.8352580650673657,6
Cc1ncsc1CCCl,M03630,161.65699999999998,2.2328200000000002,12.89,0.0,2.0,2.0,c1cscn1,0.8352580650673657,6
CN(C)CCCN1c2ccccc2CCc2ccc(Cl)cc21,M03631,314.86,4.528400000000004,6.48,0.0,2.0,4.0,c1ccc2c(c1)CCc1ccccc1N2,0.8176983027273006,7
CNCCCN1c2ccccc2CCc2ccccc21,M03632,266.388,3.5328000000000026,15.27,1.0,2.0,4.0,c1ccc2c(c1)CCc1ccccc1N2,0.8176983027273006,7
O=C1CN=C(c2ccccc2Cl)c2cc([N+](=O)[O-])ccc2N1,M03633,315.716,3.037700000000001,84.6,1.0,4.0,2.0,O=C1CN=C(c2ccccc2)c2ccccc2N1,0.6627017793637848,25
Nc1ccc2c(c1)C(c1ccccc1Cl)=NCC(=O)N2,M03634,285.734,2.7117000000000013,67.47999999999999,2.0,3.0,1.0,O=C1CN=C(c2ccccc2)c2ccccc2N1,0.6627017793637848,25
Cc1nnc2n1-c1ccc([N+](=O)[O-])cc1C(c1ccccc1Cl)=NC2,M03635,353.76900000000006,3.4883200000000025,86.21,0.0,6.0,2.0,c1ccc(C2=NCc3nncn3-c3ccccc32)cc1,0.7758207207981391,10
CC1CCCC(C)N1NC(=O)c1ccc(Cl)c(S(N)(=O)=O)c1,M03636,345.8520000000001,1.8951000000000002,92.5,2.0,4.0,3.0,O=C(NN1CCCCC1)c1ccccc1,1.0,1
OCCN1CCN(CCC=C2c3ccccc3Sc3ccc(Cl)cc32)CC1,M03637,400.9750000000002,4.2363000000000035,26.71,1.0,4.0,5.0,C(CCN1CCNCC1)=C1c2ccccc2Sc2ccccc21,0.9088491513636503,3
Clc1ccc(C(OCCN2CCCCC2)c2ccccc2)cc1,M03638,329.8709999999999,4.931900000000004,12.47,0.0,2.0,6.0,c1ccc(C(OCCN2CCCCC2)c2ccccc2)cc1,1.0,1
Cc1[nH]c(C)c(Cl)c(=O)c1Cl,M03639,192.045,2.29854,32.86,1.0,1.0,0.0,O=c1cc[nH]cc1,0.9466801716388252,2
CC(C)NCC(O)c1ccccc1Cl,M03640,213.708,2.3714000000000004,32.26,2.0,2.0,4.0,c1ccccc1,0.21161295934610674,802
CN1CCN(C2=Nc3ccccc3Sc3ccc(Cl)cc32)CC1,M03641,343.8830000000001,4.1303000000000045,18.84,0.0,4.0,0.0,c1ccc2c(c1)N=C(N1CCNCC1)c1ccccc1S2,0.9088491513636503,3
CCc1cc2c(s1)N(C)C(=O)CN=C2c1ccccc1Cl,M03642,318.82899999999995,3.777700000000003,32.67,0.0,3.0,2.0,O=C1CN=C(c2ccccc2)c2ccsc2N1,1.0,1
Clc1ccc2c(c1)N=C(N1CCNCC1)c1ccccc1N2,M03643,312.804,3.3805000000000023,39.66,2.0,4.0,0.0,c1ccc2c(c1)N=C(N1CCNCC1)c1ccccc1N2,0.9466801716388252,2
CCOC(=O)C1C(OC(=O)c2ccccc2)CC2CCC1N2C,M03644,317.3850000000001,2.2578000000000005,55.84,0.0,5.0,4.0,O=C(OC1CC2CCC(C1)N2)c1ccccc1,0.9088491513636503,3
COC(=O)C1C2CCC(CC1C(=O)Oc1ccccc1)N2,M03645,289.33099999999996,1.5216999999999998,64.63000000000001,1.0,5.0,3.0,O=C(Oc1ccccc1)C1CC2CCC(C1)N2,1.0,1
COc1ccc2c3c1OC1C(O)CCC4C(C2)N(C)CCC341,M03646,301.3860000000001,1.7251,41.93,1.0,4.0,1.0,c1cc2c3c(c1)OC1CCCC4C(C2)NCCC314,0.9088491513636503,3
COc1ccc2c3c1OC1C(O)C=CC4C(C2)NCCC341,M03647,285.34300000000013,1.1588999999999998,50.72,2.0,4.0,1.0,C1=CC2C3Cc4cccc5c4C2(CCN3)C(C1)O5,0.802209494641301,8
COc1cc2c(c(OC)c1OC)-c1ccc(OC)c(=O)cc1C(NC(C)=O)CC2,M03648,399.4430000000002,2.871600000000001,83.09,1.0,6.0,5.0,O=c1cccc2c(c1)CCCc1ccccc1-2,1.0,1
CN1C(=O)C(O)CC1c1cccnc1,M03649,192.21800000000002,0.3456999999999999,53.43000000000001,1.0,3.0,1.0,O=C1CCC(c2cccnc2)N1,0.9088491513636503,3
CC(=O)CC(c1ccc(Cl)cc1)c1c(O)c2ccccc2oc1=O,M03650,342.7780000000001,4.263000000000003,67.50999999999999,1.0,4.0,4.0,O=c1oc2ccccc2cc1Cc1ccccc1,0.9088491513636503,3
CCCCCCC(C)(C)c1ccc(C2CCCC(O)C2)c(O)c1,M03651,318.50100000000003,5.658700000000007,40.46,2.0,2.0,7.0,c1ccc(C2CCCCC2)cc1,0.7758207207981391,10
CCCCCCCC(C)(C)c1ccc(C2CCCC(O)C2)c(O)c1,M03652,332.528,6.048800000000008,40.46,2.0,2.0,8.0,c1ccc(C2CCCCC2)cc1,0.7758207207981391,10
CCCCCCC(C)(C)c1ccc(C2CC(O)CCC2CCCO)c(O)c1,M03653,376.5810000000002,5.657300000000008,60.69,3.0,3.0,10.0,c1ccc(C2CCCCC2)cc1,0.7758207207981391,10
Cc1cc(N(C)C)nc(Cl)n1,M03654,171.63100000000003,1.5044199999999999,29.020000000000003,0.0,3.0,1.0,c1cncnc1,0.7185751418868361,16
C=C(c1ccccc1OCc1cccc(Cl)c1)n1ccnc1,M03655,310.784,4.634500000000003,27.05,0.0,3.0,5.0,C=C(c1ccccc1OCc1ccccc1)n1ccnc1,1.0,1
CC=CC(=O)N(CC)c1ccccc1C,M03656,203.28500000000003,2.9240200000000014,20.310000000000002,0.0,1.0,3.0,c1ccccc1,0.21161295934610674,802
CC=CC(=O)N(CC)C(CC)C(=O)N(C)C,M03657,226.31999999999996,1.2778,40.620000000000005,0.0,2.0,5.0,,0.0,0
COP(=O)(OC)OC(C)=CC(=O)OC(C)c1ccccc1,M03658,314.274,3.6121000000000025,71.06,0.0,6.0,7.0,c1ccccc1,0.21161295934610674,802
CNP(=O)(OC)Oc1ccc(C(C)(C)C)cc1Cl,M03659,291.71500000000003,3.9902000000000033,47.56,1.0,3.0,4.0,c1ccccc1,0.21161295934610674,802
CCCCCn1nc(C(=O)NC(C)(C)c2ccccc2)c2ccccc21,M03660,349.47800000000007,4.891600000000005,46.92,1.0,3.0,7.0,O=C(NCc1ccccc1)c1n[nH]c2ccccc12,1.0,1
CC(CN(C)C)CN1c2ccccc2Sc2ccc(C#N)cc21,M03661,323.4650000000001,4.358680000000004,30.27,0.0,4.0,4.0,c1ccc2c(c1)Nc1ccccc1S2,0.7185751418868361,16
CCOP(=S)(Oc1ccc(C#N)cc1)c1ccccc1,M03662,303.32300000000004,3.6085800000000017,42.25,0.0,4.0,5.0,S=[PH](Oc1ccccc1)c1ccccc1,0.9088491513636503,3
COP(=S)(OC)Oc1ccc(C#N)cc1,M03663,243.224,2.4543800000000005,51.480000000000004,0.0,5.0,4.0,c1ccccc1,0.21161295934610674,802
CN1CCN(C(c2ccccc2)c2ccccc2)CC1,M03664,266.38800000000003,3.0234000000000014,6.48,0.0,2.0,3.0,c1ccc(C(c2ccccc2)N2CCNCC2)cc1,0.8176983027273006,7
CN(C)CCC=C1c2ccccc2C=Cc2ccccc21,M03665,275.39500000000004,4.553800000000004,3.24,0.0,1.0,3.0,C=C1c2ccccc2C=Cc2ccccc21,1.0,1
CC1CC(C)C(=O)C(C(O)CC2CC(=O)NC(=O)C2)C1,M03666,281.35200000000003,1.0415,83.47,2.0,4.0,3.0,O=C1CC(CCC2CCCCC2=O)CC(=O)N1,1.0,1
CN(C)CCOC(=O)C(c1ccccc1)C1(O)CCCC1,M03667,291.39100000000013,2.1801000000000004,49.769999999999996,1.0,4.0,6.0,c1ccc(CC2CCCC2)cc1,1.0,1
CCCc1nn(C)c2c(=O)[nH]c(-c3cc(S(=O)(=O)N4CCN(C5CCCC5)CC4)ccc3OCC)nc12,M03668,528.6790000000004,2.9237,113.41999999999999,1.0,8.0,8.0,O=c1[nH]c(-c2cccc(S(=O)(=O)N3CCN(C4CCCC4)CC3)c2)nc2cn[nH]c12,1.0,1
COc1cc(C=C2CCCC(=Cc3ccc(O)c(OC)c3)C2=O)ccc1O,M03669,366.41300000000007,4.3350000000000035,75.99,2.0,5.0,4.0,O=C1C(=Cc2ccccc2)CCCC1=Cc1ccccc1,1.0,1
CCCC(=NOCC)C1=C(O)CC(C2CCCSC2)CC1=O,M03670,325.4740000000001,4.113400000000003,58.89,1.0,5.0,6.0,O=C1C=CCC(C2CCCSC2)C1,1.0,1
CC1(C)C(C=C(Cl)Cl)C1C(=O)OC(C#N)c1ccc(F)c(Oc2ccccc2)c1,M03671,434.29400000000015,6.317080000000003,59.32000000000001,0.0,4.0,6.0,O=C(OCc1cccc(Oc2ccccc2)c1)C1CC1,0.802209494641301,8
CC1(C)C(C=C(Cl)C(F)(F)F)C1C(=O)OC(C#N)c1cccc(Oc2ccccc2)c1,M03672,449.8560000000001,6.543980000000005,59.32000000000001,0.0,4.0,6.0,O=C(OCc1cccc(Oc2ccccc2)c1)C1CC1,0.802209494641301,8
CC1(C)C(C=C(Cl)Cl)C1C(=O)OC(C#N)c1cccc(Oc2ccccc2)c1,M03673,416.30400000000014,6.177980000000004,59.32000000000001,0.0,4.0,6.0,O=C(OCc1cccc(Oc2ccccc2)c1)C1CC1,0.802209494641301,8
CC(C)Nc1nc(Cl)nc(NC2CC2)n1,M03674,227.699,1.9195999999999998,62.730000000000004,2.0,5.0,4.0,c1ncnc(NC2CC2)n1,0.9088491513636503,3
CN1CCC(=C2c3ccccc3C=Cc3ccccc32)CC1,M03675,287.4060000000001,4.697900000000004,3.24,0.0,1.0,0.0,C1=Cc2ccccc2C(=C2CCNCC2)c2ccccc21,1.0,1
COP(=S)(OC)Oc1ccc(S(N)(=O)=O)cc1,M03676,297.294,1.2301000000000002,87.85,1.0,6.0,5.0,c1ccccc1,0.21161295934610674,802
CCCCCCOC(=O)NC(=N)c1ccc(NCc2nc3cc(C(=O)N(CCC(=O)OCC)c4ccccn4)ccc3n2C)cc1,M03677,627.7460000000003,5.812270000000005,151.52999999999997,3.0,10.0,15.0,O=C(Nc1ccccn1)c1ccc2[nH]c(CNc3ccccc3)nc2c1,1.0,1
Cc1ccc(NC(=O)NC(C)(C)c2ccccc2)cc1,M03678,268.36,4.051820000000003,41.13,2.0,1.0,3.0,O=C(NCc1ccccc1)Nc1ccccc1,1.0,1
CN1CC2CC1CN2c1cc2c(cc1F)c(=O)c(C(=O)O)cn2C1CC1,M03679,357.3850000000001,2.0664,65.78,1.0,5.0,3.0,O=c1ccn(C2CC2)c2cc(N3CC4CC3CN4)ccc12,1.0,1
Cc1ccccc1N1CCN(CCc2nnc3n2CCCC3)CC1,M03680,325.46000000000015,2.2875200000000007,37.190000000000005,0.0,5.0,4.0,c1ccc(N2CCN(CCc3nnc4n3CCCC4)CC2)cc1,1.0,1
CN(C)C(CCOc1cccc2ccccc12)c1ccccc1,M03681,305.42100000000005,4.911600000000004,12.47,0.0,2.0,6.0,c1ccc(CCCOc2cccc3ccccc23)cc1,1.0,1
CC(C)CN(CC(O)C(Cc1ccccc1)NC(=O)OC1COC2OCCC12)S(=O)(=O)c1ccc(N)cc1,M03682,547.6740000000003,2.3753,140.42000000000002,3.0,8.0,11.0,O=C(NC(CCNS(=O)(=O)c1ccccc1)Cc1ccccc1)OC1COC2OCCC12,1.0,1
CN1CSC(=S)N(C)C1,M03683,162.283,0.7967,6.48,0.0,3.0,0.0,S=C1NCNCS1,1.0,1
N=C(N)N1CCc2ccccc2C1,M03684,175.23499999999999,0.9381699999999995,53.11000000000001,2.0,1.0,0.0,c1ccc2c(c1)CCNC2,0.9466801716388252,2
CCCCCCCCCCOc1cc2c(=O)c(C(=O)OCC)c[nH]c2cc1OCC,M03685,417.5460000000002,5.6230000000000055,77.62000000000002,1.0,5.0,14.0,O=c1cc[nH]c2ccccc12,0.9088491513636503,3
CC(=O)OCC(=O)C12N=C(C)OC1CC1C3CCC4=CC(=O)C=CC4(C)C3C(O)CC12C,M03686,441.5240000000002,2.5632,102.26,1.0,7.0,3.0,O=C1C=CC2C(=C1)CCC1C2CCC2C1CC1OC=NC12,1.0,1
O=C1CN=C(c2ccccc2Cl)c2cc(Cl)ccc2N1,M03687,305.164,3.7829000000000015,41.46,1.0,2.0,1.0,O=C1CN=C(c2ccccc2)c2ccccc2N1,0.6627017793637848,25
CCOP(=O)(OCC)SCCSCC.CCOP(=S)(OCC)OCCSCC,M03688,516.6900000000003,6.707400000000007,63.22000000000001,0.0,10.0,18.0,,0.0,0
O=C1CN(O)C(c2ccccc2)=c2cc(Cl)ccc2=N1,M03689,286.718,1.3475000000000001,52.900000000000006,1.0,3.0,1.0,O=C1CNC(c2ccccc2)=c2ccccc2=N1,1.0,1
CCC(CC)COC(C(=O)OCCN(C)C)(c1ccccc1)c1ccccc1,M03690,383.53200000000004,4.4878000000000045,38.77,0.0,4.0,11.0,c1ccc(Cc2ccccc2)cc1,0.6274242932504864,33
C#CCN(C)C(C)Cc1ccccc1,M03691,187.286,2.1826,3.24,0.0,1.0,4.0,c1ccccc1,0.21161295934610674,802
C#CCNC(C)Cc1ccccc1,M03692,173.25900000000001,1.8404,12.03,1.0,1.0,4.0,c1ccccc1,0.21161295934610674,802
C#CC[N+](C)([O-])C(C)Cc1ccccc1,M03693,203.285,2.1952,23.06,0.0,1.0,4.0,c1ccccc1,0.21161295934610674,802
CCc1cc2c(s1)-n1c(C)nnc1CN=C2c1ccccc1,M03694,308.40999999999997,3.550620000000002,43.07,0.0,5.0,2.0,c1ccc(C2=NCc3nncn3-c3sccc32)cc1,0.8795051323147839,4
CN1CCC23c4c5ccc(O)c4OC2CCCC3C1C5,M03695,271.35999999999996,2.4513000000000007,32.7,1.0,3.0,0.0,c1cc2c3c(c1)OC1CCCC4C(C2)NCCC314,0.9088491513636503,3
Cl[Si](Cl)(Cl)CCCBr,M03696,256.42999999999995,3.426700000000001,0.0,0.0,0.0,3.0,,0.0,0
CC12CCC(=O)C=C1CCC1C2CCC2(C)C(C(=O)CO)CCC12,M03697,330.46800000000013,3.6959000000000026,54.370000000000005,1.0,3.0,2.0,O=C1C=C2CCC3C4CCCC4CCC3C2CC1,0.6627017793637848,25
c1ccc(C(c2ccccc2)C2CCCCN2)cc1,M03698,251.37299999999993,3.960600000000002,12.03,1.0,1.0,3.0,c1ccc(C(c2ccccc2)C2CCCCN2)cc1,0.9466801716388252,2
CCN(CC)CCc1c[nH]c2ccccc12,M03699,216.328,3.052200000000001,19.03,1.0,1.0,5.0,c1ccc2[nH]ccc2c1,0.5442457568182516,63
CCC1C2CC3C4N(C)c5ccccc5C45CC(C2C5O)[N+]3(CC(O)CN(CC)CC)C1O,M03700,456.65100000000024,1.7719999999999994,67.17,3.0,5.0,7.0,c1ccc2c(c1)NC1C3CC4CC[NH+]3C3CC21CC43,0.9466801716388252,2
CCNC(C)Cc1cccc(C(F)(F)F)c1,M03701,231.26099999999997,3.2459000000000024,12.03,1.0,1.0,4.0,c1ccccc1,0.21161295934610674,802
CCC(=O)OC(Cc1ccccc1)(c1ccccc1)C(C)CN(C)C,M03702,339.47900000000016,4.275500000000004,29.54,0.0,3.0,8.0,c1ccc(CCc2ccccc2)cc1,0.9088491513636503,3
CC12CCC3C(CC=C4CC(O)CCC43C)C1CCC2=O,M03703,288.43100000000004,3.8792000000000026,37.3,1.0,2.0,0.0,O=C1CCC2C1CCC1C3CCCCC3=CCC21,0.9466801716388252,2
CCOP(=S)(OCC)SC(CCl)N1C(=O)c2ccccc2C1=O,M03704,393.85400000000016,3.878200000000003,55.84,0.0,6.0,8.0,O=C1NC(=O)c2ccccc21,0.8795051323147839,4
CC(C)N(C(=O)SCC(Cl)=CCl)C(C)C,M03705,270.225,4.277400000000004,20.310000000000002,0.0,2.0,4.0,,0.0,0
COc1ccc(Cc2cnc(N)nc2N)cc1OC,M03706,260.29699999999997,1.2489999999999999,96.28,2.0,6.0,4.0,c1ccc(Cc2cncnc2)cc1,0.8795051323147839,4
O=C1CN=C(c2ccccc2)c2cc(Cl)ccc2N1,M03707,270.71899999999994,3.129500000000001,41.46,1.0,2.0,1.0,O=C1CN=C(c2ccccc2)c2ccccc2N1,0.6627017793637848,25
CN(C)CCN1C(=O)c2ccccc2N(C)c2ccccc21,M03708,295.386,2.976300000000001,26.79,0.0,3.0,3.0,O=C1Nc2ccccc2Nc2ccccc21,0.9466801716388252,2
CCC(C(=O)c1ccc2c(c1)OCO2)N(C)C,M03709,235.28299999999996,1.9382,38.77,0.0,4.0,4.0,c1ccc2c(c1)OCO2,0.7265474540909509,15
COC(=O)c1c(Cl)ccc(Cl)c1OC,M03710,235.066,2.7886000000000006,35.53,0.0,3.0,2.0,c1ccccc1,0.21161295934610674,802
COP(=S)(OC)Oc1ccc([N+](=O)[O-])cc1Cl,M03711,297.65599999999995,3.144300000000002,70.83,0.0,6.0,5.0,c1ccccc1,0.21161295934610674,802
CCOP(=S)(OCC)Oc1ccc(Cl)cc1Cl,M03712,315.158,4.669700000000003,27.69,0.0,4.0,6.0,c1ccccc1,0.21161295934610674,802
CN(C)S(=O)(=O)N(SC(F)(Cl)Cl)c1ccccc1,M03713,333.237,3.006000000000001,40.620000000000005,0.0,3.0,5.0,c1ccccc1,0.21161295934610674,802
C=CCN(CC=C)C(=O)C(Cl)Cl,M03714,208.088,1.9907,20.310000000000002,0.0,1.0,5.0,,0.0,0
COC(=O)C(C)Oc1ccc(Cl)cc1Cl,M03715,249.093,2.9337000000000018,35.53,0.0,3.0,3.0,c1ccccc1,0.21161295934610674,802
CN1C(=O)CN=C(c2ccccc2Cl)c2cc(Cl)ccc21,M03716,319.1910000000001,3.8072000000000026,32.67,0.0,2.0,1.0,O=C1CN=C(c2ccccc2)c2ccccc2N1,0.6627017793637848,25
COC(=O)C(C)Oc1ccc(Oc2ccc(Cl)cc2Cl)cc1,M03717,341.19000000000005,4.7260000000000035,44.760000000000005,0.0,4.0,5.0,c1ccc(Oc2ccccc2)cc1,0.6438836066809098,29
Nc1c(Cl)cc([N+](=O)[O-])cc1Cl,M03718,207.016,2.4838000000000005,69.16,1.0,3.0,1.0,c1ccccc1,0.21161295934610674,802
OC(c1ccc(Cl)cc1)(c1ccc(Cl)cc1)C(Cl)(Cl)Cl,M03719,370.49,5.599500000000002,20.23,1.0,1.0,2.0,c1ccc(Cc2ccccc2)cc1,0.6274242932504864,33
COP(=O)(OC)OC(C)=CC(=O)N(C)C,M03720,237.19199999999998,1.3959,65.07000000000001,0.0,5.0,5.0,,0.0,0
CCN(CC)CCOC(=O)C1(C2CCCCC2)CCCCC1,M03721,309.4940000000001,4.402200000000004,29.54,0.0,3.0,7.0,C1CCC(C2CCCCC2)CC1,1.0,1
CC12CCC3=C4CCC(=O)C=C4CCC3C1CCC2(O)CC#N,M03722,311.425,3.8371800000000027,61.089999999999996,1.0,3.0,1.0,O=C1C=C2CCC3C(=C2CC1)CCC1CCCC13,1.0,1
CCN(CC)CCN1c2ccccc2Sc2ccccc21,M03723,298.45500000000004,4.631100000000004,6.48,0.0,3.0,5.0,c1ccc2c(c1)Nc1ccccc1S2,0.7185751418868361,16
Cn1c(-c2ccccc2)cc(-c2ccccc2)[n+]1C,M03724,249.337,3.183600000000002,8.809999999999999,0.0,1.0,2.0,c1ccc(-c2cc(-c3ccccc3)[nH+][nH]2)cc1,1.0,1
CN1CCN(c2cc3c(cc2F)c(=O)c(C(=O)O)cn3-c2ccc(F)cc2)CC1,M03725,399.3970000000001,2.7189000000000014,65.78,1.0,5.0,3.0,O=c1ccn(-c2ccccc2)c2cc(N3CCNCC3)ccc12,0.9466801716388252,2
CC(=NNC(=O)Nc1cc(F)cc(F)c1)c1ncccc1C(=O)O,M03726,334.28200000000004,2.603700000000001,103.67999999999999,3.0,4.0,4.0,O=C(NN=Cc1ccccn1)Nc1ccccc1,1.0,1
CC1(C)OCC2OC3(C(=O)O)OC(C)(C)OC3C2O1,M03727,274.269,0.46909999999999985,83.45000000000002,1.0,6.0,1.0,C1OCC2OC3OCOC3C2O1,1.0,1
COc1ccc(C2Sc3ccccc3N(CCN(C)C)C(=O)C2O)cc1,M03728,372.49000000000007,2.7977000000000007,53.010000000000005,1.0,5.0,5.0,O=C1CC(c2ccccc2)Sc2ccccc2N1,0.9088491513636503,3
CNCCN1C(=O)C(OC(C)=O)C(c2ccc(OC)cc2)Sc2ccccc21,M03729,400.50000000000006,3.0263000000000018,67.87,1.0,6.0,6.0,O=C1CC(c2ccccc2)Sc2ccccc2N1,0.9088491513636503,3
CC1=C(C)S(=O)(=O)CCS1(=O)=O,M03730,210.27599999999995,0.08099999999999996,68.28,0.0,4.0,0.0,O=S1(=O)C=CS(=O)(=O)CC1,1.0,1
CCCCc1c(C)nc(N(C)C)[nH]c1=O,M03731,209.29299999999998,1.48692,48.99,1.0,3.0,4.0,O=c1ccnc[nH]1,0.9088491513636503,3
CCN(CC)CC(C)(C)COC(=O)c1ccc(N)cc1,M03732,278.39599999999996,2.7936000000000005,55.56,1.0,4.0,7.0,c1ccccc1,0.21161295934610674,802
Cc1ccc(N)c(C)c1,M03733,121.183,1.88564,26.02,1.0,1.0,0.0,c1ccccc1,0.21161295934610674,802
CCCCCCCCCCCCCCCCCC[N+](C)(C)CCCCCCCCCCCCCCCCCC,M03734,551.0650000000004,13.585799999999974,0.0,0.0,0.0,34.0,,0.0,0
COP(=O)(OC)OC(=CCl)c1ccc(Cl)cc1Cl,M03735,331.519,4.948100000000002,44.760000000000005,0.0,4.0,5.0,c1ccccc1,0.21161295934610674,802
CC(C1=C(CCN(C)C)Cc2ccccc21)c1ccccn1,M03736,292.426,4.146700000000004,16.130000000000003,0.0,2.0,5.0,C1=C(Cc2ccccn2)c2ccccc2C1,1.0,1
CC(CN1c2ccccc2Sc2ccc(S(=O)(=O)N(C)C)cc21)N(C)C,M03737,391.5620000000001,3.4897000000000027,43.86000000000001,0.0,5.0,5.0,c1ccc2c(c1)Nc1ccccc1S2,0.7185751418868361,16
Cc1ncc([N+](=O)[O-])n1C,M03738,141.13,0.63672,60.96,0.0,4.0,1.0,c1c[nH]cn1,0.6438836066809098,29
CC=CC(=O)Oc1c(C(C)CCCCCC)cc([N+](=O)[O-])cc1[N+](=O)[O-],M03739,364.398,5.058400000000006,112.58000000000001,0.0,6.0,10.0,c1ccccc1,0.21161295934610674,802
CCOP(=S)(OCC)SC1OCCOC1SP(=S)(OCC)OCC,M03740,456.5500000000002,4.746800000000005,55.38000000000001,0.0,10.0,12.0,C1COCCO1,1.0,1
CCNC(C)C(O)c1ccc(O)c(O)c1,M03741,211.261,1.1291999999999998,72.72,4.0,4.0,4.0,c1ccccc1,0.21161295934610674,802
CCCc1nn(C)c2c(=O)[nH]c(-c3cc(C(=O)CN4CCN(CC)C(=O)C4=O)ccc3OCC)nc12,M03742,494.55200000000036,1.5481999999999987,130.48999999999998,1.0,8.0,9.0,O=C1NCCN(CC(=O)c2cccc(-c3nc4cn[nH]c4c(=O)[nH]3)c2)C1=O,1.0,1
O=C1c2ccccc2C(=O)C1C(=O)C(c1ccccc1)c1ccccc1,M03743,340.37800000000004,4.083000000000003,51.21,0.0,3.0,4.0,O=C1c2ccccc2C(=O)C1C(=O)C(c1ccccc1)c1ccccc1,0.9466801716388252,2
CN(C)C(=O)C(c1ccccc1)c1ccccc1,M03744,239.318,2.9067000000000016,20.310000000000002,0.0,1.0,3.0,c1ccc(Cc2ccccc2)cc1,0.6274242932504864,33
CCOC(=O)C1(c2ccccc2)CCN(CCC(C#N)(c2ccccc2)c2ccccc2)CC1,M03745,452.5980000000001,5.483280000000006,53.33,0.0,4.0,8.0,c1ccc(C2CCN(CCC(c3ccccc3)c3ccccc3)CC2)cc1,0.9466801716388252,2
CN1CCC(OC(c2ccccc2)c2ccccc2)CC1,M03746,281.3990000000001,3.8868000000000027,12.47,0.0,2.0,4.0,c1ccc(C(OC2CCNCC2)c2ccccc2)cc1,1.0,1
CC[N+](C)(C)CCOC(=O)C(C1CCCCC1)C1CCCCC1,M03747,324.52900000000017,4.402700000000004,26.3,0.0,2.0,7.0,C1CCC(CC2CCCCC2)CC1,1.0,1
Cn1c(=O)c2c(ncn2CC(O)CO)n(C)c1=O,M03748,254.24599999999998,-2.213099999999999,102.28,2.0,8.0,3.0,O=c1[nH]c(=O)c2[nH]cnc2[nH]1,0.7110586460049512,17
CC(C)N(CCc1c[nH]c2ccccc12)C(C)C,M03749,244.382,3.829200000000003,19.03,1.0,1.0,5.0,c1ccc2[nH]ccc2c1,0.5442457568182516,63
CC(C)N(CCc1c[nH]c2cccc(O)c12)C(C)C,M03750,260.38100000000003,3.5348000000000015,39.260000000000005,2.0,2.0,5.0,c1ccc2[nH]ccc2c1,0.5442457568182516,63
OCCN(CCO)c1nc(N2CCCCC2)c2nc(N(CCO)CCO)nc(N3CCCCC3)c2n1,M03751,504.6360000000004,-0.017599999999997396,145.44,4.0,12.0,12.0,c1nc(N2CCCCC2)c2ncnc(N3CCCCC3)c2n1,1.0,1
Cc1c(N(C)CS(=O)(=O)O)c(=O)n(-c2ccccc2)n1C,M03752,311.36300000000006,0.7659199999999997,84.54000000000002,1.0,6.0,4.0,O=c1cc[nH]n1-c1ccccc1,0.7758207207981391,10
c1cc[n+]2c(c1)-c1cccc[n+]1CC2,M03753,184.24199999999996,0.9421999999999999,7.76,0.0,0.0,0.0,c1cc[n+]2c(c1)-c1cccc[n+]1CC2,1.0,1
CC(C)N(CCC(C(N)=O)(c1ccccc1)c1ccccn1)C(C)C,M03754,339.4830000000001,3.361900000000002,59.22,1.0,3.0,8.0,c1ccc(Cc2ccccn2)cc1,0.802209494641301,8
CSC(=O)c1c(C(F)F)nc(C(F)(F)F)c(C(=O)SC)c1CC(C)C,M03755,401.42200000000014,5.242900000000003,47.03,0.0,5.0,5.0,c1ccncc1,0.5996365394334917,41
CC(CN1CCN(CCOCCO)CC1)CN1c2ccccc2Sc2ccccc21,M03756,427.61400000000003,3.5519000000000025,39.18,1.0,6.0,9.0,c1ccc2c(c1)Sc1ccccc1N2CCCN1CCNCC1,0.7883542836784342,9
COc1ccc(CC(C)N)cc1OC,M03757,195.26199999999997,1.5935,44.480000000000004,1.0,3.0,4.0,c1ccccc1,0.21161295934610674,802
CCC(C)CC(C)N,M03758,115.22,1.7698,26.02,1.0,1.0,3.0,,0.0,0
CNC(C)C(=O)c1ccc(C)c(C)c1,M03759,191.27399999999997,2.0940399999999997,29.1,1.0,2.0,3.0,c1ccccc1,0.21161295934610674,802
COc1ccc(CCN)cc1OC,M03760,181.235,1.205,44.480000000000004,1.0,3.0,4.0,c1ccccc1,0.21161295934610674,802
CN(C)CCc1c[nH]c2ccccc12,M03761,188.274,2.2720000000000002,19.03,1.0,1.0,3.0,c1ccc2[nH]ccc2c1,0.5442457568182516,63
Cc1cc([N+](=O)[O-])cc([N+](=O)[O-])c1O,M03762,198.134,1.5170199999999998,106.51,1.0,5.0,2.0,c1ccccc1,0.21161295934610674,802
COc1cc(CC(C)N)c(OC)cc1Br,M03763,274.158,2.3560000000000008,44.480000000000004,1.0,3.0,4.0,c1ccccc1,0.21161295934610674,802
CC(CCc1ccc(O)cc1)NCCc1ccc(O)c(O)c1,M03764,301.386,2.956800000000002,72.72,4.0,4.0,7.0,c1ccc(CCCNCCc2ccccc2)cc1,0.9088491513636503,3
COc1cc(CC(C)N)c(OC)cc1Cl,M03765,229.707,2.2469,44.480000000000004,1.0,3.0,4.0,c1ccccc1,0.21161295934610674,802
CCCCCCCCCCCCN=C(N)N,M03766,227.39599999999996,3.1807,64.39999999999999,2.0,1.0,11.0,,0.0,0
CCc1cc(OC)c(CC(C)N)cc1OC,M03767,223.31599999999997,2.1559,44.480000000000004,1.0,3.0,5.0,c1ccccc1,0.21161295934610674,802
COc1cc(CC(C)N)c(OC)cc1C,M03768,209.289,1.90192,44.480000000000004,1.0,3.0,4.0,c1ccccc1,0.21161295934610674,802
CCNC1CC(C)S(=O)(=O)c2sc(S(N)(=O)=O)cc21,M03769,324.44900000000007,0.612,106.32999999999998,2.0,6.0,3.0,O=S1(=O)CCCc2ccsc21,1.0,1
CN(C)CCC=C1c2ccccc2CSc2ccccc21,M03770,295.451,4.675700000000004,3.24,0.0,2.0,3.0,C=C1c2ccccc2CSc2ccccc21,1.0,1
CCN1CC(CCN2CCOCC2)C(c2ccccc2)(c2ccccc2)C1=O,M03771,378.5160000000001,3.173300000000001,32.78,0.0,3.0,6.0,O=C1NCC(CCN2CCOCC2)C1(c1ccccc1)c1ccccc1,1.0,1
CN(C)CCC=C1c2ccccc2COc2ccccc21,M03772,279.383,3.9624000000000033,12.47,0.0,2.0,3.0,C=C1c2ccccc2COc2ccccc21,0.9088491513636503,3
CNCCC=C1c2ccccc2COc2ccccc21,M03773,265.356,3.620200000000003,21.259999999999998,1.0,2.0,3.0,C=C1c2ccccc2COc2ccccc21,0.9088491513636503,3
CCCN(CCC)CCc1c[nH]c2ccccc12,M03774,244.382,3.8324000000000025,19.03,1.0,1.0,7.0,c1ccc2[nH]ccc2c1,0.5442457568182516,63
Cc1[nH]oc(=O)c1N=Nc1ccccc1Cl,M03775,237.64600000000002,3.3451200000000014,70.72,1.0,4.0,2.0,O=c1o[nH]cc1N=Nc1ccccc1,1.0,1
CCN(CC)CCOC(=O)C(c1ccccc1)C1CCCCC1,M03776,317.47300000000024,4.235500000000004,29.54,0.0,3.0,8.0,c1ccc(CC2CCCCC2)cc1,0.802209494641301,8
O=C(CCCN1CC=C(n2c(=O)[nH]c3ccccc32)CC1)c1ccc(F)cc1,M03777,379.4350000000002,3.6784000000000026,58.1,1.0,4.0,6.0,O=C(CCCN1CC=C(n2c(=O)[nH]c3ccccc32)CC1)c1ccccc1,1.0,1
CC12CCC3c4cc(O)c(O)cc4CCC3C1CCC2=O,M03778,286.37100000000004,3.5230000000000024,57.53,2.0,3.0,0.0,O=C1CCC2C1CCC1c3ccccc3CCC12,0.8795051323147839,4
CC12CCC3c4ccc(O)c(O)c4CCC3C1CCC2=O,M03779,286.37100000000004,3.5230000000000032,57.53,2.0,3.0,0.0,O=C1CCC2C1CCC1c3ccccc3CCC12,0.8795051323147839,4
CC12CCC3c4ccc(O)cc4CCC3C1CC(O)C2O,M03780,288.38699999999994,2.5800000000000005,60.69,3.0,3.0,0.0,c1ccc2c(c1)CCC1C2CCC2CCCC21,0.9088491513636503,3
CCc1ccc(C(=O)c2cn(CCCCCF)c3ccccc23)c2ccccc12,M03781,387.498,6.727700000000006,22.0,0.0,2.0,8.0,O=C(c1cccc2ccccc12)c1c[nH]c2ccccc12,0.6060525864057348,39
CCOP(=O)(Sc1ccccc1)Sc1ccccc1,M03782,310.38000000000005,5.715600000000004,26.3,0.0,4.0,6.0,O=[PH](Sc1ccccc1)Sc1ccccc1,1.0,1
CCCCCn1c2ccccc2c2cc(C(=O)c3cccc4ccccc34)ccc21,M03783,391.51400000000007,7.368900000000007,22.0,0.0,2.0,6.0,O=C(c1ccc2[nH]c3ccccc3c2c1)c1cccc2ccccc12,1.0,1
CN1CCCC1Cc1c[nH]c2ccc(CCS(=O)(=O)c3ccccc3)cc12,M03784,382.5290000000001,3.8210000000000024,53.17,1.0,3.0,6.0,O=S(=O)(CCc1ccc2[nH]cc(CC3CCCN3)c2c1)c1ccccc1,1.0,1
CCC(C)C1OC2(C=CC1C)CC1CC(CC=C(C)C(OC3CC(OC)C(OC4CC(OC)C(NC)C(C)O4)C(C)O3)C(C)C=CC=C3COC4C(O)C(C)=CC(C(=O)O1)C34O)O2,M03785,886.1330000000003,5.604500000000008,161.85999999999999,3.0,14.0,9.0,O=C1OC2CC(CC=CC(OC3CCC(OC4CCCCO4)CO3)CC=CC=C3COC4CC=CC1C34)OC1(C=CCCO1)C2,0.9088491513636503,3
CCC(CC)(CNC(=O)CCCO)c1cccc(OC)c1,M03786,293.407,2.641700000000001,58.56,2.0,3.0,9.0,c1ccccc1,0.21161295934610674,802
COC(=O)C1C(O)CC2CCC1N2C,M03787,199.24999999999997,0.0029999999999998916,49.77,1.0,4.0,1.0,C1CC2CCC(C1)N2,1.0,1
Nc1nc(=O)n(C2CSC(CO)O2)cc1F,M03788,247.25099999999998,-0.4550000000000003,90.37,2.0,7.0,2.0,O=c1ncccn1C1CSCO1,1.0,1
CCOC(=O)C(CCc1ccccc1)NC(C)C(=O)N1CCCC1C(=O)O,M03789,376.45300000000026,1.6046,95.94000000000001,2.0,5.0,9.0,O=C(CNCCCc1ccccc1)N1CCCC1,0.9466801716388252,2
O=S1OCC2C(CO1)C1(Cl)C(Cl)=C(Cl)C2(Cl)C1(Cl)Cl,M03790,406.9290000000001,3.689800000000001,35.53,0.0,3.0,0.0,O=S1OCC2C3C=CC(C3)C2CO1,1.0,1
O=S1(=O)OCC2C(CO1)C1(Cl)C(Cl)=C(Cl)C2(Cl)C1(Cl)Cl,M03791,422.9280000000001,3.355900000000001,52.60000000000001,0.0,4.0,0.0,O=S1(=O)OCC2C3C=CC(C3)C2CO1,1.0,1
O=C(O)C1C2CCC(O2)C1C(=O)O,M03792,186.163,-0.050800000000000234,83.83,2.0,3.0,2.0,C1CC2CCC1O2,1.0,1
CSc1ccc(C(=O)c2[nH]c(=O)[nH]c2C)cc1,M03793,248.307,1.9643199999999998,65.72,2.0,3.0,3.0,O=C(c1ccccc1)c1c[nH]c(=O)[nH]1,1.0,1
CCN(CC)C(=O)C(C#N)=Cc1cc(O)c(O)c([N+](=O)[O-])c1,M03794,305.29,1.7813800000000002,127.70000000000002,2.0,6.0,5.0,c1ccccc1,0.21161295934610674,802
CCOP(=S)(Oc1ccc([N+](=O)[O-])cc1)c1ccccc1,M03795,323.31000000000006,3.645100000000002,61.599999999999994,0.0,5.0,6.0,S=[PH](Oc1ccccc1)c1ccccc1,0.9088491513636503,3
CCCN(CCC)C(=O)SCC,M03796,189.32399999999998,2.9815000000000014,20.310000000000002,0.0,2.0,5.0,,0.0,0
CC(C)C1(NC(=O)C2CC3c4cccc5[nH]cc(c45)CC3N(C)C2)OC2(O)C3CCCN3C(=O)C(Cc3ccccc3)N2C1=O,M03797,611.7430000000004,2.717200000000001,118.21000000000001,3.0,6.0,5.0,O=C(NC1OC2C3CCCN3C(=O)C(Cc3ccccc3)N2C1=O)C1CNC2Cc3c[nH]c4cccc(c34)C2C1,1.0,1
CCC(CO)NC(=O)C1C=C2c3cccc4[nH]cc(c34)CC2N(C)C1,M03798,339.4390000000002,1.9247,68.36,3.0,3.0,4.0,C1=C2c3cccc4[nH]cc(c34)CC2NCC1,0.8555293230024756,5
CN1CC(C(=O)NC2(C)OC3(O)C4CCCN4C(=O)C(Cc4ccccc4)N3C2=O)C=C2c3cccc4[nH]cc(c34)CC21,M03799,581.6730000000001,1.990800000000002,118.21000000000001,3.0,6.0,4.0,O=C(NC1OC2C3CCCN3C(=O)C(Cc3ccccc3)N2C1=O)C1C=C2c3cccc4[nH]cc(c34)CC2NC1,1.0,1
COC(=O)CCc1ccc(OCC(O)CNC(C)C)cc1,M03800,295.379,1.5298999999999996,67.79,2.0,5.0,9.0,c1ccccc1,0.21161295934610674,802
COc1ccc2nc(S(=O)Cc3ncc(C)c(OC)c3C)[nH]c2c1,M03801,345.4240000000001,2.8997400000000004,77.1,1.0,5.0,5.0,O=S(Cc1ccccn1)c1nc2ccccc2[nH]1,0.8795051323147839,4
CCN(C(=O)SCc1ccccc1)C(C)C(C)C,M03802,265.422,4.406200000000004,20.310000000000002,0.0,2.0,5.0,c1ccccc1,0.21161295934610674,802
Clc1ccc2c(c1)C(c1ccccc1)=NCc1nncn1-2,M03803,294.745,3.2717000000000027,43.07,0.0,4.0,1.0,c1ccc(C2=NCc3nncn3-c3ccccc32)cc1,0.7758207207981391,10
CCC(N)Cc1c[nH]c2ccccc12,M03804,188.274,2.4477,41.81,2.0,1.0,3.0,c1ccc2[nH]ccc2c1,0.5442457568182516,63
CCOC1OC(C(=O)O)C(O)C(O)C1O,M03805,222.19300000000004,-2.084899999999999,116.45000000000002,4.0,6.0,3.0,C1CCOCC1,0.6627017793637848,25
CCSCc1ccccc1OC(=O)NC,M03806,225.313,2.6579000000000006,38.33,1.0,3.0,4.0,c1ccccc1,0.21161295934610674,802
CCS(=O)(=O)Cc1ccccc1OC(=O)NC,M03807,257.311,1.3395000000000001,72.47,1.0,4.0,4.0,c1ccccc1,0.21161295934610674,802
CCS(=O)Cc1ccccc1OC(=O)NC,M03808,241.312,1.6734,55.400000000000006,1.0,3.0,4.0,c1ccccc1,0.21161295934610674,802
CCCCc1c(C)nc(NCC)[nH]c1=O,M03809,209.29299999999998,1.85272,57.78,2.0,3.0,5.0,O=c1ccnc[nH]1,0.9088491513636503,3
CCOc1cc(NC(C)=O)ccc1C(=O)OC,M03810,237.25499999999997,1.8302999999999998,64.63,1.0,4.0,4.0,c1ccccc1,0.21161295934610674,802
CCOc1ccccc1OS(=O)(=O)NC(=O)Nc1nc(OC)cc(OC)n1,M03811,398.3970000000001,1.3377999999999997,137.97,2.0,9.0,8.0,O=C(Nc1ncccn1)NS(=O)(=O)Oc1ccccc1,1.0,1
CCNC(C)C(=O)c1ccc2c(c1)OCO2,M03812,221.25599999999997,1.596,47.56,1.0,4.0,4.0,c1ccc2c(c1)OCO2,0.7265474540909509,15
CCOC(=O)C(c1ccccc1)N1CCCCC1,M03813,247.33799999999994,2.776700000000001,29.54,0.0,3.0,4.0,c1ccc(CN2CCCCC2)cc1,1.0,1
CCNCC(O)c1cccc(O)c1,M03814,181.23499999999999,1.0351,52.489999999999995,3.0,3.0,4.0,c1ccccc1,0.21161295934610674,802
CCc1cc2c(s1)-n1c(C)nnc1CN=C2c1ccccc1Cl,M03815,342.855,4.2040200000000025,43.07,0.0,5.0,2.0,c1ccc(C2=NCc3nncn3-c3sccc32)cc1,0.8795051323147839,4
OCCOCCOCCN1CCN(C(c2ccccc2)c2ccc(Cl)cc2)CC1,M03816,418.96500000000015,3.0725000000000016,45.17,1.0,5.0,11.0,c1ccc(C(c2ccccc2)N2CCNCC2)cc1,0.8176983027273006,7
Cn1c(=O)c2c(ncn2CCO)n(C)c1=O,M03817,224.21999999999997,-1.5739999999999998,82.04999999999998,1.0,7.0,2.0,O=c1[nH]c(=O)c2[nH]cnc2[nH]1,0.7110586460049512,17
CCOS(=O)(=O)O,M03818,126.13299999999998,-0.17429999999999995,63.60000000000001,1.0,3.0,2.0,,0.0,0
CC1(C)C(C(=O)c2nn(CCCCCF)c3ccccc23)C1(C)C,M03819,330.44700000000006,5.041000000000005,34.89,0.0,3.0,7.0,O=C(c1n[nH]c2ccccc12)C1CC1,1.0,1
COP(=S)(OC)Oc1ccc(S(=O)(=O)N(C)C)cc1,M03820,325.348,1.8330000000000002,65.07000000000001,0.0,6.0,6.0,c1ccccc1,0.21161295934610674,802
O=C(Oc1cccc2ccccc12)c1cn(Cc2ccc(F)cc2)c2ccccc12,M03821,395.43300000000005,6.201100000000004,31.23,0.0,3.0,4.0,O=C(Oc1cccc2ccccc12)c1cn(Cc2ccccc2)c2ccccc12,1.0,1
CC(CCN1CCOCC1)OC(=O)C1(c2ccccc2)CCOCC1,M03822,347.45500000000015,2.3888,48.0,0.0,5.0,6.0,O=C(OCCCN1CCOCC1)C1(c2ccccc2)CCOCC1,1.0,1
CCOC(=O)C1=C(C)NC(C)=C(C(=O)OC)C1c1cccc(Cl)c1Cl,M03823,384.259,3.9643000000000033,64.63,1.0,5.0,4.0,C1=CC(c2ccccc2)C=CN1,0.8176983027273006,7
COC(=O)Nc1nc2ccc(Sc3ccccc3)cc2[nH]1,M03824,299.355,3.892400000000001,67.00999999999999,2.0,4.0,3.0,c1ccc(Sc2ccc3nc[nH]c3c2)cc1,1.0,1
CC(C)(C[Sn+](CC(C)(C)c1ccccc1)CC(C)(C)c1ccccc1)c1ccccc1,M03825,518.3530000000002,8.414600000000007,0.0,0.0,0.0,9.0,c1ccc(CC[Sn+](CCc2ccccc2)CCc2ccccc2)cc1,1.0,1
CCNC1C2CCC(C2)C1c1ccccc1,M03826,215.34000000000003,3.178200000000002,12.03,1.0,1.0,3.0,c1ccc(C2CC3CCC2C3)cc1,0.9466801716388252,2
COP(=S)(OC)Oc1cc(Cl)c(Cl)cc1Cl,M03827,321.549,4.542900000000002,27.69,0.0,4.0,4.0,c1ccccc1,0.21161295934610674,802
CC(NCCC(c1ccccc1)c1ccccc1)c1ccccc1,M03828,315.46000000000004,5.5594000000000054,12.03,1.0,1.0,7.0,c1ccc(CNCCC(c2ccccc2)c2ccccc2)cc1,1.0,1
NCC(O)c1cccc(O)c1,M03829,153.18099999999998,0.3842999999999999,66.48,3.0,3.0,2.0,c1ccccc1,0.21161295934610674,802
CC(Cc1ccccc1)NCCn1cnc2c1c(=O)n(C)c(=O)n2C,M03830,341.415,0.6544999999999996,73.85,1.0,7.0,6.0,O=c1[nH]c(=O)c2c(ncn2CCNCCc2ccccc2)[nH]1,1.0,1
CCN(N=O)C(C)Cc1cccc(C(F)(F)F)c1,M03831,260.25899999999996,3.639700000000003,32.67,0.0,2.0,5.0,c1ccccc1,0.21161295934610674,802
CC(N)Cc1cccc(C(F)(F)F)c1,M03832,203.20699999999994,2.5951000000000013,26.02,1.0,1.0,2.0,c1ccccc1,0.21161295934610674,802
Cc1occc1C(=O)Nc1ccccc1,M03833,201.22500000000002,2.840320000000001,42.24,1.0,2.0,2.0,O=C(Nc1ccccc1)c1ccoc1,0.9466801716388252,2
COP(=S)(OC)Oc1ccc([N+](=O)[O-])c(C)c1,M03834,277.238,2.7993200000000007,70.83,0.0,6.0,5.0,c1ccccc1,0.21161295934610674,802
COC(=O)C(C)Oc1cc(Cl)c(Cl)cc1Cl,M03835,283.538,3.587100000000002,35.53,0.0,3.0,3.0,c1ccccc1,0.21161295934610674,802
CC(Cc1ccc(O)cc1)NCC(O)c1cc(O)cc(O)c1,M03836,303.358,2.0576,92.95,5.0,5.0,6.0,c1ccc(CCNCCc2ccccc2)cc1,0.9088491513636503,3
CN(C)C(=O)SCCCCOc1ccccc1,M03837,253.367,3.2604000000000024,29.540000000000003,0.0,3.0,6.0,c1ccccc1,0.21161295934610674,802
CC(Oc1ccc(Oc2nc3ccc(Cl)cc3o2)cc1)C(=O)O,M03838,333.72700000000003,4.125400000000003,81.79,1.0,5.0,5.0,c1ccc(Oc2nc3ccccc3o2)cc1,1.0,1
N#Cc1c[nH]cc1-c1cccc(Cl)c1Cl,M03839,237.08899999999997,3.8601800000000006,39.58,1.0,1.0,1.0,c1ccc(-c2cc[nH]c2)cc1,1.0,1
NC(=O)C(CCN1CCCCC1)(c1ccccc1)c1ccccc1,M03840,322.45200000000006,3.3340000000000023,46.330000000000005,1.0,2.0,6.0,c1ccc(C(CCN2CCCCC2)c2ccccc2)cc1,0.9466801716388252,2
c1ccc(C(CCN2CCCCC2)c2ccccc2)cc1,M03841,279.42699999999996,4.694500000000004,3.24,0.0,1.0,5.0,c1ccc(C(CCN2CCCCC2)c2ccccc2)cc1,0.9466801716388252,2
CC1(C)C(C(=O)OC(C#N)c2cccc(Oc3ccccc3)c2)C1(C)C,M03842,349.43000000000006,5.268980000000004,59.32000000000001,0.0,4.0,5.0,O=C(OCc1cccc(Oc2ccccc2)c1)C1CC1,0.802209494641301,8
CC(Cc1ccccc1)NCCC#N,M03843,188.27399999999994,2.1208799999999997,35.82,1.0,2.0,5.0,c1ccccc1,0.21161295934610674,802
O=S(=O)(Oc1ccc(Cl)cc1)c1ccccc1,M03844,268.721,3.1077000000000012,43.370000000000005,0.0,3.0,3.0,O=S(=O)(Oc1ccccc1)c1ccccc1,0.9466801716388252,2
CCOP(=S)(OCC)Oc1ccc(S(C)=O)cc1,M03845,308.36100000000005,3.1003000000000016,44.760000000000005,0.0,5.0,7.0,c1ccccc1,0.21161295934610674,802
CCOP(=S)(OCC)Oc1ccc(S(C)(=O)=O)cc1,M03846,324.36000000000007,2.7664000000000017,61.830000000000005,0.0,6.0,7.0,c1ccccc1,0.21161295934610674,802
CCC(=O)N(c1ccccc1)C1CCN(CCc2ccccc2)CC1,M03847,336.47900000000004,4.136700000000004,23.550000000000004,0.0,2.0,6.0,c1ccc(CCN2CCC(Nc3ccccc3)CC2)cc1,0.8795051323147839,4
CCC(=O)N(c1ccccc1)C1CCN(CCc2ccccc2)CC1C,M03848,350.50600000000003,4.382700000000004,23.550000000000004,0.0,2.0,6.0,c1ccc(CCN2CCC(Nc3ccccc3)CC2)cc1,0.8795051323147839,4
CCC(=O)N(c1ccccc1)C1CCNCC1C,M03849,246.35399999999996,2.4276,32.34,1.0,2.0,3.0,c1ccc(NC2CCNCC2)cc1,0.9088491513636503,3
CCC(=O)N(c1ccccc1)C1CCN(C(C)Cc2ccccc2)CC1,M03850,350.5060000000001,4.525200000000004,23.550000000000004,0.0,2.0,6.0,c1ccc(CCN2CCC(Nc3ccccc3)CC2)cc1,0.8795051323147839,4
CCC(=O)N(c1ccccc1)C1CCNCC1,M03851,232.32699999999994,2.1815999999999995,32.34,1.0,2.0,3.0,c1ccc(NC2CCNCC2)cc1,0.9088491513636503,3
CCC(=O)N(c1ccc(F)cc1)C1CCN(CCc2ccccc2)CC1,M03852,354.46900000000005,4.275800000000004,23.550000000000004,0.0,2.0,6.0,c1ccc(CCN2CCC(Nc3ccccc3)CC2)cc1,0.8795051323147839,4
COP(=O)(OC)Oc1ccc(SC)c(C)c1,M03853,262.267,3.496620000000002,44.760000000000005,0.0,5.0,5.0,c1ccccc1,0.21161295934610674,802
COP(=S)(OC)Oc1ccc(S(C)(=O)=O)c(C)c1,M03854,310.333,2.29462,61.830000000000005,0.0,6.0,5.0,c1ccccc1,0.21161295934610674,802
Clc1ccc(C(Cn2ccnc2)OCc2ccc(Sc3ccccc3)cc2)c(Cl)c1,M03855,455.4100000000001,7.299200000000004,27.05,0.0,4.0,8.0,c1ccc(Sc2ccc(COC(Cn3ccnc3)c3ccccc3)cc2)cc1,1.0,1
c1ccc([Sn+](c2ccccc2)c2ccccc2)cc1,M03856,350.02900000000005,2.2028,0.0,0.0,0.0,3.0,c1ccc([Sn+](c2ccccc2)c2ccccc2)cc1,1.0,1
CC(C(=O)O)N(C(=O)c1ccccc1)c1ccc(F)c(Cl)c1,M03857,321.735,3.599000000000002,57.61,1.0,2.0,4.0,O=C(Nc1ccccc1)c1ccccc1,0.744107216431016,13
CC(C)OC(=O)C(C)N(C(=O)c1ccccc1)c1ccc(F)c(Cl)c1,M03858,363.81600000000003,4.466000000000005,46.61,0.0,3.0,5.0,O=C(Nc1ccccc1)c1ccccc1,0.744107216431016,13
O=c1[nH]c2ccccc2n1CCN1CCN(c2cccc(C(F)(F)F)c2)CC1,M03859,390.40900000000005,3.170600000000002,44.27,1.0,4.0,4.0,O=c1[nH]c2ccccc2n1CCN1CCN(c2ccccc2)CC1,1.0,1
O=c1oc2ccccc2c(O)c1C1CC(c2ccc(OCc3ccc(C(F)(F)F)cc3)cc2)Cc2ccccc21,M03860,542.5530000000002,7.958300000000007,59.67,1.0,4.0,5.0,O=c1oc2ccccc2cc1C1CC(c2ccc(OCc3ccccc3)cc2)Cc2ccccc21,1.0,1
O=C(OCC(O)CO)c1ccccc1Nc1ccnc2c(C(F)(F)F)cccc12,M03861,406.36000000000007,3.507200000000001,91.68,3.0,6.0,6.0,c1ccc(Nc2ccnc3ccccc23)cc1,0.9466801716388252,2
CS(=O)(=O)c1ccc(C(O)C(CF)NC(=O)C(Cl)Cl)cc1,M03862,358.21799999999996,1.3815,83.47,2.0,4.0,6.0,c1ccccc1,0.21161295934610674,802
COC=C(C(=O)OC)c1ccccc1COc1cc(C(F)(F)F)nc(OC(C)C)n1,M03863,426.39100000000013,4.021900000000003,79.77000000000001,0.0,7.0,8.0,c1ccc(COc2ccncn2)cc1,1.0,1
COc1ccccc1N1CCN(CCCC(=O)c2ccc(F)cc2)CC1,M03864,356.44100000000003,3.6194000000000024,32.78,0.0,4.0,7.0,O=C(CCCN1CCN(c2ccccc2)CC1)c1ccccc1,1.0,1
O=C(NC(=O)c1c(F)cccc1F)Nc1ccc(Cl)c(Oc2ncc(C(F)(F)F)cc2Cl)c1,M03865,506.21400000000017,6.439600000000001,80.32000000000001,2.0,4.0,4.0,O=C(NC(=O)c1ccccc1)Nc1cccc(Oc2ccccn2)c1,1.0,1
COC(=O)Nc1nc2ccc(C(=O)c3ccc(F)cc3)cc2[nH]1,M03866,313.288,3.111300000000001,84.07999999999998,2.0,4.0,3.0,O=C(c1ccccc1)c1ccc2nc[nH]c2c1,0.9466801716388252,2
O=C1CN=C(c2ccccc2F)c2cc(Br)ccc2N1,M03867,333.15999999999997,3.3777000000000017,41.46,1.0,2.0,1.0,O=C1CN=C(c2ccccc2)c2ccccc2N1,0.6627017793637848,25
O=S(=O)(CC1=CCOc2ccccc21)c1ccc(Cl)cc1,M03868,320.797,3.5897000000000023,43.370000000000005,0.0,3.0,3.0,O=S(=O)(CC1=CCOc2ccccc21)c1ccccc1,1.0,1
Cc1nnc2n1-c1ccc(Br)cc1C(c1ccccc1F)=NC2,M03869,371.2130000000001,3.8283200000000015,43.07,0.0,4.0,1.0,c1ccc(C2=NCc3nncn3-c3ccccc32)cc1,0.7758207207981391,10
O=C(NC(=O)c1c(F)cccc1F)Nc1ccc(CON=C(c2ccc(Cl)cc2)C2CC2)cc1,M03870,483.90200000000027,5.911000000000004,79.79,2.0,4.0,7.0,O=C(NC(=O)c1ccccc1)Nc1ccc(CON=C(c2ccccc2)C2CC2)cc1,1.0,1
CC(C)C(C(=O)OC(C#N)c1cccc(Oc2ccccc2)c1)c1ccc(OC(F)F)cc1,M03871,451.46900000000005,6.627980000000005,68.55000000000001,0.0,5.0,9.0,O=C(Cc1ccccc1)OCc1cccc(Oc2ccccc2)c1,0.9466801716388252,2
CC(=O)OCC(=O)C1(O)CCC2C3CCC4=CC(=O)CCC4(C)C3(F)C(O)CC21C,M03872,422.4930000000002,2.4445000000000006,100.90000000000002,2.0,6.0,3.0,O=C1C=C2CCC3C4CCCC4CCC3C2CC1,0.6627017793637848,25
Fc1cccc(F)c1-c1nnc(-c2ccccc2Cl)nn1,M03873,304.687,3.5322000000000022,51.56,0.0,4.0,2.0,c1ccc(-c2nnc(-c3ccccc3)nn2)cc1,0.9466801716388252,2
CCOC(=O)c1ncn2c1CN(C)C(=O)c1cc(F)ccc1-2,M03874,303.293,1.7736999999999998,64.43,0.0,5.0,2.0,O=C1NCc2cncn2-c2ccccc21,1.0,1
COC(=O)c1nc(Cl)c(N)nc1N,M03875,202.601,0.08100000000000013,104.11999999999999,2.0,6.0,1.0,c1cnccn1,0.8555293230024756,5
CN1C(=O)CN=C(c2ccccc2F)c2cc([N+](=O)[O-])ccc21,M03876,313.28800000000007,2.5477000000000007,75.81,0.0,4.0,2.0,O=C1CN=C(c2ccccc2)c2ccccc2N1,0.6627017793637848,25
CN1C(=O)CN=C(c2ccccc2F)c2cc(N)ccc21,M03877,283.30600000000004,2.2217000000000002,58.69,1.0,3.0,1.0,O=C1CN=C(c2ccccc2)c2ccccc2N1,0.6627017793637848,25
Nc1ccc2c(c1)C(c1ccccc1F)=NCC(=O)N2,M03878,269.27899999999994,2.1974,67.47999999999999,2.0,3.0,1.0,O=C1CN=C(c2ccccc2)c2ccccc2N1,0.6627017793637848,25
O=C1CN=C(c2ccccc2F)c2cc([N+](=O)[O-])ccc2N1,M03879,299.26099999999997,2.5234000000000005,84.6,1.0,4.0,2.0,O=C1CN=C(c2ccccc2)c2ccccc2N1,0.6627017793637848,25
Cc1c(Nc2ncccc2C(=O)O)cccc1C(F)(F)F,M03880,296.248,3.850620000000002,62.22,2.0,3.0,3.0,c1ccc(Nc2ccccn2)cc1,0.9088491513636503,3
CCOC(=O)COC(=O)c1cc(Oc2ccc(C(F)(F)F)cc2Cl)ccc1[N+](=O)[O-],M03881,447.74900000000014,4.779200000000003,104.97,0.0,7.0,7.0,c1ccc(Oc2ccccc2)cc1,0.6438836066809098,29
NCCC(Oc1ccc(C(F)(F)F)cc1)c1ccccc1,M03882,295.304,4.174300000000002,35.25,1.0,2.0,5.0,c1ccc(COc2ccccc2)cc1,0.8555293230024756,5
OCCN1CCN(CCC=C2c3ccccc3Sc3ccc(C(F)(F)F)cc32)CC1,M03883,434.52700000000016,4.601700000000005,26.71,1.0,4.0,5.0,C(CCN1CCNCC1)=C1c2ccccc2Sc2ccccc21,0.9088491513636503,3
OCCN1CCN(CCCN2c3ccccc3Sc3ccc(C(F)(F)F)cc32)CC1,M03884,437.5310000000002,4.308100000000003,29.950000000000003,1.0,5.0,6.0,c1ccc2c(c1)Sc1ccccc1N2CCCN1CCNCC1,0.7883542836784342,9
CCOC(=O)Nc1ccc(NCc2ccc(F)cc2)nc1N,M03885,304.32500000000005,2.9834000000000005,89.27,3.0,5.0,5.0,c1ccc(CNc2ccccn2)cc1,0.8795051323147839,4
CCN(CC)CCN1C(=O)CN=C(c2ccccc2F)c2cc(Cl)ccc21,M03886,387.88600000000014,4.004900000000003,35.91,0.0,3.0,6.0,O=C1CN=C(c2ccccc2)c2ccccc2N1,0.6627017793637848,25
O=C1CN=C(c2ccccc2F)c2cc(Cl)ccc2N1CCO,M03887,332.76200000000006,2.6554000000000015,52.900000000000006,1.0,3.0,3.0,O=C1CN=C(c2ccccc2)c2ccccc2N1,0.6627017793637848,25
O=C1CN=C(c2ccccc2F)c2cc(Cl)ccc2N1,M03888,288.70899999999995,3.268600000000002,41.46,1.0,2.0,1.0,O=C1CN=C(c2ccccc2)c2ccccc2N1,0.6627017793637848,25
Cn1cc(-c2ccccc2)c(=O)c(-c2cccc(C(F)(F)F)c2)c1,M03889,329.32099999999997,4.738100000000003,22.0,0.0,2.0,2.0,O=c1c(-c2ccccc2)c[nH]cc1-c1ccccc1,1.0,1
CC(C)C(O)(c1ccc(OC(F)(F)F)cc1)c1cncnc1,M03890,312.29099999999994,3.267100000000002,55.24,1.0,4.0,4.0,c1ccc(Cc2cncnc2)cc1,0.8795051323147839,4
O=C1NCN(c2ccccc2)C12CCN(CCCC(c1ccc(F)cc1)c1ccc(F)cc1)CC2,M03891,475.58300000000014,5.305400000000005,35.580000000000005,1.0,3.0,7.0,O=C1NCN(c2ccccc2)C12CCN(CCCC(c1ccccc1)c1ccccc1)CC2,1.0,1
CC(C)C(Nc1ccc(C(F)(F)F)cc1Cl)C(=O)OC(C#N)c1cccc(Oc2ccccc2)c1,M03892,502.9200000000002,7.395680000000005,71.35,1.0,5.0,8.0,O=C(CNc1ccccc1)OCc1cccc(Oc2ccccc2)c1,1.0,1
CC(C)n1c(C=CC(O)CC(O)CC(=O)O)c(-c2ccc(F)cc2)c2ccccc21,M03893,411.473,4.628100000000003,82.69,3.0,4.0,8.0,c1ccc(-c2c[nH]c3ccccc23)cc1,1.0,1
CS(=O)(=O)NC(=O)c1cc(Oc2ccc(C(F)(F)F)cc2Cl)ccc1[N+](=O)[O-],M03894,438.76700000000005,3.748700000000002,115.61000000000001,1.0,6.0,5.0,c1ccc(Oc2ccccc2)cc1,0.6438836066809098,29
CCOP(=S)(CC)Sc1ccccc1,M03895,246.33700000000005,4.144600000000003,9.23,0.0,3.0,5.0,c1ccccc1,0.21161295934610674,802
COc1ccc(CC(C)NCC(O)c2ccc(O)c(NC=O)c2)cc1,M03896,344.41100000000006,2.2233,90.82,4.0,5.0,9.0,c1ccc(CCNCCc2ccccc2)cc1,0.9088491513636503,3
CCC(=O)OC(OP(=O)(CCCCc1ccccc1)CC(=O)N1CC(C2CCCCC2)CC1C(=O)O)C(C)C,M03897,563.6720000000004,6.121300000000007,110.21,1.0,6.0,14.0,O=C(C[PH](=O)CCCCc1ccccc1)N1CCC(C2CCCCC2)C1,1.0,1
CC1(C)C(C(=O)c2cn(Cc3ccc(F)cc3)c3ccccc23)C1(C)C,M03898,349.44900000000007,5.693600000000004,22.0,0.0,2.0,4.0,O=C(c1cn(Cc2ccccc2)c2ccccc12)C1CC1,1.0,1
O=C(NC12CC3CC(CC(C3)C1)C2)c1nn(Cc2ccc(F)cc2)c2ccccc12,M03899,403.50100000000003,4.922300000000004,46.92,1.0,3.0,4.0,O=C(NC12CC3CC(CC(C3)C1)C2)c1nn(Cc2ccccc2)c2ccccc12,1.0,1
COC(=O)C(NC(=O)c1nn(Cc2ccc(F)cc2)c2ccccc12)C(C)C,M03900,383.4230000000001,3.1511000000000013,73.22,1.0,5.0,6.0,c1ccc(Cn2ncc3ccccc32)cc1,0.8795051323147839,4
O=C(c1cccc2ccccc12)c1nc2ccccc2n1CCCCCF,M03901,360.43200000000024,5.560300000000004,34.89,0.0,3.0,7.0,O=C(c1nc2ccccc2[nH]1)c1cccc2ccccc12,1.0,1
O=C(Oc1cccc2cccnc12)c1cn(Cc2ccc(F)cc2)c2ccccc12,M03902,396.42100000000005,5.596100000000003,44.12,0.0,4.0,4.0,O=C(Oc1cccc2cccnc12)c1cn(Cc2ccccc2)c2ccccc12,1.0,1
O=C1OCCN1N=Cc1ccc([N+](=O)[O-])o1,M03903,225.16,0.9739,98.17999999999999,0.0,6.0,3.0,O=C1OCCN1N=Cc1ccco1,1.0,1
CC1(C)OC(c2ccco2)CN1C(=O)C(Cl)Cl,M03904,278.135,2.7193000000000014,42.68,0.0,3.0,2.0,c1coc(C2CNCO2)c1,1.0,1
COc1ccc2c3c1OC1CC(O)C=CC31CCN(C)C2,M03905,287.35900000000004,1.8503,41.93,1.0,4.0,1.0,C1=CC23CCNCc4cccc(c42)OC3CC1,1.0,1
COc1ccc(CCN(C)CCCC(C#N)(c2cc(OC)c(OC)c(OC)c2)C(C)C)cc1OC,M03906,484.6370000000003,5.101680000000005,73.18,0.0,7.0,14.0,c1ccc(CCCCNCCc2ccccc2)cc1,0.9088491513636503,3
CCCc1nn(C)c2c(=O)[nH]c(-c3cc(C(C)=O)ccc3OCC)nc12,M03907,354.41000000000014,2.8774000000000015,89.87,1.0,6.0,6.0,O=c1[nH]c(-c2ccccc2)nc2cn[nH]c12,0.9466801716388252,2
CNC(C)C1CCC(N)C(OC2C(N)CC(N)C(OC3OCC(C)(O)C(NC)C3O)C2O)O1,M03908,477.6030000000002,-3.327499999999993,199.72999999999996,8.0,12.0,7.0,C1CCC(OC2CCCC(OC3CCCCO3)C2)OC1,1.0,1
O=C(O)CCCO,M03909,104.105,-0.15650000000000003,57.53,2.0,2.0,3.0,,0.0,0
O=C(OCC(O)CO)c1ccccc1Nc1ccnc2cc(Cl)ccc12,M03910,372.80800000000005,3.141800000000001,91.68,3.0,6.0,6.0,c1ccc(Nc2ccnc3ccccc23)cc1,0.9466801716388252,2
Cc1ccc(S(=O)(=O)NC(=O)NC2C3CCC(C)(C2O)C3(C)C)cc1,M03911,366.4830000000001,2.16852,95.5,3.0,4.0,3.0,O=C(NC1CC2CCC1C2)NS(=O)(=O)c1ccccc1,1.0,1
Cc1cnc(C(=O)NCCc2ccc(S(=O)(=O)NC(=O)NC3CCCCC3)cc2)cn1,M03912,445.54500000000024,2.0781199999999993,130.14999999999998,3.0,6.0,7.0,O=C(NC1CCCCC1)NS(=O)(=O)c1ccc(CCNC(=O)c2cnccn2)cc1,1.0,1
CP(=O)(O)CCC(N)C(=O)O,M03913,181.128,-0.3114000000000004,100.61999999999999,3.0,3.0,4.0,,0.0,0
CN1C2CCCC1CC(NC(=O)c1nn(C)c3ccccc13)C2,M03914,312.4170000000001,2.3183999999999996,50.160000000000004,1.0,4.0,2.0,O=C(NC1CC2CCCC(C1)N2)c1n[nH]c2ccccc12,1.0,1
COC1=CC(=O)CC(C)C12Oc1c(Cl)c(OC)cc(OC)c1C2=O,M03915,352.7700000000001,2.8103000000000007,71.06,0.0,6.0,3.0,O=C1C=CC2(CC1)Oc1ccccc1C2=O,1.0,1
COc1ccccc1OCC(O)CO,M03916,198.21799999999996,0.4272000000000001,58.92,2.0,4.0,5.0,c1ccccc1,0.21161295934610674,802
NC(N)=NN=Cc1c(Cl)cccc1Cl,M03917,231.086,1.6007000000000005,76.76,2.0,2.0,2.0,c1ccccc1,0.21161295934610674,802
NC(N)=NCC1COc2ccccc2O1,M03918,207.233,0.09980000000000011,82.86000000000001,2.0,3.0,2.0,c1ccc2c(c1)OCCO2,1.0,1
CC1(C)OC2CC3C4CCC5=CC(=O)CCC5(C)C4(F)C(O)CC3(C)C2(C(=O)CCl)O1,M03919,454.96600000000024,3.889300000000003,72.83,1.0,5.0,2.0,O=C1C=C2CCC3C(CCC4C3CC3OCOC34)C2CC1,0.9466801716388252,2
CC(C)(COCc1cccc(Oc2ccccc2)c1)c1ccc(OC(F)(F)Br)cc1,M03920,477.3450000000001,7.297300000000005,27.69,0.0,3.0,9.0,c1ccc(CCOCc2cccc(Oc3ccccc3)c2)cc1,0.9466801716388252,2
O=C(CC1NCCCC1O)Cn1cnc2cc(Br)c(Cl)cc2c1=O,M03921,414.6870000000001,1.8844999999999996,84.22,2.0,6.0,4.0,O=C(CC1CCCCN1)Cn1cnc2ccccc2c1=O,1.0,1
CCOCCOC(=O)C(C)Oc1ccc(Oc2ncc(C(F)(F)F)cc2Cl)cc1,M03922,433.81000000000006,4.893100000000004,66.88000000000001,0.0,6.0,9.0,c1ccc(Oc2ccccn2)cc1,0.8352580650673657,6
COc1ccc2c3c([nH]c2c1)C(C)=NCC3,M03923,214.26799999999997,2.5416000000000007,37.379999999999995,1.0,2.0,1.0,C1=NCCc2c1[nH]c1ccccc21,1.0,1
Cn1ccc2c3ccccc3nc-2c1,M03924,182.226,2.6781000000000006,17.82,0.0,2.0,0.0,c1ccc2c3cc[nH]cc-3nc2c1,1.0,1
CC1(OC(=O)C=Cc2ccccc2)CC(O)C2(O)C=COC(OC3OC(CO)C(O)C(O)C3O)C12,M03925,494.49300000000017,-1.1998999999999995,175.37,6.0,11.0,6.0,O=C(C=Cc1ccccc1)OC1CCC2C=COC(OC3CCCCO3)C21,1.0,1
COC(C)C(O)(C(=O)OCC1=CCN2CCC(O)C12)C(C)C,M03926,313.394,0.3268000000000004,79.23,2.0,6.0,6.0,C1=CC2CCCN2C1,0.9466801716388252,2
COC(C)C(O)(C(=O)OCC1=CC[N+]2([O-])CCC(O)C12)C(C)C,M03927,329.393,0.3393999999999995,99.05000000000001,2.0,6.0,6.0,C1=CC2CCC[NH+]2C1,0.9466801716388252,2
COP(=O)(OC)OC1=C(Cl)C2CC=CC12,M03928,250.618,3.060200000000002,44.760000000000005,0.0,4.0,4.0,C1=CC2C=CC2C1,0.9466801716388252,2
CC(=O)Oc1ccc2c3c1OC1C(OC(C)=O)C=CC4C(C2)N(C)CCC341,M03929,369.41700000000014,1.9886,65.07000000000001,0.0,6.0,2.0,C1=CC2C3Cc4cccc5c4C2(CCN3)C(C1)O5,0.802209494641301,8
COc1cc(C(=O)OCCCN(C)CCN(C)CCCOC(=O)c2cc(OC)c(OC)c(OC)c2)cc(OC)c1OC,M03930,592.6860000000003,3.395800000000003,114.46000000000002,0.0,12.0,19.0,O=C(OCCCNCCNCCCOC(=O)c1ccccc1)c1ccccc1,1.0,1
CNC(C)Cc1ccc(O)c(O)c1,M03931,181.23499999999999,1.2481999999999998,52.489999999999995,3.0,3.0,3.0,c1ccccc1,0.21161295934610674,802
c1ccc(CN(CCN2CCCC2)c2ccccc2)cc1,M03932,280.41499999999996,3.7890000000000033,6.48,0.0,2.0,6.0,c1ccc(CN(CCN2CCCC2)c2ccccc2)cc1,1.0,1
NC(N)=NC(=O)c1nc(Cl)c(N2CCCCCC2)nc1N,M03933,311.777,0.5061999999999999,136.51,3.0,5.0,2.0,c1cnc(N2CCCCCC2)cn1,1.0,1
CNC(C)Cc1ccc(O)c(OC)c1,M03934,195.26199999999997,1.5511999999999997,41.489999999999995,2.0,3.0,4.0,c1ccccc1,0.21161295934610674,802
CN1C2CCC1CC(OC(=O)C(O)c1ccccc1)C2,M03935,275.34800000000007,1.8883999999999996,49.769999999999996,1.0,4.0,3.0,O=C(Cc1ccccc1)OC1CC2CCC(C1)N2,0.9466801716388252,2
CCCc1nn(C)c2c(=O)[nH]c(-c3cc(S(=O)(=O)N4CCN(CC)CC4)ccc3OCC)nc12,M03936,488.61400000000043,2.0010000000000003,113.41999999999999,1.0,8.0,8.0,O=c1[nH]c(-c2cccc(S(=O)(=O)N3CCNCC3)c2)nc2cn[nH]c12,0.8555293230024756,5
CCCCCn1cc(C(=O)CC(C)(C)C(C)(C)O)c2ccccc21,M03937,329.48400000000004,5.201400000000006,42.230000000000004,1.0,3.0,8.0,c1ccc2[nH]ccc2c1,0.5442457568182516,63
CCCCCCC(C)(C)c1cc(O)c2c(c1)OC(C)(C)C1CC=C(CO)CC21,M03938,386.5760000000002,6.2235000000000085,49.69,2.0,3.0,7.0,C1=CCC2c3ccccc3OCC2C1,1.0,1
COc1ccc2c3c1OC1C(=O)CCC4C(C2)N(C)CCC314,M03939,299.37000000000006,1.9333,38.77,0.0,4.0,1.0,O=C1CCC2C3Cc4cccc5c4C2(CCN3)C1O5,0.8352580650673657,6
CN1CCC23c4c5ccc(O)c4OC2C(=O)CCC3C1C5,M03940,285.34299999999996,1.6302999999999999,49.77,1.0,4.0,0.0,O=C1CCC2C3Cc4cccc5c4C2(CCN3)C1O5,0.8352580650673657,6
OCCOCCN1CCN(C(c2ccccc2)c2ccc(Cl)cc2)CC1,M03941,374.91200000000015,3.055900000000001,35.940000000000005,1.0,4.0,8.0,c1ccc(C(c2ccccc2)N2CCNCC2)cc1,0.8176983027273006,7
COc1ccc(-c2oc3c(CC=C(C)C)c(OC4OC(CO)C(O)C(O)C4O)ccc3c(=O)c2OCC2OC(C)C(O)C(O)C2O)cc1,M03942,674.6960000000005,0.4047999999999995,217.96999999999997,7.0,14.0,10.0,O=c1c(OCC2CCCCO2)c(-c2ccccc2)oc2cc(OC3CCCCO3)ccc12,1.0,1
COC(=O)c1ccc(C)cc1C1=NC(C)(C(C)C)C(=O)N1,M03943,288.347,2.07272,67.75999999999999,1.0,4.0,3.0,O=C1CN=C(c2ccccc2)N1,1.0,1
COc1cc(OC)nc(NC(=O)NS(=O)(=O)c2c(Cl)nc3ccccn23)n1,M03944,412.81500000000005,1.3053,136.81,2.0,9.0,5.0,O=C(Nc1ncccn1)NS(=O)(=O)c1cnc2ccccn12,0.9466801716388252,2
Clc1ccc(CSC(Cn2cncn2)=Nc2ccc(Cl)cc2Cl)cc1,M03945,411.7450000000001,5.901900000000002,43.07,0.0,5.0,5.0,c1ccc(CSC(Cn2cncn2)=Nc2ccccc2)cc1,1.0,1
O=C(Nc1cccc(C2=NCCN2)c1)Nc1cccc(C2=NCCN2)c1,M03946,348.4100000000001,2.0302,89.91,4.0,5.0,4.0,O=C(Nc1cccc(C2=NCCN2)c1)Nc1cccc(C2=NCCN2)c1,1.0,1
CN(C)CCCN1c2ccccc2CCc2ccccc21,M03947,280.415,3.8750000000000027,6.48,0.0,2.0,4.0,c1ccc2c(c1)CCc1ccccc1N2,0.8176983027273006,7
CCc1cc2c(cc1CC)CC(NCC(O)c1ccc(O)c3[nH]c(=O)ccc13)C2,M03948,392.49900000000014,3.148900000000001,85.35,4.0,4.0,6.0,O=c1ccc2c(CCNC3Cc4ccccc4C3)cccc2[nH]1,1.0,1
c1cc2c(c(NC3=NCCN3)c1)CCC2,M03949,201.27299999999997,1.5464000000000002,36.42,2.0,3.0,1.0,c1cc2c(c(NC3=NCCN3)c1)CCC2,1.0,1
CC1Cc2ccccc2N1NC(=O)c1ccc(Cl)c(S(N)(=O)=O)c1,M03950,365.84200000000004,2.0834,92.5,2.0,4.0,3.0,O=C(NN1CCc2ccccc21)c1ccccc1,1.0,1
CC(C)(C)NC(=O)C1CN(Cc2cccnc2)CCN1CC(O)CC(Cc1ccccc1)C(=O)NC1c2ccccc2CC1O,M03951,613.8030000000003,2.8669000000000016,118.03000000000002,4.0,7.0,11.0,O=C(NC1CCc2ccccc21)C(CCCN1CCN(Cc2cccnc2)CC1)Cc1ccccc1,1.0,1
O=C(NC1CCN(CCc2c[nH]c3ccccc23)CC1)c1ccccc1,M03952,347.46200000000016,3.604800000000002,48.13,2.0,2.0,5.0,O=C(NC1CCN(CCc2c[nH]c3ccccc23)CC1)c1ccccc1,1.0,1
CC(=O)N(CC(O)CN(C(C)=O)c1c(I)c(C(=O)NCC(O)CO)c(I)c(C(=O)NCC(O)CO)c1I)c1c(I)c(C(=O)NCC(O)CO)c(I)c(C(=O)NCC(O)CO)c1I,M03953,1550.1880000000006,-1.5868999999999964,339.09,13.0,15.0,22.0,c1ccc(NCCCNc2ccccc2)cc1,1.0,1
COP(=S)(OC)Oc1cc(Cl)c(I)cc1Cl,M03954,413.0,4.494100000000002,27.69,0.0,4.0,4.0,c1ccccc1,0.21161295934610674,802
CN(C)C=Nc1c(I)cc(I)c(CCC(=O)O)c1I,M03955,597.9600000000002,3.7390000000000025,52.900000000000006,1.0,2.0,5.0,c1ccccc1,0.21161295934610674,802
CC(C)[N+]1(C)C2CCC1CC(OC(=O)C(CO)c1ccccc1)C2,M03956,332.464,2.8541000000000016,46.53,1.0,3.0,5.0,O=C(Cc1ccccc1)OC1CC2CCC(C1)[NH2+]2,1.0,1
CN(C)CCCn1c2c(c3ccccc31)CCCCCC2,M03957,284.44700000000006,4.252000000000004,8.17,0.0,2.0,4.0,c1ccc2c3c([nH]c2c1)CCCCCC3,1.0,1
CC(C)OP(=O)(OC(C)C)SCc1ccccc1,M03958,288.349,4.877900000000004,35.53,0.0,4.0,7.0,c1ccccc1,0.21161295934610674,802
CC(C)NC(=O)N1CC(=O)N(c2cc(Cl)cc(Cl)c2)C1=O,M03959,330.17100000000005,2.880000000000001,69.72,1.0,3.0,2.0,O=C1CNC(=O)N1c1ccccc1,1.0,1
CCOP(=S)(OCC)Oc1nc(Cl)n(C(C)C)n1,M03960,313.747,3.1887000000000016,58.4,0.0,7.0,7.0,c1nc[nH]n1,0.8795051323147839,4
CC(CC(C#N)(c1ccccc1)C(C)C)N(C)C,M03961,244.382,3.444180000000002,27.03,0.0,2.0,5.0,c1ccccc1,0.21161295934610674,802
CC(C)CNC(=O)N1CCNC1=O,M03962,185.22699999999998,0.3772000000000003,61.440000000000005,2.0,2.0,2.0,O=C1NCCN1,0.9088491513636503,3
Clc1ccc(C(Cn2ccnc2)OCc2c(Cl)cccc2Cl)c(Cl)c1,M03963,416.1350000000001,6.454800000000002,27.05,0.0,3.0,6.0,c1ccc(COC(Cn2ccnc2)c2ccccc2)cc1,0.9466801716388252,2
NNC(=O)c1ccncc1,M03964,137.142,-0.3149000000000006,68.00999999999999,2.0,3.0,1.0,c1ccncc1,0.5996365394334917,41
CCCN(CCC)c1c([N+](=O)[O-])cc(C(C)C)cc1[N+](=O)[O-],M03965,309.36600000000004,4.252800000000004,89.52,0.0,5.0,8.0,c1ccccc1,0.21161295934610674,802
CC(CN1c2ccccc2Sc2cccnc21)N(C)C,M03966,285.416,3.634400000000002,19.370000000000005,0.0,4.0,3.0,c1ccc2c(c1)Nc1ncccc1S2,0.9466801716388252,2
CCOP(=S)(OCC)Oc1cc(-c2ccccc2)on1,M03967,313.315,4.017900000000004,53.72,0.0,6.0,7.0,c1ccc(-c2ccno2)cc1,1.0,1
CC(COc1ccccc1)NC(C)C(O)c1ccc(O)cc1,M03968,301.386,2.871200000000001,61.72,3.0,4.0,7.0,c1ccc(CCNCCOc2ccccc2)cc1,1.0,1
COC(=O)C1=C(C)NC(C)=C(C(=O)OC(C)C)C1c1cccc2nonc12,M03969,371.3930000000001,2.5822000000000003,103.55,1.0,8.0,4.0,C1=CC(c2cccc3nonc23)C=CN1,1.0,1
COc1cc2c(cc1OC)CC(=O)N(CCCN(C)CC1Cc3cc(OC)c(OC)cc31)CC2,M03970,468.59400000000034,3.3100000000000023,60.47000000000001,0.0,6.0,10.0,O=C1Cc2ccccc2CCN1CCCNCC1Cc2ccccc21,1.0,1
COC1CC(OC2C(C)OC(OC3C(C)=CCC4CC(CC5(CCC(C)C(C(C)C)O5)O4)OC(=O)C4C=C(C)C(O)C5OCC(=CC=CC3C)C45O)CC2OC)OC(C)C1O,M03971,861.0790000000003,5.211300000000007,170.05999999999997,3.0,14.0,7.0,O=C1OC2CC(CC=CC(OC3CCC(OC4CCCCO4)CO3)CC=CC=C3COC4CC=CC1C34)OC1(CCCCO1)C2,0.9466801716388252,2
CCCCCn1c(C)c(C(=O)c2cccc3ccccc23)c2ccccc21,M03972,355.4810000000001,6.524120000000006,22.0,0.0,2.0,6.0,O=C(c1cccc2ccccc12)c1c[nH]c2ccccc12,0.6060525864057348,39
CCCn1c(C)c(C(=O)c2cccc3ccccc23)c2ccccc21,M03973,327.4270000000001,5.743920000000005,22.0,0.0,2.0,4.0,O=C(c1cccc2ccccc12)c1c[nH]c2ccccc12,0.6060525864057348,39
CCCCCn1cc(C(=O)c2cccc3ccccc23)c2ccccc21,M03974,341.4540000000001,6.215700000000005,22.0,0.0,2.0,6.0,O=C(c1cccc2ccccc12)c1c[nH]c2ccccc12,0.6060525864057348,39
CCCCCC(C)n1c(C)c(C(=O)c2cccc3ccccc23)c2ccccc21,M03975,383.5350000000001,7.475220000000006,22.0,0.0,2.0,7.0,O=C(c1cccc2ccccc12)c1c[nH]c2ccccc12,0.6060525864057348,39
CCCCCn1cc(C(=O)c2cccc3ccccc23)c2ccc(OC)cc21,M03976,371.4800000000002,6.224300000000005,31.23,0.0,3.0,7.0,O=C(c1cccc2ccccc12)c1c[nH]c2ccccc12,0.6060525864057348,39
CCCCCn1cc(C(=O)C23CC4CC(CC(C4)C2)C3)c2ccccc21,M03977,349.5180000000001,6.230600000000006,22.0,0.0,2.0,6.0,O=C(c1c[nH]c2ccccc12)C12CC3CC(CC(C3)C1)C2,1.0,1
CCCCCn1c(O)c(C(=O)c2cccc3ccccc23)c2ccccc21,M03978,357.4530000000001,5.921300000000006,42.230000000000004,1.0,3.0,6.0,O=C(c1cccc2ccccc12)c1c[nH]c2ccccc12,0.6060525864057348,39
CCCCCn1cc(C(=O)c2cccc3ccccc23)c2c(O)cccc21,M03979,357.45300000000015,5.921300000000005,42.230000000000004,1.0,3.0,6.0,O=C(c1cccc2ccccc12)c1c[nH]c2ccccc12,0.6060525864057348,39
CCCCCn1cc(C(=O)c2cccc3ccccc23)c2cc(O)ccc21,M03980,357.45300000000015,5.921300000000005,42.230000000000004,1.0,3.0,6.0,O=C(c1cccc2ccccc12)c1c[nH]c2ccccc12,0.6060525864057348,39
CCCCCn1cc(C(=O)c2cccc3ccccc23)c2ccc(O)cc21,M03981,357.45300000000015,5.921300000000005,42.230000000000004,1.0,3.0,6.0,O=C(c1cccc2ccccc12)c1c[nH]c2ccccc12,0.6060525864057348,39
CCCCCn1cc(C(=O)c2cccc3ccccc23)c2cccc(O)c21,M03982,357.45300000000015,5.921300000000005,42.230000000000004,1.0,3.0,6.0,O=C(c1cccc2ccccc12)c1c[nH]c2ccccc12,0.6060525864057348,39
CC(O)CCCn1cc(C(=O)c2cccc3ccccc23)c2ccccc21,M03983,357.4530000000001,5.186500000000004,42.230000000000004,1.0,3.0,6.0,O=C(c1cccc2ccccc12)c1c[nH]c2ccccc12,0.6060525864057348,39
O=C(c1cccc2ccccc12)c1cn(CCCCCO)c2ccccc12,M03984,357.45300000000003,5.188100000000005,42.230000000000004,1.0,3.0,7.0,O=C(c1cccc2ccccc12)c1c[nH]c2ccccc12,0.6060525864057348,39
O=C(O)CCCCn1cc(C(=O)c2cccc3ccccc23)c2ccccc21,M03985,371.4360000000001,5.280400000000005,59.3,1.0,3.0,7.0,O=C(c1cccc2ccccc12)c1c[nH]c2ccccc12,0.6060525864057348,39
CCCCCCn1cc(C(=O)c2cccc3ccccc23)c2ccccc21,M03986,355.4810000000001,6.605800000000006,22.0,0.0,2.0,7.0,O=C(c1cccc2ccccc12)c1c[nH]c2ccccc12,0.6060525864057348,39
CCCCCCCn1cc(C(=O)c2cccc3ccccc23)c2ccccc21,M03987,369.5080000000001,6.995900000000006,22.0,0.0,2.0,8.0,O=C(c1cccc2ccccc12)c1c[nH]c2ccccc12,0.6060525864057348,39
c1ccc2cc3cc4ccccc4cc3cc2c1,M03988,228.29399999999998,5.146200000000003,0.0,0.0,0.0,0.0,c1ccc2cc3cc4ccccc4cc3cc2c1,1.0,1
CCCCn1cc(C(=O)c2cccc3ccccc23)c2ccccc21,M03989,327.4270000000001,5.825600000000005,22.0,0.0,2.0,5.0,O=C(c1cccc2ccccc12)c1c[nH]c2ccccc12,0.6060525864057348,39
CCCCn1cc(C(=O)c2cccc3ccc(C)cc23)c2ccccc21,M03990,341.45400000000006,6.134020000000005,22.0,0.0,2.0,5.0,O=C(c1cccc2ccccc12)c1c[nH]c2ccccc12,0.6060525864057348,39
CCCCn1cc(C(=O)c2ccc(C)c3ccccc23)c2ccccc21,M03991,341.45400000000006,6.134020000000005,22.0,0.0,2.0,5.0,O=C(c1cccc2ccccc12)c1c[nH]c2ccccc12,0.6060525864057348,39
CCCCn1c(O)c(C(=O)c2cccc3ccccc23)c2ccccc21,M03992,343.4260000000001,5.5312000000000054,42.230000000000004,1.0,3.0,5.0,O=C(c1cccc2ccccc12)c1c[nH]c2ccccc12,0.6060525864057348,39
CC(O)CCn1cc(C(=O)c2cccc3ccccc23)c2ccccc21,M03993,343.4260000000001,4.796400000000004,42.230000000000004,1.0,3.0,5.0,O=C(c1cccc2ccccc12)c1c[nH]c2ccccc12,0.6060525864057348,39
O=C(c1cccc2ccccc12)c1cn(CCCCO)c2ccccc12,M03994,343.426,4.7980000000000045,42.230000000000004,1.0,3.0,6.0,O=C(c1cccc2ccccc12)c1c[nH]c2ccccc12,0.6060525864057348,39
CCCCn1cc(C(=O)c2cccc3ccccc23)c2c(O)cccc21,M03995,343.4260000000001,5.531200000000005,42.230000000000004,1.0,3.0,5.0,O=C(c1cccc2ccccc12)c1c[nH]c2ccccc12,0.6060525864057348,39
CCCCn1cc(C(=O)c2cccc3ccccc23)c2cc(O)ccc21,M03996,343.4260000000001,5.531200000000005,42.230000000000004,1.0,3.0,5.0,O=C(c1cccc2ccccc12)c1c[nH]c2ccccc12,0.6060525864057348,39
CCCCn1cc(C(=O)c2cccc3ccccc23)c2ccc(O)cc21,M03997,343.4260000000001,5.531200000000005,42.230000000000004,1.0,3.0,5.0,O=C(c1cccc2ccccc12)c1c[nH]c2ccccc12,0.6060525864057348,39
CCCCn1cc(C(=O)c2cccc3ccccc23)c2cccc(O)c21,M03998,343.4260000000001,5.531200000000005,42.230000000000004,1.0,3.0,5.0,O=C(c1cccc2ccccc12)c1c[nH]c2ccccc12,0.6060525864057348,39
O=C(O)CCCn1cc(C(=O)c2cccc3ccccc23)c2ccccc21,M03999,357.4090000000001,4.890300000000003,59.3,1.0,3.0,6.0,O=C(c1cccc2ccccc12)c1c[nH]c2ccccc12,0.6060525864057348,39
CCCCCn1cc(C(=O)c2ccc(OC)c3ccccc23)c2ccccc21,M04000,371.4800000000001,6.224300000000006,31.23,0.0,3.0,7.0,O=C(c1cccc2ccccc12)c1c[nH]c2ccccc12,0.6060525864057348,39
CCCCCn1cc(C(=O)c2ccc(C)c3ccccc23)c2ccccc21,M04001,355.4810000000001,6.524120000000006,22.0,0.0,2.0,6.0,O=C(c1cccc2ccccc12)c1c[nH]c2ccccc12,0.6060525864057348,39
Cc1ccc(C(=O)c2cn(CCCCCF)c3ccccc23)c2ccccc12,M04002,373.471,6.4737200000000055,22.0,0.0,2.0,7.0,O=C(c1cccc2ccccc12)c1c[nH]c2ccccc12,0.6060525864057348,39
Cc1ccc(C(=O)c2cn(CCCCCO)c3ccccc23)c2ccccc12,M04003,371.48,5.496520000000006,42.230000000000004,1.0,3.0,7.0,O=C(c1cccc2ccccc12)c1c[nH]c2ccccc12,0.6060525864057348,39
CCCCCCn1cc(C(=O)c2cccc3ccccc23)cc1-c1ccccc1,M04004,381.5190000000001,7.119600000000006,22.0,0.0,2.0,8.0,O=C(c1c[nH]c(-c2ccccc2)c1)c1cccc2ccccc12,0.8795051323147839,4
CCCc1ccc(C(=O)c2cn(CCC)c3ccccc23)c2ccccc12,M04005,355.48100000000005,6.388000000000006,22.0,0.0,2.0,6.0,O=C(c1cccc2ccccc12)c1c[nH]c2ccccc12,0.6060525864057348,39
O=C(c1cccc2ccccc12)c1cn(CCN2CCOCC2)c2ccccc12,M04006,384.47900000000016,4.357700000000004,34.47,0.0,4.0,5.0,O=C(c1cccc2ccccc12)c1cn(CCN2CCOCC2)c2ccccc12,0.9466801716388252,2
O=C(c1cccc2ccccc12)c1cn(CCN2CCOCC2)c2cccc(O)c12,M04007,400.4780000000002,4.063300000000004,54.7,1.0,5.0,5.0,O=C(c1cccc2ccccc12)c1cn(CCN2CCOCC2)c2ccccc12,0.9466801716388252,2
CCCCCn1cc(C(=O)Cc2ccc(OC)cc2)c2ccccc21,M04008,335.44700000000006,5.265500000000005,31.23,0.0,3.0,8.0,O=C(Cc1ccccc1)c1c[nH]c2ccccc12,0.8555293230024756,5
CCCCCn1cc(C(=O)Cc2ccccc2Cl)c2ccccc21,M04009,339.8660000000001,5.910300000000005,22.0,0.0,2.0,7.0,O=C(Cc1ccccc1)c1c[nH]c2ccccc12,0.8555293230024756,5
CCCCCn1cc(C(=O)c2ccc(CC)c3ccccc23)c2ccccc21,M04010,369.5080000000001,6.7781000000000065,22.0,0.0,2.0,7.0,O=C(c1cccc2ccccc12)c1c[nH]c2ccccc12,0.6060525864057348,39
CCCCCn1cc(C(=O)Cc2ccccc2OC)c2ccccc21,M04011,335.44700000000006,5.265500000000005,31.23,0.0,3.0,8.0,O=C(Cc1ccccc1)c1c[nH]c2ccccc12,0.8555293230024756,5
CCCCCn1cc(C(=O)Cc2ccccc2C)c2ccccc21,M04012,319.44800000000004,5.565320000000005,22.0,0.0,2.0,7.0,O=C(Cc1ccccc1)c1c[nH]c2ccccc12,0.8555293230024756,5
CCCCCn1cc(C(=O)Cc2cccc(OC)c2)c2ccccc21,M04013,335.44700000000006,5.265500000000005,31.23,0.0,3.0,8.0,O=C(Cc1ccccc1)c1c[nH]c2ccccc12,0.8555293230024756,5
CCCCCn1cc(C(=O)c2cccc3ccccc23)cc1-c1ccccc1F,M04014,385.48200000000014,6.868600000000005,22.0,0.0,2.0,7.0,O=C(c1c[nH]c(-c2ccccc2)c1)c1cccc2ccccc12,0.8795051323147839,4
CCCCCn1cc(C(=O)c2cccc3ccccc23)cc1-c1cccc(F)c1,M04015,385.48200000000014,6.868600000000005,22.0,0.0,2.0,7.0,O=C(c1c[nH]c(-c2ccccc2)c1)c1cccc2ccccc12,0.8795051323147839,4
CCCCCn1cc(C(=O)c2cccc3ccccc23)cc1-c1ccccc1C,M04016,381.5190000000002,7.037920000000006,22.0,0.0,2.0,7.0,O=C(c1c[nH]c(-c2ccccc2)c1)c1cccc2ccccc12,0.8795051323147839,4
CCCCCn1cc(C(=O)c2ccc(Br)c3ccccc23)c2ccccc21,M04017,420.35000000000014,6.978200000000006,22.0,0.0,2.0,6.0,O=C(c1cccc2ccccc12)c1c[nH]c2ccccc12,0.6060525864057348,39
CCCCCn1cc(C(=O)c2ccc(Cl)c3ccccc23)c2ccccc21,M04018,375.8990000000001,6.869100000000006,22.0,0.0,2.0,6.0,O=C(c1cccc2ccccc12)c1c[nH]c2ccccc12,0.6060525864057348,39
CCCCCn1cc(C(=O)c2ccc(F)c3ccccc23)c2ccccc21,M04019,359.4440000000001,6.354800000000005,22.0,0.0,2.0,6.0,O=C(c1cccc2ccccc12)c1c[nH]c2ccccc12,0.6060525864057348,39
O=C(c1ccc(F)c2ccccc12)c1cn(CCCCCF)c2ccccc12,M04020,377.4340000000001,6.304400000000005,22.0,0.0,2.0,7.0,O=C(c1cccc2ccccc12)c1c[nH]c2ccccc12,0.6060525864057348,39
COC1=CC(=O)OC(C=Cc2ccccc2)C1,M04021,230.263,2.5456000000000003,35.53,0.0,3.0,3.0,O=C1C=CCC(C=Cc2ccccc2)O1,1.0,1
CC(=O)OCC(=O)C12OC(C)(C)OC1CC1C3CC(F)C4=CC(=O)CCC4(C)C3CCC12C,M04022,462.55800000000033,4.098700000000004,78.9,0.0,6.0,3.0,O=C1C=C2CCC3C(CCC4C3CC3OCOC34)C2CC1,0.9466801716388252,2
CC1=CC(=O)N2CC(=O)N(C)c3ccc(Cl)cc3C2(c2ccccc2)O1,M04023,368.8200000000001,3.280100000000002,49.85000000000001,0.0,3.0,1.0,O=C1CN2C(=O)C=COC2(c2ccccc2)c2ccccc2N1,1.0,1
CCC(=O)C1(c2cccc(O)c2)CCN(C)CC1,M04024,247.33799999999994,2.3347000000000007,40.54,1.0,3.0,3.0,c1ccc(C2CCNCC2)cc1,0.9466801716388252,2
O=C(c1ccccc1)c1ccc2n1CCC2C(=O)O,M04025,255.27299999999997,2.291,59.3,1.0,3.0,3.0,O=C(c1ccccc1)c1ccc2n1CCC2,1.0,1
CCOC(=O)C(C)OC(=O)c1cc(Oc2ccc(C(F)(F)F)cc2Cl)ccc1[N+](=O)[O-],M04026,461.77600000000007,5.1677000000000035,104.97,0.0,7.0,7.0,c1ccc(Oc2ccccc2)cc1,0.6438836066809098,29
COc1ccc(CC2c3cc(OC)c(OC)cc3CCN2C)cc1OC,M04027,357.45000000000016,3.492700000000003,40.16,0.0,5.0,6.0,c1ccc(CC2NCCc3ccccc32)cc1,0.9466801716388252,2
COP(=S)(Oc1cc(Cl)c(Br)cc1Cl)c1ccccc1,M04028,412.07200000000006,5.416100000000004,18.46,0.0,3.0,4.0,S=[PH](Oc1ccccc1)c1ccccc1,0.9088491513636503,3
COC(=O)C1=C(C)NC(C)=C(C(=O)OC(C)(C)CN(C)CCC(c2ccccc2)c2ccccc2)C1c1cccc([N+](=O)[O-])c1,M04029,611.7390000000003,6.478400000000008,111.00999999999999,1.0,8.0,12.0,O=C(OCCNCCC(c1ccccc1)c1ccccc1)C1=CNC=CC1c1ccccc1,1.0,1
CCCCOCCOCCSC#N,M04030,203.307,2.03398,42.25,0.0,4.0,9.0,,0.0,0
Cc1ccc(C(c2ccc(C)cc2)c2ncn[nH]2)cc1,M04031,263.344,3.6017400000000013,41.57,1.0,2.0,3.0,c1ccc(C(c2ccccc2)c2ncn[nH]2)cc1,1.0,1
CN(C)c1ccc(C(c2ccccc2)c2ccc(N(C)C)cc2)cc1,M04032,330.4750000000001,4.998800000000005,6.48,0.0,2.0,5.0,c1ccc(C(c2ccccc2)c2ccccc2)cc1,0.9466801716388252,2
CC(C)(C)NCC(O)COc1cccc2c1CCCC2=O,M04033,291.391,2.3334,58.559999999999995,2.0,4.0,5.0,O=C1CCCc2ccccc21,1.0,1
CC1CN(C2CCC(C#N)(c3ccc(F)cc3)CC2)CCC1(C(=O)O)c1ccccc1,M04034,420.5280000000002,4.894080000000004,64.33,1.0,3.0,4.0,c1ccc(C2CCC(N3CCC(c4ccccc4)CC3)CC2)cc1,1.0,1
COc1ccc2c(c1)N(CC(C)CN(C)C)c1ccccc1S2,M04035,328.481,4.495600000000004,15.71,0.0,4.0,5.0,c1ccc2c(c1)Nc1ccccc1S2,0.7185751418868361,16
CNCC(C)CN1c2ccccc2Sc2ccc(OC)cc21,M04036,314.4540000000001,4.153400000000003,24.5,1.0,4.0,5.0,c1ccc2c(c1)Nc1ccccc1S2,0.7185751418868361,16
NC(=O)c1ccccc1OCC(=O)Nc1ccccc1,M04037,270.28799999999995,1.8030000000000002,81.42000000000002,2.0,3.0,5.0,O=C(COc1ccccc1)Nc1ccccc1,1.0,1
CNC(C)CC1CCCCC1,M04038,155.28499999999997,2.564700000000001,12.03,1.0,1.0,3.0,C1CCCCC1,0.6846698721617894,21
CCNCC(=O)Nc1c(C)cccc1C,M04039,206.289,1.8514399999999998,41.13,2.0,2.0,4.0,c1ccccc1,0.21161295934610674,802
CC[N+]([O-])(CC)CC(=O)Nc1c(C)cccc1C,M04040,250.342,2.5963400000000005,52.16,1.0,2.0,5.0,c1ccccc1,0.21161295934610674,802
CC#CCn1c(N2CCCC(N)C2)nc2c1c(=O)n(Cc1nc(C)c3ccccc3n1)c(=O)n2C,M04041,472.5530000000002,1.1474199999999997,116.86000000000001,1.0,10.0,4.0,O=c1[nH]c2nc(N3CCCCC3)[nH]c2c(=O)n1Cc1ncc2ccccc2n1,1.0,1
CCCC1CC(C(=O)NC(C(C)O)C2OC(SC)C(O)C(O)C2O)N(C)C1,M04042,406.54500000000013,-0.8569999999999971,122.49000000000001,5.0,8.0,7.0,O=C(NCC1CCCCO1)C1CCCN1,0.9466801716388252,2
CC(=O)NCC1CN(c2ccc(N3CCOCC3)c(F)c2)C(=O)O1,M04043,337.35100000000006,1.1235999999999997,71.11,1.0,5.0,4.0,O=C1OCCN1c1ccc(N2CCOCC2)cc1,1.0,1
NCCCCC(NC(CCc1ccccc1)C(=O)O)C(=O)N1CCCC1C(=O)O,M04044,405.49500000000023,1.2352000000000007,132.95999999999998,4.0,5.0,12.0,O=C(CNCCCc1ccccc1)N1CCCC1,0.9466801716388252,2
CCN(CC)C(=O)NC1C=C2c3cccc4[nH]cc(c34)CC2N(C)C1,M04045,338.45500000000015,2.841400000000001,51.370000000000005,2.0,2.0,3.0,C1=C2c3cccc4[nH]cc(c34)CC2NCC1,0.8555293230024756,5
O=C(O)Cc1cn(-c2ccccc2)nc1-c1ccc(Cl)cc1,M04046,312.75600000000003,3.8198000000000025,55.12,1.0,3.0,4.0,c1ccc(-c2ccn(-c3ccccc3)n2)cc1,1.0,1
Cc1cccc(C)c1OCC(=O)NC(Cc1ccccc1)C(O)CC(Cc1ccccc1)NC(=O)C(C(C)C)N1CCCNC1=O,M04047,628.8139999999999,4.328140000000003,120.0,4.0,5.0,15.0,O=C(COc1ccccc1)NC(CCC(Cc1ccccc1)NC(=O)CN1CCCNC1=O)Cc1ccccc1,1.0,1
CN1CCN(C=C2N=C3CN=C(c4ccccc4Cl)c4cc([N+](=O)[O-])ccc4N3C2=O)CC1,M04048,464.91300000000024,2.9331000000000014,94.65,0.0,7.0,3.0,O=C1C(=CN2CCNCC2)N=C2CN=C(c3ccccc3)c3ccccc3N12,1.0,1
CCOC(=O)N1CCC(=C2c3ccc(Cl)cc3CCc3cccnc32)CC1,M04049,382.89100000000025,4.887800000000005,42.43,0.0,3.0,1.0,c1ccc2c(c1)CCc1cccnc1C2=C1CCNCC1,0.9088491513636503,3
CN1C(=O)C(O)N=C(c2ccccc2Cl)c2cc(Cl)ccc21,M04050,335.1900000000001,3.1256000000000013,52.900000000000006,1.0,3.0,1.0,O=C1CN=C(c2ccccc2)c2ccccc2N1,0.6627017793637848,25
CCC(C)C(=O)OC1CC(C)C=C2C=CC(C)C(CCC3CC(O)CC(=O)O3)C21,M04051,404.54700000000025,4.195500000000004,72.83,1.0,5.0,6.0,O=C1CCCC(CCC2CC=CC3=CCCCC32)O1,0.9466801716388252,2
CCN(CC)C(=O)C1C=C2c3cccc4[nH]cc(c34)CC2N(C)C1,M04052,323.4400000000001,2.9060000000000015,39.34,1.0,2.0,3.0,C1=C2c3cccc4[nH]cc(c34)CC2NCC1,0.8555293230024756,5
CCN(CC)C(=O)C1C=C2c3cccc4[nH]cc(c34)CC2NC1,M04053,309.41300000000007,2.5638000000000005,48.13,2.0,2.0,3.0,C1=C2c3cccc4[nH]cc(c34)CC2NCC1,0.8555293230024756,5
CC(C)C(O)(C(=O)OCC1=CCN2CCC(O)C12)C(C)O,M04054,299.36699999999996,-0.32730000000000076,90.23,3.0,6.0,5.0,C1=CC2CCCN2C1,0.9466801716388252,2
CC(C)C(O)(C(=O)OCC1=CC[N+]2([O-])CCC(O)C12)C(C)O,M04055,315.366,-0.3147000000000008,110.05000000000001,3.0,6.0,5.0,C1=CC2CCC[NH+]2C1,0.9466801716388252,2
CC(O)(C(N)=O)c1ccccc1,M04056,165.192,0.3793999999999996,63.32,2.0,2.0,2.0,c1ccccc1,0.21161295934610674,802
CC(C)(C)C(NC(=O)c1nn(CC2CCCCC2)c2ccccc12)C(N)=O,M04057,370.497,3.2464000000000013,90.00999999999999,2.0,4.0,5.0,c1ccc2c(c1)cnn2CC1CCCCC1,0.8795051323147839,4
CC(C)(C)NCC(O)c1cc(Cl)c(N)c(C(F)(F)F)c1,M04058,310.74699999999996,3.3625000000000007,58.28,3.0,3.0,3.0,c1ccccc1,0.21161295934610674,802
COC(=O)C(NC(=O)c1nn(CC2CCCCC2)c2ccccc12)C(C)C,M04059,371.48100000000005,3.5440000000000014,73.22,1.0,5.0,6.0,c1ccc2c(c1)cnn2CC1CCCCC1,0.8795051323147839,4
CN(C)c1ccc(C(=C2C=CC(=[N+](C)C)C=C2)c2ccccc2)cc1,M04060,329.467,4.393600000000004,6.25,0.0,1.0,3.0,[N+]=C1C=CC(=C(c2ccccc2)c2ccccc2)C=C1,1.0,1
CC(=O)OC1C=CC2C3Cc4ccc(O)c5c4C2(CCN3C)C1O5,M04061,327.38000000000005,1.7689,59.0,1.0,5.0,1.0,C1=CC2C3Cc4cccc5c4C2(CCN3)C(C1)O5,0.802209494641301,8
OC1(c2ccc(Cl)cc2)c2ccccc2C2=NCCN21,M04062,284.74600000000004,2.6092000000000004,35.830000000000005,1.0,3.0,1.0,c1ccc(C2c3ccccc3C3=NCCN32)cc1,1.0,1
CCC(Cc1ccc2c(c1)OCO2)NC,M04063,207.27299999999997,1.9557999999999998,30.490000000000002,1.0,3.0,4.0,c1ccc2c(c1)OCO2,0.7265474540909509,15
CN1CCN(Cc2ccccc2)CC1,M04064,190.28999999999996,1.434,6.48,0.0,2.0,2.0,c1ccc(CN2CCNCC2)cc1,0.9466801716388252,2
COC(=O)COc1ccc(Cl)cc1C,M04065,214.648,2.20022,35.53,0.0,3.0,3.0,c1ccccc1,0.21161295934610674,802
CC(N)Cc1ccc2c(c1)OCO2,M04066,179.21899999999997,1.3050000000000002,44.480000000000004,1.0,3.0,2.0,c1ccc2c(c1)OCO2,0.7265474540909509,15
NC1Cc2cc3c(cc2C1)OCO3,M04067,177.20299999999995,0.8412000000000001,44.480000000000004,1.0,3.0,0.0,c1c2c(cc3c1OCO3)CCC2,1.0,1
NC1CCc2cc3c(cc2C1)OCO3,M04068,191.22999999999993,1.2312999999999998,44.480000000000004,1.0,3.0,0.0,c1c2c(cc3c1OCO3)CCCC2,1.0,1
CC(Cc1ccc2c(c1)OCO2)N(C)C,M04069,207.27299999999994,1.9079,21.700000000000003,0.0,3.0,3.0,c1ccc2c(c1)OCO2,0.7265474540909509,15
CC(C(=O)c1ccc2c(c1)OCO2)N(C)C,M04070,221.25599999999997,1.5480999999999998,38.77,0.0,4.0,3.0,c1ccc2c(c1)OCO2,0.7265474540909509,15
CCNC(C)Cc1ccc2c(c1)OCO2,M04071,207.27299999999997,1.9558,30.49,1.0,3.0,4.0,c1ccc2c(c1)OCO2,0.7265474540909509,15
CNC(C)Cc1ccc2c(c1)OCO2,M04072,193.24599999999995,1.5656999999999999,30.49,1.0,3.0,3.0,c1ccc2c(c1)OCO2,0.7265474540909509,15
COC(=O)C(NC(=O)c1nn(CC2CCCCC2)c2ccccc12)C(C)(C)C,M04073,385.5080000000001,3.9341000000000026,73.22,1.0,5.0,5.0,c1ccc2c(c1)cnn2CC1CCCCC1,0.8795051323147839,4
COC(=O)C(NC(=O)c1nn(Cc2ccc(F)cc2)c2ccccc12)C(C)(C)C,M04074,397.45000000000016,3.5412000000000026,73.22,1.0,5.0,5.0,c1ccc(Cn2ncc3ccccc32)cc1,0.8795051323147839,4
CCC(C(=O)c1ccc2c(c1)OCO2)N1CCCC1,M04075,261.32099999999997,2.4724000000000004,38.77,0.0,4.0,4.0,O=C(CN1CCCC1)c1ccc2c(c1)OCO2,0.9088491513636503,3
CC(C(=O)c1ccc2c(c1)OCO2)N1CCCC1,M04076,247.29399999999993,2.0823,38.77,0.0,4.0,3.0,O=C(CN1CCCC1)c1ccc2c(c1)OCO2,0.9088491513636503,3
CCCC(C(=O)c1ccc2c(c1)OCO2)N1CCCC1,M04077,275.348,2.8625000000000016,38.77,0.0,4.0,5.0,O=C(CN1CCCC1)c1ccc2c(c1)OCO2,0.9088491513636503,3
CCNC(C)C(=O)c1ccc(C)cc1,M04078,191.274,2.17572,29.1,1.0,2.0,4.0,c1ccccc1,0.21161295934610674,802
Cc1ccc(Cl)c(Nc2ccccc2C(=O)O)c1Cl,M04079,296.153,4.743620000000003,49.33,2.0,2.0,3.0,c1ccc(Nc2ccccc2)cc1,0.7643784743661259,11
CC1N=C(c2ccccc2Cl)c2cc([N+](=O)[O-])ccc2NC1=O,M04080,329.743,3.4262000000000024,84.6,1.0,4.0,2.0,O=C1CN=C(c2ccccc2)c2ccccc2N1,0.6627017793637848,25
Cc1cccc(CN2CCN(C(c3ccccc3)c3ccc(Cl)cc3)CC2)c1,M04081,390.9580000000002,5.555620000000006,6.48,0.0,2.0,5.0,c1ccc(CN2CCN(C(c3ccccc3)c3ccccc3)CC2)cc1,1.0,1
COC(=O)C(C)Oc1ccc(Cl)cc1C,M04082,228.67499999999998,2.5887200000000004,35.53,0.0,3.0,3.0,c1ccccc1,0.21161295934610674,802
CC(Cc1ccccc1)NCCCCl,M04083,211.73599999999993,2.836100000000001,12.03,1.0,1.0,6.0,c1ccccc1,0.21161295934610674,802
CCN(CC)CCNC(=O)COc1ccc(OC)cc1,M04084,280.368,1.5319999999999996,50.80000000000001,1.0,4.0,9.0,c1ccccc1,0.21161295934610674,802
OC(c1cc(C(F)(F)F)nc2c(C(F)(F)F)cccc12)C1CCCCN1,M04085,378.31600000000014,4.447900000000003,45.150000000000006,2.0,3.0,2.0,c1ccc2c(CC3CCCCN3)ccnc2c1,1.0,1
CC(=O)Nc1cc(NS(=O)(=O)C(F)(F)F)c(C)cc1C,M04086,310.297,2.52334,75.27000000000001,2.0,3.0,3.0,c1ccccc1,0.21161295934610674,802
CN(CC1(C)CCCO1)S(=O)(=O)c1ccc(Cl)c(S(N)(=O)=O)c1,M04087,382.89100000000013,1.177,106.76999999999998,1.0,5.0,5.0,O=S(=O)(NCC1CCCO1)c1ccccc1,1.0,1
CN(C)CCC=C1c2ccccc2C(C)(C)c2ccccc21,M04088,291.438,4.709300000000004,3.24,0.0,1.0,3.0,C=C1c2ccccc2Cc2ccccc21,1.0,1
NC(Cc1ccc(N(CCCl)CCCl)cc1)C(=O)O,M04089,305.205,1.925,66.56,2.0,3.0,8.0,c1ccccc1,0.21161295934610674,802
COc1ccc2[nH]cc(CC(C)N)c2c1,M04090,204.27299999999997,2.0662,51.04,2.0,2.0,3.0,c1ccc2[nH]ccc2c1,0.5442457568182516,63
C=CCN(CC=C)CCc1c[nH]c2ccc(OC)cc12,M04091,270.37600000000003,3.3930000000000016,28.26,1.0,2.0,8.0,c1ccc2[nH]ccc2c1,0.5442457568182516,63
COc1ccc2[nH]cc(CCN(C(C)C)C(C)C)c2c1,M04092,274.40799999999996,3.837800000000003,28.259999999999998,1.0,2.0,6.0,c1ccc2[nH]ccc2c1,0.5442457568182516,63
COc1ccc2[nH]cc(CCN(C)C)c2c1,M04093,218.29999999999995,2.2806000000000006,28.259999999999998,1.0,2.0,4.0,c1ccc2[nH]ccc2c1,0.5442457568182516,63
COc1ccc2[nH]cc(CC(=O)O)c2c1,M04094,205.21299999999997,1.8035999999999999,62.32000000000001,2.0,2.0,3.0,c1ccc2[nH]ccc2c1,0.5442457568182516,63
COc1ccc2[nH]c(C)c(CCN(C)C)c2c1,M04095,232.32699999999997,2.5890200000000005,28.259999999999998,1.0,2.0,4.0,c1ccc2[nH]ccc2c1,0.5442457568182516,63
Cc1cc2c(OCC(O)CNC(C)C)cccc2[nH]1,M04096,262.35299999999995,2.2140199999999997,57.28,3.0,3.0,6.0,c1ccc2[nH]ccc2c1,0.5442457568182516,63
CCCCCn1cc(C(=O)N2CCN(C)CC2)c2ccccc21,M04097,313.445,3.219100000000002,28.480000000000004,0.0,3.0,5.0,O=C(c1c[nH]c2ccccc12)N1CCNCC1,1.0,1
Cc1ccc(C(=O)C(C)N2CCCC2)cc1,M04098,217.31199999999995,2.662020000000001,20.310000000000002,0.0,2.0,3.0,O=C(CN1CCCC1)c1ccccc1,0.8795051323147839,4
CCCC(C)(COC(N)=O)COC(N)=O,M04099,218.25299999999996,0.9834000000000005,104.63999999999999,2.0,4.0,6.0,,0.0,0
COc1ccc(CN(CCN(C)C)c2ccccn2)cc1,M04100,285.391,2.658400000000001,28.6,0.0,4.0,7.0,c1ccc(CNc2ccccn2)cc1,0.8795051323147839,4
c1ccc2c(c1)Sc1ccccc1N2CC1CN2CCC1CC2,M04101,322.47700000000015,4.631100000000005,6.48,0.0,3.0,2.0,c1ccc2c(c1)Sc1ccccc1N2CC1CN2CCC1CC2,1.0,1
S=C1N=CN=C2N=CN=C12,M04102,150.166,0.23709999999999998,49.44,0.0,4.0,0.0,S=C1N=CN=C2N=CN=C12,1.0,1
CC(O)C1C(=O)N2C(C(=O)O)=C(SC3CNC(C(=O)N(C)C)C3)C(C)C12,M04103,383.4700000000002,-0.3079999999999994,110.17999999999999,3.0,6.0,5.0,O=C1CC2CC(SC3CCNC3)=CN12,1.0,1
COc1cc(CCN)cc(OC)c1OC,M04104,211.261,1.2136000000000002,53.71000000000001,1.0,4.0,5.0,c1ccccc1,0.21161295934610674,802
CC(Cc1ccccc1)N1C=C(NC(=O)N=C2C=CC(=O)C=C2)ON1,M04105,338.367,2.0140000000000002,83.03,2.0,5.0,4.0,O=C1C=CC(=NC(=O)NC2=CN(CCc3ccccc3)NO2)C=C1,1.0,1
CN1CCCCC1CCN1c2ccccc2Sc2ccc(S(C)=O)cc21,M04106,386.5860000000001,4.901100000000005,23.55,0.0,4.0,4.0,c1ccc2c(c1)Sc1ccccc1N2CCC1CCCCN1,0.9466801716388252,2
COCC1CN=C(c2ccccc2Cl)c2cc(Br)ccc2N1C,M04107,393.71200000000005,4.4047000000000045,24.83,0.0,3.0,3.0,c1ccc(C2=NCCNc3ccccc32)cc1,0.9466801716388252,2
Cc1cc(C)cc(OCC2CNC(=O)O2)c1,M04108,221.256,1.7906399999999998,47.56,1.0,3.0,3.0,O=C1NCC(COc2ccccc2)O1,1.0,1
CC(=O)OC1CCC2C3CCC4CC(=O)C=C(C)C4(C)C3CCC12C,M04109,344.4950000000001,4.696000000000004,43.370000000000005,0.0,3.0,1.0,O=C1C=CC2C(CCC3C4CCCC4CCC23)C1,0.9088491513636503,3
CCC(=O)C(CCN(C)C)(c1ccccc1)c1ccccc1,M04110,295.42600000000004,3.903500000000003,20.310000000000002,0.0,2.0,7.0,c1ccc(Cc2ccccc2)cc1,0.6274242932504864,33
CN(C)CCN(Cc1cccs1)c1ccccc1,M04111,260.406,3.316300000000002,6.48,0.0,3.0,6.0,c1ccc(NCc2cccs2)cc1,0.9466801716388252,2
Cc1ccccc1-n1c(C)nc2ccccc2c1=O,M04112,250.30100000000002,3.0025400000000015,34.89,0.0,3.0,1.0,O=c1c2ccccc2ncn1-c1ccccc1,1.0,1
CC(=O)N=c1sc(S(N)(=O)=O)nn1C,M04113,236.278,-1.4237999999999997,107.41,1.0,6.0,1.0,N=c1[nH]ncs1,1.0,1
CNC(C)C(=O)c1ccccc1,M04114,163.22,1.4771999999999996,29.1,1.0,2.0,3.0,c1ccccc1,0.21161295934610674,802
CNC(C)C(=O)c1cccc(F)c1,M04115,181.20999999999998,1.6162999999999998,29.1,1.0,2.0,3.0,c1ccccc1,0.21161295934610674,802
CNC(C)C(=O)c1ccc(F)cc1,M04116,181.20999999999998,1.6162999999999996,29.1,1.0,2.0,3.0,c1ccccc1,0.21161295934610674,802
CNC(C)C(=O)c1ccc(OC)cc1,M04117,193.24599999999998,1.4857999999999998,38.33,1.0,3.0,4.0,c1ccccc1,0.21161295934610674,802
Cc1oc(C)c(C(=O)Nc2ccccc2)c1C,M04118,229.279,3.457160000000002,42.24,1.0,2.0,2.0,O=C(Nc1ccccc1)c1ccoc1,0.9466801716388252,2
CNC(C)Cc1cccs1,M04119,155.26599999999996,1.8985,12.03,1.0,2.0,3.0,c1ccsc1,0.802209494641301,8
COc1ccccc1OCC(O)COC(N)=O,M04120,241.24299999999994,0.5302000000000002,91.00999999999999,2.0,5.0,6.0,c1ccccc1,0.21161295934610674,802
C=CCC1(C(C)C#CCC)C(=O)NC(=O)N(C)C1=O,M04121,262.30899999999997,1.3066,66.48,1.0,3.0,3.0,O=C1CC(=O)NC(=O)N1,0.802209494641301,8
COC(C)(C)CCCC(C)CC=CC(C)=CC(=O)OC(C)C,M04122,310.47800000000007,5.062000000000006,35.53,0.0,3.0,10.0,,0.0,0
CN(Cc1cnc2nc(N)nc(N)c2n1)c1ccc(C(=O)NC(CCC(=O)O)C(=O)O)cc1,M04123,454.44700000000023,0.2684000000000012,210.53999999999996,5.0,10.0,9.0,c1ccc(NCc2cnc3ncncc3n2)cc1,1.0,1
CCNC1(c2cccc(OC)c2)CCCCC1=O,M04124,247.3379999999999,2.6431000000000013,38.33,1.0,3.0,4.0,O=C1CCCCC1c1ccccc1,0.9466801716388252,2
CNC(C)Cc1ccccc1OC,M04125,179.26299999999998,1.8456,21.259999999999998,1.0,2.0,4.0,c1ccccc1,0.21161295934610674,802
COC(=O)CSP(=S)(OC)OC,M04126,230.24699999999999,1.4098999999999997,44.760000000000005,0.0,6.0,5.0,,0.0,0
CNc1c(C)n(C)n(-c2ccccc2)c1=O,M04127,217.27200000000002,1.5261199999999997,38.96,1.0,4.0,2.0,O=c1cc[nH]n1-c1ccccc1,0.7758207207981391,10
CC(C(O)c1ccccc1)N(C)C,M04128,179.26299999999998,1.6701,23.47,1.0,2.0,3.0,c1ccccc1,0.21161295934610674,802
CNC(C)C(=O)c1ccc2c(c1)OCO2,M04129,207.22899999999996,1.2058999999999997,47.56,1.0,4.0,3.0,c1ccc2c(c1)OCO2,0.7265474540909509,15
COC(=O)C(c1ccccc1)C1CCCCN1,M04130,233.31099999999995,2.0852999999999997,38.33,1.0,3.0,3.0,c1ccc(CC2CCCCN2)cc1,0.9466801716388252,2
CCC(CO)NC(=O)C1C=C2c3cccc4c3c(cn4C)CC2N(C)C1,M04131,353.4660000000001,1.9351,57.5,2.0,4.0,4.0,C1=C2c3cccc4[nH]cc(c34)CC2NCC1,0.8555293230024756,5
CC(=O)Oc1c(C)cc(OCC(O)CNC(C)C)c(C)c1C,M04132,309.40600000000006,2.2748600000000003,67.79,2.0,5.0,7.0,c1ccccc1,0.21161295934610674,802
CN1CCCC(CC2c3ccccc3Sc3ccccc32)C1,M04133,309.47800000000007,5.015000000000005,3.24,0.0,2.0,2.0,c1ccc2c(c1)Sc1ccccc1C2CC1CCCNC1,1.0,1
CCc1cc2c(s1)-n1cnnc1CN=C2c1ccccc1Cl,M04134,328.828,3.8956000000000026,43.07,0.0,5.0,2.0,c1ccc(C2=NCc3nncn3-c3sccc32)cc1,0.8795051323147839,4
Cc1ccccc1N1C(=O)c2cc(S(N)(=O)=O)c(Cl)cc2NC1C,M04135,365.8420000000001,2.714120000000001,92.5,2.0,4.0,2.0,O=C1c2ccccc2NCN1c1ccccc1,1.0,1
CNC(=O)C(=NOC)c1ccccc1Oc1ccccc1,M04136,284.315,2.5754,59.92,1.0,4.0,5.0,c1ccc(Oc2ccccc2)cc1,0.6438836066809098,29
CSc1nnc(C(C)(C)C)c(=O)[nH]1,M04137,199.279,1.1843,58.64,1.0,4.0,1.0,O=c1cnnc[nH]1,0.9088491513636503,3
Cc1nc([N+](=O)[O-])cn1CCO,M04138,171.15599999999998,0.09201999999999994,81.19,1.0,5.0,3.0,c1c[nH]cn1,0.6438836066809098,29
O=[N+]([O-])c1cnc(CO)n1CCO,M04139,187.15499999999997,-0.7241000000000002,101.42,2.0,6.0,4.0,c1c[nH]cn1,0.6438836066809098,29
Cc1cccc(C)c1OCC(C)N,M04140,179.26299999999998,2.0294399999999997,35.25,1.0,2.0,3.0,c1ccccc1,0.21161295934610674,802
CCCCC(CC)CN1C(=O)C2C3C=CC(C3)C2C1=O,M04141,275.39200000000005,3.009900000000002,37.38,0.0,2.0,6.0,O=C1NC(=O)C2C3C=CC(C3)C12,1.0,1
CN1CCN2c3ccccc3Cc3ccccc3C2C1,M04142,264.372,3.0839000000000016,6.48,0.0,2.0,0.0,c1ccc2c(c1)Cc1ccccc1N1CCNCC21,0.9466801716388252,2
c1ccc2c(c1)Cc1ccccc1N1CCNCC21,M04143,250.34499999999997,2.7417000000000007,15.27,1.0,2.0,0.0,c1ccc2c(c1)Cc1ccccc1N1CCNCC21,0.9466801716388252,2
C[N+]1([O-])CCN2c3ccccc3Cc3ccccc3C2C1,M04144,280.37100000000004,3.0965000000000016,26.299999999999997,0.0,2.0,0.0,c1ccc2c(c1)Cc1ccccc1N1CC[NH2+]CC21,1.0,1
OCc1ncc2n1-c1ccc(Cl)cc1C(c1ccccc1F)=NC2,M04145,341.7730000000001,3.5081000000000016,50.410000000000004,1.0,4.0,2.0,c1ccc(C2=NCc3cncn3-c3ccccc32)cc1,0.9466801716388252,2
CC#CC1(O)CCC2C3CCC4=CC(=O)CCC4=C3C(c3ccc(N(C)C)cc3)CC21C,M04146,429.6040000000001,5.406500000000006,40.54,1.0,3.0,2.0,O=C1C=C2CCC3C(=C2CC1)C(c1ccccc1)CC1CCCC13,1.0,1
CCN(CC)C(=O)C1(c2ccccc2)CC1CN,M04147,246.35399999999998,1.7713999999999999,46.33,1.0,2.0,5.0,c1ccc(C2CC2)cc1,0.9466801716388252,2
N=c1cc(N2CCCCC2)nc(N)n1O,M04148,209.25300000000001,0.17236999999999986,91.16000000000001,3.0,6.0,1.0,N=c1cc(N2CCCCC2)nc[nH]1,1.0,1
CCCOc1ccc(S(=O)(=O)N2CCN(CCO)CC2)cc1-c1nc2c(CCC)cn(CC)c2c(=O)[nH]1,M04149,531.6790000000003,2.4513999999999996,120.75999999999999,2.0,8.0,11.0,O=c1[nH]c(-c2cccc(S(=O)(=O)N3CCNCC3)c2)nc2cc[nH]c12,1.0,1
CN1CCN2c3ncc(O)cc3Cc3ccccc3C2C1,M04150,281.35900000000004,2.1845,39.6,1.0,4.0,0.0,c1ccc2c(c1)Cc1cccnc1N1CCNCC21,0.9088491513636503,3
c1ccc2c(c1)Cc1cccnc1N1CCNCC21,M04151,251.33299999999997,2.1366999999999994,28.160000000000004,1.0,3.0,0.0,c1ccc2c(c1)Cc1cccnc1N1CCNCC21,0.9088491513636503,3
CCC1CN2CCc3c([nH]c4cccc(OC)c34)C2CC1C(=COC)C(=O)OC,M04152,398.5030000000002,3.8251000000000026,63.790000000000006,1.0,5.0,5.0,c1ccc2c3c([nH]c2c1)C1CCCCN1CC3,1.0,1
CCC1CN2CCC3(O)C(=Nc4cccc(OC)c43)C2CC1C(=COC)C(=O)OC,M04153,414.50200000000024,2.792600000000001,80.59000000000002,1.0,7.0,5.0,c1ccc2c(c1)N=C1C2CCN2CCCCC12,1.0,1
CN(c1nccc(=O)[nH]1)C1CCN(c2nc3ccccc3n2Cc2ccc(F)cc2)CC1,M04154,432.5030000000002,3.412200000000002,70.05000000000001,1.0,6.0,5.0,O=c1ccnc(NC2CCN(c3nc4ccccc4n3Cc3ccccc3)CC2)[nH]1,1.0,1
COC(=O)C(NC(=O)c1cn(CCCCCF)c2ccccc12)C(C)C,M04155,362.445,3.7085000000000026,60.33,1.0,4.0,9.0,c1ccc2[nH]ccc2c1,0.5442457568182516,63
COC(=O)C(NC(=O)c1cn(CC2CCCCC2)c2ccccc12)C(C)(C)C,M04156,384.5200000000001,4.539100000000004,60.33,1.0,4.0,5.0,c1ccc2c(c1)ccn2CC1CCCCC1,0.9466801716388252,2
CCCCCn1nc(C(=O)Nc2cccc3ccccc23)c2ccccc21,M04157,357.4570000000001,5.632000000000005,46.92,1.0,3.0,6.0,O=C(Nc1cccc2ccccc12)c1n[nH]c2ccccc12,0.9466801716388252,2
COc1cccc2c(C(=O)NC3C4(C)CCC(C4)C3(C)C)cn(CCN3CCOCC3)c12,M04158,439.60000000000036,3.926700000000003,55.730000000000004,1.0,5.0,6.0,O=C(NC1CC2CCC1C2)c1cn(CCN2CCOCC2)c2ccccc12,1.0,1
NC(=O)CS(=O)C(c1ccccc1)c1ccccc1,M04159,273.357,2.01,60.160000000000004,1.0,2.0,5.0,c1ccc(Cc2ccccc2)cc1,0.6274242932504864,33
CCc1c(C)[nH]c2c1C(=O)C(CN1CCOCC1)CC2,M04160,276.38,1.96282,45.33,1.0,3.0,3.0,O=C1c2cc[nH]c2CCC1CN1CCOCC1,1.0,1
CCC1(C2OC(C3OC(O)(CO)C(C)CC3C)CC2C)CCC(C2(C)CCC3(CC(O)C(C)C(C(C)C(OC)C(C)C(=O)O)O3)O2)O1,M04161,670.8810000000005,4.272900000000003,153.37,4.0,10.0,10.0,C1CCC(C2CCC(C3CCC(C4CCC5(CCCCO5)O4)O3)O2)OC1,1.0,1
CC1C(=O)OC2CCN3CC=C(COC(=O)C(C)(O)C1(C)O)C23,M04162,325.361,-0.3925999999999994,96.3,2.0,7.0,0.0,O=C1CCCC(=O)OC2CCN3CC=C(CO1)C23,1.0,1
CC1C(=O)OC2CC[N+]3([O-])CC=C(COC(=O)C(C)(O)C1(C)O)C23,M04163,341.36,-0.37999999999999945,116.12,2.0,7.0,0.0,O=C1CCCC(=O)OC2CC[NH+]3CC=C(CO1)C23,1.0,1
Cc1ccc(C2(O)CCN(CCCC(=O)c3ccc(F)cc3)CC2)cc1,M04164,355.4530000000001,4.080620000000003,40.54,1.0,3.0,6.0,O=C(CCCN1CCC(c2ccccc2)CC1)c1ccccc1,0.8795051323147839,4
Cc1ccsc1C=CC1=NCCCN1C,M04165,220.34099999999995,2.803720000000001,15.6,0.0,3.0,2.0,C(=Cc1cccs1)C1=NCCCN1,0.9466801716388252,2
CN1CCC23c4c5ccc(OC6OC(C(=O)O)C(O)C(O)C6O)c4OC2C(O)C=CC3C1C5,M04166,461.4670000000001,-1.2364999999999988,149.15,5.0,9.0,3.0,C1=CC2C3Cc4ccc(OC5CCCCO5)c5c4C2(CCN3)C(C1)O5,1.0,1
COc1ccc2c3c1OC1C(OC4OC(C(=O)O)C(O)C(O)C4O)C=CC4C(C2)NCCC341,M04167,461.46700000000016,-0.9245999999999981,146.94,5.0,9.0,4.0,C1=CC2C3Cc4cccc5c4C2(CCN3)C(O5)C1OC1CCCCO1,0.9466801716388252,2
CN1CCC23c4c5ccc(O)c4OC2C(O)CCC3C1C5,M04168,287.359,1.4221,52.93000000000001,2.0,4.0,0.0,c1cc2c3c(c1)OC1CCCC4C(C2)NCCC314,0.9088491513636503,3
CCOc1ccc2c3c1OC1C(O)C=CC4C(C2)N(C)CCC341,M04169,313.3970000000001,1.8911999999999998,41.93,1.0,4.0,2.0,C1=CC2C3Cc4cccc5c4C2(CCN3)C(C1)O5,0.802209494641301,8
Oc1ccc2c3c1OC1C(O)C=CC4C(C2)NCCC341,M04170,271.3160000000001,0.8558999999999997,61.72,3.0,4.0,0.0,C1=CC2C3Cc4cccc5c4C2(CCN3)C(C1)O5,0.802209494641301,8
CCc1cc2cc(OC)c(OC)cc2c(Cc2ccccc2)n1,M04171,307.393,4.405200000000003,31.35,0.0,3.0,5.0,c1ccc(Cc2nccc3ccccc23)cc1,0.9466801716388252,2
COc1c(N2CC3CCCNC3C2)c(F)cc2c(=O)c(C(=O)O)cn(C3CC3)c12,M04172,401.4380000000002,2.3705000000000007,83.80000000000001,2.0,6.0,4.0,O=c1ccn(C2CC2)c2cc(N3CC4CCCNC4C3)ccc12,1.0,1
CC(=O)Oc1cc(C(C)C)c(OCCN(C)C)cc1C,M04173,279.38,2.9841200000000017,38.77,0.0,4.0,6.0,c1ccccc1,0.21161295934610674,802
COc1nc(C)nc(Cl)c1NC1=NCCN1,M04174,241.68200000000002,0.8181199999999997,71.43,2.0,6.0,2.0,c1ncc(NC2=NCCN2)cn1,1.0,1
Cc1ccc(C2(c3ccccc3)NC(=O)NC2=O)cc1,M04175,266.3,2.0780199999999995,58.2,2.0,2.0,2.0,O=C1NC(=O)C(c2ccccc2)(c2ccccc2)N1,0.9466801716388252,2
CSc1ccc(CC(C)N)cc1,M04176,181.30399999999997,2.2982000000000005,26.02,1.0,2.0,3.0,c1ccccc1,0.21161295934610674,802
COc1ccc2cc(CCC(C)=O)ccc2c1,M04177,228.29099999999997,3.370000000000002,26.3,0.0,2.0,4.0,c1ccc2ccccc2c1,0.6846698721617894,21
CC(C)(C)NCC(O)COc1cccc2c1CC(O)C(O)C2,M04178,309.406,0.6347999999999998,81.95,4.0,5.0,5.0,c1ccc2c(c1)CCCC2,0.9466801716388252,2
CN(CC=Cc1ccccc1)Cc1cccc2ccccc12,M04179,287.406,4.985000000000004,3.24,0.0,1.0,5.0,C(=Cc1ccccc1)CNCc1cccc2ccccc12,1.0,1
Oc1ccc2c3c1OC1C(O)CCC4(O)C(C2)N(CC2CCC2)CCC314,M04180,357.4500000000003,1.7072999999999998,73.16,3.0,5.0,2.0,c1cc2c3c(c1)OC1CCCC4C(C2)N(CC2CCC2)CCC314,1.0,1
CCn1cc(C(=O)O)c(=O)c2ccc(C)nc21,M04181,232.23899999999998,1.4230200000000002,72.19,1.0,4.0,2.0,O=c1cc[nH]c2ncccc12,1.0,1
C=CCN1CCC23c4c5ccc(O)c4OC2C(O)C=CC3C1C5,M04182,311.3810000000001,1.7542999999999997,52.93000000000001,2.0,4.0,2.0,C1=CC2C3Cc4cccc5c4C2(CCN3)C(C1)O5,0.802209494641301,8
C=CCN1CCC23c4c5ccc(O)c4OC2C(=O)CCC3(O)C1C5,M04183,327.3800000000001,1.3014,70.0,2.0,5.0,2.0,O=C1CCC2C3Cc4cccc5c4C2(CCN3)C1O5,0.8352580650673657,6
CC12CCC3C4CCC(=O)C=C4CCC3C1CCC2O,M04184,274.40399999999994,3.4891000000000028,37.3,1.0,2.0,0.0,O=C1C=C2CCC3C4CCCC4CCC3C2CC1,0.6627017793637848,25
CC12CCC3C4CCC(=O)C=C4CCC3C1CCC2OC(=O)CCc1ccccc1,M04185,406.56600000000014,5.672800000000006,43.370000000000005,0.0,3.0,4.0,O=C1C=C2CCC3C(CCC4C(OC(=O)CCc5ccccc5)CCC43)C2CC1,1.0,1
O=C(O)Cc1cccc2ccccc12,M04186,186.21,2.4669000000000008,37.3,1.0,1.0,2.0,c1ccc2ccccc2c1,0.6846698721617894,21
CCCC(C(=O)c1ccc2ccccc2c1)N1CCCC1,M04187,281.39900000000006,4.2870000000000035,20.310000000000002,0.0,2.0,5.0,O=C(CN1CCCC1)c1ccc2ccccc2c1,1.0,1
CCC(C(=O)O)C1OC(C(C)C(O)C(C)C(=O)C(CC)C2OC3(C=CC(O)C4(CCC(C)(C5CCC(O)(CC)C(C)O5)O4)O3)C(C)CC2C)C(C)CC1C,M04188,765.0380000000001,6.434000000000006,161.20999999999998,4.0,10.0,12.0,O=C(CCCC1CCCCO1)CC1CCCC2(C=CCC3(CCC(C4CCCCO4)O3)O2)O1,0.9466801716388252,2
CC(C)C1CCC(C(=O)NC(Cc2ccccc2)C(=O)O)CC1,M04189,317.42900000000014,3.2609000000000012,66.4,2.0,2.0,6.0,O=C(NCCc1ccccc1)C1CCCCC1,1.0,1
OC(CNCC(O)C1CCc2cc(F)ccc2O1)C1CCc2cc(F)ccc2O1,M04190,405.44100000000014,2.363600000000001,70.95,3.0,5.0,6.0,c1ccc2c(c1)CCC(CCNCCC1CCc3ccccc3O1)O2,1.0,1
CCCCN(C)C(=O)Nc1ccc(Cl)c(Cl)c1,M04191,275.179,4.257200000000004,32.34,1.0,1.0,4.0,c1ccccc1,0.21161295934610674,802
O=C(c1cccc2ccccc12)c1cn(CC2CCCCC2)c2ccccc12,M04192,367.49200000000013,6.605800000000006,22.0,0.0,2.0,4.0,O=C(c1cccc2ccccc12)c1cn(CC2CCCCC2)c2ccccc12,1.0,1
CCc1nn(CCCN2CCN(c3cccc(Cl)c3)CC2)c(=O)n1CCOc1ccccc1,M04193,470.01700000000034,3.5519000000000025,55.53,0.0,7.0,10.0,O=c1n(CCOc2ccccc2)cnn1CCCN1CCN(c2ccccc2)CC1,1.0,1
CN1CCOC(c2ccccc2)c2ccccc2C1,M04194,253.345,3.238000000000002,12.47,0.0,2.0,1.0,c1ccc(C2OCCNCc3ccccc32)cc1,1.0,1
CCNC(=O)c1ccc(OC)cc1,M04195,179.21899999999997,1.4449,38.33,1.0,2.0,3.0,c1ccccc1,0.21161295934610674,802
COC(=O)C1=C(C)NC(C)=C(C(=O)OCCN(C)Cc2ccccc2)C1c1cccc([N+](=O)[O-])c1,M04196,479.5330000000002,3.677800000000002,111.00999999999999,1.0,8.0,9.0,O=C(OCCNCc1ccccc1)C1=CNC=CC1c1ccccc1,1.0,1
COC(=O)C1=C(C)NC(C)=C(C(=O)OC)C1c1ccccc1[N+](=O)[O-],M04197,346.33900000000006,2.1756,107.77000000000001,1.0,7.0,4.0,C1=CC(c2ccccc2)C=CN1,0.8176983027273006,7
Cc1c(NC(=O)c2cccnc2)c(=O)n(-c2ccccc2)n1C,M04198,308.341,2.1317199999999996,68.92,1.0,5.0,3.0,O=C(Nc1c[nH]n(-c2ccccc2)c1=O)c1cccnc1,1.0,1
O=C(O)c1cccnc1Nc1cccc(C(F)(F)F)c1,M04199,282.221,3.542200000000001,62.22,2.0,3.0,3.0,c1ccc(Nc2ccccn2)cc1,0.9088491513636503,3
O=C1Nc2ccc([N+](=O)[O-])cc2C(c2ccccc2F)=NC1O,M04200,315.26,1.8418,104.83,2.0,5.0,2.0,O=C1CN=C(c2ccccc2)c2ccccc2N1,0.6627017793637848,25
COC1CC(CC2CCC(C)C(C(C)C(=O)O)O2)OC2(OC(C)(C3CCC(C)(C4OC(C5OC(O)(CO)C(C)CC5C)CC4C)O3)CC2C)C1C,M04201,724.9730000000002,5.705600000000006,142.37,3.0,10.0,9.0,C1CCC(CC2CCCC3(CCC(C4CCC(C5CCC(C6CCCCO6)O5)O4)O3)O2)OC1,1.0,1
CCN(CC)C(=O)c1cccnc1,M04202,178.235,1.5636,33.2,0.0,2.0,3.0,c1ccncc1,0.5996365394334917,41
COC(=O)C1=C(C#N)NC(C)=C(C(=O)OC(C)C)C1c1cccc([N+](=O)[O-])c1,M04203,385.3760000000001,2.4578800000000003,131.56,1.0,8.0,5.0,C1=CC(c2ccccc2)C=CN1,0.8176983027273006,7
O=[N+]([O-])c1cncn1CCN1CCOCC1,M04204,226.23599999999993,0.12349999999999994,73.43,0.0,6.0,4.0,c1cn(CCN2CCOCC2)cn1,1.0,1
COC(=O)C1=C(C)NC(C)=C(C(=O)OCC(C)C)C1c1ccccc1[N+](=O)[O-],M04205,388.4200000000001,3.201800000000002,107.77000000000001,1.0,7.0,6.0,C1=CC(c2ccccc2)C=CN1,0.8176983027273006,7
O=C1CN=C(c2ccccc2)c2cc([N+](=O)[O-])ccc2N1,M04206,281.27099999999996,2.3842999999999996,84.6,1.0,4.0,2.0,O=C1CN=C(c2ccccc2)c2ccccc2N1,0.6627017793637848,25
Nc1ccc2c(c1)C(c1ccccc1)=NCC(=O)N2,M04207,251.28900000000002,2.0583,67.47999999999999,2.0,3.0,1.0,O=C1CN=C(c2ccccc2)c2ccccc2N1,0.6627017793637848,25
Cc1nnc2n1-c1ccc([N+](=O)[O-])cc1C(c1ccccc1)=NC2,M04208,319.324,2.834920000000001,86.21,0.0,6.0,2.0,c1ccc(C2=NCc3nncn3-c3ccccc32)cc1,0.7758207207981391,10
O=[N+]([O-])c1ccc(Oc2ccc(Cl)cc2Cl)cc1,M04209,284.098,4.693900000000002,52.370000000000005,0.0,3.0,3.0,c1ccc(Oc2ccccc2)cc1,0.6438836066809098,29
CC(C)OC(=O)c1cc(C(=O)OC(C)C)cc([N+](=O)[O-])c1,M04210,295.291,2.725200000000001,95.74000000000001,0.0,6.0,5.0,c1ccccc1,0.21161295934610674,802
CNC(=C[N+](=O)[O-])NCCSCc1csc(CN(C)C)n1,M04211,331.4670000000001,1.3224999999999998,83.33,2.0,8.0,10.0,c1cscn1,0.8352580650673657,6
O=C(Oc1cccc2ccccc12)c1cn(CCCCCF)c2ccccc12,M04212,375.4430000000001,6.153500000000005,31.23,0.0,3.0,7.0,O=C(Oc1cccc2ccccc12)c1c[nH]c2ccccc12,1.0,1
CCCCCn1cc(C(=O)Nc2cccc3ccccc23)c2ccccc21,M04213,356.4690000000001,6.237000000000005,34.03,1.0,2.0,6.0,O=C(Nc1cccc2ccccc12)c1c[nH]c2ccccc12,0.9466801716388252,2
O=C(Nc1cccc2ccccc12)c1cn(CCCCCF)c2ccccc12,M04214,374.45900000000006,6.186600000000005,34.03,1.0,2.0,7.0,O=C(Nc1cccc2ccccc12)c1c[nH]c2ccccc12,0.9466801716388252,2
CN1Cc2c(N)cccc2C(c2ccccc2)C1,M04215,238.334,2.8461000000000016,29.259999999999998,1.0,2.0,1.0,c1ccc(C2CNCc3ccccc32)cc1,1.0,1
CCCCCCCCCc1ccc(OCCO)cc1,M04216,264.409,4.350800000000005,29.46,1.0,2.0,11.0,c1ccccc1,0.21161295934610674,802
CCC(=O)OC(Cc1ccccc1)(c1ccccc1)C(C)CNC,M04217,325.4520000000001,3.9333000000000027,38.33,1.0,3.0,8.0,c1ccc(CCc2ccccc2)cc1,0.9088491513636503,3
O=C(NC(=O)c1c(F)cccc1F)Nc1cc(Cl)c(OC(F)(F)C(F)C(F)(F)F)c(Cl)c1F,M04218,529.142,6.244600000000001,67.43,2.0,3.0,5.0,O=C(NC(=O)c1ccccc1)Nc1ccccc1,0.802209494641301,8
CCCCCn1nc(C(=O)Oc2cccc3cccnc23)c2ccccc21,M04219,359.4290000000001,4.993900000000004,57.010000000000005,0.0,5.0,6.0,O=C(Oc1cccc2cccnc12)c1n[nH]c2ccccc12,0.9466801716388252,2
O=C(Oc1cccc2cccnc12)c1nn(CCCCCF)c2ccccc12,M04220,377.4190000000001,4.943500000000004,57.01,0.0,5.0,7.0,O=C(Oc1cccc2cccnc12)c1n[nH]c2ccccc12,0.9466801716388252,2
CC1C=CC=CCCC=CC=CC=CC=CC(OC2OC(C)C(O)C(N)C2O)CC2OC(O)(CC(O)C(O)CCC(O)CC(O)CC(O)CC(=O)OC(C)C(C)C1O)CC(O)C2C(=O)O,M04221,926.1070000000003,0.9357000000000051,319.60999999999996,12.0,17.0,3.0,O=C1CCCCCCCCCCCC2CCCC(CC(OC3CCCCO3)C=CC=CC=CC=CCCC=CC=CCCCCO1)O2,1.0,1
ON=Cc1cc[n+](COC[n+]2ccc(C=NO)cc2)cc1,M04222,288.307,0.5096,82.17,2.0,5.0,6.0,c1cc[n+](COC[n+]2ccccc2)cc1,1.0,1
CCCCCCCCc1ccc(OCCOCCO)cc1,M04223,294.43499999999995,3.977300000000003,38.69,1.0,3.0,13.0,c1ccccc1,0.21161295934610674,802
CCCCCCCCc1ccc(OCCO)cc1,M04224,250.382,3.9607000000000028,29.46,1.0,2.0,10.0,c1ccccc1,0.21161295934610674,802
Cc1cccc(C)c1N(C(=O)CCl)C1CCOC1=O,M04225,281.739,2.19074,46.61,0.0,3.0,3.0,O=C1OCCC1Nc1ccccc1,1.0,1
Cc1cc2c(s1)Nc1ccccc1N=C2N1CCN(C)CC1,M04226,312.4420000000001,3.4392200000000033,30.870000000000005,1.0,5.0,0.0,c1ccc2c(c1)N=C(N1CCNCC1)c1ccsc1N2,1.0,1
CN(C)CCC=C1c2ccccc2COc2ccc(CC(=O)O)cc21,M04227,337.4190000000001,3.589500000000002,49.769999999999996,1.0,3.0,5.0,C=C1c2ccccc2COc2ccccc21,0.9088491513636503,3
O=C(O)c1cc(N=Nc2ccc(O)c(C(=O)O)c2)ccc1O,M04228,302.242,2.9096000000000006,139.78,4.0,6.0,4.0,c1ccc(N=Nc2ccccc2)cc1,0.9466801716388252,2
OCCN1CCN(CCCN2c3ccccc3C=Cc3ccccc32)CC1,M04229,363.50500000000017,3.308500000000002,29.950000000000003,1.0,4.0,6.0,C1=Cc2ccccc2N(CCCN2CCNCC2)c2ccccc21,1.0,1
CCc1c(C(=O)NCCc2ccc(N3CCCCC3)cc2)[nH]c2ccc(Cl)cc12,M04230,409.96100000000007,5.346500000000005,48.13,2.0,2.0,6.0,O=C(NCCc1ccc(N2CCCCC2)cc1)c1cc2ccccc2[nH]1,1.0,1
CCCCCCCCCCCC(CC1OC(=O)C1CCCCCC)OC(=O)C(CC(C)C)NC=O,M04231,495.7450000000004,6.881900000000007,81.69999999999999,1.0,5.0,23.0,O=C1CCO1,1.0,1
O=C(O)c1ccccc1F,M04232,140.11299999999997,1.5239,37.3,1.0,1.0,1.0,c1ccccc1,0.21161295934610674,802
Cc1ccccc1C(OCCN(C)C)c1ccccc1,M04233,269.388,3.662620000000003,12.47,0.0,2.0,6.0,c1ccc(Cc2ccccc2)cc1,0.6274242932504864,33
CNCCOC(c1ccccc1)c1ccccc1C,M04234,255.361,3.320420000000002,21.259999999999998,1.0,2.0,6.0,c1ccc(Cc2ccccc2)cc1,0.6274242932504864,33
C#CCOc1cc(-n2nc(C(C)(C)C)oc2=O)c(Cl)cc1Cl,M04235,341.19399999999996,3.4418000000000024,57.26,0.0,5.0,3.0,O=c1ocnn1-c1ccccc1,0.9088491513636503,3
O=c1[nH]c2ccccc2n1CCCN1CCN(C(c2ccccc2)c2ccccc2)CC1,M04236,426.5640000000001,4.126900000000004,44.27,1.0,4.0,7.0,O=c1[nH]c2ccccc2n1CCCN1CCN(C(c2ccccc2)c2ccccc2)CC1,1.0,1
CCN(CC)CCOCCOC(=O)C(CC)(CC)c1ccccc1,M04237,335.48799999999994,3.6460000000000026,38.77,0.0,4.0,12.0,c1ccccc1,0.21161295934610674,802
CN(C(=O)CN(CCO)CC(=O)N(C)C(C)(C)Cc1ccccc1)C(C)(C)Cc1ccccc1,M04238,467.6540000000002,3.2401000000000018,64.09,1.0,4.0,12.0,O=C(CNCC(=O)NCCc1ccccc1)NCCc1ccccc1,1.0,1
CCCOc1ccc2nc(NC(=O)OC)[nH]c2c1,M04239,249.26999999999998,2.5300000000000002,76.24000000000001,2.0,4.0,4.0,c1ccc2[nH]cnc2c1,0.7758207207981391,10
CC[N+]1(C)C2CC(OC(=O)C(CO)c3ccccc3)CC1C1OC12,M04240,332.4200000000001,1.4527999999999996,59.06,1.0,4.0,5.0,O=C(Cc1ccccc1)OC1CC2[NH2+]C(C1)C1OC21,0.9466801716388252,2
CCCc1nn(C)c2c(=O)[nH]c(-c3cc(C(=O)CN4CCN(CC)C(=O)C4)ccc3OCC)nc12,M04241,480.56900000000036,2.0215999999999994,113.41999999999999,1.0,8.0,9.0,O=C1CN(CC(=O)c2cccc(-c3nc4cn[nH]c4c(=O)[nH]3)c2)CCN1,1.0,1
CCn1cc(C(=O)O)c(=O)c2cc3c(cc21)OCO3,M04242,261.23299999999995,1.4483000000000001,77.76,1.0,5.0,2.0,O=c1cc[nH]c2cc3c(cc12)OCO3,1.0,1
CC(CN(C)C)CN1c2ccccc2S(=O)(=O)c2ccccc21,M04243,330.4530000000001,3.1686000000000014,40.620000000000005,0.0,4.0,4.0,O=S1(=O)c2ccccc2Nc2ccccc21,1.0,1
CCCCOc1cc(C(=O)OCCN(CC)CC)ccc1N,M04244,308.42199999999997,2.946300000000001,64.79,1.0,5.0,10.0,c1ccccc1,0.21161295934610674,802
COc1ccc2c3c1OC1C(=O)CCC4(O)C(C2)N(C)CCC314,M04245,315.3690000000001,1.0481999999999998,59.00000000000001,1.0,5.0,1.0,O=C1CCC2C3Cc4cccc5c4C2(CCN3)C1O5,0.8352580650673657,6
COc1ccc2c3c1OC1C(=O)CCC4(O)C(C2)NCCC314,M04246,301.34200000000004,0.7060000000000001,67.79,2.0,5.0,1.0,O=C1CCC2C3Cc4cccc5c4C2(CCN3)C1O5,0.8352580650673657,6
COc1cccc(C(=O)CCNC(C)C(O)c2ccccc2)c1,M04247,313.397,2.979700000000001,58.56,2.0,4.0,8.0,O=C(CCNCCc1ccccc1)c1ccccc1,1.0,1
Cc1cc(C(C)(C)C)c(O)c(C)c1CC1=NCCN1,M04248,260.3809999999999,2.850740000000001,44.620000000000005,2.0,3.0,2.0,c1ccc(CC2=NCCN2)cc1,0.9088491513636503,3
CN1CCC23c4c5ccc(O)c4OC2C(=O)CCC3(O)C1C5,M04249,301.342,0.7451999999999999,70.0,2.0,5.0,0.0,O=C1CCC2C3Cc4cccc5c4C2(CCN3)C1O5,0.8352580650673657,6
OCCN1CCN(CCCN2c3ccccc3Sc3cccnc32)CC1,M04250,370.52200000000016,2.6843000000000004,42.84,1.0,6.0,6.0,c1ccc2c(c1)Sc1cccnc1N2CCCN1CCNCC1,1.0,1
COc1cc2[nH]c(C)c(CCN3CCN(c4ccccc4)CC3)c2cc1OC,M04251,379.50400000000013,3.858220000000003,40.730000000000004,1.0,4.0,6.0,c1ccc(N2CCN(CCc3c[nH]c4ccccc34)CC2)cc1,1.0,1
CN1CCCN=C1COC(=O)C(O)(c1ccccc1)C1CCCCC1,M04252,344.4550000000002,2.731700000000001,62.129999999999995,1.0,5.0,5.0,O=C(OCC1=NCCCN1)C(c1ccccc1)C1CCCCC1,1.0,1
CSc1nnc(C(C)(C)C)c(=O)n1N=CC(C)C,M04253,268.386,2.1475999999999997,60.14,0.0,6.0,3.0,O=c1cnnc[nH]1,0.9088491513636503,3
COP(=S)(OC)Oc1ccc([N+](=O)[O-])cc1,M04254,263.21099999999996,2.4909,70.83,0.0,6.0,5.0,c1ccccc1,0.21161295934610674,802
CC1CCC2N(C1)CC1C3CC4C(CC(O)C5CC(O)CCC54C)C3CCC1C2(C)O,M04255,431.6610000000003,3.6781000000000037,63.93000000000001,3.0,4.0,0.0,C1CCC2C(C1)CCC1C2CC2C3CN4CCCCC4CC3CCC21,1.0,1
CCCCCn1cc(C(=O)Oc2cccc3cccnc23)c2ccccc21,M04256,358.4410000000001,5.598900000000005,44.120000000000005,0.0,4.0,6.0,O=C(Oc1cccc2cccnc12)c1c[nH]c2ccccc12,0.9466801716388252,2
O=C(Oc1cccc2cccnc12)c1cn(CCCCCF)c2ccccc12,M04257,376.4310000000001,5.548500000000004,44.12,0.0,4.0,7.0,O=C(Oc1cccc2cccnc12)c1c[nH]c2ccccc12,0.9466801716388252,2
O=C(Nc1cccc2ccccc12)c1cn(CCCCCF)c2ccncc12,M04258,375.44700000000006,5.581600000000004,46.92,1.0,3.0,7.0,O=C(Nc1cccc2ccccc12)c1c[nH]c2ccncc12,1.0,1
CCCCN(CC)C(=O)SCCC,M04259,203.35099999999997,3.3716000000000026,20.310000000000002,0.0,2.0,6.0,,0.0,0
N=C1NC(=O)C(c2ccccc2)O1,M04260,176.17499999999998,0.8088700000000002,62.18000000000001,2.0,3.0,1.0,N=C1NC(=O)C(c2ccccc2)O1,1.0,1
CC(C)(C)NCC(O)COc1ccccc1C1CCCC1,M04261,291.4350000000001,3.472000000000002,41.489999999999995,2.0,3.0,6.0,c1ccc(C2CCCC2)cc1,0.9466801716388252,2
Nc1nc2c(ncn2CCC(CO)CO)c(=O)[nH]1,M04262,253.26199999999997,-1.3073000000000008,130.04999999999998,4.0,7.0,5.0,O=c1[nH]cnc2[nH]cnc12,0.8795051323147839,4
OC1(c2ccc(Cl)c(C(F)(F)F)c2)CCN(CCCC(c2ccc(F)cc2)c2ccc(F)cc2)CC1,M04263,523.9730000000002,7.532700000000006,23.47,1.0,2.0,7.0,c1ccc(C2CCN(CCCC(c3ccccc3)c3ccccc3)CC2)cc1,1.0,1
O=C(NC(=O)c1c(F)cccc1F)Nc1ccc(C(F)(F)F)cc1,M04264,344.239,3.945500000000002,58.2,2.0,2.0,2.0,O=C(NC(=O)c1ccccc1)Nc1ccccc1,0.802209494641301,8
CCCC(C)C(=O)Nc1ccc(C)c(Cl)c1,M04265,239.746,4.023120000000003,29.1,1.0,1.0,4.0,c1ccccc1,0.21161295934610674,802
CC(C)=CCN1CCC2(C)c3cc(O)ccc3CC1C2C,M04266,285.43100000000004,3.8826000000000027,23.47,1.0,2.0,2.0,c1ccc2c(c1)CC1CC2CCN1,1.0,1
CCCC(NC)C(=O)c1ccccc1,M04267,191.274,2.2574000000000005,29.1,1.0,2.0,5.0,c1ccccc1,0.21161295934610674,802
CCCCCCn1c(=O)c2c(ncn2C)n(C)c1=O,M04268,264.329,1.014,61.82,0.0,6.0,5.0,O=c1[nH]c(=O)c2[nH]cnc2[nH]1,0.7110586460049512,17
CCN(CC)CCOCCOC(=O)C1(c2ccccc2)CCCC1,M04269,333.47200000000015,3.400000000000002,38.77,0.0,4.0,10.0,c1ccc(C2CCCC2)cc1,0.9466801716388252,2
CCCC(NC)C(=O)c1ccc2c(c1)OCO2,M04270,235.28299999999996,1.9861,47.56,1.0,4.0,5.0,c1ccc2c(c1)OCO2,0.7265474540909509,15
CN1CCN(CCCN2c3ccccc3Sc3ccccc32)CC1,M04271,339.50800000000015,3.9268000000000027,9.72,0.0,4.0,4.0,c1ccc2c(c1)Sc1ccccc1N2CCCN1CCNCC1,0.7883542836784342,9
CCCN1CC(CSC)CC2c3cccc4[nH]cc(c34)CC21,M04272,314.4980000000001,4.271100000000003,19.03,1.0,2.0,4.0,c1cc2c3c(c[nH]c3c1)CC1NCCCC21,1.0,1
N#Cc1ccc2c(c1)N(CCCN1CCC(O)CC1)c1ccccc1S2,M04273,365.502,4.007780000000003,50.5,1.0,5.0,4.0,c1ccc2c(c1)Sc1ccccc1N2CCCN1CCCCC1,0.9466801716388252,2
CCCC(NC(C)C(=O)N1C(C(=O)O)CC2CCCCC21)C(=O)OCC,M04274,368.47400000000016,1.940599999999999,95.94000000000001,2.0,5.0,8.0,C1CCC2NCCC2C1,1.0,1
CC1(C)C(C=C(Cl)Cl)C1C(=O)OCc1cccc(Oc2ccccc2)c1,M04275,391.2940000000001,6.113300000000004,35.53,0.0,3.0,6.0,O=C(OCc1cccc(Oc2ccccc2)c1)C1CC1,0.802209494641301,8
OCCN1CCN(CCCN2c3ccccc3Sc3ccc(Cl)cc32)CC1,M04276,403.9790000000002,3.942700000000003,29.950000000000003,1.0,5.0,6.0,c1ccc2c(c1)Sc1ccccc1N2CCCN1CCNCC1,0.7883542836784342,9
O=C1CN=C(c2ccccc2Cl)c2cc(Br)ccc2N1,M04277,349.61499999999995,3.8920000000000012,41.46,1.0,2.0,1.0,O=C1CN=C(c2ccccc2)c2ccccc2N1,0.6627017793637848,25
O=C1Nc2ccc(Br)cc2C(c2ccccc2Cl)=NC1O,M04278,365.61400000000003,3.210400000000002,61.69,2.0,3.0,1.0,O=C1CN=C(c2ccccc2)c2ccccc2N1,0.6627017793637848,25
CC1C2Cc3ccc(O)cc3C1(C)CCN2CCc1ccccc1,M04279,321.46399999999994,4.159100000000004,23.47,1.0,2.0,3.0,c1ccc(CCN2CCC3CC2Cc2ccccc23)cc1,1.0,1
Nc1ccc(N=Nc2ccccc2)c(N)n1,M04280,213.24400000000003,2.6613999999999995,89.64999999999999,2.0,5.0,2.0,c1ccc(N=Nc2cccnc2)cc1,1.0,1
c1ccc(C2(N3CCCCC3)CCCCC2)cc1,M04281,243.39399999999992,4.331900000000004,3.24,0.0,1.0,2.0,c1ccc(C2(N3CCCCC3)CCCCC2)cc1,1.0,1
CC1C(c2ccccc2)OCCN1C,M04282,191.27399999999994,2.0782,12.47,0.0,2.0,1.0,c1ccc(C2CNCCO2)cc1,0.9466801716388252,2
NNCCc1ccccc1,M04283,136.19799999999998,0.6923999999999992,38.05,2.0,2.0,3.0,c1ccccc1,0.21161295934610674,802
NC(N)=NC(N)=NCCc1ccccc1,M04284,205.26500000000001,-0.18279999999999919,102.78,3.0,1.0,3.0,c1ccccc1,0.21161295934610674,802
CN(C)CCC(c1ccccc1)c1ccccn1,M04285,240.35000000000002,3.1652000000000013,16.130000000000003,0.0,2.0,5.0,c1ccc(Cc2ccccn2)cc1,0.802209494641301,8
C[N+](C)([O-])CCC(c1ccccc1)c1ccccn1,M04286,256.34900000000005,3.1778000000000013,35.95,0.0,2.0,5.0,c1ccc(Cc2ccccn2)cc1,0.802209494641301,8
CC(=O)N(C)CCC(c1ccccc1)c1ccccn1,M04287,268.36,3.081900000000002,33.2,0.0,2.0,5.0,c1ccc(Cc2ccccn2)cc1,0.802209494641301,8
CC1NCCOC1c1ccccc1,M04288,177.247,1.736,21.259999999999998,1.0,2.0,1.0,c1ccc(C2CNCCO2)cc1,0.9466801716388252,2
O=C1OC(c2ccc(O)cc2)(c2ccc(O)cc2)c2ccccc21,M04289,318.32800000000003,3.560100000000002,66.76,2.0,4.0,2.0,O=C1OC(c2ccccc2)(c2ccccc2)c2ccccc21,1.0,1
CC(C)=CC1C(C(=O)OCc2cccc(Oc3ccccc3)c2)C1(C)C,M04290,350.4580000000001,5.760500000000005,35.53,0.0,3.0,6.0,O=C(OCc1cccc(Oc2ccccc2)c1)C1CC1,0.802209494641301,8
NC(=O)c1ccccc1Oc1ccccc1,M04291,213.236,2.5778000000000008,52.32000000000001,1.0,2.0,3.0,c1ccc(Oc2ccccc2)cc1,0.6438836066809098,29
O=C(O)c1ccccc1Oc1ccccc1,M04292,214.22,3.177100000000001,46.53,1.0,2.0,3.0,c1ccc(Oc2ccccc2)cc1,0.6438836066809098,29
CCC(c1ccccc1)c1c(O)c2ccccc2oc1=O,M04293,280.323,4.040500000000003,50.440000000000005,1.0,3.0,3.0,O=c1oc2ccccc2cc1Cc1ccccc1,0.9088491513636503,3
CC(C)(N)Cc1ccccc1,M04294,149.237,1.9664,26.02,1.0,1.0,2.0,c1ccccc1,0.21161295934610674,802
Cc1ccc(N(CC2=NCCN2)c2cccc(O)c2)cc1,M04295,281.35900000000004,2.840420000000001,47.86,2.0,4.0,4.0,c1ccc(N(CC2=NCCN2)c2ccccc2)cc1,1.0,1
CCCCC1C(=O)N(c2ccccc2)N(c2ccccc2)C1=O,M04296,308.3810000000001,3.7878000000000025,40.620000000000005,0.0,2.0,5.0,O=C1CC(=O)N(c2ccccc2)N1c1ccccc1,0.9088491513636503,3
CNCC(O)c1cccc(O)c1,M04297,167.20799999999997,0.645,52.489999999999995,3.0,3.0,3.0,c1ccccc1,0.21161295934610674,802
CN(C)CCOc1ccccc1Cc1ccccc1,M04298,255.361,3.217800000000002,12.47,0.0,2.0,6.0,c1ccc(Cc2ccccc2)cc1,0.6274242932504864,33
CN1CCC23c4c5ccc(OCCN6CCOCC6)c4OC2C(O)C=CC3C1C5,M04299,398.50300000000004,1.2034999999999998,54.400000000000006,1.0,6.0,4.0,C1=CC2C3Cc4ccc(OCCN5CCOCC5)c5c4C2(CCN3)C(C1)O5,1.0,1
CNC(C)Cc1ccc(O)cc1,M04300,165.236,1.5425999999999997,32.26,2.0,2.0,3.0,c1ccccc1,0.21161295934610674,802
CCOP(=S)(OCC)SCSCC,M04301,260.38599999999997,3.727700000000003,18.46,0.0,5.0,8.0,,0.0,0
CCOP(=O)(OCC)SCSCC,M04302,244.31799999999998,3.6113000000000026,35.53,0.0,5.0,8.0,,0.0,0
CNC(=O)Oc1ccc2c(c1)C1(C)CCN(C)C1N2C,M04303,275.352,1.7739,44.81,1.0,4.0,1.0,c1ccc2c(c1)NC1NCCC21,1.0,1
CCC1C(=O)OCC1Cc1cncn1C,M04304,208.261,1.1618000000000002,44.12,0.0,4.0,3.0,O=C1CC(Cc2cnc[nH]2)CO1,1.0,1
O=c1[nH]c2ccccc2n1C1CCN(CCCC(c2ccc(F)cc2)c2ccc(F)cc2)CC1,M04305,461.5560000000001,5.8570000000000055,41.03,1.0,3.0,7.0,O=c1[nH]c2ccccc2n1C1CCN(CCCC(c2ccccc2)c2ccccc2)CC1,1.0,1
Clc1ccc(C(c2ccccc2)N2CCNCC2)cc1,M04306,286.80600000000004,3.334600000000002,15.27,1.0,2.0,3.0,c1ccc(C(c2ccccc2)N2CCNCC2)cc1,0.8176983027273006,7
c1cc2c(cc1CN1CCNCC1)OCO2,M04307,220.27199999999996,0.8204999999999996,33.730000000000004,1.0,4.0,2.0,c1cc2c(cc1CN1CCNCC1)OCO2,1.0,1
Clc1ccccc1N1CCNCC1,M04308,196.68099999999995,1.7495999999999994,15.27,1.0,2.0,1.0,c1ccc(N2CCNCC2)cc1,0.8795051323147839,4
CCCc1nn(C)c2c(=O)[nH]c(-c3cc(C(=O)CN4CCCCC4)ccc3OCC)nc12,M04309,437.5440000000003,3.3434000000000017,93.11,1.0,7.0,8.0,O=C(CN1CCCCC1)c1cccc(-c2nc3cn[nH]c3c(=O)[nH]2)c1,1.0,1
NC(=O)C1CCNCC1,M04310,128.175,-0.5287000000000004,55.120000000000005,2.0,2.0,1.0,C1CCNCC1,0.7265474540909509,15
CN(C)S(=O)(=O)c1ccc2c(c1)N(CCCN1CCC(CCO)CC1)c1ccccc1S2,M04311,475.6800000000003,4.024100000000003,64.09,1.0,6.0,8.0,c1ccc2c(c1)Sc1ccccc1N2CCCN1CCCCC1,0.9466801716388252,2
OC(c1ccccc1)(c1ccccc1)C1CCCCN1,M04312,267.3719999999999,3.0646000000000004,32.26,2.0,2.0,3.0,c1ccc(C(c2ccccc2)C2CCCCN2)cc1,0.9466801716388252,2
CCOC(=O)C=C1SC(N2CCCCC2)C(=O)N1CC,M04313,298.40799999999996,1.7982,49.85,0.0,5.0,4.0,C=C1NC(=O)C(N2CCCCC2)S1,1.0,1
CN1CCN(CC(=O)N2c3ccccc3C(=O)Nc3cccnc32)CC1,M04314,351.41000000000014,1.5593999999999992,68.78,1.0,5.0,2.0,O=C1Nc2cccnc2N(C(=O)CN2CCNCC2)c2ccccc21,1.0,1
NS(=O)(=O)c1cc(C(=O)O)cc(N2CCCC2)c1Oc1ccccc1,M04315,362.40700000000004,2.4247000000000005,109.93,2.0,5.0,5.0,c1ccc(Oc2ccccc2N2CCCC2)cc1,1.0,1
CNc1nc(C)c(C)c(OC(=O)N(C)C)n1,M04316,224.26399999999998,1.1955399999999998,67.35000000000001,1.0,5.0,2.0,c1cncnc1,0.7185751418868361,16
N#CC(CCN1CCC(C(N)=O)(N2CCCCC2)CC1)(c1ccccc1)c1ccccc1,M04317,430.5960000000001,3.6921800000000013,73.36,1.0,4.0,7.0,c1ccc(C(CCN2CCC(N3CCCCC3)CC2)c2ccccc2)cc1,1.0,1
CC1CCCC(C)N1CCCC(O)(c1ccccc1)c1ccccn1,M04318,338.49500000000006,4.360600000000004,36.36,1.0,3.0,6.0,c1ccc(C(CCCN2CCCCC2)c2ccccn2)cc1,1.0,1
CN1C(C(=O)Nc2ccccn2)=C(O)c2ccccc2S1(=O)=O,M04319,331.35300000000007,1.5809999999999997,99.6,2.0,5.0,2.0,O=C(Nc1ccccn1)C1=Cc2ccccc2S(=O)(=O)N1,1.0,1
COC(=O)c1ccccc1C(=O)c1ccc(OCCN2CCCCC2)cc1,M04320,367.44500000000016,3.568900000000003,55.84000000000001,0.0,5.0,7.0,O=C(c1ccccc1)c1ccc(OCCN2CCCCC2)cc1,1.0,1
CN1CCC(=C2c3ccccc3CCc3sccc32)CC1,M04321,295.4510000000001,4.374200000000004,3.24,0.0,2.0,0.0,c1ccc2c(c1)CCc1sccc1C2=C1CCNCC1,1.0,1
COc1ccc(CC(C)N)cc1,M04322,165.236,1.5849,35.25,1.0,2.0,3.0,c1ccccc1,0.21161295934610674,802
CC(C(=O)c1ccccc1)N1CCCC1,M04323,203.28499999999994,2.3536,20.310000000000002,0.0,2.0,3.0,O=C(CN1CCCC1)c1ccccc1,0.8795051323147839,4
CC(=O)Nc1ccc(OCC(O)CNC(C)C)cc1,M04324,266.34099999999995,1.3826999999999992,70.59,3.0,4.0,7.0,c1ccccc1,0.21161295934610674,802
CCC[N+]12C(O)C(CC)C3CC1C1N(C)c4ccccc4C14CC2C3C4O,M04325,369.52900000000005,2.4793000000000007,43.7,2.0,3.0,3.0,c1ccc2c(c1)NC1C3CC4CC[NH+]3C3CC21CC43,0.9466801716388252,2
CCCNC1CCc2nc(N)sc2C1,M04326,211.33399999999997,1.5822,50.94,2.0,4.0,3.0,c1nc2c(s1)CCCC2,1.0,1
O=C1CN=C(c2ccccc2)c2cc(Cl)ccc2N1CC1CC1,M04327,324.8110000000001,3.934000000000003,32.67,0.0,2.0,3.0,O=C1CN=C(c2ccccc2)c2ccccc2N1CC1CC1,1.0,1
COc1cc2nc(N3CCN(C(=O)c4ccco4)CC3)nc(N)c2cc1OC,M04328,383.40800000000024,1.7845999999999997,106.95,1.0,8.0,4.0,O=C(c1ccco1)N1CCN(c2ncc3ccccc3n2)CC1,1.0,1
CC12C=CC(=O)C=C1CCC1C2C(=O)CC2(C)C1CCC2(O)C(=O)CO,M04329,358.43400000000014,1.7658,91.67,2.0,5.0,2.0,O=C1C=CC2C(=C1)CCC1C3CCCC3CC(=O)C21,0.9466801716388252,2
CC(C)CC(CN)CC(=O)O,M04330,159.229,1.0821,63.32000000000001,2.0,2.0,5.0,,0.0,0
CC(Cc1ccccc1)NCCC(c1ccccc1)c1ccccc1,M04331,329.487,5.4294000000000056,12.03,1.0,1.0,8.0,c1ccc(CCNCCC(c2ccccc2)c2ccccc2)cc1,1.0,1
CCCOCCN(C(=O)CCl)c1c(CC)cccc1CC,M04332,311.85300000000007,3.8098000000000027,29.54,0.0,2.0,9.0,c1ccccc1,0.21161295934610674,802
COc1cc(NC(C)CCCN)c2ncccc2c1,M04333,259.35299999999995,2.782700000000001,60.17,2.0,4.0,6.0,c1ccc2ncccc2c1,0.6846698721617894,21
CCCC(C(=O)OCCN(CC)CC)(c1ccccc1)c1ccccc1,M04334,353.50600000000003,4.657800000000004,29.54,0.0,3.0,10.0,c1ccc(Cc2ccccc2)cc1,0.6274242932504864,33
CCN(CC)CCNC(=O)c1ccc(N)cc1,M04335,235.33100000000002,1.3403999999999996,58.36,2.0,3.0,6.0,c1ccccc1,0.21161295934610674,802
CCN(CC)CCOC(=O)c1ccc(N)cc1,M04336,236.315,1.7673999999999999,55.56,1.0,4.0,6.0,c1ccccc1,0.21161295934610674,802
CN1CCN(CCCN2c3ccccc3Sc3ccc(Cl)cc32)CC1,M04337,373.95300000000015,4.580200000000004,9.72,0.0,4.0,4.0,c1ccc2c(c1)Sc1ccccc1N2CCCN1CCNCC1,0.7883542836784342,9
OC(CCN1CCCC1)(c1ccccc1)C1CCCCC1,M04338,287.4470000000001,3.940400000000003,23.47,1.0,2.0,5.0,c1ccc(C(CCN2CCCC2)C2CCCCC2)cc1,1.0,1
CCCC(=NOCC(C)Oc1ccc(Cl)cc1)C1=C(O)CC(C2CCCSC2)CC1=O,M04339,466.04300000000035,6.214400000000006,68.12,1.0,6.0,9.0,O=C1CC(C2CCCSC2)CC=C1C=NOCCOc1ccccc1,1.0,1
CC(C)N=C(N)N=C(N)Nc1ccc(Cl)cc1,M04340,253.73700000000005,1.7897000000000003,88.78999999999999,3.0,1.0,2.0,c1ccccc1,0.21161295934610674,802
CCC(=O)C1C(=O)CC(C(=O)O)CC1=O,M04341,212.20099999999996,0.21449999999999964,88.50999999999999,1.0,4.0,3.0,O=C1CCCC(=O)C1,1.0,1
NC(=O)C1CCCN1,M04342,114.14800000000001,-0.7763000000000002,55.120000000000005,2.0,2.0,1.0,C1CCNC1,0.7643784743661259,11
CCCC(Cc1ccccc1)N1CCCC1,M04343,217.35599999999994,3.4936000000000025,3.24,0.0,1.0,5.0,c1ccc(CCN2CCCC2)cc1,1.0,1
CN(C)CCCN1c2ccccc2Sc2ccccc21,M04344,284.42800000000005,4.241000000000003,6.48,0.0,3.0,4.0,c1ccc2c(c1)Nc1ccccc1S2,0.7185751418868361,16
CN(C)CC(CN1c2ccccc2Sc2ccccc21)N(C)C,M04345,327.49700000000007,3.781100000000003,9.72,0.0,4.0,5.0,c1ccc2c(c1)Nc1ccccc1S2,0.7185751418868361,16
CCC(=O)c1ccc2c(c1)N(CCCN(C)C)c1ccccc1S2,M04346,340.49199999999996,4.833700000000005,23.550000000000004,0.0,4.0,6.0,c1ccc2c(c1)Nc1ccccc1S2,0.7185751418868361,16
CCCNCC(O)COc1ccccc1C(=O)CCc1ccccc1,M04347,341.4510000000001,3.2414000000000023,58.559999999999995,2.0,4.0,11.0,O=C(CCc1ccccc1)c1ccccc1,0.9088491513636503,3
NCC(O)COc1ccccc1C(=O)CCc1ccccc1,M04348,299.36999999999995,2.2005,72.55000000000001,2.0,4.0,8.0,O=C(CCc1ccccc1)c1ccccc1,0.9088491513636503,3
CC(C)[N+](C)(CCOC(=O)C1c2ccccc2Oc2ccccc21)C(C)C,M04349,368.4970000000001,4.730800000000005,35.53,0.0,3.0,6.0,c1ccc2c(c1)Cc1ccccc1O2,1.0,1
CCCOP(=O)(OCCC)Oc1ccc(SC)cc1,M04350,304.348,4.748600000000004,44.760000000000005,0.0,5.0,9.0,c1ccccc1,0.21161295934610674,802
CC(C)Nc1nc(NC(C)C)[nH]c(=O)n1,M04351,211.269,0.8054999999999999,82.7,3.0,5.0,4.0,O=c1ncnc[nH]1,0.8352580650673657,6
CCCOc1ccc(C(=O)CCN2CCCCC2)cc1,M04352,275.3919999999999,3.5341000000000022,29.54,0.0,3.0,7.0,O=C(CCN1CCCCC1)c1ccccc1,1.0,1
CCCOC(C(=O)OC1CCN(C)CC1)(c1ccccc1)c1ccccc1,M04353,367.489,3.994200000000003,38.77,0.0,4.0,7.0,O=C(OC1CCNCC1)C(c1ccccc1)c1ccccc1,1.0,1
CCCOc1ccc(S(=O)(=O)N2CCN(CC)CC2)cc1-c1nc(=S)c2c([nH]1)c(CCC)nn2C,M04354,518.7090000000003,3.760390000000002,96.35,1.0,8.0,9.0,O=S(=O)(c1cccc(-c2nc(=S)c3[nH]ncc3[nH]2)c1)N1CCNCC1,0.8555293230024756,5
Cc1ccc2c(-c3ccccc3)nc(=O)n(C(C)C)c2c1,M04355,278.355,3.9528200000000027,34.89,0.0,3.0,2.0,O=c1nc(-c2ccccc2)c2ccccc2[nH]1,1.0,1
CN(C)CCCN1c2ccccc2Sc2cccnc21,M04356,285.41600000000005,3.636000000000003,19.37,0.0,4.0,4.0,c1ccc2c(c1)Nc1ncccc1S2,0.9466801716388252,2
CCCc1cc(C(N)=S)ccn1,M04357,180.276,1.6683000000000001,38.91,1.0,2.0,3.0,c1ccncc1,0.5996365394334917,41
CNCCCC1c2ccccc2C=Cc2ccccc21,M04358,263.384,4.301900000000003,12.03,1.0,1.0,4.0,C1=Cc2ccccc2Cc2ccccc21,1.0,1
CC(O)Cn1cnc2c1c(=O)n(C)c(=O)n2C,M04359,238.24699999999999,-1.1855,82.05000000000001,1.0,7.0,2.0,O=c1[nH]c(=O)c2[nH]cnc2[nH]1,0.7110586460049512,17
CN(C)CCc1c[nH]c2cccc(O)c12,M04360,204.273,1.9776000000000002,39.260000000000005,2.0,2.0,3.0,c1ccc2[nH]ccc2c1,0.5442457568182516,63
CCCC(C(=O)c1ccccc1)N1CCCC1,M04361,231.33899999999994,3.1338000000000017,20.310000000000002,0.0,2.0,5.0,O=C(CN1CCCC1)c1ccccc1,0.8795051323147839,4
O=C1OC(=O)c2ccccc21,M04362,148.11699999999996,0.9972,43.370000000000005,0.0,3.0,0.0,O=C1OC(=O)c2ccccc21,1.0,1
NC1=NC2C(COC(=O)NS(=O)(=O)O)N=C(N)N3CC(OS(=O)(=O)O)C(O)(O)C23N1,M04363,475.4180000000002,-5.620399999999996,288.78999999999996,8.0,15.0,5.0,C1=NCC2N=CNC23CCCN13,1.0,1
Cn1nc(-c2cc(OCC(=O)O)c(Cl)cc2F)c(Cl)c1OC(F)F,M04364,385.12500000000006,3.597800000000001,73.58000000000001,1.0,5.0,6.0,c1ccc(-c2cc[nH]n2)cc1,1.0,1
COC1(C)CC(c2ccccc2)c2c(c3ccccc3oc2=O)O1,M04365,322.3600000000001,4.070000000000004,48.67,0.0,4.0,2.0,O=c1oc2ccccc2c2c1C(c1ccccc1)CCO2,1.0,1
Cc1nnc2n1-c1ccc(Br)cc1C(c1ccccn1)=NC2,M04366,354.21100000000007,3.084220000000001,55.96,0.0,5.0,1.0,c1ccc(C2=NCc3nncn3-c3ccccc32)nc1,1.0,1
Cc1nn(C)c(OCC(=O)c2ccccc2)c1C(=O)c1ccc(Cl)cc1Cl,M04367,403.2650000000001,4.528020000000003,61.190000000000005,0.0,5.0,6.0,O=C(COc1[nH]ncc1C(=O)c1ccccc1)c1ccccc1,1.0,1
C=CC=CCC1=C(C)C(OC(=O)C2C(C=C(C)C)C2(C)C)CC1=O,M04368,328.4520000000001,4.558200000000004,43.370000000000005,0.0,3.0,6.0,O=C1C=CC(OC(=O)C2CC2)C1,0.802209494641301,8
C=CC=CCC1=C(C)C(OC(=O)C2C(C=C(C)C(=O)OC)C2(C)C)CC1=O,M04369,372.4610000000002,3.7113000000000023,69.67000000000002,0.0,5.0,7.0,O=C1C=CC(OC(=O)C2CC2)C1,0.802209494641301,8
CC=CCC1=C(C)C(OC(=O)C2C(C=C(C)C)C2(C)C)CC1=O,M04370,316.4410000000001,4.392100000000004,43.370000000000005,0.0,3.0,5.0,O=C1C=CC(OC(=O)C2CC2)C1,0.802209494641301,8
CC=CCC1=C(C)C(OC(=O)C2C(C=C(C)C(=O)OC)C2(C)C)CC1=O,M04371,360.45000000000016,3.545200000000003,69.67000000000002,0.0,5.0,6.0,O=C1C=CC(OC(=O)C2CC2)C1,0.802209494641301,8
CCC=CCC1=C(C)C(OC(=O)C2C(C=C(C)C)C2(C)C)CC1=O,M04372,330.46800000000013,4.782200000000005,43.370000000000005,0.0,3.0,6.0,O=C1C=CC(OC(=O)C2CC2)C1,0.802209494641301,8
CCC=CCC1=C(C)C(OC(=O)C2C(C=C(C)C(=O)OC)C2(C)C)CC1=O,M04373,374.4770000000002,3.9353000000000034,69.67000000000002,0.0,5.0,7.0,O=C1C=CC(OC(=O)C2CC2)C1,0.802209494641301,8
CN(C)CCN(Cc1ccccc1)c1ccccn1,M04374,255.36500000000004,2.649800000000001,19.37,0.0,3.0,6.0,c1ccc(CNc2ccccn2)cc1,0.8795051323147839,4
COc1cccc(N(C)C(=S)Oc2cccc(C(C)(C)C)c2)n1,M04375,330.4530000000001,4.187800000000003,34.59,0.0,4.0,3.0,S=C(Nc1ccccn1)Oc1ccccc1,1.0,1
CON=C(Cc1cccnc1)c1ccc(Cl)cc1Cl,M04376,295.169,3.981600000000003,34.480000000000004,0.0,3.0,4.0,N=C(Cc1cccnc1)c1ccccc1,1.0,1
CCc1nc(N)nc(N)c1-c1ccc(Cl)cc1,M04377,248.71700000000004,2.5238000000000005,77.82,2.0,4.0,2.0,c1ccc(-c2cncnc2)cc1,1.0,1
CCOCCc1ccc(OCCNc2ncnc(CC)c2Cl)c(C)c1C,M04378,377.91600000000017,4.379140000000004,56.27,1.0,5.0,10.0,c1ccc(OCCNc2ccncn2)cc1,1.0,1
Cc1ncc(CSSCc2cnc(C)c(O)c2CO)c(CO)c1O,M04379,368.48000000000013,2.5708400000000013,106.70000000000002,4.0,8.0,7.0,c1cncc(CSSCc2cccnc2)c1,1.0,1
CCCC(C(=O)c1ccc(C)cc1)N1CCCC1,M04380,245.36599999999993,3.4422200000000025,20.310000000000002,0.0,2.0,5.0,O=C(CN1CCCC1)c1ccccc1,0.8795051323147839,4
Cc1cc(C=Cc2ccc3cc(N(C)C)ccc3[n+]2C)c(C)n1-c1ccccc1,M04381,382.5310000000001,5.308240000000004,12.05,0.0,2.0,4.0,C(=Cc1ccc2ccccc2[nH+]1)c1ccn(-c2ccccc2)c1,1.0,1
OCCOCCN1CCN(C2=Nc3ccccc3Sc3ccccc32)CC1,M04382,383.51700000000017,2.8560000000000016,48.300000000000004,1.0,6.0,5.0,c1ccc2c(c1)N=C(N1CCNCC1)c1ccccc1S2,0.9088491513636503,3
OCCOCCN1CCN(C2=Nc3ccc(O)cc3Sc3ccccc32)CC1,M04383,399.5160000000002,2.561600000000001,68.53,2.0,7.0,5.0,c1ccc2c(c1)N=C(N1CCNCC1)c1ccccc1S2,0.9088491513636503,3
CCCN1CC(NS(=O)(=O)N(CC)CC)CC2Cc3c(O)cccc3CC21,M04384,395.56900000000013,2.136099999999999,72.88000000000001,2.0,4.0,7.0,c1ccc2c(c1)CC1CCCNC1C2,1.0,1
CCOC(=O)C(CCc1ccccc1)NC(C)C(=O)N1Cc2ccccc2CC1C(=O)O,M04385,438.5240000000003,2.5671,95.94000000000001,2.0,5.0,9.0,O=C(CNCCCc1ccccc1)N1CCc2ccccc2C1,1.0,1
O=C(O)c1c(Cl)ccc2cc(Cl)cnc12,M04386,242.061,3.2398000000000007,50.19,1.0,2.0,1.0,c1ccc2ncccc2c1,0.6846698721617894,21
CCOC(=O)C(C)Oc1ccc(Oc2cnc3cc(Cl)ccc3n2)cc1,M04387,372.8080000000001,4.4059000000000035,70.54,0.0,6.0,6.0,c1ccc(Oc2cnc3ccccc3n2)cc1,0.9088491513636503,3
Cc1cc(C)n(-c2nc3ccccc3[nH]2)n1,M04388,212.25600000000006,2.3654399999999995,46.5,1.0,3.0,1.0,c1ccc2[nH]c(-n3cccn3)nc2c1,1.0,1
COCCCOc1ccnc(CS(=O)c2nc3ccccc3[nH]2)c1C,M04389,359.451,2.989420000000001,77.1,1.0,5.0,8.0,O=S(Cc1ccccn1)c1nc2ccccc2[nH]1,0.8795051323147839,4
CC(CCc1ccc(O)cc1)NCC(O)c1ccc(O)cc1,M04390,301.386,2.7421000000000006,72.72,4.0,4.0,7.0,c1ccc(CCCNCCc2ccccc2)cc1,0.9088491513636503,3
Cc1c(NC(C)C)c(=O)n(-c2ccccc2)n1C,M04391,245.326,2.3047200000000005,38.96,1.0,4.0,3.0,O=c1cc[nH]n1-c1ccccc1,0.7758207207981391,10
CCOC(=O)C(CCc1ccccc1)NC(C)C(=O)N1C(C(=O)O)CC2CCCC21,M04392,416.5180000000003,2.3831999999999995,95.94000000000001,2.0,5.0,9.0,O=C(CNCCCc1ccccc1)N1CCC2CCCC21,1.0,1
COC(=O)C1=COC(C)C2CN3CCc4c([nH]c5ccccc45)C3CC12,M04393,352.434,3.1788000000000016,54.56,1.0,4.0,1.0,C1=CC2CC3c4[nH]c5ccccc5c4CCN3CC2CO1,1.0,1
CCCCCn1cc(C(=O)c2ccc(OC)cc2)c2ccccc21,M04394,321.4200000000001,5.071100000000005,31.23,0.0,3.0,7.0,O=C(c1ccccc1)c1c[nH]c2ccccc12,0.8555293230024756,5
COc1ccc(C(=O)c2cn(CCCCC(=O)O)c3ccccc23)cc1,M04395,351.402,4.135800000000002,68.53,1.0,4.0,8.0,O=C(c1ccccc1)c1c[nH]c2ccccc12,0.8555293230024756,5
COc1ccc(C(=O)c2cn(CCCCCO)c3ccccc23)cc1,M04396,337.419,4.043500000000003,51.46,1.0,4.0,8.0,O=C(c1ccccc1)c1c[nH]c2ccccc12,0.8555293230024756,5
CCCCCn1cc(C(=O)c2ccccc2OC)c2ccccc21,M04397,321.4200000000001,5.071100000000005,31.23,0.0,3.0,7.0,O=C(c1ccccc1)c1c[nH]c2ccccc12,0.8555293230024756,5
COc1ccccc1CC(=O)c1cn(CCC2CCCCC2)c2ccccc12,M04398,375.51200000000017,6.045700000000006,31.23,0.0,3.0,7.0,O=C(Cc1ccccc1)c1cn(CCC2CCCCC2)c2ccccc12,1.0,1
CCOc1ccccc1OC(c1ccccc1)C1CNCCO1,M04399,313.39700000000005,3.1938000000000004,39.72,1.0,4.0,6.0,c1ccc(OC(c2ccccc2)C2CNCCO2)cc1,1.0,1
CCC(=O)N(c1ccccc1)C1(C(=O)OC)CCN(CCC(=O)OC)CC1,M04400,376.4530000000002,2.0002999999999997,76.15,0.0,6.0,7.0,c1ccc(NC2CCNCC2)cc1,0.9088491513636503,3
CCN1CCCC1CNC(=O)c1c(OC)ccc(Br)c1OC,M04401,371.2750000000001,2.6804000000000006,50.80000000000001,1.0,4.0,6.0,O=C(NCC1CCCN1)c1ccccc1,0.8795051323147839,4
CCOc1cc(CC(=O)NC(CC(C)C)c2ccccc2N2CCCCC2)ccc1C(=O)O,M04402,452.5950000000003,5.219900000000005,78.87,2.0,4.0,10.0,O=C(Cc1ccccc1)NCc1ccccc1N1CCCCC1,1.0,1
Cn1c(=O)c2c(ncn2CCCNCC(O)c2cc(O)cc(O)c2)n(C)c1=O,M04403,389.4120000000001,-0.44180000000000064,134.54,4.0,10.0,7.0,O=c1[nH]c(=O)c2c(ncn2CCCNCCc2ccccc2)[nH]1,1.0,1
CC=C1CC(C)C(O)(CO)C(=O)OCC2=CCN3CCC(OC1=O)C23,M04404,351.3990000000001,0.1652,96.30000000000001,2.0,7.0,1.0,C=C1CCCC(=O)OCC2=CCN3CCC(OC1=O)C23,0.9466801716388252,2
CC=C1CC(C)C(O)(CO)C(=O)OCC2=CC[N+]3([O-])CCC(OC1=O)C23,M04405,367.39800000000014,0.17779999999999974,116.12,2.0,7.0,1.0,C=C1CCCC(=O)OCC2=CC[NH+]3CCC(OC1=O)C23,0.9088491513636503,3
NC(=O)c1ncn(C2OC(CO)C(O)C2O)n1,M04406,244.20700000000002,-3.0114999999999994,143.72000000000003,4.0,8.0,3.0,c1ncn(C2CCCO2)n1,1.0,1
COC1C=COC2(C)Oc3c(C)c(O)c4c(O)c(c5c(nc6cc(C)ccn65)c4c3C2=O)NC(=O)C(C)=CC=CC(C)C(O)C(C)C(O)C(C)C(OC(C)=O)C1C,M04407,785.8910000000003,6.157840000000009,198.37999999999997,5.0,13.0,2.0,O=C1C=CC=CCCCCCCCCC=COC2Oc3ccc4cc(c5c(nc6ccccn65)c4c3C2=O)N1,1.0,1
C1COC(NC(C2CC2)C2CC2)=N1,M04408,180.25099999999998,1.1507999999999994,33.62,1.0,3.0,3.0,C1COC(NC(C2CC2)C2CC2)=N1,1.0,1
Nc1nc2ccc(OC(F)(F)F)cc2s1,M04409,234.20199999999994,2.7771,48.14,1.0,4.0,1.0,c1ccc2scnc2c1,0.7185751418868361,16
Cc1c(C(=O)NN2CCCCC2)nn(-c2ccc(Cl)cc2Cl)c1-c1ccc(Cl)cc1,M04410,463.79600000000016,5.938620000000005,50.160000000000004,1.0,4.0,4.0,O=C(NN1CCCCC1)c1cc(-c2ccccc2)n(-c2ccccc2)n1,1.0,1
Cc1nc2n(c(=O)c1CCN1CCC(c3noc4cc(F)ccc34)CC1)CCCC2O,M04411,426.49200000000025,3.081320000000002,84.39,1.0,7.0,4.0,O=c1c(CCN2CCC(c3noc4ccccc34)CC2)cnc2n1CCCC2,0.9466801716388252,2
CC(NCCc1ccc(O)cc1)C(O)c1ccc(O)cc1,M04412,287.35900000000004,2.3520000000000003,72.72,4.0,4.0,6.0,c1ccc(CCNCCc2ccccc2)cc1,0.9088491513636503,3
O=C(NCC1CN(c2ccc(N3CCOCC3=O)cc2)C(=O)O1)c1ccc(Cl)s1,M04413,435.8890000000001,2.5199000000000007,88.18,1.0,6.0,5.0,O=C(NCC1CN(c2ccc(N3CCOCC3=O)cc2)C(=O)O1)c1cccs1,1.0,1
CCN(C)C(=O)Oc1cccc(C(C)N(C)C)c1,M04414,250.34199999999998,2.7597000000000014,32.78,0.0,3.0,4.0,c1ccccc1,0.21161295934610674,802
CN(C)CCc1c[nH]c2ccc(Cn3cncn3)cc12,M04415,269.35200000000003,1.9118000000000002,49.74,1.0,4.0,5.0,c1ncn(Cc2ccc3[nH]ccc3c2)n1,1.0,1
NC(=NN=Cc1ccc(Cl)cc1)NN=Cc1ccc(Cl)cc1,M04416,334.21000000000004,3.2657000000000016,75.13,2.0,3.0,4.0,C(=NN=Cc1ccccc1)NN=Cc1ccccc1,1.0,1
CCCN1CCCCC1C(=O)Nc1c(C)cccc1C,M04417,274.408,3.5064400000000013,32.34,1.0,2.0,4.0,O=C(Nc1ccccc1)C1CCCCN1,0.9088491513636503,3
CN(CCOc1ccc(CC2SC(=O)NC2=O)cc1)c1ccccn1,M04418,357.435,2.490900000000001,71.53,1.0,6.0,7.0,O=C1NC(=O)C(Cc2ccc(OCCNc3ccccn3)cc2)S1,1.0,1
CC(C)NC(=O)c1ccccc1O,M04419,179.219,1.5303999999999998,49.33,2.0,2.0,2.0,c1ccccc1,0.21161295934610674,802
O=C(Nc1ccc(C(=O)O)c(O)c1)c1ccccc1,M04420,257.245,2.3427,86.63000000000001,3.0,3.0,3.0,O=C(Nc1ccccc1)c1ccccc1,0.744107216431016,13
OCc1cc(C(O)CNCCCCCCOCCCCc2ccccc2)ccc1O,M04421,415.57400000000007,4.107400000000005,81.95,4.0,5.0,16.0,c1ccc(CCCCOCCCCCCNCCc2ccccc2)cc1,1.0,1
O=C(O)c1cn(-c2ccc(F)cc2)c2cc(N3CCNCC3)c(F)cc2c1=O,M04422,385.3700000000002,2.3767000000000005,74.57,2.0,5.0,3.0,O=c1ccn(-c2ccccc2)c2cc(N3CCNCC3)ccc12,0.9466801716388252,2
CN1C2CC(OC(=O)C(CO)c3ccccc3)CC1C1OC12,M04423,303.358,0.9180999999999995,62.3,1.0,5.0,4.0,O=C(Cc1ccccc1)OC1CC2NC(C1)C1OC21,1.0,1
C[N+]1(C)C2CC(OC(=O)C(CO)c3ccccc3)CC1C1OC12,M04424,318.3930000000001,1.0626999999999995,59.06,1.0,4.0,4.0,O=C(Cc1ccccc1)OC1CC2[NH2+]C(C1)C1OC21,0.9466801716388252,2
CCCCCn1nc(C(=O)Oc2cccc3ccccc23)c2ccccc21,M04425,358.4410000000001,5.598900000000005,44.120000000000005,0.0,4.0,6.0,O=C(Oc1cccc2ccccc12)c1n[nH]c2ccccc12,0.9466801716388252,2
O=C(Oc1cccc2ccccc12)c1nn(CCCCCF)c2ccccc12,M04426,376.4310000000001,5.548500000000004,44.12,0.0,4.0,7.0,O=C(Oc1cccc2ccccc12)c1n[nH]c2ccccc12,0.9466801716388252,2
CCCCCn1cc(C(=O)NCc2ccccc2)c2ccccc21,M04427,320.4360000000001,4.761500000000004,34.03,1.0,2.0,7.0,O=C(NCc1ccccc1)c1c[nH]c2ccccc12,0.9466801716388252,2
CCCCCn1cc(C(=O)Nc2ccccc2)c2ccccc21,M04428,306.40900000000005,5.083800000000004,34.03,1.0,2.0,6.0,O=C(Nc1ccccc1)c1c[nH]c2ccccc12,1.0,1
O=C(NCc1ccccc1)c1cn(CCCCCF)c2ccccc12,M04429,338.426,4.7111000000000045,34.03,1.0,2.0,8.0,O=C(NCc1ccccc1)c1c[nH]c2ccccc12,0.9466801716388252,2
NNC(N)=O,M04430,75.071,-1.4716000000000005,81.13999999999999,3.0,2.0,0.0,,0.0,0
CC=C1CC(C)C(C)(O)C(=O)OCC2=CCN3CCC(OC1=O)C23,M04431,335.40000000000003,1.1927999999999999,76.07,1.0,6.0,0.0,C=C1CCCC(=O)OCC2=CCN3CCC(OC1=O)C23,0.9466801716388252,2
CC=C1CC(C)C(C)(O)C(=O)OCC2=CC[N+]3([O-])CCC(OC1=O)C23,M04432,351.3990000000001,1.2053999999999998,95.89000000000001,1.0,6.0,0.0,C=C1CCCC(=O)OCC2=CC[NH+]3CCC(OC1=O)C23,0.9088491513636503,3
C=C1CC(=CC)C(=O)OC2CCN3CC=C(COC(=O)C1(C)O)C23,M04433,333.384,1.1128999999999998,76.07,1.0,6.0,0.0,C=C1CC(=C)C(=O)OC2CCN3CC=C(COC(=O)C1)C23,1.0,1
C=C1CC(=CC)C(=O)OC2CC[N+]3([O-])CC=C(COC(=O)C1(C)O)C23,M04434,349.38300000000004,1.1254999999999997,95.89,1.0,6.0,0.0,C=C1CC(=C)C(=O)OC2CC[NH+]3CC=C(COC(=O)C1)C23,1.0,1
CC=C1CC(C)C(C)(O)C(=O)OCC2=CCN(C)CCC(OC1=O)C2=O,M04435,365.42600000000016,1.0094999999999998,93.13999999999999,1.0,7.0,0.0,C=C1CCCC(=O)OCC2=CCNCCC(OC1=O)C2=O,1.0,1
O=C1NCCN1CCN1CCC(c2cn(-c3ccc(F)cc3)c3ccc(Cl)cc23)CC1,M04436,440.9500000000002,4.627600000000004,40.510000000000005,1.0,3.0,5.0,O=C1NCCN1CCN1CCC(c2cn(-c3ccccc3)c3ccccc23)CC1,1.0,1
CNC1CCC(c2ccc(Cl)c(Cl)c2)c2ccccc21,M04437,306.236,5.179600000000004,12.03,1.0,1.0,2.0,c1ccc(C2CCCc3ccccc32)cc1,0.9088491513636503,3
NC1CCC(c2ccc(Cl)c(Cl)c2)c2ccccc21,M04438,292.209,4.918900000000003,26.02,1.0,1.0,1.0,c1ccc(C2CCCc3ccccc32)cc1,0.9088491513636503,3
CC(=O)NC1CCC(c2ccc(Cl)c(Cl)c2)c2ccccc21,M04439,334.24600000000004,5.096300000000004,29.1,1.0,1.0,2.0,c1ccc(C2CCCc3ccccc32)cc1,0.9088491513636503,3
CCCC(=NOCC)C1=C(O)CC(CC(C)SCC)CC1=O,M04440,327.4900000000001,4.501900000000004,58.89,1.0,5.0,9.0,O=C1C=CCCC1,0.8352580650673657,6
CC(C)CC(N(C)C)C1(c2ccc(Cl)cc2)CCC1,M04441,279.8550000000001,4.738000000000005,3.24,0.0,1.0,5.0,c1ccc(C2CCC2)cc1,0.9466801716388252,2
COc1ccc(C(=O)C2CC2)cc1,M04442,176.21499999999997,2.2879000000000005,26.3,0.0,2.0,3.0,O=C(c1ccccc1)C1CC1,1.0,1
CNC(CC(C)C)C1(c2ccc(Cl)cc2)CCC1,M04443,265.82800000000003,4.395800000000004,12.03,1.0,1.0,5.0,c1ccc(C2CCC2)cc1,0.9466801716388252,2
CCCc1nn(C)c2c(=O)[nH]c(-c3cc(S(=O)(=O)N4CCN(C)CC4)ccc3OCC)nc12,M04444,474.5870000000004,1.6109,113.41999999999999,1.0,8.0,7.0,O=c1[nH]c(-c2cccc(S(=O)(=O)N3CCNCC3)c2)nc2cn[nH]c12,0.8555293230024756,5
CCCc1nn(C)c2c(=O)[nH]c(-c3cc(S(=O)(=O)N4CCCCC4)ccc3OCC)nc12,M04445,459.5720000000004,2.849400000000001,110.17999999999999,1.0,7.0,7.0,O=c1[nH]c(-c2cccc(S(=O)(=O)N3CCCCC3)c2)nc2cn[nH]c12,1.0,1
CCCc1nn(C)c2c(=S)nc(-c3cc(S(=O)(=O)N4CC(C)NC(C)C4)ccc3OCC)[nH]c12,M04446,504.6820000000003,3.414990000000002,105.13999999999999,2.0,8.0,7.0,O=S(=O)(c1cccc(-c2nc(=S)c3[nH]ncc3[nH]2)c1)N1CCNCC1,0.8555293230024756,5
CCCc1nn(C)c2c(=S)nc(-c3cc(S(=O)(=O)N4CCN(CC)CC4)ccc3OCC)[nH]c12,M04447,504.6820000000004,3.3702900000000016,96.35,1.0,8.0,8.0,O=S(=O)(c1cccc(-c2nc(=S)c3[nH]ncc3[nH]2)c1)N1CCNCC1,0.8555293230024756,5
CCCc1nn(C)c2c(=O)[nH]c(-c3cc(S(=O)(=O)N4CCN(Cc5ccccc5)CC4)ccc3OCC)nc12,M04448,550.6850000000003,3.1813000000000002,113.41999999999999,1.0,8.0,9.0,O=c1[nH]c(-c2cccc(S(=O)(=O)N3CCN(Cc4ccccc4)CC3)c2)nc2cn[nH]c12,1.0,1
CCCc1nn(C)c2c(=O)[nH]c(-c3cc(S(=O)(=O)N4CC(C)NC(C)C4)ccc3OCC)nc12,M04449,488.6140000000003,2.0457,122.21,2.0,8.0,7.0,O=c1[nH]c(-c2cccc(S(=O)(=O)N3CCNCC3)c2)nc2cn[nH]c12,0.8555293230024756,5
CCCc1nn(C)c2c(=O)[nH]c(-c3cc(S(=O)(=O)N4CCN(CCO)CC4)ccc3OCC)nc12,M04450,504.61300000000045,0.9734000000000009,133.64999999999998,2.0,9.0,9.0,O=c1[nH]c(-c2cccc(S(=O)(=O)N3CCNCC3)c2)nc2cn[nH]c12,0.8555293230024756,5
CCCc1nn(C)c2c(=S)nc(-c3cc(S(=O)(=O)N4CCN(CCO)CC4)ccc3OCC)[nH]c12,M04451,520.6810000000004,2.34269,116.57999999999998,2.0,9.0,9.0,O=S(=O)(c1cccc(-c2nc(=S)c3[nH]ncc3[nH]2)c1)N1CCNCC1,0.8555293230024756,5
CCCc1nn(C)c2c(=O)[nH]c(-c3cc(S(=O)(=O)N4CCNCC4)ccc3OCC)nc12,M04452,460.56000000000034,1.2687,122.21,2.0,8.0,7.0,O=c1[nH]c(-c2cccc(S(=O)(=O)N3CCNCC3)c2)nc2cn[nH]c12,0.8555293230024756,5
CCCc1nn(C)c2c(=S)nc(-c3cc(S(=O)(=O)N4CCN(C)CC4)ccc3OCC)[nH]c12,M04453,490.65500000000037,2.9801900000000012,96.35,1.0,8.0,7.0,O=S(=O)(c1cccc(-c2nc(=S)c3[nH]ncc3[nH]2)c1)N1CCNCC1,0.8555293230024756,5
O=C(OC1CN2CCC1CC2)N1CCc2ccccc2C1c1ccccc1,M04454,362.47300000000007,3.864900000000003,32.78,0.0,3.0,2.0,O=C(OC1CN2CCC1CC2)N1CCc2ccccc2C1c1ccccc1,1.0,1
CCC1CCCC(OC2CCC(N(C)C)C(C)O2)C(C)C(=O)C2CC3C4CC(OC5CC(C)C(OC)C(OC)C5OC)CC4CCC3C2CC(=O)O1,M04455,734.028,6.454900000000007,101.99000000000002,0.0,10.0,9.0,O=C1CC2C(CC3C4CC(OC5CCCCC5)CC4CCC23)C(=O)CC(OC2CCCCO2)CCCCO1,1.0,1
CCC1CCCC(OC2CCC(N(C)C)C(C)O2)C(C)C(=O)C2=CC3C(C=C(C)C4CC(OC5OC(C)C(OC)C(OC)C5OC)CC43)C2CC(=O)O1,M04456,745.9950000000001,5.877500000000007,111.22000000000001,0.0,11.0,9.0,O=C1CC2C(=CC3C2C=CC2CC(OC4CCCCO4)CC23)C(=O)CC(OC2CCCCO2)CCCCO1,0.9088491513636503,3
CCC1CCCC(OC2CCC(NC)C(C)O2)C(C)C(=O)C2=CC3C(C=CC4CC(OC5OC(C)C(OC)C(OC)C5OC)CC43)C2CC(=O)O1,M04457,717.941,5.145200000000006,120.01000000000003,1.0,11.0,9.0,O=C1CC2C(=CC3C2C=CC2CC(OC4CCCCO4)CC23)C(=O)CC(OC2CCCCO2)CCCCO1,0.9088491513636503,3
CCOC(=O)C(CCc1ccccc1)NC(C)C(=O)N1CC2(CC1C(=O)O)SCCS2,M04458,466.62500000000034,2.3908000000000005,95.94000000000001,2.0,7.0,9.0,O=C(CNCCCc1ccccc1)N1CCC2(C1)SCCS2,1.0,1
CC12Cc3cn[nH]c3CC1CCC1C2CCC2(C)C1CCC2(C)O,M04459,328.5000000000001,4.1181000000000045,48.91,2.0,2.0,0.0,c1n[nH]c2c1CC1C(CCC3C4CCCC4CCC13)C2,1.0,1
CNC1C(OC2C(OC3C(O)C(O)C(N=C(N)N)C(O)C3N=C(N)N)OC(C)C2(O)CO)OC(CO)C(O)C1O,M04460,583.5960000000005,-8.367700000000013,339.5900000000001,13.0,15.0,9.0,C1CCC(OC2OCCC2OC2CCCCO2)CC1,1.0,1
O=C1CC2OCC=C3CN4CCC56c7ccccc7N1C5C2C3CC46,M04461,334.41900000000004,2.0925000000000002,32.78,0.0,3.0,0.0,O=C1CC2OCC=C3CN4CCC56c7ccccc7N1C5C2C3CC46,0.9466801716388252,2
O=C(NC12CC3CC(CC(C3)C1)C2)c1cn(CCCCCF)c2ccccc12,M04462,382.52300000000014,5.479700000000006,34.03,1.0,2.0,7.0,O=C(NC12CC3CC(CC(C3)C1)C2)c1c[nH]c2ccccc12,0.9466801716388252,2
Cc1ccc(N=Nc2c(O)ccc3ccccc23)c(C)c1,M04463,276.33900000000006,5.577640000000005,44.95,1.0,3.0,2.0,c1ccc(N=Nc2cccc3ccccc23)cc1,0.9088491513636503,3
CCC(=O)N(c1ccccc1)C1(COC)CCN(CCc2cccs2)CC1,M04464,386.56100000000015,4.214800000000004,32.78,0.0,4.0,8.0,c1ccc(NC2CCN(CCc3cccs3)CC2)cc1,1.0,1
Nc1ccc(S(=O)(=O)NC(=O)c2ccccc2)cc1,M04465,276.317,1.3875,89.25999999999999,2.0,4.0,3.0,O=C(NS(=O)(=O)c1ccccc1)c1ccccc1,1.0,1
Cc1nc(C)c(Cl)c(NS(=O)(=O)c2ccc(N)cc2)n1,M04466,312.78200000000004,2.1298399999999997,97.97,2.0,5.0,3.0,O=S(=O)(Nc1ccncn1)c1ccccc1,0.8795051323147839,4
Nc1ccc(S(=O)(=O)Nc2cncc(Cl)n2)cc1,M04467,284.728,1.5130000000000001,97.97,2.0,5.0,3.0,O=S(=O)(Nc1cnccn1)c1ccccc1,0.9466801716388252,2
NC(N)=NS(=O)(=O)c1ccc(N)cc1,M04468,214.25,-0.7690999999999999,124.55999999999999,3.0,3.0,2.0,c1ccccc1,0.21161295934610674,802
COc1nccnc1NS(=O)(=O)c1ccc(N)cc1,M04469,280.30899999999997,0.8681999999999999,107.2,2.0,6.0,4.0,O=S(=O)(Nc1cnccn1)c1ccccc1,0.9466801716388252,2
COc1cnc(NS(=O)(=O)c2ccc(N)cc2)nc1,M04470,280.30899999999997,0.8681999999999999,107.19999999999999,2.0,6.0,4.0,O=S(=O)(Nc1ncccn1)c1ccccc1,0.8176983027273006,7
COc1cc(NS(=O)(=O)c2ccc(N)cc2)ncn1,M04471,280.309,0.8682000000000001,107.2,2.0,6.0,4.0,O=S(=O)(Nc1ccncn1)c1ccccc1,0.8795051323147839,4
Cc1nc(NS(=O)(=O)c2ccc(N)cc2)oc1C,M04472,267.31,1.67444,98.22,2.0,5.0,3.0,O=S(=O)(Nc1ncco1)c1ccccc1,1.0,1
Nc1ccc(S(=O)(=O)Nc2cnc3ccccc3n2)cc1,M04473,300.3430000000001,2.0128,97.97,2.0,5.0,3.0,O=S(=O)(Nc1cnc2ccccc2n1)c1ccccc1,1.0,1
O=C(O)c1cc(N=Nc2ccc(S(=O)(=O)Nc3ccccn3)cc2)ccc1O,M04474,398.4000000000001,3.7016000000000013,141.31,3.0,7.0,6.0,O=S(=O)(Nc1ccccn1)c1ccc(N=Nc2ccccc2)cc1,1.0,1
O=C(O)c1ccccc1C(=O)Nc1ccc(S(=O)(=O)Nc2nccs2)cc1,M04475,403.4410000000001,2.894400000000001,125.46,3.0,6.0,6.0,O=C(Nc1ccc(S(=O)(=O)Nc2nccs2)cc1)c1ccccc1,1.0,1
O=C1C(CCS(=O)c2ccccc2)C(=O)N(c2ccccc2)N1c1ccccc1,M04476,404.4910000000001,3.795500000000003,57.690000000000005,0.0,3.0,6.0,O=C1C(CCS(=O)c2ccccc2)C(=O)N(c2ccccc2)N1c1ccccc1,1.0,1
Cc1noc(NS(=O)(=O)c2ccc(N)cc2)c1C,M04477,267.31,1.67444,98.22,2.0,5.0,3.0,O=S(=O)(Nc1ccno1)c1ccccc1,0.9466801716388252,2
COC(=O)c1ccccc1S(=O)(=O)NC(=O)Nc1nc(C)cc(C)n1,M04478,364.3830000000001,1.39044,127.35,2.0,7.0,4.0,O=C(Nc1ncccn1)NS(=O)(=O)c1ccccc1,0.8352580650673657,6
CCOP(=S)(OCC)OP(=S)(OCC)OCC,M04479,322.3250000000001,3.5980000000000025,46.150000000000006,0.0,7.0,10.0,,0.0,0
CC1=C(CC(=O)O)c2cc(F)ccc2C1=Cc1ccc(S(C)=O)cc1,M04480,356.41800000000006,4.365500000000003,54.37,1.0,2.0,4.0,C1=Cc2ccccc2C1=Cc1ccccc1,1.0,1
CCN1CCCC1CNC(=O)c1cc(S(N)(=O)=O)ccc1O,M04481,327.40600000000006,0.253700000000001,112.73,3.0,5.0,5.0,O=C(NCC1CCCN1)c1ccccc1,0.8795051323147839,4
CCCSP(=S)(OCC)Oc1ccc(SC)cc1,M04482,322.457,5.191500000000004,18.46,0.0,5.0,8.0,c1ccccc1,0.21161295934610674,802
NS(=O)(=O)c1ccc(N2CCCCS2(=O)=O)cc1,M04483,290.36599999999993,0.2639999999999998,97.53999999999999,1.0,4.0,2.0,O=S1(=O)CCCCN1c1ccccc1,1.0,1
CNS(=O)(=O)Cc1ccc2[nH]cc(CCN(C)C)c2c1,M04484,295.408,1.3211999999999997,65.2,2.0,3.0,6.0,c1ccc2[nH]ccc2c1,0.5442457568182516,63
CCCCC1(COC(=O)CCC(=O)O)C(=O)N(c2ccccc2)N(c2ccccc2)C1=O,M04485,438.4800000000001,3.5660000000000025,104.22,1.0,5.0,10.0,O=C1CC(=O)N(c2ccccc2)N1c1ccccc1,0.9088491513636503,3
COC(=O)Nc1ccc(Cl)c(Cl)c1,M04486,220.05499999999998,3.1717000000000013,38.33,1.0,2.0,1.0,c1ccccc1,0.21161295934610674,802
CNCC(O)c1ccc(O)cc1,M04487,167.208,0.645,52.489999999999995,3.0,3.0,3.0,c1ccccc1,0.21161295934610674,802
CNC(C)C(O)c1ccc(O)cc1,M04488,181.23499999999999,1.0334999999999996,52.489999999999995,3.0,3.0,3.0,c1ccccc1,0.21161295934610674,802
Nc1c2c(nc3ccccc13)CCCC2,M04489,198.26899999999992,2.695800000000001,38.91,1.0,2.0,0.0,c1ccc2nc3c(cc2c1)CCCC3,1.0,1
CN1CC(=O)N2C(Cc3c([nH]c4ccccc34)C2c2ccc3c(c2)OCO3)C1=O,M04490,389.41100000000023,2.2112999999999996,74.87,1.0,4.0,1.0,O=C1NCC(=O)N2C1Cc1c([nH]c3ccccc13)C2c1ccc2c(c1)OCO2,0.8795051323147839,4
NN1CC(=O)N2C(Cc3c([nH]c4ccccc34)C2c2ccc3c(c2)OCO3)C1=O,M04491,390.3990000000002,1.4552,100.89000000000001,2.0,5.0,1.0,O=C1NCC(=O)N2C1Cc1c([nH]c3ccccc13)C2c1ccc2c(c1)OCO2,0.8795051323147839,4
CCCCN1CC(=O)N2C(Cc3c([nH]c4ccccc34)C2c2ccc3c(c2)OCO3)C1=O,M04492,431.49200000000025,3.3816000000000024,74.87,1.0,4.0,4.0,O=C1NCC(=O)N2C1Cc1c([nH]c3ccccc13)C2c1ccc2c(c1)OCO2,0.8795051323147839,4
O=C1NCC(=O)N2C1Cc1c([nH]c3ccccc13)C2c1ccc2c(c1)OCO2,M04493,375.3840000000002,1.8690999999999998,83.66000000000001,2.0,4.0,1.0,O=C1NCC(=O)N2C1Cc1c([nH]c3ccccc13)C2c1ccc2c(c1)OCO2,0.8795051323147839,4
CC(C)(C)NCC(O)COc1ccc(NC(=O)NC2CCCCC2)cc1,M04494,363.50200000000024,3.268600000000002,82.62,4.0,4.0,7.0,O=C(Nc1ccccc1)NC1CCCCC1,0.9088491513636503,3
CCC(=C(c1ccccc1)c1ccc(OCCN(C)C)cc1)c1ccccc1,M04495,371.524,5.9961000000000055,12.47,0.0,2.0,8.0,C(=C(c1ccccc1)c1ccccc1)c1ccccc1,0.8795051323147839,4
CCC(c1cccc(O)c1)C(C)CN(C)C,M04496,221.34399999999997,3.0835000000000017,23.47,1.0,2.0,5.0,c1ccccc1,0.21161295934610674,802
CCC(c1cccc(O)c1)C(C)CNC,M04497,207.31699999999998,2.7413000000000007,32.26,2.0,2.0,5.0,c1ccccc1,0.21161295934610674,802
CCOP(=S)(Oc1cnc(C(C)(C)C)nc1)OC(C)C,M04498,318.3790000000001,3.8389000000000033,53.47,0.0,6.0,6.0,c1cncnc1,0.7185751418868361,16
Cc1c(F)c(F)c(COC(=O)C2C(C=C(Cl)C(F)(F)F)C2(C)C)c(F)c1F.Cc1c(F)c(F)c(COC(=O)C2C(C=C(Cl)C(F)(F)F)C2(C)C)c(F)c1F,M04499,837.4720000000001,11.103639999999986,52.6,0.0,4.0,8.0,O=C(OCc1ccccc1)C1CC1.O=C(OCc1ccccc1)C1CC1,1.0,1
CCC1OC(=O)C(C)C(=O)C(C)C(OC2OC(C)CC(N(C)C)C2O)C(C)(OC)CC(C)C(=O)C(C)C2N(CCCCn3cnc(-c4cccnc4)c3)C(=O)OC12C,M04500,812.0179999999997,4.929200000000005,171.85,1.0,14.0,11.0,O=C1CC(=O)OCC2OC(=O)N(CCCCn3cnc(-c4cccnc4)c3)C2CC(=O)CCCC(OC2CCCCO2)C1,1.0,1
CC(Cn1cnc2c(N)ncnc21)OCP(=O)(O)O,M04501,287.21599999999995,-0.051200000000000134,136.38000000000002,3.0,7.0,5.0,c1ncc2nc[nH]c2n1,0.9466801716388252,2
CCOP(=O)(OCC)OP(=O)(OCC)OCC,M04502,290.189,3.3652000000000024,80.29,0.0,7.0,10.0,,0.0,0
COc1cc2nc(N3CCN(C(=O)C4CCCO4)CC3)nc(N)c2cc1OC,M04503,387.44000000000017,1.0567999999999995,103.04,1.0,8.0,4.0,O=C(C1CCCO1)N1CCN(c2ncc3ccccc3n2)CC1,1.0,1
CN(CC=CC#CC(C)(C)C)Cc1cccc2ccccc12,M04504,291.438,4.877300000000004,3.24,0.0,1.0,4.0,c1ccc2ccccc2c1,0.6846698721617894,21
CCOP(=S)(OCC)SCS(=O)(=O)C(C)(C)C,M04505,320.4380000000001,3.1879000000000017,52.6,0.0,6.0,7.0,,0.0,0
CCOP(=S)(OCC)SCS(=O)C(C)(C)C,M04506,304.4390000000001,3.5218000000000025,35.53,0.0,5.0,7.0,,0.0,0
CC(C)(C)NCC(O)c1cc(O)cc(O)c1,M04507,225.288,1.5192999999999997,72.72,4.0,4.0,3.0,c1ccccc1,0.21161295934610674,802
CC(C)N1CCN(c2ccc(OCC3COC(Cn4cncn4)(c4ccc(Cl)cc4Cl)O3)cc2)CC1,M04508,532.472,4.462700000000003,64.88000000000001,0.0,8.0,8.0,c1ccc(C2(Cn3cncn3)OCC(COc3ccc(N4CCNCC4)cc3)O2)cc1,1.0,1
CC(C)(C)c1ccc(C(O)CCCN2CCC(C(O)(c3ccccc3)c3ccccc3)CC2)cc1,M04509,471.6850000000001,6.445800000000008,43.7,2.0,3.0,8.0,c1ccc(CCCCN2CCC(C(c3ccccc3)c3ccccc3)CC2)cc1,0.9466801716388252,2
Cc1ncc([N+](=O)[O-])n1CCCO,M04510,185.18299999999996,0.48211999999999994,81.19,1.0,5.0,4.0,c1c[nH]cn1,0.6438836066809098,29
CC(CC(c1ccccc1)c1ccccc1)NC(C)(C)C,M04511,281.44300000000004,4.985200000000004,12.03,1.0,1.0,5.0,c1ccc(Cc2ccccc2)cc1,0.6274242932504864,33
CC(C)(C)NCC(O)COc1cccc2c1SCCC2,M04512,295.4480000000001,2.8527000000000013,41.489999999999995,2.0,4.0,5.0,c1ccc2c(c1)CCCS2,1.0,1
CC12CCC(=O)C=C1CCC1C2CCC2(C)C1CCC2(C)O,M04513,302.458,4.269300000000005,37.3,1.0,2.0,0.0,O=C1C=C2CCC3C4CCCC4CCC3C2CC1,0.6627017793637848,25
CC12CCC(=O)C=C1CCC1C2CCC2(C)C(OC(=O)c3ccccc3)CCC12,M04514,392.53900000000016,5.743900000000006,43.370000000000005,0.0,3.0,2.0,O=C1C=C2CCC3C(CCC4C(OC(=O)c5ccccc5)CCC43)C2CC1,1.0,1
COP(=O)(OC)OC(=CCl)c1cc(Cl)c(Cl)cc1Cl,M04515,365.96400000000006,5.6015000000000015,44.760000000000005,0.0,4.0,5.0,c1ccccc1,0.21161295934610674,802
O=S(=O)(c1ccc(Cl)cc1)c1cc(Cl)c(Cl)cc1Cl,M04516,356.057,5.133000000000001,34.14,0.0,2.0,2.0,O=S(=O)(c1ccccc1)c1ccccc1,0.8795051323147839,4
CCCCCCCCCCCCOCCOCCOCCOCCO,M04517,362.55100000000016,3.9660000000000033,57.150000000000006,1.0,5.0,22.0,,0.0,0
CC(C)=CC1C(C(=O)OCN2C(=O)C3=C(CCCC3)C2=O)C1(C)C,M04518,331.4120000000001,2.964900000000002,63.68,0.0,4.0,4.0,O=C(OCN1C(=O)C2=C(CCCC2)C1=O)C1CC1,1.0,1
O=C1CN=C(C2=CCCCC2)c2cc(Cl)ccc2N1,M04519,274.751,3.5816000000000026,41.46,1.0,2.0,1.0,O=C1CN=C(C2=CCCCC2)c2ccccc2N1,0.9466801716388252,2
COCCOc1c(OC)cc(Cc2cnc(N)nc2N)cc1OC,M04520,334.3760000000001,1.2742,114.74,2.0,8.0,8.0,c1ccc(Cc2cncnc2)cc1,0.8795051323147839,4
c1ccc2c(c1)CCCC2C1=NCCN1,M04521,200.285,2.1082,24.39,1.0,2.0,1.0,c1ccc2c(c1)CCCC2C1=NCCN1,1.0,1
CCCCCc1cc(O)c2c(c1)OC(C)(C)C1CCC(C)=CC21,M04522,314.46900000000005,5.735800000000006,29.46,1.0,2.0,4.0,C1=CC2c3ccccc3OCC2CC1,0.9088491513636503,3
CCCCCc1cc(O)c2c(c1)OC(C)(C)C1CCC(C(=O)O)=CC21,M04523,344.4510000000001,4.800500000000004,66.76,2.0,3.0,5.0,C1=CC2c3ccccc3OCC2CC1,0.9088491513636503,3
CCCCCc1cc(O)c2c(c1)OC(C)(C)C1CCC(CO)=CC21,M04524,330.4680000000001,4.708200000000005,49.69,2.0,3.0,5.0,C1=CC2c3ccccc3OCC2CC1,0.9088491513636503,3
CC12CCC(O)CC1CCC1C2C(=O)CC2(C)C1CCC2(O)C(=O)CO,M04525,364.48200000000014,1.8615,94.83,3.0,5.0,2.0,O=C1CC2CCCC2C2CCC3CCCCC3C12,1.0,1
COc1ccc2c3c1OC1C(OC(C)=O)=CCC4C(C2)N(C)CCC314,M04526,341.40700000000015,2.4211,48.00000000000001,0.0,5.0,2.0,C1=CC2Oc3cccc4c3C23CCNC(C4)C3C1,1.0,1
COc1ccsc1CN(C(=O)CCl)c1c(C)cccc1C,M04527,323.845,4.145540000000003,29.54,0.0,3.0,5.0,c1ccc(NCc2cccs2)cc1,0.9466801716388252,2
COC(=O)c1c(C(F)F)nc(C(F)(F)F)c(C2=NCCS2)c1CC(C)C,M04528,396.38100000000014,4.516500000000003,51.55,0.0,5.0,5.0,c1cncc(C2=NCCS2)c1,1.0,1
CCSc1ccc2c(c1)N(CCCN1CCN(C)CC1)c1ccccc1S2,M04529,399.62900000000013,5.0388000000000055,9.72,0.0,5.0,6.0,c1ccc2c(c1)Sc1ccccc1N2CCCN1CCNCC1,0.7883542836784342,9
CN(C)C1CSSSC1,M04530,181.351,1.9597999999999998,3.24,0.0,4.0,1.0,C1CSSSC1,1.0,1
Nc1nc(=S)c2[nH]cnc2[nH]1,M04531,167.197,0.5976899999999998,83.38,3.0,4.0,0.0,S=c1nc[nH]c2nc[nH]c12,0.9466801716388252,2
CCSCCSP(=S)(OC)OC,M04532,246.35899999999998,2.990000000000001,18.46,0.0,5.0,7.0,,0.0,0
CCOP(=S)(OCC)Oc1cnccn1,M04533,248.244,2.1529,53.47,0.0,6.0,6.0,c1cnccn1,0.8555293230024756,5
CCOC(=O)NC(=S)Nc1ccccc1NC(=S)NC(=O)OCC,M04534,370.45600000000013,2.572400000000001,100.72000000000001,4.0,6.0,4.0,c1ccccc1,0.21161295934610674,802
CC(=O)OCCN1CCN(CCCN2c3ccccc3Sc3ccc(Cl)cc32)CC1,M04535,446.01600000000025,4.513500000000004,36.02,0.0,6.0,7.0,c1ccc2c(c1)Sc1ccccc1N2CCCN1CCNCC1,0.7883542836784342,9
CN1CCN(CCCN2c3ccccc3Sc3ccc(S(=O)(=O)N(C)C)cc32)CC1,M04536,446.6420000000003,3.177100000000001,47.1,0.0,6.0,6.0,c1ccc2c(c1)Sc1ccccc1N2CCCN1CCNCC1,0.7883542836784342,9
CSc1ccc2c(c1)N(CCC1CCCCN1C)c1ccccc1S2,M04537,370.587,5.885600000000005,6.48,0.0,4.0,4.0,c1ccc2c(c1)Sc1ccccc1N2CCC1CCCCN1,0.9466801716388252,2
CSc1ccc2c(c1)N(CCC1CCCCN1C)c1ccccc1S2=O,M04538,386.586,4.901100000000004,23.55,0.0,4.0,4.0,O=S1c2ccccc2N(CCC2CCCCN2)c2ccccc21,1.0,1
CN1CCN(CCC=C2c3ccccc3Sc3ccc(S(=O)(=O)N(C)C)cc32)CC1,M04539,443.63800000000026,3.4707000000000026,43.86000000000001,0.0,5.0,5.0,C(CCN1CCNCC1)=C1c2ccccc2Sc2ccccc21,0.9088491513636503,3
CN(C)C(=S)SSC(=S)N(C)C,M04540,240.44400000000002,2.0608,6.48,0.0,4.0,0.0,,0.0,0
O=S(O)(O)=S,M04541,114.14699999999999,-0.3213,57.53,2.0,2.0,0.0,,0.0,0
CCCCCn1nc(C(=O)c2cccc3ccccc23)c2ccccc21,M04542,342.4420000000001,5.610700000000005,34.89,0.0,3.0,6.0,O=C(c1cccc2ccccc12)c1n[nH]c2ccccc12,0.9466801716388252,2
O=C(c1cccc2ccccc12)c1nn(CCCCCF)c2ccccc12,M04543,360.432,5.560300000000004,34.89,0.0,3.0,7.0,O=C(c1cccc2ccccc12)c1n[nH]c2ccccc12,0.9466801716388252,2
O=C(Nc1cccc2cccnc12)c1nn(CCCCCF)c2ccccc12,M04544,376.43500000000006,4.976600000000004,59.81,1.0,4.0,7.0,O=C(Nc1cccc2cccnc12)c1n[nH]c2ccccc12,1.0,1
Cc1ccsc1C(=CCCN1CCCC(C(=O)O)C1)c1sccc1C,M04545,375.5590000000001,5.044840000000004,40.540000000000006,1.0,4.0,6.0,C(CCN1CCCCC1)=C(c1cccs1)c1cccs1,1.0,1
C=CC1(C)CC(OC(=O)CSCCN(CC)CC)C2(C)C(C)CCC3(CCC(=O)C32)C(C)C1O,M04546,493.75400000000036,4.967900000000006,66.84,1.0,6.0,9.0,O=C1CCC23CCCCCC(CCC2)C13,1.0,1
CCCSc1nc(NC2CC2c2ccc(F)c(F)c2)c2nnn(C3CC(OCCO)C(O)C3O)c2n1,M04547,522.5780000000002,2.0136999999999996,138.44,4.0,11.0,10.0,c1ccc(C2CC2Nc2ncnc3c2nnn3C2CCCC2)cc1,1.0,1
C[N+]1(CCC(O)(c2ccccc2)c2cccs2)CCOCC1,M04548,318.4620000000002,2.850900000000001,29.46,1.0,3.0,5.0,c1ccc(C(CC[NH+]2CCOCC2)c2cccs2)cc1,1.0,1
CCOC(=O)C1(c2ccccc2)CCC=CC1N(C)C,M04549,273.376,2.7677000000000014,29.54,0.0,3.0,4.0,C1=CCC(c2ccccc2)CC1,0.9466801716388252,2
CCOC(=O)C1(c2ccccc2)CCC=CC1NC,M04550,259.349,2.4255000000000004,38.33,1.0,3.0,4.0,C1=CCC(c2ccccc2)CC1,0.9466801716388252,2
CCC1OC(=O)CC(O)C(C)C(OC2OC(C)C(O)C(N(C)C)C2O)C(CCN2CC(C)CC(C)C2)CC(C)C(=O)C=CC(C)=CC1COC1OC(C)C(O)C(OC)C1OC,M04551,869.1470000000002,3.341400000000009,186.14999999999995,4.0,15.0,12.0,O=C1C=CC=CC(COC2CCCCO2)COC(=O)CCCC(OC2CCCCO2)C(CCN2CCCCC2)CC1,1.0,1
CC(C)(C)NCC(O)COc1nsnc1N1CCOCC1,M04552,316.4270000000002,0.5024999999999997,79.74,2.0,8.0,6.0,c1nsnc1N1CCOCC1,1.0,1
CCS(=O)(=O)CCn1c([N+](=O)[O-])cnc1C,M04553,247.27599999999998,0.5344200000000001,95.1,0.0,6.0,5.0,c1c[nH]cn1,0.6438836066809098,29
CCC(C)N(C(=O)SCc1ccccc1)C(C)CC,M04554,279.44900000000007,4.938800000000004,20.310000000000002,0.0,2.0,6.0,c1ccccc1,0.21161295934610674,802
CC(C)CCOc1ccc(NC(=S)Nc2ccc(OCCC(C)C)cc2)cc1,M04555,400.5880000000002,6.345300000000006,42.519999999999996,2.0,3.0,10.0,S=C(Nc1ccccc1)Nc1ccccc1,1.0,1
Clc1ccc2nsnc2c1NC1=NCCN1,M04556,253.718,1.7157999999999993,62.2,2.0,6.0,1.0,c1cc(NC2=NCCN2)c2nsnc2c1,1.0,1
COc1ccc(CC(C)N)c(OC)c1OC,M04557,225.28799999999995,1.6020999999999999,53.71000000000001,1.0,4.0,5.0,c1ccccc1,0.21161295934610674,802
CCCSP(=S)(OCC)Oc1ccc(Cl)cc1Cl,M04558,345.25300000000004,5.776400000000003,18.46,0.0,4.0,7.0,c1ccccc1,0.21161295934610674,802
Cc1ccc(S(=O)(=O)NC(=O)NN2CCCCCC2)cc1,M04559,311.4070000000001,1.7739199999999995,78.50999999999999,2.0,4.0,3.0,O=C(NN1CCCCCC1)NS(=O)(=O)c1ccccc1,1.0,1
c1ccc(CC2=NCCN2)cc1,M04560,160.22000000000003,1.2308,24.39,1.0,2.0,2.0,c1ccc(CC2=NCCN2)cc1,0.9088491513636503,3
CCCCNC(=O)NS(=O)(=O)c1ccc(C)cc1,M04561,270.354,1.78302,75.27000000000001,2.0,3.0,5.0,c1ccccc1,0.21161295934610674,802
CCc1nn(C)c(C(=O)NCc2ccc(Oc3ccc(C)cc3)cc2)c1Cl,M04562,383.879,4.6666200000000035,56.150000000000006,1.0,4.0,6.0,O=C(NCc1ccc(Oc2ccccc2)cc1)c1ccn[nH]1,1.0,1
Cc1cccc(OCC(O)CNC(C)C)c1,M04563,223.316,1.7327199999999998,41.49,2.0,3.0,6.0,c1ccccc1,0.21161295934610674,802
Cc1ccc(C(=O)c2ccc(CC(=O)O)n2C)cc1,M04564,257.289,2.1916200000000003,59.300000000000004,1.0,3.0,4.0,O=C(c1ccccc1)c1ccc[nH]1,1.0,1
Cc1ccc(C(CCN(C)C)c2ccccc2)cc1,M04565,253.38900000000004,4.0786200000000035,3.24,0.0,1.0,5.0,c1ccc(Cc2ccccc2)cc1,0.6274242932504864,33
CCN(CC)CC(=O)Nc1c(C)cccc1C(=O)OC,M04566,278.35200000000003,2.0619199999999998,58.64,1.0,4.0,6.0,c1ccccc1,0.21161295934610674,802
CC1(C)OC2COC3(COS(N)(=O)=O)OC(C)(C)OC3C2O1,M04567,339.3660000000001,-0.3953999999999982,115.54,1.0,8.0,3.0,C1OC2COC3OCOC3C2O1,1.0,1
CN(C)CCOc1ccc(C(=C(CCCl)c2ccccc2)c2ccccc2)cc1,M04568,405.969,6.215000000000006,12.47,0.0,2.0,9.0,C(=C(c1ccccc1)c1ccccc1)c1ccccc1,0.8795051323147839,4
CC1(C)C(C(=O)OC(C#N)c2cccc(Oc3ccccc3)c2)C1C(Br)C(Br)(Br)Br,M04569,665.014,7.460980000000004,59.32000000000001,0.0,4.0,6.0,O=C(OCc1cccc(Oc2ccccc2)c1)C1CC1,0.802209494641301,8
COc1cccc(C2(O)CCCCC2CN)c1,M04570,235.3269999999999,2.0317,55.480000000000004,2.0,3.0,3.0,c1ccc(C2CCCCC2)cc1,0.7758207207981391,10
CNCC1CCCCC1(O)c1cccc(OC)c1,M04571,249.354,2.2923999999999998,41.489999999999995,2.0,3.0,4.0,c1ccc(C2CCCCC2)cc1,0.7758207207981391,10
COc1cccc(C2(O)CCCCC2C[N+](C)(C)[O-])c1,M04572,279.37999999999994,2.6472000000000007,52.519999999999996,1.0,3.0,4.0,c1ccc(C2CCCCC2)cc1,0.7758207207981391,10
CN(C)CC1CCCCC1(O)c1cccc(O)c1,M04573,249.354,2.331600000000001,43.7,2.0,3.0,3.0,c1ccc(C2CCCCC2)cc1,0.7758207207981391,10
CNCC1CCCCC1(O)c1cccc(O)c1,M04574,235.32700000000003,1.9894,52.489999999999995,3.0,3.0,3.0,c1ccc(C2CCCCC2)cc1,0.7758207207981391,10
CCOC(=O)C(CCc1ccccc1)NC(C)C(=O)N1C(C(=O)O)CC2CCCCC21,M04575,430.54500000000036,2.7733000000000008,95.94000000000001,2.0,5.0,9.0,O=C(CNCCCc1ccccc1)N1CCC2CCCCC21,1.0,1
NCC1CCC(C(=O)O)CC1,M04576,157.21299999999997,0.8361000000000001,63.32000000000001,2.0,2.0,2.0,C1CCCCC1,0.6846698721617894,21
NC1CC1c1ccccc1,M04577,133.194,1.5011999999999999,26.02,1.0,1.0,1.0,c1ccc(C2CC2)cc1,0.9466801716388252,2
CCN(CC)c1cc(C)nc2ncnn12,M04578,205.265,1.2789199999999998,46.32000000000001,0.0,5.0,3.0,c1cnc2ncnn2c1,1.0,1
O=c1n(CCCN2CCN(c3cccc(Cl)c3)CC2)nc2ccccn12,M04579,371.8720000000001,2.3617,45.78,0.0,6.0,5.0,O=c1n(CCCN2CCN(c3ccccc3)CC2)nc2ccccn12,1.0,1
CC12C=CC3=C4CCC(=O)C=C4CCC3C1CCC2O,M04580,270.37199999999996,3.329300000000002,37.3,1.0,2.0,0.0,O=C1C=C2CCC3C(=C2CC1)C=CC1CCCC13,0.9466801716388252,2
CC12C=CC(=O)C=C1CCC1C3CC(O)C(O)(C(=O)CO)C3(C)CC(O)C12F,M04581,394.4390000000002,0.6204999999999998,115.06,4.0,6.0,2.0,O=C1C=CC2C(=C1)CCC1C3CCCC3CCC21,0.7265474540909509,15
CCOC(=O)CSc1nc(C(C)(C)C)nn1C(=O)N(C)C,M04582,314.41100000000006,1.7605,77.32,0.0,7.0,4.0,c1nc[nH]n1,0.8795051323147839,4
Cc1nnc2n1-c1ccc(Cl)cc1C(c1ccccc1Cl)=NC2,M04583,343.21700000000004,4.233520000000002,43.07,0.0,4.0,1.0,c1ccc(C2=NCc3nncn3-c3ccccc32)cc1,0.7758207207981391,10
OCc1nnc2n1-c1ccc(Cl)cc1C(c1ccccc1Cl)=NC2,M04584,359.21600000000007,3.4174000000000024,63.300000000000004,1.0,5.0,2.0,c1ccc(C2=NCc3nncn3-c3ccccc32)cc1,0.7758207207981391,10
CCCCSP(=O)(SCCCC)SCCCC,M04585,314.5220000000001,6.694400000000005,17.07,0.0,4.0,12.0,,0.0,0
CCCCN(CCCC)CCCC,M04586,185.35499999999993,3.6887000000000025,3.24,0.0,1.0,9.0,,0.0,0
CCOP(=S)(CC)Oc1cc(Cl)c(Cl)cc1Cl,M04587,333.60400000000004,5.391500000000002,18.46,0.0,3.0,5.0,c1ccccc1,0.21161295934610674,802
COC(=O)COc1nc(Cl)c(Cl)cc1Cl,M04588,270.499,2.5936000000000003,48.42,0.0,4.0,3.0,c1ccncc1,0.5996365394334917,41
COc1cc(OC)nc(NC(=O)NS(=O)(=O)c2ncccc2OCC(F)(F)F)n1,M04589,437.3560000000001,1.3402999999999998,141.63,2.0,9.0,7.0,O=C(Nc1ncccn1)NS(=O)(=O)c1ccccn1,0.8555293230024756,5
CN1CCN(CCCN2c3ccccc3Sc3ccc(C(F)(F)F)cc32)CC1,M04590,407.50500000000017,4.945600000000005,9.72,0.0,4.0,4.0,c1ccc2c(c1)Sc1ccccc1N2CCCN1CCNCC1,0.7883542836784342,9
O=C(CCCN1CCC(O)(c2cccc(C(F)(F)F)c2)CC1)c1ccc(F)cc1,M04591,409.4230000000002,4.791000000000004,40.540000000000006,1.0,3.0,6.0,O=C(CCCN1CCC(c2ccccc2)CC1)c1ccccc1,0.8795051323147839,4
CN(C)CCCN1c2ccccc2Sc2ccc(C(F)(F)F)cc21,M04592,352.42500000000007,5.259800000000004,6.48,0.0,3.0,4.0,c1ccc2c(c1)Nc1ccccc1S2,0.7185751418868361,16
OC(CCN1CCCCC1)(c1ccccc1)C1CCCCC1,M04593,301.47400000000016,4.330500000000004,23.47,1.0,2.0,5.0,c1ccc(C(CCN2CCCCC2)C2CCCCC2)cc1,1.0,1
CNC(=O)Oc1cc(C)c(C)c(C)c1.CNC(=O)Oc1cc(C)cc(C)c1C,M04594,386.4920000000002,4.660120000000004,76.66000000000001,2.0,4.0,2.0,c1ccccc1.c1ccccc1,1.0,1
COc1cc(C(=O)NCc2ccc(OCCN(C)C)cc2)cc(OC)c1OC,M04595,388.46400000000017,2.5828000000000007,69.26,1.0,6.0,10.0,O=C(NCc1ccccc1)c1ccccc1,0.9466801716388252,2
CNCC(C)CN1c2ccccc2CCc2ccccc21,M04596,280.415,3.778800000000003,15.27,1.0,2.0,4.0,c1ccc2c(c1)CCc1ccccc1N2,0.8176983027273006,7
OC(CCN1CCCCC1)(c1ccccc1)C1C2CC3C(C2)C31,M04597,311.4690000000001,3.6522000000000023,23.47,1.0,2.0,5.0,c1ccc(C(CCN2CCCCC2)C2C3CC4C(C3)C42)cc1,1.0,1
Cc1ccc(C(=CCN2CCCC2)c2ccccn2)cc1,M04598,278.399,3.917520000000003,16.130000000000003,0.0,2.0,4.0,C(CN1CCCC1)=C(c1ccccc1)c1ccccn1,0.9466801716388252,2
CNCCC=C1c2ccccc2CCc2ccccc21,M04599,263.38399999999996,3.826400000000003,12.03,1.0,1.0,3.0,C=C1c2ccccc2CCc2ccccc21,0.9466801716388252,2
CCOc1c(N)c2c(c(OCC)c1OCC)C(C1c3c(cc4c(c3OC)OCO4)CCN1C)OC2=O,M04600,500.5480000000004,3.6429000000000027,110.94000000000003,1.0,10.0,8.0,O=C1OC(C2NCCc3cc4c(cc32)OCO4)c2ccccc21,0.9466801716388252,2
CN(C)CCOCC(=O)NC12CC3CC(CC(C3)C1)C2,M04601,280.41200000000003,1.6495999999999993,41.57,1.0,3.0,6.0,C1C2CC3CC1CC(C2)C3,0.8555293230024756,5
CCN(Cc1ccncc1)C(=O)C(CO)c1ccccc1,M04602,284.359,2.2062,53.43000000000001,1.0,3.0,6.0,O=C(Cc1ccccc1)NCc1ccncc1,1.0,1
CN1C2CCC1CC(OC(=O)c1c[nH]c3ccccc13)C2,M04603,284.3590000000001,2.9499000000000013,45.33,1.0,3.0,2.0,O=C(OC1CC2CCC(C1)N2)c1c[nH]c2ccccc12,1.0,1
O=C(OC1CC2CCC(C1)[N+]21CCCC1)C(O)(c1ccccc1)c1ccccc1,M04604,392.519,3.769700000000003,46.53,1.0,3.0,4.0,O=C(OC1CC2CCC(C1)[N+]21CCCC1)C(c1ccccc1)c1ccccc1,1.0,1
CC(C)(C)NCC(O)c1ccccc1Cl,M04605,227.735,2.7615000000000007,32.26,2.0,2.0,3.0,c1ccccc1,0.21161295934610674,802
CCNc1ccc(O)cc1,M04606,137.18199999999996,1.8239999999999996,32.26,2.0,2.0,2.0,c1ccccc1,0.21161295934610674,802
CCCOc1ccc(S(=O)(=O)NCCC2CCCN2C)cc1-c1nc2c(CCC)nn(C)c2c(=O)[nH]1,M04607,516.6680000000003,2.8275000000000006,122.20999999999998,2.0,8.0,11.0,O=c1[nH]c(-c2cccc(S(=O)(=O)NCCC3CCCN3)c2)nc2cn[nH]c12,1.0,1
CC(C)(C)C(O)C(=Cc1ccc(Cl)cc1)n1cncn1,M04608,291.782,3.3366000000000025,50.94,1.0,4.0,3.0,C(=Cn1cncn1)c1ccccc1,0.9088491513636503,3
CCCCCn1cc(C(=O)C2C(C)(C)C2(C)C)c2ccccc21,M04609,311.469,5.696400000000006,22.0,0.0,2.0,6.0,O=C(c1c[nH]c2ccccc12)C1CC1,0.8795051323147839,4
Cc1onc(-c2ccccc2)c1-c1ccc(S(N)(=O)=O)cc1,M04610,314.36600000000004,2.9644200000000005,86.19,1.0,4.0,3.0,c1ccc(-c2conc2-c2ccccc2)cc1,1.0,1
CC(C)C(N)C(=O)OCC(CO)OCn1cnc2c(=O)[nH]c(N)nc21,M04611,354.3670000000001,-1.4366999999999974,171.37,4.0,10.0,8.0,O=c1[nH]cnc2[nH]cnc12,0.8795051323147839,4
CCCc1nc(C)c2c(=O)[nH]c(-c3cc(S(=O)(=O)N4CCN(CC)CC4)ccc3OCC)nn12,M04612,488.6140000000004,2.0704199999999995,112.89999999999999,1.0,8.0,8.0,O=c1[nH]c(-c2cccc(S(=O)(=O)N3CCNCC3)c2)nn2cncc12,0.9466801716388252,2
CCCc1nc(C)c2c(=O)[nH]c(-c3cc(C(=O)CN4CCN(CC)CC4)ccc3OCC)nn12,M04613,466.58600000000035,2.56442,95.83,1.0,8.0,9.0,O=C(CN1CCNCC1)c1cccc(-c2nn3cncc3c(=O)[nH]2)c1,1.0,1
CCCc1nc(C)c2c(=O)[nH]c(-c3cc(S(=O)(=O)N4CCN(CCO)CC4)ccc3OCC)nn12,M04614,504.6130000000004,1.0428200000000007,133.13,2.0,9.0,9.0,O=c1[nH]c(-c2cccc(S(=O)(=O)N3CCNCC3)c2)nn2cncc12,0.9466801716388252,2
CCCc1nc(C)c2c(=O)[nH]c(-c3cc(S(=O)(=O)N4CCCCC4)ccc3OCC)nn12,M04615,459.57200000000034,2.918820000000001,109.66,1.0,7.0,7.0,O=c1[nH]c(-c2cccc(S(=O)(=O)N3CCCCC3)c2)nn2cncc12,1.0,1
c1cnc2cc3c(cc2n1)C1CNCC3C1,M04616,211.26799999999994,1.8038999999999998,37.81,1.0,3.0,0.0,c1cnc2cc3c(cc2n1)C1CNCC3C1,1.0,1
C=C(Cl)CSC(=S)N(CC)CC,M04617,223.79399999999998,3.0988000000000016,3.24,0.0,2.0,4.0,,0.0,0
COc1ccc(C(C[N+](C)(C)[O-])C2(O)CCCCC2)cc1,M04618,293.407,3.0482000000000014,52.519999999999996,1.0,3.0,5.0,c1ccc(CC2CCCCC2)cc1,0.802209494641301,8
COc1ccc(CCNCCCC(C#N)(c2ccc(OC)c(OC)c2)C(C)C)cc1OC,M04619,440.58400000000023,4.750880000000005,72.74000000000001,1.0,6.0,13.0,c1ccc(CCCCNCCc2ccccc2)cc1,0.9088491513636503,3
CCCSC(=O)N(CCC)CCC,M04620,203.35099999999994,3.3716000000000026,20.310000000000002,0.0,2.0,6.0,,0.0,0
C=CC(N)CCC(=O)O,M04621,129.159,0.36450000000000005,63.32000000000001,2.0,2.0,4.0,,0.0,0
N#CC1CCCN1C(=O)CNC12CC3CC(CC(O)(C3)C1)C2,M04622,303.4060000000001,1.1742799999999989,76.36,2.0,4.0,3.0,O=C(CNC12CC3CC(CC(C3)C1)C2)N1CCCC1,1.0,1
CCC12CCCN3CCc4c(n(c5ccccc45)C(O)(C(=O)OC)C1)C32,M04623,354.45000000000016,2.9525000000000015,54.7,1.0,5.0,2.0,c1ccc2c(c1)c1c3n2CCC2CCCN(CC1)C32,1.0,1
C=CC1(C)OC(=O)N(c2cc(Cl)cc(Cl)c2)C1=O,M04624,286.11400000000003,3.4213000000000013,46.61,0.0,3.0,2.0,O=C1COC(=O)N1c1ccccc1,1.0,1
COc1ccc(C(=O)c2c(C)n(CCN3CCOCC3)c3ccccc23)cc1,M04625,378.4720000000001,3.5215200000000024,43.7,0.0,5.0,6.0,O=C(c1ccccc1)c1cn(CCN2CCOCC2)c2ccccc12,1.0,1
Cc1c(C(=O)c2cccc3ccccc23)c2cccc3c2n1C(CN1CCOCC1)CO3,M04626,426.51600000000036,4.599620000000004,43.7,0.0,5.0,4.0,O=C(c1cccc2ccccc12)c1cn2c3c(cccc13)OCC2CN1CCOCC1,1.0,1
CN(CCO)CC(O)Cn1cnc2c1c(=O)n(C)c(=O)n2C,M04627,311.34200000000004,-2.281299999999997,105.52000000000001,2.0,9.0,6.0,O=c1[nH]c(=O)c2[nH]cnc2[nH]1,0.7110586460049512,17
Cc1cccc(C)c1NC(=O)c1cc(S(N)(=O)=O)c(Cl)cc1O,M04628,354.81500000000005,2.5621400000000008,109.49,3.0,4.0,3.0,O=C(Nc1ccccc1)c1ccccc1,0.744107216431016,13
CC1(C)C(C(=O)c2cn(CCCCCF)c3ccccc23)C1(C)C,M04629,329.459,5.646000000000005,22.0,0.0,2.0,7.0,O=C(c1c[nH]c2ccccc12)C1CC1,0.8795051323147839,4
CC(F)CCCn1cc(C(=O)C2C(C)(C)C2(C)C)c2ccccc21,M04630,329.45900000000006,5.644400000000005,22.0,0.0,2.0,6.0,O=C(c1c[nH]c2ccccc12)C1CC1,0.8795051323147839,4
CC1(C)C(C(=O)c2cn(CCCC(F)(F)F)c3ccccc23)C1(C)C,M04631,351.41200000000003,5.848700000000005,22.0,0.0,2.0,5.0,O=C(c1c[nH]c2ccccc12)C1CC1,0.8795051323147839,4
COC(=O)C1C(O)CCC2CN3CCc4c([nH]c5ccccc45)C3CC21,M04632,354.45000000000005,2.647100000000001,65.56,2.0,4.0,1.0,c1ccc2c3c([nH]c2c1)C1CC2CCCCC2CN1CC3,1.0,1
CCN(C(C)=O)c1cccc(-c2ccnc3c(C#N)cnn23)c1,M04633,305.341,2.6407800000000003,74.28999999999999,0.0,5.0,3.0,c1ccc(-c2ccnc3ccnn23)cc1,1.0,1
Cc1cn(C2CC(N=[N+]=[N-])C(CO)O2)c(=O)[nH]c1=O,M04634,267.245,-0.19628000000000012,133.07999999999998,2.0,6.0,3.0,O=c1ccn(C2CCCO2)c(=O)[nH]1,0.7758207207981391,10
CN(C)CC=C(c1ccc(Br)cc1)c1cccnc1,M04635,317.22999999999996,3.8374000000000024,16.130000000000003,0.0,2.0,4.0,C=C(c1ccccc1)c1cccnc1,1.0,1
CN(C)CCc1c[nH]c2ccc(CC3COC(=O)N3)cc12,M04636,287.36299999999994,1.9229,57.36,2.0,3.0,5.0,O=C1NC(Cc2ccc3[nH]ccc3c2)CO1,1.0,1
Cc1ccc(-c2nc3ccc(C)cn3c2CC(=O)N(C)C)cc1,M04637,307.39700000000005,3.2488400000000013,37.61000000000001,0.0,3.0,3.0,c1ccc(-c2cn3ccccc3n2)cc1,1.0,1
CN1CCN(C(=O)OC2c3nccnc3C(=O)N2c2ccc(Cl)cn2)CC1,M04638,388.8150000000001,1.5679999999999998,91.75999999999999,0.0,7.0,2.0,O=C(OC1c2nccnc2C(=O)N1c1ccccn1)N1CCNCC1,1.0,1
CN(C)CCOC1=Cc2ccccc2Sc2ccc(Cl)cc21,M04639,331.8680000000001,4.880900000000004,12.47,0.0,3.0,4.0,C1=Cc2ccccc2Sc2ccccc21,1.0,1
C=CC(=O)NC(C)(C)CS(=O)(=O)O,M04640,207.25099999999998,-0.04499999999999976,83.47,2.0,3.0,4.0,,0.0,0
Cc1cc(O)cc(C)c1S(C)=O,M04641,184.25999999999996,1.7464399999999998,37.3,1.0,2.0,1.0,c1ccccc1,0.21161295934610674,802
O=C1CN(N=Cc2ccc([N+](=O)[O-])o2)C(=O)N1,M04642,238.15899999999996,0.07349999999999995,118.05000000000001,1.0,6.0,3.0,O=C1CN(N=Cc2ccco2)C(=O)N1,1.0,1
Nc1cccc2cc(S(=O)(=O)O)ccc12,M04643,223.253,1.6687,80.39,2.0,3.0,1.0,c1ccc2ccccc2c1,0.6846698721617894,21
CC(=O)C1(O)CCC2C3CC(C)C4=CC(=O)CCC4(C)C3CCC21C,M04644,344.4950000000001,4.084400000000003,54.37,1.0,3.0,1.0,O=C1C=C2CCC3C4CCCC4CCC3C2CC1,0.6627017793637848,25
CC(=O)C1(O)CCC2C3C=C(Cl)C4=CC(=O)C5CC5C4(C)C3CCC21C,M04645,374.9080000000002,4.036800000000003,54.37,1.0,3.0,1.0,O=C1C=C2C=CC3C4CCCC4CCC3C2C2CC12,1.0,1
CC1CC2C3CCC4=CC(=O)C=CC4(C)C3(F)C(O)CC2(C)C1(O)C(=O)CCl,M04646,410.91300000000024,3.1422000000000017,74.6,2.0,4.0,2.0,O=C1C=CC2C(=C1)CCC1C3CCCC3CCC21,0.7265474540909509,15
CC1(C)OC2CC3C4CC(F)C5=CC(=O)C=CC5(C)C4(F)C(O)CC3(C)C2(C(=O)CO)O1,M04647,452.49400000000026,2.366800000000001,93.06,2.0,6.0,2.0,O=C1C=CC2C(=C1)CCC1C2CCC2C1CC1OCOC12,0.8555293230024756,5
CCc1cccc(C)c1N(C(=O)CS(=O)(=O)O)C(C)C(=O)O,M04648,329.374,1.25132,111.98,2.0,4.0,6.0,c1ccccc1,0.21161295934610674,802
CCCN(CCOc1c(Cl)cc(Cl)cc1Cl)C(=O)NC=O,M04649,353.63300000000004,3.603600000000002,58.64,1.0,3.0,7.0,c1ccccc1,0.21161295934610674,802
CCCNCCOc1c(Cl)cc(Cl)cc1Cl,M04650,282.598,4.0252000000000026,21.259999999999998,1.0,2.0,6.0,c1ccccc1,0.21161295934610674,802
NC(=O)c1c(Cl)c(Cl)cc(C(=O)O)c1Cl,M04651,268.48299999999995,2.4439,80.39,2.0,2.0,2.0,c1ccccc1,0.21161295934610674,802
CC(C)(C)NC(=O)C1CCC2C3CCC4NC(=O)C=CC4(C)C3CCC12C,M04652,372.55300000000017,3.8145000000000024,58.2,2.0,2.0,1.0,O=C1C=CC2C(CCC3C4CCCC4CCC23)N1,1.0,1
CN(Cc1nc2c(N)nc(N)nc2[nH]c1=O)c1ccc(C(=O)NC(CCC(=O)O)C(=O)O)cc1,M04653,470.44600000000025,-0.4382999999999979,230.50999999999996,6.0,10.0,9.0,O=c1[nH]c2ncncc2nc1CNc1ccccc1,1.0,1
CN1CCCC1=O,M04654,99.133,0.23859999999999992,20.310000000000002,0.0,1.0,0.0,O=C1CCCN1,0.8176983027273006,7
c1nc[nH]n1,M04655,69.067,-0.19530000000000008,41.57,1.0,2.0,0.0,c1nc[nH]n1,0.8795051323147839,4
C=C(C)C(N)=O,M04656,85.106,0.047799999999999954,43.09,1.0,1.0,1.0,,0.0,0
C#CC1(OC(C)=O)CCC2C3CCC4=CC(=NO)CCC4C3CCC21CC,M04657,369.5050000000003,4.714500000000005,58.89,1.0,4.0,2.0,N=C1C=C2CCC3C4CCCC4CCC3C2CC1,1.0,1
CC12CCC3C(CCC4CC(O)CCC43C)C1CCC2=O,M04658,290.447,3.959100000000003,37.3,1.0,2.0,0.0,O=C1CCC2C1CCC1C3CCCCC3CCC21,0.9088491513636503,3
C#CC1(O)CCC2C3CCC4=CC(=O)CCC4C3CCC21CC,M04659,312.4530000000001,3.8826000000000036,37.3,1.0,2.0,1.0,O=C1C=C2CCC3C4CCCC4CCC3C2CC1,0.6627017793637848,25
C#CC1(O)C=CC2C3CCC4=CC(=O)CCC4C3CCC21CC,M04660,310.43700000000007,3.6586000000000025,37.3,1.0,2.0,1.0,O=C1C=C2CCC3C4C=CCC4CCC3C2CC1,1.0,1
CC12CCC(=O)C=C1C1CC1C1C2CCC2(C)C1C1CC1C21CCC(=O)O1,M04661,366.5010000000002,4.305900000000004,43.370000000000005,0.0,3.0,0.0,O=C1C=C2C(CC1)C1CCC3C(C4CC4C34CCC(=O)O4)C1C1CC21,1.0,1
CC(=O)C1(O)CCC2C3CC(C)C4=CC(=O)C=CC4(C)C3(F)C(O)CC21C,M04662,376.46800000000013,2.923300000000001,74.6,2.0,4.0,1.0,O=C1C=CC2C(=C1)CCC1C3CCCC3CCC21,0.7265474540909509,15
CC1(C)OC2CC3C4CC(F)C5=CC(=O)C=CC5(C)C4C(O)CC3(C)C2(C(=O)CO)O1,M04663,434.50400000000025,2.2747000000000006,93.06,2.0,6.0,2.0,O=C1C=CC2C(=C1)CCC1C2CCC2C1CC1OCOC12,0.8555293230024756,5
CC(=O)OC1(C(C)=O)CCC2C3CC(C)C4=CC(=O)CCC4(C)C3CCC21C,M04664,386.53200000000027,4.655200000000004,60.440000000000005,0.0,4.0,2.0,O=C1C=C2CCC3C4CCCC4CCC3C2CC1,0.6627017793637848,25
CC(=O)OC1(C(C)=O)CCC2C3C=C(C)C4=CC(=O)CCC4(C)C3CCC21C,M04665,384.51600000000025,4.575300000000005,60.440000000000005,0.0,4.0,2.0,O=C1C=C2C=CC3C4CCCC4CCC3C2CC1,0.9466801716388252,2
CC12CCC(=O)C=C1CCC1C2C(=O)CC2(C)C(O)CCC12,M04666,302.41400000000004,3.058200000000001,54.370000000000005,1.0,3.0,0.0,O=C1C=C2CCC3C4CCCC4CC(=O)C3C2CC1,0.9466801716388252,2
CC12CCC(=O)C=C1CCC1C2C(O)CC2(C=O)C(C(=O)CO)CCC12,M04667,360.45000000000016,1.8456999999999997,91.67,2.0,5.0,3.0,O=C1C=C2CCC3C4CCCC4CCC3C2CC1,0.6627017793637848,25
CC1CC2C3CC(F)C4=CC(=O)C=CC4(C)C3C(O)CC2(C)C1(O)C(=O)CO,M04668,392.4670000000002,1.7515999999999998,94.83,3.0,5.0,2.0,O=C1C=CC2C(=C1)CCC1C3CCCC3CCC21,0.7265474540909509,15
CCCC1OC2CC3C4CCC5=CC(=O)C=CC5(C)C4C(O)CC3(C)C2(C(=O)CO)O1,M04669,430.5410000000002,2.7168000000000014,93.06,2.0,6.0,4.0,O=C1C=CC2C(=C1)CCC1C2CCC2C1CC1OCOC12,0.8555293230024756,5
CC1CC2C3CC(F)C4=CC(=O)C=CC4(C)C3(F)C(O)CC2(C)C1(O)C(=O)CO,M04670,410.4570000000002,1.8436999999999997,94.83,3.0,5.0,2.0,O=C1C=CC2C(=C1)CCC1C3CCCC3CCC21,0.7265474540909509,15
CC(=O)OCC(=O)C12OC3(CCCC3)OC1CC1C3CCC4=CC(=O)C=CC4(C)C3(F)C(O)CC12C,M04671,502.5790000000003,3.5238000000000023,99.13000000000001,1.0,7.0,3.0,O=C1C=CC2C(=C1)CCC1C2CCC2C1CC1OC3(CCCC3)OC12,1.0,1
CC1(C)OC2CC3C4CCC5=CC(=O)C=CC5(C)C4(F)C(O)CC3(C)C2(C(=O)CO)O1,M04672,434.50400000000025,2.4188000000000005,93.06,2.0,6.0,2.0,O=C1C=CC2C(=C1)CCC1C2CCC2C1CC1OCOC12,0.8555293230024756,5
CC(=O)C1CCC2C3C=CC4=CC(=O)CCC4(C)C3CCC12C,M04673,312.4530000000001,4.499500000000004,34.14,0.0,2.0,1.0,O=C1C=C2C=CC3C4CCCC4CCC3C2CC1,0.9466801716388252,2
CC12CC(O)C3C(CCC4=CC(=O)CCC43C)C1CCC2=O,M04674,302.4140000000001,3.058200000000002,54.37,1.0,3.0,0.0,O=C1C=C2CCC3C4CCC(=O)C4CCC3C2CC1,0.8795051323147839,4
CC1(C)OC2CC3C4CCC5=CC(=O)C=CC5(C)C4C(O)CC3(C)C2(C(=O)CO)O1,M04675,416.51400000000024,2.326700000000001,93.06,2.0,6.0,2.0,O=C1C=CC2C(=C1)CCC1C2CCC2C1CC1OCOC12,0.8555293230024756,5
CCC(=O)OC1(C(=O)SCF)C(C)CC2C3CC(F)C4=CC(=O)C=CC4(C)C3(F)C(O)CC21C,M04676,500.57900000000024,4.430000000000004,80.67,1.0,6.0,4.0,O=C1C=CC2C(=C1)CCC1C3CCCC3CCC21,0.7265474540909509,15
CCC(=O)OCC(=O)C1(OC(=O)CC)C(C)CC2C3CCC4=CC(=O)C=CC4(C)C3(F)C(O)CC21C,M04677,504.5950000000003,3.8175000000000026,106.97000000000001,1.0,7.0,6.0,O=C1C=CC2C(=C1)CCC1C3CCCC3CCC21,0.7265474540909509,15
CCCCC(=O)OC1(C(=O)CO)C(C)CC2C3CCC4=CC(=O)C=CC4(C)C3(F)C(O)CC21C,M04678,476.58500000000026,3.6368000000000027,100.90000000000002,2.0,6.0,6.0,O=C1C=CC2C(=C1)CCC1C3CCCC3CCC21,0.7265474540909509,15
CC1CC2C3CCC4=CC(=O)C=CC4(C)C3(Cl)C(O)CC2(C)C1(OC(=O)c1ccco1)C(=O)CCl,M04679,521.4370000000004,4.869200000000005,93.81,1.0,6.0,4.0,O=C1C=CC2C(=C1)CCC1C2CCC2C(OC(=O)c3ccco3)CCC21,1.0,1
CCC(=O)OC1(C(=O)CCl)C(C)CC2C3CCC4=CC(=O)C=CC4(C)C3(F)C(O)CC21C,M04680,466.97700000000026,4.103100000000003,80.67,1.0,5.0,4.0,O=C1C=CC2C(=C1)CCC1C3CCCC3CCC21,0.7265474540909509,15
CC12CCC(=O)C=C1C(O)CC1C2C(O)CC2(C)C1CCC2(O)C(=O)CO,M04681,378.4650000000002,0.7523999999999997,115.06000000000002,4.0,6.0,2.0,O=C1C=C2CCC3C4CCCC4CCC3C2CC1,0.6627017793637848,25
CCCCCCCCCCCCCCCC[N+](C)(C)Cc1ccccc1,M04682,360.65000000000003,7.744300000000009,0.0,0.0,0.0,17.0,c1ccccc1,0.21161295934610674,802
CCCCCCCCCCCCCCCC[N+](C)(C)C,M04683,284.55199999999996,6.173900000000007,0.0,0.0,0.0,15.0,,0.0,0
CCCCCCCC[N+](C)(C)C,M04684,172.336,3.0531000000000015,0.0,0.0,0.0,7.0,,0.0,0
CCCCCCCCCCCCCC(=O)NCCC[N+](C)(C)CCCS(=O)(=O)O,M04685,435.6950000000002,4.548100000000003,83.47,2.0,3.0,20.0,,0.0,0
CCCCCCCCCCCC(=O)NCCC[N+](C)(C)CC(=O)O,M04686,343.5320000000001,3.574600000000002,66.4,2.0,2.0,16.0,,0.0,0
CCCCCCCCCCCCCC[N+](C)(C)Cc1ccccc1,M04687,332.59599999999995,6.964100000000008,0.0,0.0,0.0,15.0,c1ccccc1,0.21161295934610674,802
CCCCCCCCCCCCCC[N+](C)(C)[O-],M04688,257.46199999999993,5.261700000000005,23.06,0.0,1.0,13.0,,0.0,0
CCCCCCCCCCCCN(C)C,M04689,213.40899999999996,4.468900000000004,3.24,0.0,1.0,11.0,,0.0,0
CCCCCCCCCCN(C)C,M04690,185.355,3.6887000000000025,3.24,0.0,1.0,9.0,,0.0,0
CCCCCCCCCCCCCCN(C)C,M04691,241.46299999999994,5.249100000000005,3.24,0.0,1.0,13.0,,0.0,0
CC[N+](CC)(CC(=O)Nc1c(C)cccc1C)Cc1ccccc1,M04692,325.476,4.298740000000003,29.1,1.0,1.0,7.0,O=C(C[NH2+]Cc1ccccc1)Nc1ccccc1,1.0,1
c1ccc2c(c1)[nH]c1ccncc12,M04693,168.19899999999998,2.7161,28.68,1.0,1.0,0.0,c1ccc2c(c1)[nH]c1ccncc12,1.0,1
N#Cc1ccc(CC(=NNC(=O)Nc2ccc(OC(F)(F)F)cc2)c2cccc(C(F)(F)F)c2)cc1,M04694,506.40600000000006,6.244180000000004,86.51,2.0,4.0,6.0,O=C(NN=C(Cc1ccccc1)c1ccccc1)Nc1ccccc1,1.0,1
CC12CCC3c4ccc(O)cc4CCC3C1CC(O)C2=O,M04695,286.371,2.788200000000001,57.53,2.0,3.0,0.0,O=C1CCC2C1CCC1c3ccccc3CCC12,0.8795051323147839,4
CC12CCC(O)CC1CCC1C2CCC2(C)C1CCC2(C)O,M04696,306.49,4.1410000000000045,40.46,2.0,2.0,0.0,C1CCC2C(C1)CCC1C3CCCC3CCC21,0.6274242932504864,33
O=C(O)COc1cc(Cl)c(Cl)cc1Cl,M04697,255.48399999999998,3.1102000000000007,46.53,1.0,2.0,3.0,c1ccccc1,0.21161295934610674,802
CC12CCC3C(CCC4=C(O)C(=O)CCC43C)C1CCC2=O,M04698,302.4140000000001,3.973100000000003,54.37,1.0,3.0,0.0,O=C1C=C2CCC3C4CCC(=O)C4CCC3C2CC1,0.8795051323147839,4
CC12CCC3C(CCC4CC(OC(=O)C5OC(O)C(O)C(O)C5O)CCC43C)C1CCC2O,M04699,468.5870000000002,1.1016999999999988,136.68,5.0,8.0,2.0,O=C(OC1CCC2C(CCC3C4CCCC4CCC23)C1)C1CCCCO1,1.0,1
C=CCSCC1Nc2cc(Cl)c(S(N)(=O)=O)cc2S(=O)(=O)N1,M04700,383.9040000000001,0.9365000000000001,118.35999999999999,3.0,6.0,5.0,O=S1(=O)NCNc2ccccc21,0.8176983027273006,7
CC(=O)Nc1ccc(OCC(C)(O)C(=O)Nc2ccc([N+](=O)[O-])c(C(F)(F)F)c2)cc1,M04701,441.3620000000001,3.3405000000000014,130.8,3.0,6.0,7.0,O=C(CCOc1ccccc1)Nc1ccccc1,1.0,1
CC12CCC3C(CC(O)C4=CC(=O)CCC43C)C1CCC2=O,M04702,302.41400000000004,3.058200000000002,54.37,1.0,3.0,0.0,O=C1C=C2CCC3C4CCC(=O)C4CCC3C2CC1,0.8795051323147839,4
CC12CCC3C(CCC4CC(OC5OC(C(=O)O)C(O)C(O)C5O)CCC43C)C1CCC2=O,M04703,466.57100000000025,1.8755999999999988,133.52,4.0,7.0,3.0,O=C1CCC2C1CCC1C3CCC(OC4CCCCO4)CC3CCC21,1.0,1
CC12CCC3C4CCC(O)CC4CCC3C1CCC2=O,M04704,276.41999999999996,3.5690000000000026,37.3,1.0,2.0,0.0,O=C1CCC2C1CCC1C3CCCCC3CCC21,0.9088491513636503,3
CC(C)c1c(C(=O)Nc2ccccc2)c(-c2ccccc2)c(-c2ccc(F)cc2)n1CCC1CC(O)CC(=O)O1,M04705,540.6350000000003,6.793500000000008,80.56000000000002,2.0,5.0,8.0,O=C1CCCC(CCn2cc(C(=O)Nc3ccccc3)c(-c3ccccc3)c2-c2ccccc2)O1,1.0,1
CCC1(CC)C(=O)NC(=O)NC1=O,M04706,184.195,0.15879999999999994,75.27000000000001,2.0,3.0,2.0,O=C1CC(=O)NC(=O)N1,0.802209494641301,8
CCC1(CCC(C)C)C(=O)NC(=O)NC1=O,M04707,226.27599999999998,1.1849999999999998,75.27000000000001,2.0,3.0,4.0,O=C1CC(=O)NC(=O)N1,0.802209494641301,8
C=CCC1(CC(=C)Br)C(=O)NC(=O)NC1=O,M04708,287.113,1.2135999999999998,75.27000000000001,2.0,3.0,4.0,O=C1CC(=O)NC(=O)N1,0.802209494641301,8
CCCC(C)C1(CC)C(=O)NC(=O)NC1=O,M04709,226.276,1.1849999999999998,75.27000000000001,2.0,3.0,4.0,O=C1CC(=O)NC(=O)N1,0.802209494641301,8
CCC1(c2ccccc2)C(=O)NC(=O)NC1=O,M04710,232.23899999999995,0.7004,75.27000000000001,2.0,3.0,2.0,O=C1NC(=O)C(c2ccccc2)C(=O)N1,1.0,1
CCC(C)C1(CC)C(=O)NC(=O)NC1=O,M04711,212.249,0.7948999999999999,75.27000000000001,2.0,3.0,3.0,O=C1CC(=O)NC(=O)N1,0.802209494641301,8
C=CCC1(C(C)CCC)C(=O)NC(=O)NC1=O,M04712,238.28699999999998,1.3510999999999997,75.27000000000001,2.0,3.0,5.0,O=C1CC(=O)NC(=O)N1,0.802209494641301,8
N=S(=O)(O)c1ccccc1,M04713,157.194,1.56527,61.150000000000006,2.0,2.0,1.0,c1ccccc1,0.21161295934610674,802
O=[N+]([O-])c1cccc(S(=O)(=O)[O-])c1,M04714,202.16699999999997,0.4989000000000001,100.34,0.0,5.0,2.0,c1ccccc1,0.21161295934610674,802
O=S(=O)([O-])c1ccc(O)cc1,M04715,173.16899999999998,0.29630000000000023,77.43,1.0,4.0,1.0,c1ccccc1,0.21161295934610674,802
CCNC1CN(CCCOC)S(=O)(=O)c2sc(S(N)(=O)=O)cc21,M04716,383.5170000000001,0.08690000000000164,118.79999999999998,2.0,7.0,7.0,O=S1(=O)NCCc2ccsc21,1.0,1
CC(C)(C)c1cc(C(C)(C)C)c(O)c(C(C)(C)C)c1,M04717,262.43699999999995,5.284700000000006,20.23,1.0,1.0,0.0,c1ccccc1,0.21161295934610674,802
CC(C(=O)O)c1ccc2c(c1)[nH]c1ccc(Cl)cc12,M04718,273.719,4.162600000000002,53.089999999999996,2.0,1.0,2.0,c1ccc2c(c1)[nH]c1ccccc12,0.8795051323147839,4
Nc1cc(Cl)cc(C(=O)O)c1Cl,M04719,206.028,2.2738,63.32000000000001,2.0,2.0,1.0,c1ccccc1,0.21161295934610674,802
O=C(O)c1cc(-c2ccccc2)nc2ccccc12,M04720,249.269,3.6000000000000014,50.19,1.0,2.0,2.0,c1ccc(-c2ccc3ccccc3n2)cc1,1.0,1
COc1ccc(N(CCCC(=O)O)C(=O)c2ccc(Cl)cc2)cc1,M04721,347.798,3.8602000000000025,66.84,1.0,3.0,7.0,O=C(Nc1ccccc1)c1ccccc1,0.744107216431016,13
N#CC(c1ccc(Cl)cc1)c1ccc(-n2ncc(=O)[nH]c2=O)cc1Cl,M04722,373.19900000000007,2.8830800000000014,91.53999999999999,1.0,5.0,3.0,O=c1cnn(-c2ccc(Cc3ccccc3)cc2)c(=O)[nH]1,0.9466801716388252,2
Cc1cc(C(C#N)c2ccc(Cl)cc2)c(Cl)cc1NC(=O)c1cc(I)cc(I)c1O,M04723,663.0800000000002,7.124400000000003,73.12,2.0,3.0,4.0,O=C(Nc1ccc(Cc2ccccc2)cc1)c1ccccc1,1.0,1
COc1cc(C=CC(=O)C=C(O)C=Cc2ccc(O)c(OC)c2)ccc1O,M04724,368.3850000000001,3.852600000000003,96.22000000000001,3.0,6.0,7.0,O=C(C=CC=Cc1ccccc1)C=Cc1ccccc1,1.0,1
O=c1[nH]c(=O)[nH]c(=O)[nH]1,M04725,129.075,-2.2485000000000004,98.57999999999998,3.0,3.0,0.0,O=c1[nH]c(=O)[nH]c(=O)[nH]1,1.0,1
NS(=O)(=O)c1cc2c(cc1Cl)NC(C1CC3C=CC1C3)NS2(=O)=O,M04726,389.8860000000001,1.2295000000000003,118.35999999999999,3.0,5.0,2.0,O=S1(=O)NC(C2CC3C=CC2C3)Nc2ccccc21,1.0,1
CC(Cl)(Cl)C(=O)O,M04727,142.969,1.2648,37.3,1.0,1.0,1.0,,0.0,0
NS(=O)(=O)c1cc(Cl)c(Cl)c(S(N)(=O)=O)c1,M04728,305.16400000000004,0.2882000000000006,120.32,2.0,4.0,2.0,c1ccccc1,0.21161295934610674,802
N#CC(c1ccc(Cl)cc1)c1c(Cl)cc(-n2ncc(=O)[nH]c2=O)cc1Cl,M04729,407.6440000000001,3.536480000000002,91.53999999999999,1.0,5.0,3.0,O=c1cnn(-c2ccc(Cc3ccccc3)cc2)c(=O)[nH]1,0.9466801716388252,2
O=C(O)c1cc(-c2ccc(F)cc2F)ccc1O,M04730,250.19999999999996,3.035600000000001,57.53,2.0,2.0,2.0,c1ccc(-c2ccccc2)cc1,0.7758207207981391,10
O=[N+]([O-])c1cc(C2CCCCC2)c(O)c([N+](=O)[O-])c1,M04731,266.25299999999993,3.256300000000002,106.51000000000002,1.0,5.0,3.0,c1ccc(C2CCCCC2)cc1,0.7758207207981391,10
CCCCCCCCCCCCc1ccccc1S(=O)(=O)[O-],M04732,325.494,5.054100000000005,57.2,0.0,3.0,12.0,c1ccccc1,0.21161295934610674,802
CC1CC2(C)C(CCC3C4CCC(O)C4(C)CCC32)CC1=O,M04733,304.47400000000005,4.205100000000003,37.3,1.0,2.0,0.0,O=C1CCC2C(CCC3C4CCCC4CCC23)C1,0.8555293230024756,5
O=S(=O)(O)c1ccc(N=Nc2cc(S(=O)(=O)O)c3ccccc3c2O)c2ccccc12,M04734,458.4730000000002,4.607400000000004,153.68999999999997,3.0,7.0,4.0,c1ccc2cc(N=Nc3cccc4ccccc34)ccc2c1,1.0,1
O=S(=O)(O)c1ccc2c(N=Nc3ccc(S(=O)(=O)O)c4ccccc34)c(O)c(S(=O)(=O)O)cc2c1,M04735,538.5370000000003,3.8541000000000007,208.05999999999995,4.0,9.0,5.0,c1ccc2c(N=Nc3cccc4ccccc34)cccc2c1,0.9466801716388252,2
O=S(=O)(O)c1cc(S(=O)(=O)O)c2c(N=Nc3ccc(S(=O)(=O)O)c4ccccc34)c(O)ccc2c1,M04736,538.5370000000001,3.8541000000000016,208.05999999999995,4.0,9.0,5.0,c1ccc2c(N=Nc3cccc4ccccc34)cccc2c1,0.9466801716388252,2
CC(=O)Nc1cc(S(=O)(=O)O)cc2cc(S(=O)(=O)O)c(N=Nc3ccccc3)c(O)c12,M04737,465.46500000000015,3.4126000000000016,182.79,4.0,8.0,5.0,c1ccc(N=Nc2ccc3ccccc3c2)cc1,1.0,1
COc1cc(S(=O)(=O)O)c(C)cc1N=Nc1c(O)ccc2cc(S(=O)(=O)O)ccc12,M04738,452.4660000000001,3.7712200000000013,162.92,3.0,8.0,5.0,c1ccc(N=Nc2cccc3ccccc23)cc1,0.9088491513636503,3
COC(=O)C1CC2=CC(=O)CCC2(C)C23OC2CC2(C)C(CCC24CCC(=O)O4)C13,M04739,414.4980000000003,3.124500000000002,82.2,0.0,6.0,1.0,O=C1C=C2CCC3C4CCC5(CCC(=O)O5)C4CC4OC43C2CC1,1.0,1
C=C(CC)C(=O)c1ccc(OCC(=O)O)c(Cl)c1Cl,M04740,303.14099999999996,3.6057000000000023,63.60000000000001,1.0,3.0,6.0,c1ccccc1,0.21161295934610674,802
O=C(O)CCC(=O)c1ccc(-c2ccccc2)cc1,M04741,254.28500000000003,3.4011000000000022,54.37,1.0,2.0,5.0,c1ccc(-c2ccccc2)cc1,0.7758207207981391,10
CC(C(=O)O)c1cccc(Oc2ccccc2)c1,M04742,242.274,3.6670000000000016,46.53,1.0,2.0,4.0,c1ccc(Oc2ccccc2)cc1,0.6438836066809098,29
CC(Oc1cc(Cl)c(Cl)cc1Cl)C(=O)O,M04743,269.51099999999997,3.4987000000000013,46.53,1.0,2.0,3.0,c1ccccc1,0.21161295934610674,802
CCCN(CCCl)c1c([N+](=O)[O-])cc(C(F)(F)F)cc1[N+](=O)[O-],M04744,355.70000000000005,3.977000000000003,89.52,0.0,5.0,7.0,c1ccccc1,0.21161295934610674,802
CC12CCC(=O)C=C1CCC1C3CCC(O)(C(=O)CO)C3(C)CC(O)C12F,M04745,380.45600000000013,1.8737,94.83,3.0,5.0,2.0,O=C1C=C2CCC3C4CCCC4CCC3C2CC1,0.6627017793637848,25
CC1(O)CCC2C3CC(O)C4=CC(O)CCC4(C)C3(F)C(O)CC21C,M04746,354.4620000000001,2.0947999999999998,80.92,4.0,4.0,0.0,C1=C2CCC3C4CCCC4CCC3C2CCC1,1.0,1
CC(C(=O)O)c1ccc(-c2ccccc2)c(F)c1,M04747,244.265,3.6808000000000023,37.3,1.0,1.0,3.0,c1ccc(-c2ccccc2)cc1,0.7758207207981391,10
Nc1cc(Cl)c(S(N)(=O)=O)cc1C(=O)O,M04748,250.66299999999998,0.2678000000000003,123.48,3.0,4.0,2.0,c1ccccc1,0.21161295934610674,802
C#CC1(O)CCC2C3CCC4=CC(=O)CCC4=C3C=CC21CC,M04749,308.42100000000005,3.722800000000003,37.3,1.0,2.0,1.0,O=C1C=C2CCC3C(=C2CC1)C=CC1CCCC13,0.9466801716388252,2
NS(=O)(=O)c1cc2c(cc1C(F)(F)F)NCNS2(=O)=O,M04750,331.29699999999997,0.014100000000000557,118.35999999999999,3.0,5.0,1.0,O=S1(=O)NCNc2ccccc21,0.8176983027273006,7
CC(C(=O)O)c1ccc(N2Cc3ccccc3C2=O)cc1,M04751,281.311,3.0351000000000017,57.61,1.0,2.0,3.0,O=C1c2ccccc2CN1c1ccccc1,1.0,1
O=C(NCC(O)CO)c1c(I)c(C(=O)NCC(O)CO)c(I)c(N(CCO)C(=O)CO)c1I,M04752,807.114,-2.016,199.89,8.0,9.0,12.0,c1ccccc1,0.21161295934610674,802
N#Cc1ccc(C(c2ccc(C#N)cc2)n2cncn2)cc1,M04753,285.31,2.65916,78.29,0.0,5.0,3.0,c1ccc(C(c2ccccc2)n2cncn2)cc1,1.0,1
CS(=O)(=O)c1ccc(C(=O)O)c([N+](=O)[O-])c1,M04754,245.212,0.6965000000000001,114.58000000000001,1.0,5.0,3.0,c1ccccc1,0.21161295934610674,802
CC1CC(=O)CC2CCC3C4CCC(O)C4(C)CCC3C12C,M04755,304.47400000000005,4.205100000000003,37.3,1.0,2.0,0.0,O=C1CCC2C(CCC3C4CCCC4CCC23)C1,0.8555293230024756,5
CC1=CC(=O)CC2CCC3C4CCC(O)C4(C)CCC3C12C,M04756,302.4580000000001,4.125200000000004,37.3,1.0,2.0,0.0,O=C1C=CC2C(CCC3C4CCCC4CCC23)C1,0.9088491513636503,3
CN1C(CCl)Nc2cc(Cl)c(S(N)(=O)=O)cc2S1(=O)=O,M04757,360.2440000000001,0.5983000000000003,109.57,2.0,5.0,2.0,O=S1(=O)NCNc2ccccc21,0.8176983027273006,7
O=S(=O)(O)c1cccc2ccccc12,M04758,208.238,2.0865,54.370000000000005,1.0,2.0,1.0,c1ccc2ccccc2c1,0.6846698721617894,21
CS(=O)(=O)Nc1ccc([N+](=O)[O-])cc1Oc1ccccc1,M04759,308.315,2.7586000000000013,98.54,1.0,5.0,5.0,c1ccc(Oc2ccccc2)cc1,0.6438836066809098,29
CNS(=O)(=O)C(F)(F)C(F)(F)C(F)(F)C(F)(F)C(F)(F)C(F)(F)C(F)(F)C(F)(F)F,M04760,513.169,4.5025,46.17,1.0,2.0,8.0,,0.0,0
CCCCCCCCCC(Oc1ccccc1)C(=O)O,M04761,278.39200000000005,4.6593000000000035,46.53,1.0,2.0,11.0,c1ccccc1,0.21161295934610674,802
CCC1(O)CCC2C3CCC4=CC(=O)CCC4C3CCC21C,M04762,302.4580000000001,4.269300000000004,37.3,1.0,2.0,1.0,O=C1C=C2CCC3C4CCCC4CCC3C2CC1,0.6627017793637848,25
CC(C)(C)CC(C)(C)c1ccc(O)cc1,M04763,206.329,4.106000000000003,20.23,1.0,1.0,2.0,c1ccccc1,0.21161295934610674,802
CCCCC1C(=O)N(c2ccccc2)N(c2ccc(O)cc2)C1=O,M04764,324.38000000000005,3.493400000000002,60.85,1.0,3.0,5.0,O=C1CC(=O)N(c2ccccc2)N1c1ccccc1,0.9088491513636503,3
Oc1c(Cl)c(Cl)c(Cl)c(Cl)c1Cl,M04765,266.33799999999997,4.6592,20.23,1.0,1.0,0.0,c1ccccc1,0.21161295934610674,802
O=S(=O)(O)C(F)(F)C(F)(F)C(F)(F)C(F)(F)F,M04766,300.0979999999999,2.2999,54.370000000000005,1.0,2.0,3.0,,0.0,0
O=S(=O)([O-])C(F)(F)C(F)(F)C(F)(F)C(F)(F)C(F)(F)C(F)(F)C(F)(F)C(F)(F)C(F)(F)C(F)(F)F,M04767,599.1320000000001,5.769100000000003,57.2,0.0,3.0,9.0,,0.0,0
O=C(O)C(F)(F)C(F)(F)C(F)(F)C(F)(F)C(F)(F)C(F)(F)C(F)(F)C(F)(F)C(F)(F)C(F)(F)C(F)(F)F,M04768,614.0920000000002,6.9863000000000035,37.3,1.0,1.0,10.0,,0.0,0
O=S(=O)(O)C(F)(F)C(F)(F)C(F)(F)C(F)(F)C(F)(F)C(F)(F)C(F)(F)F,M04769,450.1189999999999,4.2058,54.370000000000005,1.0,2.0,6.0,,0.0,0
O=S(=O)(O)C(F)(F)C(F)(F)C(F)(F)C(F)(F)C(F)(F)C(F)(F)F,M04770,400.1119999999999,3.5705,54.370000000000005,1.0,2.0,5.0,,0.0,0
O=C(O)C(F)(F)C(F)(F)C(F)(F)C(F)(F)C(F)(F)C(F)(F)C(F)(F)C(F)(F)C(F)(F)C(F)(F)C(F)(F)C(F)(F)F,M04771,664.0990000000003,7.621600000000004,37.3,1.0,1.0,11.0,,0.0,0
CN1C(CSCC(F)(F)F)Nc2cc(Cl)c(S(N)(=O)=O)cc2S1(=O)=O,M04772,439.8900000000002,1.655,109.57,2.0,6.0,4.0,O=S1(=O)NCNc2ccccc21,0.8176983027273006,7
CCCN(CCC)S(=O)(=O)c1ccc(C(=O)O)cc1,M04773,285.36499999999995,2.1955,74.68,1.0,3.0,7.0,c1ccccc1,0.21161295934610674,802
O=C(Nc1ccc(Oc2ccc(Cl)cc2)c(Cl)c1)c1cc(I)cc(I)c1O,M04774,626.0150000000001,6.952800000000003,58.56,2.0,3.0,4.0,O=C(Nc1ccc(Oc2ccccc2)cc1)c1ccccc1,1.0,1
O=C(O)c1ccccc1S,M04775,154.18999999999997,1.6735,37.3,2.0,2.0,1.0,c1ccccc1,0.21161295934610674,802
COC1CCC(OC2CC(C3OC(C)(O)C(C)CC3C)OC2C2(C)CCC(C3(C)CCC4(CC(O)C(C)C(C(C)C5OC(O)(CC(=O)O)C(C)C(O)C5OC)O4)O3)O2)OC1C,M04776,873.0870000000006,4.037900000000006,210.51999999999995,5.0,15.0,11.0,C1CCC(CC2CCCC3(CCC(C4CCC(C5OC(C6CCCCO6)CC5OC5CCCCO5)O4)O3)O2)OC1,1.0,1
Cc1c(Cl)cc(C(C)C)c(O)c1S(=O)(=O)O,M04777,264.72999999999996,2.7241200000000005,74.6,2.0,3.0,2.0,c1ccccc1,0.21161295934610674,802
CC(C(=O)O)c1ccc(C(=O)c2cccs2)cc1,M04778,260.31399999999996,3.167200000000001,54.37,1.0,3.0,4.0,O=C(c1ccccc1)c1cccs1,1.0,1
CCC(=C(c1ccccc1)c1ccc(OCCN(C)C)cc1)c1ccc(OC)c(O)c1,M04779,417.5490000000001,5.7103000000000055,41.93000000000001,1.0,4.0,9.0,C(=C(c1ccccc1)c1ccccc1)c1ccccc1,0.8795051323147839,4
CC12CCC(=O)C=C1C(O)CC1C2CCC2(C)C(O)CCC12,M04780,304.43000000000006,2.8500000000000014,57.53,2.0,3.0,0.0,O=C1C=C2CCC3C4CCCC4CCC3C2CC1,0.6627017793637848,25
Oc1c(Cl)cc(Cl)c(Cl)c1Cl,M04781,231.89299999999997,4.005799999999999,20.23,1.0,1.0,0.0,c1ccccc1,0.21161295934610674,802
CS(=O)(=O)c1ccc(C(O)C(CO)NC(=O)C(Cl)Cl)cc1,M04782,356.227,0.40430000000000005,103.70000000000002,3.0,5.0,6.0,c1ccccc1,0.21161295934610674,802
CC(C)C(NC(=O)C(CC(=O)O)NC(=O)C(CCCCN)NC(=O)C(N)CCCN=C(N)N)C(=O)NC(Cc1ccc(O)cc1)C(=O)O,M04783,679.7760000000004,-2.4009000000000063,327.67,11.0,10.0,22.0,c1ccccc1,0.21161295934610674,802
Cc1cc(-n2c(=O)[nH]c(=O)n(C)c2=O)ccc1Oc1ccc(SC(F)(F)F)cc1,M04784,425.38800000000003,2.937120000000001,86.09,1.0,7.0,4.0,O=c1[nH]c(=O)n(-c2ccc(Oc3ccccc3)cc2)c(=O)[nH]1,1.0,1
Cc1ccc(S(N)(=O)=O)cc1,M04785,171.22100000000003,0.6424200000000002,60.160000000000004,1.0,2.0,1.0,c1ccccc1,0.21161295934610674,802
CCC1(O)C(=O)OCc2c1cc1n(c2=O)Cc2cc3c(CN(C)C)c(O)ccc3nc2-1,M04786,421.4530000000002,1.8468000000000002,104.89,2.0,8.0,3.0,O=C1Cc2cc3n(c(=O)c2CO1)Cc1cc2ccccc2nc1-3,1.0,1
NS(=O)(=O)c1cc2c(cc1Cl)NC(C(Cl)Cl)NS2(=O)=O,M04787,380.66200000000003,0.8210000000000004,118.35999999999999,3.0,5.0,2.0,O=S1(=O)NCNc2ccccc21,0.8176983027273006,7
Oc1c(Cl)cc(Cl)cc1Cl,M04788,197.44799999999998,3.3523999999999994,20.23,1.0,1.0,0.0,c1ccccc1,0.21161295934610674,802
CC(C(=O)O)c1ccc(C2CCCCC2)c2ccccc12,M04789,282.3829999999999,5.075600000000004,37.3,1.0,1.0,3.0,c1ccc2c(C3CCCCC3)cccc2c1,1.0,1
CCCCCCCCCCCCOCCOS(=O)(=O)O,M04790,310.45599999999996,3.7433000000000023,72.83,1.0,4.0,15.0,,0.0,0
CCCCCCCCCCCCOCCOCCOS(=O)(=O)O,M04791,354.509,3.759900000000002,82.06,1.0,5.0,18.0,,0.0,0
CCCCCCCCCCCCOCCOCCOCCOS(=O)(=O)O,M04792,398.5620000000001,3.776500000000002,91.29,1.0,6.0,21.0,,0.0,0
CCCCCCCCCCCCOCCOCCOCCOCCOS(=O)(=O)O,M04793,442.61500000000024,3.7931000000000026,100.52000000000001,1.0,7.0,24.0,,0.0,0
CCCCCCCCCCCCOCCOCCOCCOCCOCCOS(=O)(=O)O,M04794,486.66800000000035,3.809700000000003,109.75000000000001,1.0,8.0,27.0,,0.0,0
CCCCCCCCCCCCOCCOCCOCCOCCOCCOCCOS(=O)(=O)O,M04795,530.7210000000005,3.8263000000000034,118.98,1.0,9.0,30.0,,0.0,0
CCCCCCCCCCCCOCCOCCOCCOCCOCCOCCOCCOS(=O)(=O)O,M04796,574.7740000000006,3.8429000000000038,128.21,1.0,10.0,33.0,,0.0,0
CCCCCCCCCCCCOCCOCCOCCOCCOCCOCCOCCOCCOS(=O)(=O)O,M04797,618.8270000000007,3.859500000000004,137.44,1.0,11.0,36.0,,0.0,0
CCCCCCCCCCCCOCCOCCOCCOCCOCCOCCOCCOCCOCCOS(=O)(=O)O,M04798,662.8800000000006,3.8761000000000054,146.67000000000002,1.0,12.0,39.0,,0.0,0
CCCCCCCCCCCCCCOCCOS(=O)(=O)O,M04799,338.51,4.523500000000003,72.83,1.0,4.0,17.0,,0.0,0
CCCCCCCCCCCCCCOCCOCCOS(=O)(=O)O,M04800,382.5630000000001,4.540100000000003,82.06,1.0,5.0,20.0,,0.0,0
CCCCCCCCCCCCCCOCCOCCOCCOS(=O)(=O)O,M04801,426.6160000000002,4.556700000000003,91.29,1.0,6.0,23.0,,0.0,0
CCCCCCCCCCCCCCOCCOCCOCCOCCOS(=O)(=O)O,M04802,470.6690000000003,4.573300000000003,100.52000000000001,1.0,7.0,26.0,,0.0,0
CCCCCCCCCCCCCCOCCOCCOCCOCCOCCOS(=O)(=O)O,M04803,514.7220000000004,4.589900000000004,109.75000000000001,1.0,8.0,29.0,,0.0,0
CCCCCCCCCCCCCCOCCOCCOCCOCCOCCOCCOS(=O)(=O)O,M04804,558.7750000000005,4.606500000000003,118.98,1.0,9.0,32.0,,0.0,0
CCCCCCCCCCCCCCOCCOCCOCCOCCOCCOCCOCCOS(=O)(=O)O,M04805,602.8280000000007,4.623100000000004,128.21,1.0,10.0,35.0,,0.0,0
CCCCCCCCCCCCCCOCCOCCOCCOCCOCCOCCOCCOCCOS(=O)(=O)O,M04806,646.8810000000005,4.639700000000006,137.44,1.0,11.0,38.0,,0.0,0
CCCCCCCCCCCCCCOCCOCCOCCOCCOCCOCCOCCOCCOCCOS(=O)(=O)O,M04807,690.9340000000004,4.656300000000007,146.67000000000002,1.0,12.0,41.0,,0.0,0
CCCCC(CCC)c1ccc(S(=O)(=O)O)cc1,M04808,270.394,4.007200000000003,54.370000000000005,1.0,2.0,7.0,c1ccccc1,0.21161295934610674,802
CCCCCC(CCC)c1ccc(S(=O)(=O)O)cc1,M04809,284.421,4.397300000000004,54.370000000000005,1.0,2.0,8.0,c1ccccc1,0.21161295934610674,802
CCCCCCC(CCC)c1ccc(S(=O)(=O)O)cc1,M04810,298.448,4.787400000000004,54.370000000000005,1.0,2.0,9.0,c1ccccc1,0.21161295934610674,802
CCCCCCC(CCCC)c1ccc(S(=O)(=O)O)cc1,M04811,312.475,5.177500000000005,54.370000000000005,1.0,2.0,10.0,c1ccccc1,0.21161295934610674,802
CCCCCCC(CCCCC)c1ccc(S(=O)(=O)O)cc1,M04812,326.502,5.567600000000005,54.370000000000005,1.0,2.0,11.0,c1ccccc1,0.21161295934610674,802
CCCCCCCC(CCCCC)c1ccc(S(=O)(=O)O)cc1,M04813,340.529,5.957700000000006,54.370000000000005,1.0,2.0,12.0,c1ccccc1,0.21161295934610674,802
CCCCCCCCC(CCCCC)c1ccc(S(=O)(=O)O)cc1,M04814,354.556,6.3478000000000065,54.370000000000005,1.0,2.0,13.0,c1ccccc1,0.21161295934610674,802
CCCCCCCCCC(CCCCC)c1ccc(S(=O)(=O)O)cc1,M04815,368.583,6.737900000000007,54.370000000000005,1.0,2.0,14.0,c1ccccc1,0.21161295934610674,802
CCCCCCCCCCC(CCCCC)c1ccc(S(=O)(=O)O)cc1,M04816,382.61,7.128000000000008,54.370000000000005,1.0,2.0,15.0,c1ccccc1,0.21161295934610674,802
O=S(=O)([O-])C(F)(F)C(F)(F)OC(F)(F)C(F)(F)C(F)(F)C(F)(F)C(F)(F)C(F)(F)Cl,M04817,531.572,4.6994,66.43,0.0,4.0,9.0,,0.0,0
O=S(=O)([O-])C(F)(F)C(F)(F)OC(F)(F)C(F)(F)C(F)(F)C(F)(F)C(F)(F)C(F)(F)C(F)(F)C(F)(F)Cl,M04818,631.5860000000001,5.9700000000000015,66.43,0.0,4.0,11.0,,0.0,0
CC(F)C(F)(F)C(F)(F)C(F)(F)C(F)(F)S(=O)(=O)O,M04819,328.152,2.730900000000001,54.370000000000005,1.0,2.0,5.0,,0.0,0
O=S(=O)(O)CCC(F)(F)C(F)(F)C(F)(F)C(F)(F)C(F)(F)C(F)(F)C(F)(F)C(F)(F)F,M04820,528.18,5.273700000000002,54.370000000000005,1.0,2.0,9.0,,0.0,0
O=S(=O)(O)C(F)(F)C(F)(F)C(F)(F)C(F)(F)C(F)(F)C(F)(F)C(F)(F)C(F)(F)C(F)(F)F,M04821,550.133,5.476400000000002,54.370000000000005,1.0,2.0,8.0,,0.0,0
O=C(O)C(F)(OC(F)(F)C(F)(F)C(F)(F)F)C(F)(F)F,M04822,330.049,3.1061,46.53,1.0,2.0,4.0,,0.0,0
O=C(O)C(F)(F)C(F)OC(F)(F)C(F)(F)C(F)(F)OC(F)(F)F,M04823,378.065,3.3758,55.760000000000005,1.0,3.0,7.0,,0.0,0
CN(CCO)S(=O)(=O)C(F)(F)C(F)(F)C(F)(F)C(F)(F)C(F)(F)C(F)(F)C(F)(F)C(F)(F)F,M04824,557.2220000000001,4.207200000000002,57.61,1.0,3.0,10.0,,0.0,0
CCN(CCO)S(=O)(=O)C(F)(F)C(F)(F)C(F)(F)C(F)(F)C(F)(F)C(F)(F)C(F)(F)C(F)(F)F,M04825,571.2490000000001,4.597300000000002,57.61,1.0,3.0,11.0,,0.0,0
O=C(O)C(F)(F)C(F)(F)C(F)(F)C(F)(F)C(F)(F)C(F)(F)C(F)(F)C(F)(F)C(F)(F)C(F)(F)C(F)(F)C(F)(F)C(F)(F)C(F)(F)C(F)(F)C(F)(F)C(F)(F)F,M04826,914.1340000000006,10.798100000000002,37.3,1.0,1.0,16.0,,0.0,0
O=C(O)C(F)(F)C(F)(F)C(F)(F)C(F)(F)C(F)(F)C(F)(F)C(F)(F)C(F)(F)C(F)(F)C(F)(F)C(F)(F)C(F)(F)C(F)(F)C(F)(F)C(F)(F)F,M04827,814.1200000000005,9.527500000000003,37.3,1.0,1.0,14.0,,0.0,0
Cc1cnc2ccc3c(nc(N)n3C)c2n1,M04828,213.24399999999997,1.4071199999999997,69.62,1.0,5.0,0.0,c1cnc2c(ccc3[nH]cnc32)n1,1.0,1
Cn1c(N)nc2ncc(-c3ccccc3)cc21,M04829,224.26700000000002,2.2175000000000002,56.730000000000004,1.0,4.0,1.0,c1ccc(-c2cnc3nc[nH]c3c2)cc1,1.0,1
Cn1c(N)nc2c3cccnc3ccc21,M04830,198.22899999999998,1.7037,56.730000000000004,1.0,4.0,0.0,c1cnc2ccc3[nH]cnc3c2c1,1.0,1
Clc1ccc2n[nH]nc2c1,M04831,153.572,1.6112999999999995,41.57,1.0,2.0,0.0,c1ccc2n[nH]nc2c1,0.8352580650673657,6
O=c1c2ccccc2[nH]c2ccccc12,M04832,195.221,2.6813000000000002,32.86,1.0,1.0,0.0,O=c1c2ccccc2[nH]c2ccccc12,1.0,1
COC(=O)c1cc(C(=O)OC)cc(S(=O)(=O)O)c1,M04833,274.25,0.5065,106.97000000000001,1.0,6.0,3.0,c1ccccc1,0.21161295934610674,802
N#Cc1c(Cl)c(Cl)c(S(=O)(=O)O)c(C(N)=O)c1Cl,M04834,329.548,1.86408,121.25,2.0,4.0,2.0,c1ccccc1,0.21161295934610674,802
NS(=O)(=O)c1ccccc1C(F)(F)F,M04835,225.19099999999995,1.3528000000000002,60.160000000000004,1.0,2.0,1.0,c1ccccc1,0.21161295934610674,802
O=c1[nH]nc(C(F)(F)F)s1,M04836,170.115,0.8501999999999998,45.75,1.0,3.0,0.0,O=c1[nH]ncs1,0.9466801716388252,2
O=P(O)(O)C(F)(F)C(F)(F)C(F)(F)C(F)(F)C(F)(F)C(F)(F)F,M04837,400.02699999999993,3.8604,57.53,2.0,1.0,5.0,,0.0,0
O=P(O)(O)C(F)(F)C(F)(F)C(F)(F)C(F)(F)C(F)(F)C(F)(F)C(F)(F)C(F)(F)F,M04838,500.04099999999994,5.131000000000002,57.53,2.0,1.0,7.0,,0.0,0
O=P(O)(O)C(F)(F)C(F)(F)C(F)(F)C(F)(F)C(F)(F)C(F)(F)C(F)(F)C(F)(F)C(F)(F)C(F)(F)F,M04839,600.0550000000002,6.401600000000004,57.53,2.0,1.0,9.0,,0.0,0
O=P(O)(O)C(F)(F)C(F)(F)C(F)(F)C(F)(F)C(F)(F)C(F)(F)Cl,M04840,416.48199999999997,4.129700000000001,57.53,2.0,1.0,6.0,,0.0,0
O=P(O)(C(F)(F)C(F)(F)C(F)(F)C(F)(F)C(F)(F)C(F)(F)F)C(F)(F)C(F)(F)C(F)(F)C(F)(F)C(F)(F)C(F)(F)F,M04841,702.0600000000003,8.649400000000004,37.3,1.0,1.0,10.0,,0.0,0
O=P(O)(C(F)(F)C(F)(F)C(F)(F)C(F)(F)C(F)(F)C(F)(F)F)C(F)(F)C(F)(F)C(F)(F)C(F)(F)C(F)(F)C(F)(F)C(F)(F)C(F)(F)F,M04842,802.0740000000004,9.920000000000002,37.3,1.0,1.0,12.0,,0.0,0
O=P(O)(C(F)(F)C(F)(F)C(F)(F)C(F)(F)C(F)(F)C(F)(F)C(F)(F)C(F)(F)F)C(F)(F)C(F)(F)C(F)(F)C(F)(F)C(F)(F)C(F)(F)C(F)(F)C(F)(F)F,M04843,902.0880000000005,11.1906,37.3,1.0,1.0,14.0,,0.0,0
O=C(O)CC(F)(F)C(F)(F)C(F)(F)C(F)(F)C(F)(F)C(F)(F)C(F)(F)C(F)(F)F,M04844,478.09799999999996,5.470500000000001,37.3,1.0,1.0,8.0,,0.0,0
O=C(O)CC(F)(F)C(F)(F)C(F)(F)C(F)(F)C(F)(F)C(F)(F)F,M04845,378.08399999999995,4.1999,37.3,1.0,1.0,6.0,,0.0,0
O=C(O)CC(F)(F)C(F)(F)C(F)(F)C(F)(F)C(F)(F)C(F)(F)C(F)(F)C(F)(F)C(F)(F)C(F)(F)F,M04846,578.1120000000001,6.741100000000003,37.3,1.0,1.0,10.0,,0.0,0
O=C(O)C=C(F)C(F)(F)C(F)(F)C(F)(F)C(F)(F)C(F)(F)C(F)(F)C(F)(F)C(F)(F)C(F)(F)F,M04847,558.1060000000001,6.569100000000003,37.3,1.0,1.0,9.0,,0.0,0
OCCC(F)(F)C(F)(F)C(F)(F)C(F)(F)C(F)(F)C(F)(F)C(F)(F)C(F)(F)C(F)(F)C(F)(F)F,M04848,564.1290000000001,6.648800000000004,20.23,1.0,1.0,10.0,,0.0,0
OCCC(F)(F)C(F)(F)C(F)(F)C(F)(F)C(F)(F)C(F)(F)F,M04849,364.10099999999994,4.107600000000001,20.23,1.0,1.0,6.0,,0.0,0
OCCC(F)(F)C(F)(F)C(F)(F)C(F)(F)F,M04850,264.087,2.8370000000000006,20.23,1.0,1.0,4.0,,0.0,0
OCCC(F)(F)C(F)(F)C(F)(F)C(F)(F)C(F)(F)C(F)(F)C(F)(F)C(F)(F)F,M04851,464.11499999999995,5.378200000000002,20.23,1.0,1.0,8.0,,0.0,0
CC(O)C(F)(F)C(F)(F)C(F)(F)C(F)(F)C(F)(F)C(F)(F)C(F)(F)F,M04852,414.10799999999995,4.741300000000002,20.23,1.0,1.0,6.0,,0.0,0
O=C(O)CCC(F)(F)C(F)(F)C(F)(F)C(F)(F)C(F)(F)C(F)(F)C(F)(F)F,M04853,442.118,5.225300000000002,37.3,1.0,1.0,8.0,,0.0,0
O=C(O)CCC(F)(F)C(F)(F)C(F)(F)F,M04854,242.08999999999997,2.684100000000001,37.3,1.0,1.0,4.0,,0.0,0
O=C(O)CCC(F)(F)C(F)(F)C(F)(F)C(F)(F)C(F)(F)F,M04855,342.104,3.9547000000000008,37.3,1.0,1.0,6.0,,0.0,0
OCCOCCOCCOCCO,M04856,194.22699999999998,-0.979199999999999,68.15,2.0,5.0,10.0,,0.0,0
CC12CCC(=O)C=C1CCC1C2CCC2(C)C(O)CCC12,M04857,288.43100000000004,3.8792000000000026,37.3,1.0,2.0,0.0,O=C1C=C2CCC3C4CCCC4CCC3C2CC1,0.6627017793637848,25
